   0.0000000000000000        4.0000000000000000        72136.139471781891     
   1.8000000000000003        4.0000000000000000        71802.857175753030     
   3.6000000000000005        4.0000000000000000        70802.979412432236     
   5.4000000000000004        4.0000000000000000        69177.176843475871     
   7.2000000000000011        4.0000000000000000        66963.735517949943     
   9.0000000000000000        4.0000000000000000        64238.520931543382     
   10.800000000000001        4.0000000000000000        61068.463272574350     
   12.600000000000001        4.0000000000000000        57552.879165913750     
   14.400000000000002        4.0000000000000000        53772.559278771158     
   16.200000000000003        4.0000000000000000        49835.126838227960     
   18.000000000000000        4.0000000000000000        45827.775240312258     
   19.799999999999997        4.0000000000000000        41824.497207486689     
   21.600000000000001        4.0000000000000000        37925.640931141912     
   23.400000000000002        4.0000000000000000        34178.885608121796     
   25.200000000000003        4.0000000000000000        30638.908069364876     
   27.000000000000000        4.0000000000000000        27356.541133271301     
   28.800000000000004        4.0000000000000000        24343.140692121182     
   30.600000000000005        4.0000000000000000        21618.158719965904     
   32.400000000000006        4.0000000000000000        19183.742107175392     
   34.199999999999996        4.0000000000000000        17028.780580136779     
   36.000000000000000        4.0000000000000000        15135.508255318708     
   37.800000000000004        4.0000000000000000        13482.540532425253     
   39.599999999999994        4.0000000000000000        12045.341988101814     
   41.399999999999999        4.0000000000000000        10797.579119304335     
   43.200000000000003        4.0000000000000000        9711.8028176430871     
   45.000000000000000        4.0000000000000000        8765.7798922900492     
   46.800000000000004        4.0000000000000000        7936.0604495220159     
   48.599999999999994        4.0000000000000000        7206.2345377913498     
   50.400000000000006        4.0000000000000000        6561.0822679894727     
   52.200000000000003        4.0000000000000000        5989.5988157956162     
   54.000000000000000        4.0000000000000000        5484.2318552199777     
   55.799999999999997        4.0000000000000000        5038.4331778455853     
   57.600000000000009        4.0000000000000000        4648.1140574512956     
   59.400000000000013        4.0000000000000000        4309.7344692063225     
   61.200000000000010        4.0000000000000000        4020.0057749524999     
   63.000000000000000        4.0000000000000000        3775.5251793342240     
   64.800000000000011        4.0000000000000000        3572.3267924365841     
   66.600000000000009        4.0000000000000000        3405.7738778058938     
   68.399999999999991        4.0000000000000000        3270.6368769542678     
   70.200000000000003        4.0000000000000000        3161.3814795111361     
   72.000000000000000        4.0000000000000000        3072.4099511365512     
   73.799999999999997        4.0000000000000000        2998.2421530746642     
   75.600000000000009        4.0000000000000000        2934.2380648404169     
   77.399999999999991        4.0000000000000000        2876.5598546843767     
   79.199999999999989        4.0000000000000000        2822.5670524429061     
   81.000000000000000        4.0000000000000000        2770.8809139259274     
   82.799999999999997        4.0000000000000000        2721.3761833951912     
   84.599999999999994        4.0000000000000000        2675.0151875637439     
   86.400000000000006        4.0000000000000000        2633.6385996339122     
   88.200000000000003        4.0000000000000000        2599.6740036690794     
   90.000000000000000        4.0000000000000000        2575.7004274430142     
   91.799999999999997        4.0000000000000000        2564.2197704492260     
   93.600000000000009        4.0000000000000000        2567.3396293647615     
   95.400000000000006        4.0000000000000000        2586.4283766328767     
   97.199999999999989        4.0000000000000000        2622.1513411930709     
   99.000000000000014        4.0000000000000000        2674.4155783593183     
   100.80000000000001        4.0000000000000000        2742.2947242832001     
   102.59999999999999        4.0000000000000000        2824.4821941300393     
   104.40000000000001        4.0000000000000000        2919.2749069392903     
   106.19999999999999        4.0000000000000000        3025.0233204336064     
   108.00000000000000        4.0000000000000000        3140.3460213112944     
   109.80000000000000        4.0000000000000000        3264.4988156876152     
   111.59999999999999        4.0000000000000000        3397.3540781001689     
   113.40000000000001        4.0000000000000000        3539.7304853370006     
   115.20000000000002        4.0000000000000000        3693.3794643016749     
   117.00000000000000        4.0000000000000000        3860.7646722545510     
   118.80000000000003        4.0000000000000000        4045.0338399082721     
   120.60000000000001        4.0000000000000000        4249.7154533689863     
   122.40000000000002        4.0000000000000000        4478.6100672997645     
   124.20000000000000        4.0000000000000000        4735.0778156023671     
   126.00000000000000        4.0000000000000000        5022.1382614566155     
   127.80000000000001        4.0000000000000000        5342.2039734679202     
   129.60000000000002        4.0000000000000000        5696.5035236795211     
   131.40000000000001        4.0000000000000000        6085.7249681588610     
   133.20000000000002        4.0000000000000000        6509.4495969625623     
   135.00000000000000        4.0000000000000000        6965.9360894362962     
   136.79999999999998        4.0000000000000000        7453.7276303313083     
   138.59999999999999        4.0000000000000000        7969.7470081575648     
   140.40000000000001        4.0000000000000000        8511.4564554619919     
   142.20000000000002        4.0000000000000000        9075.8654004698474     
   144.00000000000000        4.0000000000000000        9660.1114181660560     
   145.79999999999998        4.0000000000000000        10262.075765422085     
   147.59999999999999        4.0000000000000000        10879.565852564056     
   149.40000000000003        4.0000000000000000        11510.154856166035     
   151.20000000000002        4.0000000000000000        12152.048413231436     
   153.00000000000000        4.0000000000000000        12802.904740651047     
   154.79999999999998        4.0000000000000000        13461.571122747862     
   156.59999999999997        4.0000000000000000        14123.409044642780     
   158.39999999999998        4.0000000000000000        14785.377357360752     
   160.20000000000002        4.0000000000000000        15442.502094016838     
   162.00000000000000        4.0000000000000000        16087.096456599289     
   163.79999999999998        4.0000000000000000        16714.392231094989     
   165.59999999999999        4.0000000000000000        17313.486456689709     
   167.40000000000001        4.0000000000000000        17875.119868606187     
   169.19999999999999        4.0000000000000000        18390.090976758234     
   171.00000000000000        4.0000000000000000        18847.035151338496     
   172.80000000000001        4.0000000000000000        19237.487702861883     
   174.59999999999999        4.0000000000000000        19550.872635771124     
   176.40000000000001        4.0000000000000000        19781.368941312390     
   178.20000000000002        4.0000000000000000        19981.892175861027     
   180.00000000000000        4.0000000000000000        19969.021514058088     
   0.0000000000000000        4.0800000000000001        62700.160005396465     
   1.8000000000000003        4.0800000000000001        62412.407554485369     
   3.6000000000000005        4.0800000000000001        61549.125477995323     
   5.4000000000000004        4.0800000000000001        60145.215525299485     
   7.2000000000000011        4.0800000000000001        58233.541993718871     
   9.0000000000000000        4.0800000000000001        55879.232250591514     
   10.800000000000001        4.0800000000000001        53139.767671088252     
   12.600000000000001        4.0800000000000001        50100.463604636818     
   14.400000000000002        4.0800000000000001        46830.771087623041     
   16.200000000000003        4.0800000000000001        43423.241244420322     
   18.000000000000000        4.0800000000000001        39952.941866852474     
   19.799999999999997        4.0800000000000001        36483.654720212937     
   21.600000000000001        4.0800000000000001        33101.914364171447     
   23.400000000000002        4.0800000000000001        29849.028911842455     
   25.200000000000003        4.0800000000000001        26772.397524695454     
   27.000000000000000        4.0800000000000001        23916.208549366078     
   28.800000000000004        4.0800000000000001        21290.681768388247     
   30.600000000000005        4.0800000000000001        18913.077875040206     
   32.400000000000006        4.0800000000000001        16785.771461416880     
   34.199999999999996        4.0800000000000001        14899.696708759051     
   36.000000000000000        4.0800000000000001        13240.021144194108     
   37.800000000000004        4.0800000000000001        11788.753054633367     
   39.599999999999994        4.0800000000000001        10525.122244432792     
   41.399999999999999        4.0800000000000001        9426.7252094576688     
   43.200000000000003        4.0800000000000001        8470.0808590446868     
   45.000000000000000        4.0800000000000001        7636.1617049428851     
   46.800000000000004        4.0800000000000001        6904.7315474712686     
   48.599999999999994        4.0800000000000001        6261.6093301493693     
   50.400000000000006        4.0800000000000001        5693.5243719020382     
   52.200000000000003        4.0800000000000001        5190.8060122481102     
   54.000000000000000        4.0800000000000001        4746.7394961028385     
   55.799999999999997        4.0800000000000001        4355.4292410870858     
   57.600000000000009        4.0800000000000001        4013.1209618899261     
   59.400000000000013        4.0800000000000001        3716.5403758864854     
   61.200000000000010        4.0800000000000001        3462.6555236983095     
   63.000000000000000        4.0800000000000001        3248.3699819189924     
   64.800000000000011        4.0800000000000001        3070.1367521425977     
   66.600000000000009        4.0800000000000001        2923.8655720430606     
   68.399999999999991        4.0800000000000001        2804.9869455240291     
   70.200000000000003        4.0800000000000001        2708.6953981734168     
   72.000000000000000        4.0800000000000001        2630.1499623607347     
   73.799999999999997        4.0800000000000001        2564.6193069523183     
   75.600000000000009        4.0800000000000001        2508.1033355787968     
   77.399999999999991        4.0800000000000001        2457.2879920247215     
   79.199999999999989        4.0800000000000001        2409.8844481039146     
   81.000000000000000        4.0800000000000001        2364.6813457326548     
   82.799999999999997        4.0800000000000001        2321.5384005001461     
   84.599999999999994        4.0800000000000001        2281.2427571847456     
   86.400000000000006        4.0800000000000001        2245.3340135987428     
   88.200000000000003        4.0800000000000001        2215.8561728038485     
   90.000000000000000        4.0800000000000001        2194.9870896307984     
   91.799999999999997        4.0800000000000001        2184.8463523270439     
   93.600000000000009        4.0800000000000001        2187.2251490853478     
   95.400000000000006        4.0800000000000001        2203.2922172811705     
   97.199999999999989        4.0800000000000001        2233.6251889100745     
   99.000000000000014        4.0800000000000001        2278.1625980495551     
   100.80000000000001        4.0800000000000001        2336.1372153313346     
   102.59999999999999        4.0800000000000001        2406.4625754518424     
   104.40000000000001        4.0800000000000001        2487.7146687079689     
   106.19999999999999        4.0800000000000001        2578.5148690973547     
   108.00000000000000        4.0800000000000001        2677.7097679710937     
   109.80000000000000        4.0800000000000001        2784.6869365423104     
   111.59999999999999        4.0800000000000001        2899.3501286836463     
   113.40000000000001        4.0800000000000001        3022.4054139155664     
   115.20000000000002        4.0800000000000001        3155.3481511846803     
   117.00000000000000        4.0800000000000001        3300.2721543709404     
   118.80000000000003        4.0800000000000001        3459.8499070904918     
   120.60000000000001        4.0800000000000001        3637.0736183258982     
   122.40000000000002        4.0800000000000001        3835.1652585944166     
   124.20000000000000        4.0800000000000001        4056.9662943267258     
   126.00000000000000        4.0800000000000001        4305.0275157573024     
   127.80000000000001        4.0800000000000001        4581.3813393861547     
   129.60000000000002        4.0800000000000001        4887.0478276455387     
   131.40000000000001        4.0800000000000001        5222.5866141330825     
   133.20000000000002        4.0800000000000001        5587.6103092349504     
   135.00000000000000        4.0800000000000001        5980.5992007283839     
   136.79999999999998        4.0800000000000001        6400.2745920019024     
   138.59999999999999        4.0800000000000001        6843.9682170007800     
   140.40000000000001        4.0800000000000001        7309.4678667962253     
   142.20000000000002        4.0800000000000001        7794.1692383340824     
   144.00000000000000        4.0800000000000001        8295.5733501842005     
   145.79999999999998        4.0800000000000001        8811.8106732950073     
   147.59999999999999        4.0800000000000001        9340.9480763503871     
   149.40000000000003        4.0800000000000001        9880.8587465574783     
   151.20000000000002        4.0800000000000001        10429.958790119899     
   153.00000000000000        4.0800000000000001        10986.211245564427     
   154.79999999999998        4.0800000000000001        11548.591387580951     
   156.59999999999997        4.0800000000000001        12113.148075778323     
   158.39999999999998        4.0800000000000001        12677.287180928781     
   160.20000000000002        4.0800000000000001        13236.796629057009     
   162.00000000000000        4.0800000000000001        13785.191398177607     
   163.79999999999998        4.0800000000000001        14318.446967100041     
   165.59999999999999        4.0800000000000001        14827.386191656766     
   167.40000000000001        4.0800000000000001        15304.217860763181     
   169.19999999999999        4.0800000000000001        15741.201820677714     
   171.00000000000000        4.0800000000000001        16128.781670049908     
   172.80000000000001        4.0800000000000001        16459.839526783417     
   174.59999999999999        4.0800000000000001        16725.483938668393     
   176.40000000000001        4.0800000000000001        16920.820453085140     
   178.20000000000002        4.0800000000000001        17091.082173950075     
   180.00000000000000        4.0800000000000001        17079.826733667673     
   0.0000000000000000        4.1600000000000001        54373.941278134960     
   1.8000000000000003        4.1600000000000001        54125.931404097922     
   3.6000000000000005        4.1600000000000001        53381.882024403967     
   5.4000000000000004        4.1600000000000001        52171.703668619084     
   7.2000000000000011        4.1600000000000001        50523.567974241058     
   9.0000000000000000        4.1600000000000001        48493.307106225970     
   10.800000000000001        4.1600000000000001        46130.218315511273     
   12.600000000000001        4.1600000000000001        43507.485686789209     
   14.400000000000002        4.1600000000000001        40684.724986831010     
   16.200000000000003        4.1600000000000001        37741.407869357085     
   18.000000000000000        4.1600000000000001        34742.062125222794     
   19.799999999999997        4.1600000000000001        31741.577548702538     
   21.600000000000001        4.1600000000000001        28814.452301096117     
   23.400000000000002        4.1600000000000001        25996.403133211556     
   25.200000000000003        4.1600000000000001        23328.436157695378     
   27.000000000000000        4.1600000000000001        20848.876848126689     
   28.800000000000004        4.1600000000000001        18566.866471233854     
   30.600000000000005        4.1600000000000001        16497.655592204217     
   32.400000000000006        4.1600000000000001        14643.708933966331     
   34.199999999999996        4.1600000000000001        12997.635675122065     
   36.000000000000000        4.1600000000000001        11547.058738136959     
   37.800000000000004        4.1600000000000001        10276.850356009405     
   39.599999999999994        4.1600000000000001        9169.4416069352137     
   41.399999999999999        4.1600000000000001        8205.7911211233986     
   43.200000000000003        4.1600000000000001        7365.8370744549529     
   45.000000000000000        4.1600000000000001        6633.3163025988388     
   46.800000000000004        4.1600000000000001        5990.7967991036030     
   48.599999999999994        4.1600000000000001        5426.0468944312161     
   50.400000000000006        4.1600000000000001        4927.5253384234020     
   52.200000000000003        4.1600000000000001        4486.7620206973670     
   54.000000000000000        4.1600000000000001        4097.8142557609353     
   55.799999999999997        4.1600000000000001        3755.4066480182646     
   57.600000000000009        4.1600000000000001        3456.1234059815115     
   59.400000000000013        4.1600000000000001        3196.9671320767329     
   61.200000000000010        4.1600000000000001        2975.1692881720987     
   63.000000000000000        4.1600000000000001        2787.9329105405800     
   64.800000000000011        4.1600000000000001        2632.1010719032902     
   66.600000000000009        4.1600000000000001        2504.0773422462071     
   68.399999999999991        4.1600000000000001        2399.8783786506901     
   70.200000000000003        4.1600000000000001        2315.3392723753523     
   72.000000000000000        4.1600000000000001        2246.2800808279012     
   73.799999999999997        4.1600000000000001        2188.6220604898290     
   75.600000000000009        4.1600000000000001        2138.9215949190116     
   77.399999999999991        4.1600000000000001        2094.3213663948404     
   79.199999999999989        4.1600000000000001        2052.8410602236995     
   81.000000000000000        4.1600000000000001        2013.4197252328765     
   82.799999999999997        4.1600000000000001        1975.9107834549773     
   84.599999999999994        4.1600000000000001        1940.9579302477662     
   86.400000000000006        4.1600000000000001        1909.8487777653927     
   88.200000000000003        4.1600000000000001        1884.3039104175491     
   90.000000000000000        4.1600000000000001        1866.1618463282059     
   91.799999999999997        4.1600000000000001        1857.2175610680679     
   93.600000000000009        4.1600000000000001        1858.9926345605029     
   95.400000000000006        4.1600000000000001        1872.4848059197366     
   97.199999999999989        4.1600000000000001        1898.1950475672286     
   99.000000000000014        4.1600000000000001        1936.0859658059608     
   100.80000000000001        4.1600000000000001        1985.5229163828865     
   102.59999999999999        4.1600000000000001        2045.6033498030456     
   104.40000000000001        4.1600000000000001        2115.1376311644003     
   106.19999999999999        4.1600000000000001        2192.9745942740901     
   108.00000000000000        4.1600000000000001        2278.1521847993540     
   109.80000000000000        4.1600000000000001        2370.1673248860607     
   111.59999999999999        4.1600000000000001        2468.9488934402575     
   113.40000000000001        4.1600000000000001        2575.1055547802421     
   115.20000000000002        4.1600000000000001        2689.9134514150642     
   117.00000000000000        4.1600000000000001        2815.1512899058812     
   118.80000000000003        4.1600000000000001        2953.0869395036907     
   120.60000000000001        4.1600000000000001        3106.2565434820031     
   122.40000000000002        4.1600000000000001        3277.3900962090474     
   124.20000000000000        4.1600000000000001        3468.8892190450047     
   126.00000000000000        4.1600000000000001        3682.9075614938001     
   127.80000000000001        4.1600000000000001        3921.1563700462698     
   129.60000000000002        4.1600000000000001        4184.4819785355858     
   131.40000000000001        4.1600000000000001        4473.3387414418075     
   133.20000000000002        4.1600000000000001        4787.3713509179506     
   135.00000000000000        4.1600000000000001        5125.2559485140182     
   136.79999999999998        4.1600000000000001        5485.8726795533476     
   138.59999999999999        4.1600000000000001        5866.9112579311204     
   140.40000000000001        4.1600000000000001        6266.4467173014973     
   142.20000000000002        4.1600000000000001        6682.2151048036112     
   144.00000000000000        4.1600000000000001        7112.0389839304216     
   145.79999999999998        4.1600000000000001        7554.2733811866328     
   147.59999999999999        4.1600000000000001        8007.2186855031650     
   149.40000000000003        4.1600000000000001        8469.0153602668470     
   151.20000000000002        4.1600000000000001        8938.2694808565902     
   153.00000000000000        4.1600000000000001        9413.2125276783700     
   154.79999999999998        4.1600000000000001        9892.9370238156698     
   156.59999999999997        4.1600000000000001        10374.080285214370     
   158.39999999999998        4.1600000000000001        10854.431570840259     
   160.20000000000002        4.1600000000000001        11330.426634635060     
   162.00000000000000        4.1600000000000001        11796.598009412977     
   163.79999999999998        4.1600000000000001        12249.551196251234     
   165.59999999999999        4.1600000000000001        12681.566605821659     
   167.40000000000001        4.1600000000000001        13086.092455192575     
   169.19999999999999        4.1600000000000001        13456.621909750274     
   171.00000000000000        4.1600000000000001        13785.124045157723     
   172.80000000000001        4.1600000000000001        14065.617176398309     
   174.59999999999999        4.1600000000000001        14290.630638303865     
   176.40000000000001        4.1600000000000001        14456.051557923429     
   178.20000000000002        4.1600000000000001        14600.503393999858     
   180.00000000000000        4.1600000000000001        14590.688077045081     
   0.0000000000000000        4.2400000000000002        47026.203610579731     
   1.8000000000000003        4.2400000000000002        46812.923680373780     
   3.6000000000000005        4.2400000000000002        46173.068150455081     
   5.4000000000000004        4.2400000000000002        45132.221257502548     
   7.2000000000000011        4.2400000000000002        43714.485687044340     
   9.0000000000000000        4.2400000000000002        41967.632971457431     
   10.800000000000001        4.2400000000000002        39933.859239161706     
   12.600000000000001        4.2400000000000002        37675.819428101691     
   14.400000000000002        4.2400000000000002        35244.584796294977     
   16.200000000000003        4.2400000000000002        32708.258538249556     
   18.000000000000000        4.2400000000000002        30122.193271173768     
   19.799999999999997        4.2400000000000002        27533.525267560748     
   21.600000000000001        4.2400000000000002        25006.251646957680     
   23.400000000000002        4.2400000000000002        22571.179181716721     
   25.200000000000003        4.2400000000000002        20263.695219704623     
   27.000000000000000        4.2400000000000002        18116.951827227742     
   28.800000000000004        4.2400000000000002        16139.078710824890     
   30.600000000000005        4.2400000000000002        14343.492353220770     
   32.400000000000006        4.2400000000000002        12732.649734116221     
   34.199999999999996        4.2400000000000002        11300.536431781618     
   36.000000000000000        4.2400000000000002        10036.837214845989     
   37.800000000000004        4.2400000000000002        8928.8490865335589     
   39.599999999999994        4.2400000000000002        7961.7324312996507     
   41.399999999999999        4.2400000000000002        7119.3292750964938     
   43.200000000000003        4.2400000000000002        6384.5301546396095     
   45.000000000000000        4.2400000000000002        5743.4602452501213     
   46.800000000000004        4.2400000000000002        5181.1369257828619     
   48.599999999999994        4.2400000000000002        4687.0347476206543     
   50.400000000000006        4.2400000000000002        4251.1457670113759     
   52.200000000000003        4.2400000000000002        3866.0773992900135     
   54.000000000000000        4.2400000000000002        3526.5940573358012     
   55.799999999999997        4.2400000000000002        3228.0024116701011     
   57.600000000000009        4.2400000000000002        2967.2194693851670     
   59.400000000000013        4.2400000000000002        2741.5255564056274     
   61.200000000000010        4.2400000000000002        2548.4137311049712     
   63.000000000000000        4.2400000000000002        2385.3743251660717     
   64.800000000000011        4.2400000000000002        2249.6108770315864     
   66.600000000000009        4.2400000000000002        2137.9720726416340     
   68.399999999999991        4.2400000000000002        2046.9949412190813     
   70.200000000000003        4.2400000000000002        1973.0780231648864     
   72.000000000000000        4.2400000000000002        1912.6195731717721     
   73.799999999999997        4.2400000000000002        1862.1104695307549     
   75.600000000000009        4.2400000000000002        1818.5918521791043     
   77.399999999999991        4.2400000000000002        1779.6052765664704     
   79.199999999999989        4.2400000000000002        1743.4413498433375     
   81.000000000000000        4.2400000000000002        1709.1740143896843     
   82.799999999999997        4.2400000000000002        1676.6566294075510     
   84.599999999999994        4.2400000000000002        1646.4150444874940     
   86.400000000000006        4.2400000000000002        1619.5252362496406     
   88.200000000000003        4.2400000000000002        1597.4341806384887     
   90.000000000000000        4.2400000000000002        1581.6924217065168     
   91.799999999999997        4.2400000000000002        1573.8184395449262     
   93.600000000000009        4.2400000000000002        1575.1033796783065     
   95.400000000000006        4.2400000000000002        1586.3980834583977     
   97.199999999999989        4.2400000000000002        1608.1363876596704     
   99.000000000000014        4.2400000000000002        1640.2991719735473     
   100.80000000000001        4.2400000000000002        1682.3625793235110     
   102.59999999999999        4.2400000000000002        1733.5781877877887     
   104.40000000000001        4.2400000000000002        1792.9537933286026     
   106.19999999999999        4.2400000000000002        1859.5297756189232     
   108.00000000000000        4.2400000000000002        1932.5051476840279     
   109.80000000000000        4.2400000000000002        2011.4678211458618     
   111.59999999999999        4.2400000000000002        2096.3667731936371     
   113.40000000000001        4.2400000000000002        2187.7261925059674     
   115.20000000000002        4.2400000000000002        2286.6340137676661     
   117.00000000000000        4.2400000000000002        2394.5996767994516     
   118.80000000000003        4.2400000000000002        2513.5455637512514     
   120.60000000000001        4.2400000000000002        2645.6188378384632     
   122.40000000000002        4.2400000000000002        2793.1299621588669     
   124.20000000000000        4.2400000000000002        2958.1064893205203     
   126.00000000000000        4.2400000000000002        3142.3646724858409     
   127.80000000000001        4.2400000000000002        3347.3436834481272     
   129.60000000000002        4.2400000000000002        3573.7447749084527     
   131.40000000000001        4.2400000000000002        3821.9359026862589     
   133.20000000000002        4.2400000000000002        4091.5937799633075     
   135.00000000000000        4.2400000000000002        4381.5678601162354     
   136.79999999999998        4.2400000000000002        4690.8800214793864     
   138.59999999999999        4.2400000000000002        5017.5338746698772     
   140.40000000000001        4.2400000000000002        5359.8581592554510     
   142.20000000000002        4.2400000000000002        5715.8891114988692     
   144.00000000000000        4.2400000000000002        6083.7339115694094     
   145.79999999999998        4.2400000000000002        6461.9495868524900     
   147.59999999999999        4.2400000000000002        6849.0463306994761     
   149.40000000000003        4.2400000000000002        7243.4025389917888     
   151.20000000000002        4.2400000000000002        7643.7953043766511     
   153.00000000000000        4.2400000000000002        8048.6925426258522     
   154.79999999999998        4.2400000000000002        8457.2935993990595     
   156.59999999999997        4.2400000000000002        8866.7406730214298     
   158.39999999999998        4.2400000000000002        9275.1525020287336     
   160.20000000000002        4.2400000000000002        9679.5170646038405     
   162.00000000000000        4.2400000000000002        10075.230819902956     
   163.79999999999998        4.2400000000000002        10459.434428617053     
   165.59999999999999        4.2400000000000002        10825.642822199687     
   167.40000000000001        4.2400000000000002        11168.353653399527     
   169.19999999999999        4.2400000000000002        11482.104009037477     
   171.00000000000000        4.2400000000000002        11760.153706711801     
   172.80000000000001        4.2400000000000002        11997.482424806454     
   174.59999999999999        4.2400000000000002        12187.821404120066     
   176.40000000000001        4.2400000000000002        12327.719028976157     
   178.20000000000002        4.2400000000000002        12450.099698719545     
   180.00000000000000        4.2400000000000002        12441.566983495257     
   0.0000000000000000        4.3200000000000003        40651.666356248970     
   1.8000000000000003        4.3200000000000003        40468.217561297432     
   3.6000000000000005        4.3200000000000003        39917.858605931731     
   5.4000000000000004        4.3200000000000003        39022.488798924278     
   7.2000000000000011        4.3200000000000003        37802.743810326247     
   9.0000000000000000        4.3200000000000003        36299.526218159561     
   10.800000000000001        4.3200000000000003        34548.977322405161     
   12.600000000000001        4.3200000000000003        32604.771472769713     
   14.400000000000002        4.3200000000000003        30510.684908464693     
   16.200000000000003        4.3200000000000003        28325.109952578427     
   18.000000000000000        4.3200000000000003        26095.549520133591     
   19.799999999999997        4.3200000000000003        23862.495035520533     
   21.600000000000001        4.3200000000000003        21680.939127695303     
   23.400000000000002        4.3200000000000003        19577.450349501218     
   25.200000000000003        4.3200000000000003        17582.561820539573     
   27.000000000000000        4.3200000000000003        15724.938148661662     
   28.800000000000004        4.3200000000000003        14011.779546852300     
   30.600000000000005        4.3200000000000003        12454.859112625969     
   32.400000000000006        4.3200000000000003        11056.551183601719     
   34.199999999999996        4.3200000000000003        9811.9468096195396     
   36.000000000000000        4.3200000000000003        8712.4279935133272     
   37.800000000000004        4.3200000000000003        7747.3058386388557     
   39.599999999999994        4.3200000000000003        6904.0249266642650     
   41.399999999999999        4.3200000000000003        6168.8556643609854     
   43.200000000000003        4.3200000000000003        5527.1929013799872     
   45.000000000000000        4.3200000000000003        4967.1889406118516     
   46.800000000000004        4.3200000000000003        4475.9637536474011     
   48.599999999999994        4.3200000000000003        4044.4595017224747     
   50.400000000000006        4.3200000000000003        3664.0043231367526     
   52.200000000000003        4.3200000000000003        3328.1558755247470     
   54.000000000000000        4.3200000000000003        3032.3141954632579     
   55.799999999999997        4.3200000000000003        2772.3210251694491     
   57.600000000000009        4.3200000000000003        2545.4116532305002     
   59.400000000000013        4.3200000000000003        2349.1363645630013     
   61.200000000000010        4.3200000000000003        2181.2405529883135     
   63.000000000000000        4.3200000000000003        2039.4839191229976     
   64.800000000000011        4.3200000000000003        1921.3969817073657     
   66.600000000000009        4.3200000000000003        1824.2228566349963     
   68.399999999999991        4.3200000000000003        1744.9528996737433     
   70.200000000000003        4.3200000000000003        1680.4730513521392     
   72.000000000000000        4.3200000000000003        1627.6788753442461     
   73.799999999999997        4.3200000000000003        1583.5501198165130     
   75.600000000000009        4.3200000000000003        1545.5430951869978     
   77.399999999999991        4.3200000000000003        1511.5418489275851     
   79.199999999999989        4.3200000000000003        1480.0709257655767     
   81.000000000000000        4.3200000000000003        1450.3232047542826     
   82.799999999999997        4.3200000000000003        1422.1567673917084     
   84.599999999999994        4.3200000000000003        1396.0028083338559     
   86.400000000000006        4.3200000000000003        1372.7629954350327     
   88.200000000000003        4.3200000000000003        1353.6571441326205     
   90.000000000000000        4.3200000000000003        1339.9958906586226     
   91.799999999999997        4.3200000000000003        1333.0664447832978     
   93.600000000000009        4.3200000000000003        1333.9664858475112     
   95.400000000000006        4.3200000000000003        1343.4228348734755     
   97.199999999999989        4.3200000000000003        1361.8114740102621     
   99.000000000000014        4.3200000000000003        1389.1264971144474     
   100.80000000000001        4.3200000000000003        1424.9347036405206     
   102.59999999999999        4.3200000000000003        1468.6142224088780     
   104.40000000000001        4.3200000000000003        1519.3359039558254     
   106.19999999999999        4.3200000000000003        1576.2982616584111     
   108.00000000000000        4.3200000000000003        1638.8332015790438     
   109.80000000000000        4.3200000000000003        1706.6027121146349     
   111.59999999999999        4.3200000000000003        1779.5713406734706     
   113.40000000000001        4.3200000000000003        1858.1912096532058     
   115.20000000000002        4.3200000000000003        1943.3914677023149     
   117.00000000000000        4.3200000000000003        2036.4555593422372     
   118.80000000000003        4.3200000000000003        2139.0161633902644     
   120.60000000000001        4.3200000000000003        2252.8946900615279     
   122.40000000000002        4.3200000000000003        2380.0503542257948     
   124.20000000000000        4.3200000000000003        2522.1984701694337     
   126.00000000000000        4.3200000000000003        2680.8740144438693     
   127.80000000000001        4.3200000000000003        2857.2900889611892     
   129.60000000000002        4.3200000000000003        3052.0293792511247     
   131.40000000000001        4.3200000000000003        3265.3907102059788     
   133.20000000000002        4.3200000000000003        3497.0820001606698     
   135.00000000000000        4.3200000000000003        3746.1036986068784     
   136.79999999999998        4.3200000000000003        4011.6022339177339     
   138.59999999999999        4.3200000000000003        4291.8520341449448     
   140.40000000000001        4.3200000000000003        4585.4023740886832     
   142.20000000000002        4.3200000000000003        4890.5500044869732     
   144.00000000000000        4.3200000000000003        5205.6499738078346     
   145.79999999999998        4.3200000000000003        5529.4380703850966     
   147.59999999999999        4.3200000000000003        5860.6098812358869     
   149.40000000000003        4.3200000000000003        6197.7520951248653     
   151.20000000000002        4.3200000000000003        6539.7931466490154     
   153.00000000000000        4.3200000000000003        6885.4056534216797     
   154.79999999999998        4.3200000000000003        7233.8845288063440     
   156.59999999999997        4.3200000000000003        7582.7972950994754     
   158.39999999999998        4.3200000000000003        7930.5407139505642     
   160.20000000000002        4.3200000000000003        8274.5647367983001     
   162.00000000000000        4.3200000000000003        8610.9854785431162     
   163.79999999999998        4.3200000000000003        8937.3896106588527     
   165.59999999999999        4.3200000000000003        9248.3177943914961     
   167.40000000000001        4.3200000000000003        9539.1393412680136     
   169.19999999999999        4.3200000000000003        9805.2581231147924     
   171.00000000000000        4.3200000000000003        10041.005279018378     
   172.80000000000001        4.3200000000000003        10242.158431950602     
   174.59999999999999        4.3200000000000003        10403.446204035699     
   176.40000000000001        4.3200000000000003        10521.965793148027     
   178.20000000000002        4.3200000000000003        10625.814126065414     
   180.00000000000000        4.3200000000000003        10618.404325149157     
   0.0000000000000000        4.4000000000000004        35030.075811081617     
   1.8000000000000003        4.4000000000000004        34872.725641365520     
   3.6000000000000005        4.4000000000000004        34400.665134925272     
   5.4000000000000004        4.4000000000000004        33632.591653713374     
   7.2000000000000011        4.4000000000000004        32586.127365956065     
   9.0000000000000000        4.4000000000000004        31296.203871846534     
   10.800000000000001        4.4000000000000004        29793.696689878485     
   12.600000000000001        4.4000000000000004        28124.467906989445     
   14.400000000000002        4.4000000000000004        26325.942707727678     
   16.200000000000003        4.4000000000000004        24448.055686128548     
   18.000000000000000        4.4000000000000004        22531.464319959556     
   19.799999999999997        4.4000000000000004        20610.857249696877     
   21.600000000000001        4.4000000000000004        18733.360189064882     
   23.400000000000002        4.4000000000000004        16921.819204851305     
   25.200000000000003        4.4000000000000004        15202.500942577895     
   27.000000000000000        4.4000000000000004        13600.113319007942     
   28.800000000000004        4.4000000000000004        12121.000740667414     
   30.600000000000005        4.4000000000000004        10775.450729664846     
   32.400000000000006        4.4000000000000004        9565.7118502621233     
   34.199999999999996        4.4000000000000004        8487.7882353082678     
   36.000000000000000        4.4000000000000004        7534.4947654617072     
   37.800000000000004        4.4000000000000004        6696.8562177961057     
   39.599999999999994        4.4000000000000004        5964.2731070466079     
   41.399999999999999        4.4000000000000004        5325.1062081256387     
   43.200000000000003        4.4000000000000004        4766.9188971358935     
   45.000000000000000        4.4000000000000004        4279.6196272446014     
   46.800000000000004        4.4000000000000004        3852.1667564832123     
   48.599999999999994        4.4000000000000004        3476.7876555392604     
   50.400000000000006        4.4000000000000004        3145.9925916538214     
   52.200000000000003        4.4000000000000004        2854.1877894865042     
   54.000000000000000        4.4000000000000004        2597.3491290242841     
   55.799999999999997        4.4000000000000004        2371.8111008503520     
   57.600000000000009        4.4000000000000004        2175.1102199704537     
   59.400000000000013        4.4000000000000004        2005.0550561581031     
   61.200000000000010        4.4000000000000004        1859.6312580412680     
   63.000000000000000        4.4000000000000004        1736.8501711871404     
   64.800000000000011        4.4000000000000004        1634.5407070750796     
   66.600000000000009        4.4000000000000004        1550.2997048253430     
   68.399999999999991        4.4000000000000004        1481.5213188790970     
   70.200000000000003        4.4000000000000004        1425.5204611114182     
   72.000000000000000        4.4000000000000004        1379.6283874473013     
   73.799999999999997        4.4000000000000004        1341.2523866565887     
   75.600000000000009        4.4000000000000004        1308.2112429688657     
   77.399999999999991        4.4000000000000004        1278.6886363142962     
   79.199999999999989        4.4000000000000004        1251.4146937578482     
   81.000000000000000        4.4000000000000004        1225.6885328156441     
   82.799999999999997        4.4000000000000004        1201.3757261558178     
   84.599999999999994        4.4000000000000004        1178.8292556248612     
   86.400000000000006        4.4000000000000004        1158.8035109195987     
   88.200000000000003        4.4000000000000004        1142.3250460545976     
   90.000000000000000        4.4000000000000004        1130.4997901532670     
   91.799999999999997        4.4000000000000004        1124.4169411853338     
   93.600000000000009        4.4000000000000004        1125.0080038355222     
   95.400000000000006        4.4000000000000004        1132.8927628213085     
   97.199999999999989        4.4000000000000004        1148.3964053014063     
   99.000000000000014        4.4000000000000004        1171.5227978854923     
   100.80000000000001        4.4000000000000004        1201.9148491906692     
   102.59999999999999        4.4000000000000004        1239.0572616688876     
   104.40000000000001        4.4000000000000004        1282.2589117841746     
   106.19999999999999        4.4000000000000004        1330.8521243953242     
   108.00000000000000        4.4000000000000004        1384.2811917919209     
   109.80000000000000        4.4000000000000004        1442.2699902522334     
   111.59999999999999        4.4000000000000004        1504.7954488810010     
   113.40000000000001        4.4000000000000004        1572.2469308075756     
   115.20000000000002        4.4000000000000004        1645.4166270998217     
   117.00000000000000        4.4000000000000004        1725.3939321157161     
   118.80000000000003        4.4000000000000004        1813.5629808531180     
   120.60000000000001        4.4000000000000004        1911.4660335588967     
   122.40000000000002        4.4000000000000004        2020.7613869799907     
   124.20000000000000        4.4000000000000004        2142.8975682464607     
   126.00000000000000        4.4000000000000004        2279.1694965640950     
   127.80000000000001        4.4000000000000004        2430.5979074892361     
   129.60000000000002        4.4000000000000004        2597.6660973900230     
   131.40000000000001        4.4000000000000004        2780.6160900339378     
   133.20000000000002        4.4000000000000004        2979.1858430920979     
   135.00000000000000        4.4000000000000004        3192.5095692949822     
   136.79999999999998        4.4000000000000004        3419.8448040117723     
   138.59999999999999        4.4000000000000004        3659.7039337089773     
   140.40000000000001        4.4000000000000004        3910.8311923478650     
   142.20000000000002        4.4000000000000004        4171.7532988156781     
   144.00000000000000        4.4000000000000004        4441.0447029017205     
   145.79999999999998        4.4000000000000004        4717.6014217942165     
   147.59999999999999        4.4000000000000004        5000.2849978717013     
   149.40000000000003        4.4000000000000004        5287.8671848923177     
   151.20000000000002        4.4000000000000004        5579.4120005932782     
   153.00000000000000        4.4000000000000004        5873.7722997926703     
   154.79999999999998        4.4000000000000004        6170.3292899586186     
   156.59999999999997        4.4000000000000004        6467.0166641555988     
   158.39999999999998        4.4000000000000004        6762.4708591749750     
   160.20000000000002        4.4000000000000004        7054.5372151469892     
   162.00000000000000        4.4000000000000004        7339.9455735852762     
   163.79999999999998        4.4000000000000004        7616.6631184639691     
   165.59999999999999        4.4000000000000004        7880.1033789512067     
   167.40000000000001        4.4000000000000004        8126.3772233968011     
   169.19999999999999        4.4000000000000004        8351.6257299256795     
   171.00000000000000        4.4000000000000004        8551.0909252728907     
   172.80000000000001        4.4000000000000004        8721.2288938270322     
   174.59999999999999        4.4000000000000004        8857.6161436721850     
   176.40000000000001        4.4000000000000004        8957.8164865618855     
   178.20000000000002        4.4000000000000004        9045.7510577691446     
   180.00000000000000        4.4000000000000004        9039.3386278441158     
   0.0000000000000000        4.4800000000000004        30190.331989386879     
   1.8000000000000003        4.4800000000000004        30055.260504850936     
   3.6000000000000005        4.4800000000000004        29650.038068215035     
   5.4000000000000004        4.4800000000000004        28990.648822186151     
   7.2000000000000011        4.4800000000000004        28092.160564194797     
   9.0000000000000000        4.4800000000000004        26984.443150314652     
   10.800000000000001        4.4800000000000004        25693.905870620860     
   12.600000000000001        4.4800000000000004        24259.782926202755     
   14.400000000000002        4.4800000000000004        22714.106634808886     
   16.200000000000003        4.4800000000000004        21099.626740029194     
   18.000000000000000        4.4800000000000004        19451.177530223289     
   19.799999999999997        4.4800000000000004        17798.504025346370     
   21.600000000000001        4.4800000000000004        16182.026588677467     
   23.400000000000002        4.4800000000000004        14621.400407760520     
   25.200000000000003        4.4800000000000004        13139.232266744904     
   27.000000000000000        4.4800000000000004        11756.824508098551     
   28.800000000000004        4.4800000000000004        10479.752040165544     
   30.600000000000005        4.4800000000000004        9316.9905347724125     
   32.400000000000006        4.4800000000000004        8270.6322615427944     
   34.199999999999996        4.4800000000000004        7337.4112725035839     
   36.000000000000000        4.4800000000000004        6511.3179438555208     
   37.800000000000004        4.4800000000000004        5784.7954832843425     
   39.599999999999994        4.4800000000000004        5148.8750533405873     
   41.399999999999999        4.4800000000000004        4593.6703921249136     
   43.200000000000003        4.4800000000000004        4108.5752688542443     
   45.000000000000000        4.4800000000000004        3684.9811634301532     
   46.800000000000004        4.4800000000000004        3313.4145049340777     
   48.599999999999994        4.4800000000000004        2987.2006758233629     
   50.400000000000006        4.4800000000000004        2699.8709648193217     
   52.200000000000003        4.4800000000000004        2446.5715640539679     
   54.000000000000000        4.4800000000000004        2223.7878552039956     
   55.799999999999997        4.4800000000000004        2028.2974186184049     
   57.600000000000009        4.4800000000000004        1857.9147012691301     
   59.400000000000013        4.4800000000000004        1710.6889887973034     
   61.200000000000010        4.4800000000000004        1584.8289063684088     
   63.000000000000000        4.4800000000000004        1478.5753194282106     
   64.800000000000011        4.4800000000000004        1390.0232499562767     
   66.600000000000009        4.4800000000000004        1317.0795332072867     
   68.399999999999991        4.4800000000000004        1257.4871787903987     
   70.200000000000003        4.4800000000000004        1208.9297676701492     
   72.000000000000000        4.4800000000000004        1169.1111720168583     
   73.799999999999997        4.4800000000000004        1135.8036205059284     
   75.600000000000009        4.4800000000000004        1107.1347328496183     
   77.399999999999991        4.4800000000000004        1081.5440360965531     
   79.199999999999989        4.4800000000000004        1057.9380358796134     
   81.000000000000000        4.4800000000000004        1035.7085578510457     
   82.799999999999997        4.4800000000000004        1014.7306411881524     
   84.599999999999994        4.4800000000000004        995.29468551746913     
   86.400000000000006        4.4800000000000004        978.03409520353762     
   88.200000000000003        4.4800000000000004        963.81540819382360     
   90.000000000000000        4.4800000000000004        953.57449191215903     
   91.799999999999997        4.4800000000000004        948.23540824673773     
   93.600000000000009        4.4800000000000004        948.59057256951064     
   95.400000000000006        4.4800000000000004        955.16968698230016     
   97.199999999999989        4.4800000000000004        968.25436463071958     
   99.000000000000014        4.4800000000000004        987.85513316885317     
   100.80000000000001        4.4800000000000004        1013.6768994136288     
   102.59999999999999        4.4800000000000004        1045.2915099199201     
   104.40000000000001        4.4800000000000004        1082.1213928122090     
   106.19999999999999        4.4800000000000004        1123.6089060862421     
   108.00000000000000        4.4800000000000004        1169.2906834340013     
   109.80000000000000        4.4800000000000004        1218.9407020457675     
   111.59999999999999        4.4800000000000004        1272.5452698014412     
   113.40000000000001        4.4800000000000004        1330.4403768436396     
   115.20000000000002        4.4800000000000004        1393.3030268939449     
   117.00000000000000        4.4800000000000004        1462.0602596730330     
   118.80000000000003        4.4800000000000004        1537.8884784342492     
   120.60000000000001        4.4800000000000004        1622.0969504083989     
   122.40000000000002        4.4800000000000004        1716.0928994739570     
   124.20000000000000        4.4800000000000004        1821.1029473362441     
   126.00000000000000        4.4800000000000004        1938.2226178784615     
   127.80000000000001        4.4800000000000004        2068.3134311545004     
   129.60000000000002        4.4800000000000004        2211.7778901812208     
   131.40000000000001        4.4800000000000004        2368.8129924178966     
   133.20000000000002        4.4800000000000004        2539.1849690237182     
   135.00000000000000        4.4800000000000004        2722.1438910012012     
   136.79999999999998        4.4800000000000004        2917.0442540698573     
   138.59999999999999        4.4800000000000004        3122.6026955890034     
   140.40000000000001        4.4800000000000004        3337.7318953838630     
   142.20000000000002        4.4800000000000004        3561.1569318529528     
   144.00000000000000        4.4800000000000004        3791.6420356569761     
   145.79999999999998        4.4800000000000004        4028.2236555043905     
   147.59999999999999        4.4800000000000004        4269.9085615543472     
   149.40000000000003        4.4800000000000004        4515.6291700689144     
   151.20000000000002        4.4800000000000004        4764.5682098031284     
   153.00000000000000        4.4800000000000004        5015.7334742217799     
   154.79999999999998        4.4800000000000004        5268.5823095882661     
   156.59999999999997        4.4800000000000004        5521.3555161306822     
   158.39999999999998        4.4800000000000004        5772.8908330921431     
   160.20000000000002        4.4800000000000004        6021.3630210365336     
   162.00000000000000        4.4800000000000004        6264.0111967299854     
   163.79999999999998        4.4800000000000004        6499.1184333736737     
   165.59999999999999        4.4800000000000004        6722.8208256795524     
   167.40000000000001        4.4800000000000004        6931.8429252194101     
   169.19999999999999        4.4800000000000004        7122.9357079349447     
   171.00000000000000        4.4800000000000004        7292.0945359245416     
   172.80000000000001        4.4800000000000004        7436.3366197209925     
   174.59999999999999        4.4800000000000004        7551.9395841731239     
   176.40000000000001        4.4800000000000004        7636.8531433183480     
   178.20000000000002        4.4800000000000004        7711.4773727134361     
   180.00000000000000        4.4800000000000004        7705.9300251724526     
   0.0000000000000000        4.5600000000000005        25922.929614536744     
   1.8000000000000003        4.5600000000000005        25807.374799539546     
   3.6000000000000005        4.5600000000000005        25460.704013012521     
   5.4000000000000004        4.5600000000000005        24896.538098985511     
   7.2000000000000011        4.5600000000000005        24127.719352773012     
   9.0000000000000000        4.5600000000000005        23179.707240619809     
   10.800000000000001        4.5600000000000005        22075.017990116321     
   12.600000000000001        4.5600000000000005        20847.107255587329     
   14.400000000000002        4.5600000000000005        19523.302406464976     
   16.200000000000003        4.5600000000000005        18140.082714851585     
   18.000000000000000        4.5600000000000005        16727.194967581334     
   19.799999999999997        4.5600000000000005        15310.060141550886     
   21.600000000000001        4.5600000000000005        13923.231453152306     
   23.400000000000002        4.5600000000000005        12583.559928097831     
   25.200000000000003        4.5600000000000005        11310.434242815931     
   27.000000000000000        4.5600000000000005        10122.154544778272     
   28.800000000000004        4.5600000000000005        9023.5953981484217     
   30.600000000000005        4.5600000000000005        8022.5538058734228     
   32.400000000000006        4.5600000000000005        7120.9521187195724     
   34.199999999999996        4.5600000000000005        6316.1303903440657     
   36.000000000000000        4.5600000000000005        5603.0765664256569     
   37.800000000000004        4.5600000000000005        4975.4464026134074     
   39.599999999999994        4.5600000000000005        4425.6731474172793     
   41.399999999999999        4.5600000000000005        3945.3848532601160     
   43.200000000000003        4.5600000000000005        3525.5646459731961     
   45.000000000000000        4.5600000000000005        3158.8921870299300     
   46.800000000000004        4.5600000000000005        2837.2666058593604     
   48.599999999999994        4.5600000000000005        2554.9756505423652     
   50.400000000000006        4.5600000000000005        2306.4529712635035     
   52.200000000000003        4.5600000000000005        2087.5034138090100     
   54.000000000000000        4.5600000000000005        1895.0707156301632     
   55.799999999999997        4.5600000000000005        1726.3357221784190     
   57.600000000000009        4.5600000000000005        1579.3703588078176     
   59.400000000000013        4.5600000000000005        1452.4484418885911     
   61.200000000000010        4.5600000000000005        1343.9860305518018     
   63.000000000000000        4.5600000000000005        1252.4350340506228     
   64.800000000000011        4.5600000000000005        1176.1313560030426     
   66.600000000000009        4.5600000000000005        1113.2589145498084     
   68.399999999999991        4.5600000000000005        1061.8698043657782     
   70.200000000000003        4.5600000000000005        1019.9723436293447     
   72.000000000000000        4.5600000000000005        985.59738698563626     
   73.799999999999997        4.5600000000000005        956.83692623775664     
   75.600000000000009        4.5600000000000005        932.08880219378887     
   77.399999999999991        4.5600000000000005        910.01676831124018     
   79.199999999999989        4.5600000000000005        889.68247188790804     
   81.000000000000000        4.5600000000000005        870.56032850941642     
   82.799999999999997        4.5600000000000005        852.53573938680074     
   84.599999999999994        4.5600000000000005        835.84708359990282     
   86.400000000000006        4.5600000000000005        821.02494518879803     
   88.200000000000003        4.5600000000000005        808.79899185661077     
   90.000000000000000        4.5600000000000005        799.95923009600381     
   91.799999999999997        4.5600000000000005        795.28764235478286     
   93.600000000000009        4.5600000000000005        795.45662051534100     
   95.400000000000006        4.5600000000000005        800.91778201785314     
   97.199999999999989        4.5600000000000005        811.91438909080091     
   99.000000000000014        4.5600000000000005        828.46163871995407     
   100.80000000000001        4.5600000000000005        850.31671757351023     
   102.59999999999999        4.5600000000000005        877.12520028447784     
   104.40000000000001        4.5600000000000005        908.40608000960390     
   106.19999999999999        4.5600000000000005        943.69524797797283     
   108.00000000000000        4.5600000000000005        982.60777286529014     
   109.80000000000000        4.5600000000000005        1024.9596402009367     
   111.59999999999999        4.5600000000000005        1070.7445298804746     
   113.40000000000001        4.5600000000000005        1120.2517636535822     
   115.20000000000002        4.5600000000000005        1174.0585496598540     
   117.00000000000000        4.5600000000000005        1232.9518742481721     
   118.80000000000003        4.5600000000000005        1297.9291064626323     
   120.60000000000001        4.5600000000000005        1370.0989404494508     
   122.40000000000002        4.5600000000000005        1450.6525337767644     
   124.20000000000000        4.5600000000000005        1540.6260348793460     
   126.00000000000000        4.5600000000000005        1640.9440195206646     
   127.80000000000001        4.5600000000000005        1752.3319170445275     
   129.60000000000002        4.5600000000000005        1875.1242265020051     
   131.40000000000001        4.5600000000000005        2009.4808902716400     
   133.20000000000002        4.5600000000000005        2155.1947586669999     
   135.00000000000000        4.5600000000000005        2311.6186241253226     
   136.79999999999998        4.5600000000000005        2478.1934477507725     
   138.59999999999999        4.5600000000000005        2653.8156721448995     
   140.40000000000001        4.5600000000000005        2837.5470191894333     
   142.20000000000002        4.5600000000000005        3028.2878363691598     
   144.00000000000000        4.5600000000000005        3224.9703993782591     
   145.79999999999998        4.5600000000000005        3426.7567444156130     
   147.59999999999999        4.5600000000000005        3632.7833568836541     
   149.40000000000003        4.5600000000000005        3842.1252791633920     
   151.20000000000002        4.5600000000000005        4054.0712926303854     
   153.00000000000000        4.5600000000000005        4267.7656846277659     
   154.79999999999998        4.5600000000000005        4482.7341943291358     
   156.59999999999997        4.5600000000000005        4697.4829602575901     
   158.39999999999998        4.5600000000000005        4911.0238382544276     
   160.20000000000002        4.5600000000000005        5121.8146834210793     
   162.00000000000000        4.5600000000000005        5327.5308472088072     
   163.79999999999998        4.5600000000000005        5526.7260793358746     
   165.59999999999999        4.5600000000000005        5716.1542014013676     
   167.40000000000001        4.5600000000000005        5893.0642838664653     
   169.19999999999999        4.5600000000000005        6054.7284605905561     
   171.00000000000000        4.5600000000000005        6197.7856498030760     
   172.80000000000001        4.5600000000000005        6319.7324314266443     
   174.59999999999999        4.5600000000000005        6417.4453042083924     
   176.40000000000001        4.5600000000000005        6489.2036514392439     
   178.20000000000002        4.5600000000000005        6552.3522772116712     
   180.00000000000000        4.5600000000000005        6547.5719925222593     
   0.0000000000000000        4.6399999999999997        22276.128126503812     
   1.8000000000000003        4.6399999999999997        22177.131378061953     
   3.6000000000000005        4.6399999999999997        21880.136066792809     
   5.4000000000000004        4.6399999999999997        21396.770886978888     
   7.2000000000000011        4.6399999999999997        20738.001600448952     
   9.0000000000000000        4.6399999999999997        19925.568536937295     
   10.800000000000001        4.6399999999999997        18978.703548487327     
   12.600000000000001        4.6399999999999997        17925.986048283008     
   14.400000000000002        4.6399999999999997        16790.770114133851     
   16.200000000000003        4.6399999999999997        15604.237630492118     
   18.000000000000000        4.6399999999999997        14391.832245344687     
   19.799999999999997        4.6399999999999997        13175.312803298570     
   21.600000000000001        4.6399999999999997        11984.261435986939     
   23.400000000000002        4.6399999999999997        10833.141717125027     
   25.200000000000003        4.6399999999999997        9738.6007301112768     
   27.000000000000000        4.6399999999999997        8716.3736992017275     
   28.800000000000004        4.6399999999999997        7770.7160863857180     
   30.600000000000005        4.6399999999999997        6908.3969243003448     
   32.400000000000006        4.6399999999999997        6131.1630274190566     
   34.199999999999996        4.6399999999999997        5436.8367784514239     
   36.000000000000000        4.6399999999999997        4821.2218081696656     
   37.800000000000004        4.6399999999999997        4278.9739783571868     
   39.599999999999994        4.6399999999999997        3803.6908776431173     
   41.399999999999999        4.6399999999999997        3388.2649208230064     
   43.200000000000003        4.6399999999999997        3025.0141066355482     
   45.000000000000000        4.6399999999999997        2707.7004115017266     
   46.800000000000004        4.6399999999999997        2429.3865174690568     
   48.599999999999994        4.6399999999999997        2185.1769696117913     
   50.400000000000006        4.6399999999999997        1970.2784038710417     
   52.200000000000003        4.6399999999999997        1781.0642852254109     
   54.000000000000000        4.6399999999999997        1614.8785721186739     
   55.799999999999997        4.6399999999999997        1469.2585682241640     
   57.600000000000009        4.6399999999999997        1342.5079427014336     
   59.400000000000013        4.6399999999999997        1233.1040080645614     
   61.200000000000010        4.6399999999999997        1139.6503630701957     
   63.000000000000000        4.6399999999999997        1060.7875247984484     
   64.800000000000011        4.6399999999999997        995.06323202733449     
   66.600000000000009        4.6399999999999997        940.90183185079900     
   68.399999999999991        4.6399999999999997        896.62106626144214     
   70.200000000000003        4.6399999999999997        860.50655784569403     
   72.000000000000000        4.6399999999999997        830.86721152565826     
   73.799999999999997        4.6399999999999997        806.06646150169979     
   75.600000000000009        4.6399999999999997        784.73116977279517     
   77.399999999999991        4.6399999999999997        765.71547235328740     
   79.199999999999989        4.6399999999999997        748.21327220026888     
   81.000000000000000        4.6399999999999997        731.77037567546029     
   82.799999999999997        4.6399999999999997        716.28293839222715     
   84.599999999999994        4.6399999999999997        701.94784828883178     
   86.400000000000006        4.6399999999999997        689.21143298896186     
   88.200000000000003        4.6399999999999997        678.69034193149662     
   90.000000000000000        4.6399999999999997        671.05374873844085     
   91.799999999999997        4.6399999999999997        666.96550330020170     
   93.600000000000009        4.6399999999999997        666.99785401906161     
   95.400000000000006        4.6399999999999997        671.53691573874039     
   97.199999999999989        4.6399999999999997        680.79320298392383     
   99.000000000000014        4.6399999999999997        694.78472858604528     
   100.80000000000001        4.6399999999999997        713.31106833239994     
   102.59999999999999        4.6399999999999997        736.07783082029971     
   104.40000000000001        4.6399999999999997        762.68313654413487     
   106.19999999999999        4.6399999999999997        792.73947660069689     
   108.00000000000000        4.6399999999999997        825.92608687159179     
   109.80000000000000        4.6399999999999997        862.09275562254390     
   111.59999999999999        4.6399999999999997        901.23856501190244     
   113.40000000000001        4.6399999999999997        943.61326881050138     
   115.20000000000002        4.6399999999999997        989.71040166244074     
   117.00000000000000        4.6399999999999997        1040.2001342131866     
   118.80000000000003        4.6399999999999997        1095.9306814337558     
   120.60000000000001        4.6399999999999997        1157.8438780161778     
   122.40000000000002        4.6399999999999997        1226.9512116773176     
   124.20000000000000        4.6399999999999997        1304.1309353204772     
   126.00000000000000        4.6399999999999997        1390.1661233918198     
   127.80000000000001        4.6399999999999997        1485.6699709478062     
   129.60000000000002        4.6399999999999997        1590.9219535356840     
   131.40000000000001        4.6399999999999997        1706.0528954524527     
   133.20000000000002        4.6399999999999997        1830.8800637860522     
   135.00000000000000        4.6399999999999997        1964.8446663099546     
   136.79999999999998        4.6399999999999997        2107.4625718704656     
   138.59999999999999        4.6399999999999997        2257.7837322847499     
   140.40000000000001        4.6399999999999997        2414.9978473396454     
   142.20000000000002        4.6399999999999997        2578.1555213202791     
   144.00000000000000        4.6399999999999997        2746.3334301197187     
   145.79999999999998        4.6399999999999997        2918.8027144473399     
   147.59999999999999        4.6399999999999997        3094.8123874759626     
   149.40000000000003        4.6399999999999997        3273.5603773671646     
   151.20000000000002        4.6399999999999997        3454.4274722234509     
   153.00000000000000        4.6399999999999997        3636.6745432294711     
   154.79999999999998        4.6399999999999997        3819.8870066233567     
   156.59999999999997        4.6399999999999997        4002.7926201066175     
   158.39999999999998        4.6399999999999997        4184.5488513602068     
   160.20000000000002        4.6399999999999997        4363.8485138509986     
   162.00000000000000        4.6399999999999997        4538.7276282524817     
   163.79999999999998        4.6399999999999997        4707.9638220537781     
   165.59999999999999        4.6399999999999997        4868.8204596924315     
   167.40000000000001        4.6399999999999997        5018.9791509571633     
   169.19999999999999        4.6399999999999997        5156.1416764570313     
   171.00000000000000        4.6399999999999997        5277.4773448585902     
   172.80000000000001        4.6399999999999997        5380.8778254036697     
   174.59999999999999        4.6399999999999997        5463.7131147806895     
   176.40000000000001        4.6399999999999997        5524.5343006169878     
   178.20000000000002        4.6399999999999997        5578.1217141851212     
   180.00000000000000        4.6399999999999997        5574.0009684269280     
   0.0000000000000000        4.7199999999999998        19100.562974348672     
   1.8000000000000003        4.7199999999999998        19015.902504002228     
   3.6000000000000005        4.7199999999999998        18761.917050756940     
   5.4000000000000004        4.7199999999999998        18348.519353075928     
   7.2000000000000011        4.7199999999999998        17785.058430374575     
   9.0000000000000000        4.7199999999999998        17090.070143448916     
   10.800000000000001        4.7199999999999998        16279.955446215450     
   12.600000000000001        4.7199999999999998        15379.089964213086     
   14.400000000000002        4.7199999999999998        14407.400337095765     
   16.200000000000003        4.7199999999999998        13391.497423288805     
   18.000000000000000        4.7199999999999998        12353.108215023229     
   19.799999999999997        4.7199999999999998        11310.825269657291     
   21.600000000000001        4.7199999999999998        10289.931287543717     
   23.400000000000002        4.7199999999999998        9302.8170022130671     
   25.200000000000003        4.7199999999999998        8363.7480089157089     
   27.000000000000000        4.7199999999999998        7486.2265207227647     
   28.800000000000004        4.7199999999999998        6673.9548134207535     
   30.600000000000005        4.7199999999999998        5932.7926219117662     
   32.400000000000006        4.7199999999999998        5264.3131587751250     
   34.199999999999996        4.7199999999999998        4666.7344816928753     
   36.000000000000000        4.7199999999999998        4136.5452962862291     
   37.800000000000004        4.7199999999999998        3669.2475984826838     
   39.599999999999994        4.7199999999999998        3259.4296545676179     
   41.399999999999999        4.7199999999999998        2901.0644565477028     
   43.200000000000003        4.7199999999999998        2587.6163372117717     
   45.000000000000000        4.7199999999999998        2313.7769699651608     
   46.800000000000004        4.7199999999999998        2073.6156436552333     
   48.599999999999994        4.7199999999999998        1862.9442287946263     
   50.400000000000006        4.7199999999999998        1677.6436598160210     
   52.200000000000003        4.7199999999999998        1514.5864199440111     
   54.000000000000000        4.7199999999999998        1371.4707553650464     
   55.799999999999997        4.7199999999999998        1246.1524465831014     
   57.600000000000009        4.7199999999999998        1137.1449670812542     
   59.400000000000013        4.7199999999999998        1043.1107971722809     
   61.200000000000010        4.7199999999999998        962.82390791674402     
   63.000000000000000        4.7199999999999998        895.09475579280104     
   64.800000000000011        4.7199999999999998        838.65970534047790     
   66.600000000000009        4.7199999999999998        792.15503521806374     
   68.399999999999991        4.7199999999999998        754.13092597743173     
   70.200000000000003        4.7199999999999998        723.11441276497499     
   72.000000000000000        4.7199999999999998        697.65565536793270     
   73.799999999999997        4.7199999999999998        676.35327880819136     
   75.600000000000009        4.7199999999999998        658.03232743115689     
   77.399999999999991        4.7199999999999998        641.71191454727466     
   79.199999999999989        4.7199999999999998        626.70091224760483     
   81.000000000000000        4.7199999999999998        612.60785733307262     
   82.799999999999997        4.7199999999999998        599.33956563821312     
   84.599999999999994        4.7199999999999998        587.05880566887299     
   86.400000000000006        4.7199999999999998        576.14098030861885     
   88.200000000000003        4.7199999999999998        567.10699240101349     
   90.000000000000000        4.7199999999999998        560.52336963100970     
   91.799999999999997        4.7199999999999998        556.95330357074988     
   93.600000000000009        4.7199999999999998        556.88346172118554     
   95.400000000000006        4.7199999999999998        560.64372485794445     
   97.199999999999989        4.7199999999999998        568.41607772313500     
   99.000000000000014        4.7199999999999998        580.22015292524804     
   100.80000000000001        4.7199999999999998        595.89084686616286     
   102.59999999999999        4.7199999999999998        615.18398553633619     
   104.40000000000001        4.7199999999999998        637.76424413356801     
   106.19999999999999        4.7199999999999998        663.30850838317201     
   108.00000000000000        4.7199999999999998        691.54990097573341     
   109.80000000000000        4.7199999999999998        722.36617254536213     
   111.59999999999999        4.7199999999999998        755.76045540247208     
   113.40000000000001        4.7199999999999998        791.94821622806649     
   115.20000000000002        4.7199999999999998        831.35117755536282     
   117.00000000000000        4.7199999999999998        874.53970217322558     
   118.80000000000003        4.7199999999999998        922.23470296319465     
   120.60000000000001        4.7199999999999998        975.23577877104537     
   122.40000000000002        4.7199999999999998        1034.4013238302084     
   124.20000000000000        4.7199999999999998        1100.4754075519934     
   126.00000000000000        4.7199999999999998        1174.1210069680037     
   127.80000000000001        4.7199999999999998        1255.8563615934636     
   129.60000000000002        4.7199999999999998        1345.9151648068753     
   131.40000000000001        4.7199999999999998        1444.4046552043167     
   133.20000000000002        4.7199999999999998        1551.1645493143258     
   135.00000000000000        4.7199999999999998        1665.7135459129361     
   136.79999999999998        4.7199999999999998        1787.6335048397889     
   138.59999999999999        4.7199999999999998        1916.1080427998470     
   140.40000000000001        4.7199999999999998        2050.4388072417391     
   142.20000000000002        4.7199999999999998        2189.8076666680986     
   144.00000000000000        4.7199999999999998        2333.4176770711547     
   145.79999999999998        4.7199999999999998        2480.6362930603896     
   147.59999999999999        4.7199999999999998        2630.8117482622811     
   149.40000000000003        4.7199999999999998        2783.2497409076409     
   151.20000000000002        4.7199999999999998        2937.4121840539287     
   153.00000000000000        4.7199999999999998        3092.6614813706879     
   154.79999999999998        4.7199999999999998        3248.6358990376289     
   156.59999999999997        4.7199999999999998        3404.2526985891736     
   158.39999999999998        4.7199999999999998        3558.7939880033678     
   160.20000000000002        4.7199999999999998        3711.1524261762493     
   162.00000000000000        4.7199999999999998        3859.6698089552565     
   163.79999999999998        4.7199999999999998        4003.3136298725753     
   165.59999999999999        4.7199999999999998        4139.7783974862523     
   167.40000000000001        4.7199999999999998        4267.1116248840308     
   169.19999999999999        4.7199999999999998        4383.3784627491541     
   171.00000000000000        4.7199999999999998        4486.1966774415732     
   172.80000000000001        4.7199999999999998        4573.7920064166656     
   174.59999999999999        4.7199999999999998        4643.9516636321068     
   176.40000000000001        4.7199999999999998        4695.4564742785042     
   178.20000000000002        4.7199999999999998        4740.8852646656469     
   180.00000000000000        4.7199999999999998        4737.3415733081238     
   0.0000000000000000        4.7999999999999998        16331.084171455073     
   1.8000000000000003        4.7999999999999998        16258.862298724822     
   3.6000000000000005        4.7999999999999998        16042.193462732637     
   5.4000000000000004        4.7999999999999998        15689.508612273434     
   7.2000000000000011        4.7999999999999998        15208.760354887239     
   9.0000000000000000        4.7999999999999998        14615.716617649530     
   10.800000000000001        4.7999999999999998        13924.332287347132     
   12.600000000000001        4.7999999999999998        13155.350017881188     
   14.400000000000002        4.7999999999999998        12325.732761227981     
   16.200000000000003        4.7999999999999998        11458.137727729230     
   18.000000000000000        4.7999999999999998        10571.074426270650     
   19.799999999999997        4.7999999999999998        9680.3917901102595     
   21.600000000000001        4.7999999999999998        8807.6458895406504     
   23.400000000000002        4.7999999999999998        7963.4244822993014     
   25.200000000000003        4.7999999999999998        7159.9207958128827     
   27.000000000000000        4.7999999999999998        6408.6899503589220     
   28.800000000000004        4.7999999999999998        5712.9407063112831     
   30.600000000000005        4.7999999999999998        5077.7286431510538     
   32.400000000000006        4.7999999999999998        4504.4592549565396     
   34.199999999999996        4.7999999999999998        3991.6765415999407     
   36.000000000000000        4.7999999999999998        3536.4468440396495     
   37.800000000000004        4.7999999999999998        3134.9906172220926     
   39.599999999999994        4.7999999999999998        2782.7418417820600     
   41.399999999999999        4.7999999999999998        2474.5998227011087     
   43.200000000000003        4.7999999999999998        2205.0159754668889     
   45.000000000000000        4.7999999999999998        1969.4826968649700     
   46.800000000000004        4.7999999999999998        1762.9419301212588     
   48.599999999999994        4.7999999999999998        1581.8192817201145     
   50.400000000000006        4.7999999999999998        1422.5846575163778     
   52.200000000000003        4.7999999999999998        1282.5487586927054     
   54.000000000000000        4.7999999999999998        1159.7233341407648     
   55.799999999999997        4.7999999999999998        1052.2482613423676     
   57.600000000000009        4.7999999999999998        958.82628703196440     
   59.400000000000013        4.7999999999999998        878.28766455356924     
   61.200000000000010        4.7999999999999998        809.56054016661676     
   63.000000000000000        4.7999999999999998        751.60810784667660     
   64.800000000000011        4.7999999999999998        703.33456587099010     
   66.600000000000009        4.7999999999999998        663.56310611758397     
   68.399999999999991        4.7999999999999998        631.04756754211769     
   70.200000000000003        4.7999999999999998        604.52554385244173     
   72.000000000000000        4.7999999999999998        582.75697734158553     
   73.799999999999997        4.7999999999999998        564.54473502027474     
   75.600000000000009        4.7999999999999998        548.88576467529936     
   77.399999999999991        4.7999999999999998        534.94245840846304     
   79.199999999999989        4.7999999999999998        522.12381971866500     
   81.000000000000000        4.7999999999999998        510.09354475038538     
   82.799999999999997        4.7999999999999998        498.76876161322201     
   84.599999999999994        4.7999999999999998        488.28404901118972     
   86.400000000000006        4.7999999999999998        478.95485591758199     
   88.200000000000003        4.7999999999999998        471.22065414700063     
   90.000000000000000        4.7999999999999998        465.56044521105468     
   91.799999999999997        4.7999999999999998        462.45134181541789     
   93.600000000000009        4.7999999999999998        462.30662090230146     
   95.400000000000006        4.7999999999999998        465.40772545062464     
   97.199999999999989        4.7999999999999998        471.91172332955324     
   99.000000000000014        4.7999999999999998        481.83898296726392     
   100.80000000000001        4.7999999999999998        495.05393329221204     
   102.59999999999999        4.7999999999999998        511.35455689777291     
   104.40000000000001        4.7999999999999998        530.46170657575556     
   106.19999999999999        4.7999999999999998        552.10659184658778     
   108.00000000000000        4.7999999999999998        576.06774271760401     
   109.80000000000000        4.7999999999999998        602.24610848392490     
   111.59999999999999        4.7999999999999998        630.64780724093816     
   113.40000000000001        4.7999999999999998        661.45849754704068     
   115.20000000000002        4.7999999999999998        695.03805579563243     
   117.00000000000000        4.7999999999999998        731.87126226221005     
   118.80000000000003        4.7999999999999998        772.56999097291782     
   120.60000000000001        4.7999999999999998        817.81216057455651     
   122.40000000000002        4.7999999999999998        868.32525162172305     
   124.20000000000000        4.7999999999999998        924.73888312039833     
   126.00000000000000        4.7999999999999998        987.61372420396083     
   127.80000000000001        4.7999999999999998        1057.3873730343539     
   129.60000000000002        4.7999999999999998        1134.2552767291097     
   131.40000000000001        4.7999999999999998        1218.3055086502663     
   133.20000000000002        4.7999999999999998        1309.3983261976380     
   135.00000000000000        4.7999999999999998        1407.1204496468195     
   136.79999999999998        4.7999999999999998        1511.1119359797572     
   138.59999999999999        4.7999999999999998        1620.6730353385365     
   140.40000000000001        4.7999999999999998        1735.2034907812238     
   142.20000000000002        4.7999999999999998        1854.0000556618311     
   144.00000000000000        4.7999999999999998        1976.3765817687126     
   145.79999999999998        4.7999999999999998        2101.7856192787722     
   147.59999999999999        4.7999999999999998        2229.6629739447258     
   149.40000000000003        4.7999999999999998        2359.4089994887386     
   151.20000000000002        4.7999999999999998        2490.5572087147461     
   153.00000000000000        4.7999999999999998        2622.5586156547297     
   154.79999999999998        4.7999999999999998        2755.0983139719174     
   156.59999999999997        4.7999999999999998        2887.2561397490394     
   158.39999999999998        4.7999999999999998        3018.4212349329641     
   160.20000000000002        4.7999999999999998        3147.6568349067502     
   162.00000000000000        4.7999999999999998        3273.5649105195853     
   163.79999999999998        4.7999999999999998        3395.2745581096651     
   165.59999999999999        4.7999999999999998        3510.8464365130212     
   167.40000000000001        4.7999999999999998        3618.6387326596437     
   169.19999999999999        4.7999999999999998        3717.0250488697129     
   171.00000000000000        4.7999999999999998        3804.0037354646634     
   172.80000000000001        4.7999999999999998        3878.0840459578239     
   174.59999999999999        4.7999999999999998        3937.4072271238838     
   176.40000000000001        4.7999999999999998        3980.9490751412209     
   178.20000000000002        4.7999999999999998        4019.3930700716796     
   180.00000000000000        4.7999999999999998        4016.3547822887285     
   0.0000000000000000        4.8799999999999999        13962.062703942927     
   1.8000000000000003        4.8799999999999999        13900.424810728839     
   3.6000000000000005        4.8799999999999999        13715.508558552823     
   5.4000000000000004        4.8799999999999999        13414.490233453324     
   7.2000000000000011        4.8799999999999999        13004.139809419212     
   9.0000000000000000        4.8799999999999999        12497.880875159315     
   10.800000000000001        4.8799999999999999        11907.595870012843     
   12.600000000000001        4.8799999999999999        11250.948818825293     
   14.400000000000002        4.8799999999999999        10542.389750776316     
   16.200000000000003        4.8799999999999999        9801.2225870967250     
   18.000000000000000        4.8799999999999999        9043.2254472274653     
   19.799999999999997        4.8799999999999999        8281.9158608613507     
   21.600000000000001        4.8799999999999999        7535.6821924728838     
   23.400000000000002        4.8799999999999999        6813.5740945145180     
   25.200000000000003        4.8799999999999999        6126.0160572545419     
   27.000000000000000        4.8799999999999999        5482.8979347159675     
   28.800000000000004        4.8799999999999999        4886.9966283406911     
   30.600000000000005        4.8799999999999999        4342.6700659292374     
   32.400000000000006        4.8799999999999999        3851.1659703200080     
   34.199999999999996        4.8799999999999999        3411.2903833542177     
   36.000000000000000        4.8799999999999999        3020.5863719424374     
   37.800000000000004        4.8799999999999999        2675.8718878870468     
   39.599999999999994        4.8799999999999999        2373.2883050194555     
   41.399999999999999        4.8799999999999999        2108.5131834583908     
   43.200000000000003        4.8799999999999999        1876.8311720153567     
   45.000000000000000        4.8799999999999999        1674.4107338999945     
   46.800000000000004        4.8799999999999999        1496.9356712777387     
   48.599999999999994        4.8799999999999999        1341.3537942398334     
   50.400000000000006        4.8799999999999999        1204.6395788597167     
   52.200000000000003        4.8799999999999999        1084.4811972186303     
   54.000000000000000        4.8799999999999999        979.16251449022309     
   55.799999999999997        4.8799999999999999        887.07198974439382     
   57.600000000000009        4.8799999999999999        807.07980531260489     
   59.400000000000013        4.8799999999999999        738.16526227702286     
   61.200000000000010        4.8799999999999999        679.39332798848511     
   63.000000000000000        4.8799999999999999        629.86186992373644     
   64.800000000000011        4.8799999999999999        588.62163087217357     
   66.600000000000009        4.8799999999999999        554.65758230259132     
   68.399999999999991        4.8799999999999999        526.89867058354776     
   70.200000000000003        4.8799999999999999        504.26268616980343     
   72.000000000000000        4.8799999999999999        485.68854037389650     
   73.799999999999997        4.8799999999999999        470.15309981882666     
   75.600000000000009        4.8799999999999999        456.79958568229051     
   77.399999999999991        4.8799999999999999        444.91245702090180     
   79.199999999999989        4.8799999999999999        433.98627119723932     
   81.000000000000000        4.8799999999999999        423.73230966890452     
   82.799999999999997        4.8799999999999999        414.07740736712663     
   84.599999999999994        4.8799999999999999        405.13338615262154     
   86.400000000000006        4.8799999999999999        397.16605322595137     
   88.200000000000003        4.8799999999999999        390.54701096062615     
   90.000000000000000        4.8799999999999999        385.68210493681255     
   91.799999999999997        4.8799999999999999        382.97627923952871     
   93.600000000000009        4.8799999999999999        382.78109252067361     
   95.400000000000006        4.8799999999999999        385.33705406746873     
   97.199999999999989        4.8799999999999999        390.77985964120552     
   99.000000000000014        4.8799999999999999        399.12988941651037     
   100.80000000000001        4.8799999999999999        410.27569811704882     
   102.59999999999999        4.8799999999999999        424.04987111927386     
   104.40000000000001        4.8799999999999999        440.21965838472858     
   106.19999999999999        4.8799999999999999        458.56110497609023     
   108.00000000000000        4.8799999999999999        478.89016312468453     
   109.80000000000000        4.8799999999999999        501.12655205943270     
   111.59999999999999        4.8799999999999999        525.27842889316912     
   113.40000000000001        4.8799999999999999        551.50599438967276     
   115.20000000000002        4.8799999999999999        580.11685935161540     
   117.00000000000000        4.8799999999999999        611.52382873376291     
   118.80000000000003        4.8799999999999999        646.24719188320535     
   120.60000000000001        4.8799999999999999        684.86280632515025     
   122.40000000000002        4.8799999999999999        727.98840079686806     
   124.20000000000000        4.8799999999999999        776.15791167630186     
   126.00000000000000        4.8799999999999999        829.84659436096388     
   127.80000000000001        4.8799999999999999        889.42494883764698     
   129.60000000000002        4.8799999999999999        955.05717771633829     
   131.40000000000001        4.8799999999999999        1026.8161966457967     
   133.20000000000002        4.8799999999999999        1104.5806997243189     
   135.00000000000000        4.8799999999999999        1187.9960220488099     
   136.79999999999998        4.8799999999999999        1276.7526097483437     
   138.59999999999999        4.8799999999999999        1370.2506044773240     
   140.40000000000001        4.8799999999999999        1467.9741332956755     
   142.20000000000002        4.8799999999999999        1569.3186565739404     
   144.00000000000000        4.8799999999999999        1673.6933875310060     
   145.79999999999998        4.8799999999999999        1780.6247062491475     
   147.59999999999999        4.8799999999999999        1889.6243185704961     
   149.40000000000003        4.8799999999999999        2000.1742097656484     
   151.20000000000002        4.8799999999999999        2111.8699518823587     
   153.00000000000000        4.8799999999999999        2224.2384753138222     
   154.79999999999998        4.8799999999999999        2337.0056271063340     
   156.59999999999997        4.8799999999999999        2449.3880039064334     
   158.39999999999998        4.8799999999999999        2560.8648842212351     
   160.20000000000002        4.8799999999999999        2670.6421994821017     
   162.00000000000000        4.8799999999999999        2777.5388163439848     
   163.79999999999998        4.8799999999999999        2880.8185999081416     
   165.59999999999999        4.8799999999999999        2978.8468042290392     
   167.40000000000001        4.8799999999999999        3070.2399950421268     
   169.19999999999999        4.8799999999999999        3153.6282382803797     
   171.00000000000000        4.8799999999999999        3227.3262328253422     
   172.80000000000001        4.8799999999999999        3290.0789035867683     
   174.59999999999999        4.8799999999999999        3340.3217383856809     
   176.40000000000001        4.8799999999999999        3377.1925994355870     
   178.20000000000002        4.8799999999999999        3409.7750009518300     
   180.00000000000000        4.8799999999999999        3407.1708999760840     
   0.0000000000000000        4.9600000000000000        11894.762104071237     
   1.8000000000000003        4.9600000000000000        11842.321888635470     
   3.6000000000000005        4.9600000000000000        11684.999191534134     
   5.4000000000000004        4.9600000000000000        11428.884268145772     
   7.2000000000000011        4.9600000000000000        11079.723227558905     
   9.0000000000000000        4.9600000000000000        10648.909943127495     
   10.800000000000001        4.9600000000000000        10146.532040793127     
   12.600000000000001        4.9600000000000000        9587.5869478378445     
   14.400000000000002        4.9600000000000000        8984.3470791695163     
   16.200000000000003        4.9600000000000000        8353.2098312463295     
   18.000000000000000        4.9600000000000000        7707.5841188950508     
   19.799999999999997        4.9600000000000000        7058.9636287776029     
   21.600000000000001        4.9600000000000000        6422.9862186180608     
   23.400000000000002        4.9600000000000000        5807.3621645056146     
   25.200000000000003        4.9600000000000000        5220.9751816834732     
   27.000000000000000        4.9600000000000000        4672.2620979445237     
   28.800000000000004        4.9600000000000000        4163.6162490032648     
   30.600000000000005        4.9600000000000000        3698.7799963888274     
   32.400000000000006        4.9600000000000000        3278.8535025070337     
   34.199999999999996        4.9600000000000000        2902.8598994533372     
   36.000000000000000        4.9600000000000000        2568.7462622110725     
   37.800000000000004        4.9600000000000000        2273.8401517450498     
   39.599999999999994        4.9600000000000000        2014.8891676697606     
   41.399999999999999        4.9600000000000000        1788.2402539657171     
   43.200000000000003        4.9600000000000000        1589.8974868912042     
   45.000000000000000        4.9600000000000000        1416.6131488616027     
   46.800000000000004        4.9600000000000000        1264.7152234301179     
   48.599999999999994        4.9600000000000000        1131.6052740075795     
   50.400000000000006        4.9600000000000000        1014.6986012948980     
   52.200000000000003        4.9600000000000000        912.01457345109202     
   54.000000000000000        4.9600000000000000        822.07723496613255     
   55.799999999999997        4.9600000000000000        743.49581753668042     
   57.600000000000009        4.9600000000000000        675.29044700060297     
   59.400000000000013        4.9600000000000000        616.57433492607765     
   61.200000000000010        4.9600000000000000        566.53528774567837     
   63.000000000000000        4.9600000000000000        524.39151173578557     
   64.800000000000011        4.9600000000000000        489.32373432851608     
   66.600000000000009        4.9600000000000000        460.45946092604839     
   68.399999999999991        4.9600000000000000        436.88111583076449     
   70.200000000000003        4.9600000000000000        417.66384591820304     
   72.000000000000000        4.9600000000000000        401.90245485822152     
   73.799999999999997        4.9600000000000000        388.72519908648502     
   75.600000000000009        4.9600000000000000        377.40244429316988     
   77.399999999999991        4.9600000000000000        367.32485289805328     
   79.199999999999989        4.9600000000000000        358.06158625810781     
   81.000000000000000        4.9600000000000000        349.36573281520441     
   82.799999999999997        4.9600000000000000        341.17320628698883     
   84.599999999999994        4.9600000000000000        333.57689449712421     
   86.400000000000006        4.9600000000000000        326.80040219142921     
   88.200000000000003        4.9600000000000000        321.15731835938772     
   90.000000000000000        4.9600000000000000        316.99080848830033     
   91.799999999999997        4.9600000000000000        314.64382515897006     
   93.600000000000009        4.9600000000000000        314.41477701064463     
   95.400000000000006        4.9600000000000000        316.50877541003484     
   97.199999999999989        4.9600000000000000        321.04280536029916     
   99.000000000000014        4.9600000000000000        328.03681231679798     
   100.80000000000001        4.9600000000000000        337.39960260576288     
   102.59999999999999        4.9600000000000000        348.99293433756503     
   104.40000000000001        4.9600000000000000        362.62338466513859     
   106.19999999999999        4.9600000000000000        378.10497810216623     
   108.00000000000000        4.9600000000000000        395.28532234557400     
   109.80000000000000        4.9600000000000000        414.09974905970790     
   111.59999999999999        4.9600000000000000        434.55781118253230     
   113.40000000000001        4.9600000000000000        456.79748881405538     
   115.20000000000002        4.9600000000000000        481.08118653908178     
   117.00000000000000        4.9600000000000000        507.75971273543547     
   118.80000000000003        4.9600000000000000        537.27456046103362     
   120.60000000000001        4.9600000000000000        570.11388206433173     
   122.40000000000002        4.9600000000000000        606.80113347983013     
   124.20000000000000        4.9600000000000000        647.78825424586000     
   126.00000000000000        4.9600000000000000        693.47738723878706     
   127.80000000000001        4.9600000000000000        744.18175929296945     
   129.60000000000002        4.9600000000000000        800.03931682042366     
   131.40000000000001        4.9600000000000000        861.11060031817829     
   133.20000000000002        4.9600000000000000        927.29100188646851     
   135.00000000000000        4.9600000000000000        998.27733026635599     
   136.79999999999998        4.9600000000000000        1073.8044487464001     
   138.59999999999999        4.9600000000000000        1153.3598016984688     
   140.40000000000001        4.9600000000000000        1236.5015261512501     
   142.20000000000002        4.9600000000000000        1322.7115748369047     
   144.00000000000000        4.9600000000000000        1411.4828423017373     
   145.79999999999998        4.9600000000000000        1502.4069106168624     
   147.59999999999999        4.9600000000000000        1595.0624647249733     
   149.40000000000003        4.9600000000000000        1689.0032455306350     
   151.20000000000002        4.9600000000000000        1783.8795975183500     
   153.00000000000000        4.9600000000000000        1879.2848353668699     
   154.79999999999998        4.9600000000000000        1974.9808948257355     
   156.59999999999997        4.9600000000000000        2070.3021742455517     
   158.39999999999998        4.9600000000000000        2164.8056655764744     
   160.20000000000002        4.9600000000000000        2257.8196392788550     
   162.00000000000000        4.9600000000000000        2348.3483631915610     
   163.79999999999998        4.9600000000000000        2435.7709378553459     
   165.59999999999999        4.9600000000000000        2518.7125056777504     
   167.40000000000001        4.9600000000000000        2596.0100376546707     
   169.19999999999999        4.9600000000000000        2666.5123207401448     
   171.00000000000000        4.9600000000000000        2728.8037789008072     
   172.80000000000001        4.9600000000000000        2781.8302798567797     
   174.59999999999999        4.9600000000000000        2824.2781573406978     
   176.40000000000001        4.9600000000000000        2855.4234544903957     
   178.20000000000002        4.9600000000000000        2882.9679830252785     
   180.00000000000000        4.9600000000000000        2880.7440461383803     
   0.0000000000000000        5.0400000000000000        10138.744595066952     
   1.8000000000000003        5.0400000000000000        10094.082735334288     
   3.6000000000000005        5.0400000000000000        9960.0955108988710     
   5.4000000000000004        5.0400000000000000        9741.9586626467808     
   7.2000000000000011        5.0400000000000000        9444.5559658966249     
   9.0000000000000000        5.0400000000000000        9077.5717032671382     
   10.800000000000001        5.0400000000000000        8649.5813055715844     
   12.600000000000001        5.0400000000000000        8173.3351337442336     
   14.400000000000002        5.0400000000000000        7659.2696626355810     
   16.200000000000003        5.0400000000000000        7121.3311863436138     
   18.000000000000000        5.0400000000000000        6570.9290676538631     
   19.799999999999997        5.0400000000000000        6017.8474668172930     
   21.600000000000001        5.0400000000000000        5475.4002784615750     
   23.400000000000002        5.0400000000000000        4950.1625934206622     
   25.200000000000003        5.0400000000000000        4449.7117297976720     
   27.000000000000000        5.0400000000000000        3981.2503411655653     
   28.800000000000004        5.0400000000000000        3546.8398228518790     
   30.600000000000005        5.0400000000000000        3149.6934594753661     
   32.400000000000006        5.0400000000000000        2790.7770558041370     
   34.199999999999996        5.0400000000000000        2469.2876005896096     
   36.000000000000000        5.0400000000000000        2183.5044169752850     
   37.800000000000004        5.0400000000000000        1931.1772075516826     
   39.599999999999994        5.0400000000000000        1709.5584353888423     
   41.399999999999999        5.0400000000000000        1515.5547590472536     
   43.200000000000003        5.0400000000000000        1345.7743625026746     
   45.000000000000000        5.0400000000000000        1197.4598412735361     
   46.800000000000004        5.0400000000000000        1067.4834601764246     
   48.599999999999994        5.0400000000000000        953.63043938131943     
   50.400000000000006        5.0400000000000000        853.69100261149526     
   52.200000000000003        5.0400000000000000        765.96748939916199     
   54.000000000000000        5.0400000000000000        689.19044384028075     
   55.799999999999997        5.0400000000000000        622.16015484318450     
   57.600000000000009        5.0400000000000000        564.02762894219222     
   59.400000000000013        5.0400000000000000        514.02336110727913     
   61.200000000000010        5.0400000000000000        471.44267876311994     
   63.000000000000000        5.0400000000000000        435.60862172299676     
   64.800000000000011        5.0400000000000000        405.81430045056766     
   66.600000000000009        5.0400000000000000        381.30958750340062     
   68.399999999999991        5.0400000000000000        361.30794592105201     
   70.200000000000003        5.0400000000000000        345.01834140435409     
   72.000000000000000        5.0400000000000000        331.66779116486032     
   73.799999999999997        5.0400000000000000        320.51278103274211     
   75.600000000000009        5.0400000000000000        310.93125908929812     
   77.399999999999991        5.0400000000000000        302.40383668335556     
   79.199999999999989        5.0400000000000000        294.56301239632353     
   81.000000000000000        5.0400000000000000        287.19764847363803     
   82.799999999999997        5.0400000000000000        280.25192072320471     
   84.599999999999994        5.0400000000000000        273.80346231780294     
   86.400000000000006        5.0400000000000000        268.04102832109663     
   88.200000000000003        5.0400000000000000        263.23001011722795     
   90.000000000000000        5.0400000000000000        259.66135899972602     
   91.799999999999997        5.0400000000000000        257.62624092988460     
   93.600000000000009        5.0400000000000000        257.37853559712408     
   95.400000000000006        5.0400000000000000        259.09355477653116     
   97.199999999999989        5.0400000000000000        262.87231220118974     
   99.000000000000014        5.0400000000000000        268.73395828982336     
   100.80000000000001        5.0400000000000000        276.60375268219099     
   102.59999999999999        5.0400000000000000        286.36728374000523     
   104.40000000000001        5.0400000000000000        297.86345839775350     
   106.19999999999999        5.0400000000000000        310.93749801813703     
   108.00000000000000        5.0400000000000000        325.46296475040947     
   109.80000000000000        5.0400000000000000        341.38772521826684     
   111.59999999999999        5.0400000000000000        358.72213717583031     
   113.40000000000001        5.0400000000000000        377.58526396993528     
   115.20000000000002        5.0400000000000000        398.20143500357239     
   117.00000000000000        5.0400000000000000        420.86949183977856     
   118.80000000000003        5.0400000000000000        445.96497202189153     
   120.60000000000001        5.0400000000000000        473.90271734386704     
   122.40000000000002        5.0400000000000000        505.12742476092376     
   124.20000000000000        5.0400000000000000        540.02270911009282     
   126.00000000000000        5.0400000000000000        578.92986975935912     
   127.80000000000001        5.0400000000000000        622.11462087528582     
   129.60000000000002        5.0400000000000000        669.69351119899488     
   131.40000000000001        5.0400000000000000        721.71733724260173     
   133.20000000000002        5.0400000000000000        778.09623603039597     
   135.00000000000000        5.0400000000000000        838.57105935990899     
   136.79999999999998        5.0400000000000000        902.91482860095982     
   138.59999999999999        5.0400000000000000        970.68931633931390     
   140.40000000000001        5.0400000000000000        1041.5159133316695     
   142.20000000000002        5.0400000000000000        1114.9504269420809     
   144.00000000000000        5.0400000000000000        1190.5573226024358     
   145.79999999999998        5.0400000000000000        1267.9843367683325     
   147.59999999999999        5.0400000000000000        1346.8677978973851     
   149.40000000000003        5.0400000000000000        1426.8229463845416     
   151.20000000000002        5.0400000000000000        1507.5472809226678     
   153.00000000000000        5.0400000000000000        1588.6906963931140     
   154.79999999999998        5.0400000000000000        1670.0463172549373     
   156.59999999999997        5.0400000000000000        1751.0472686786059     
   158.39999999999998        5.0400000000000000        1831.3157444615993     
   160.20000000000002        5.0400000000000000        1910.2819941613750     
   162.00000000000000        5.0400000000000000        1987.1042944035626     
   163.79999999999998        5.0400000000000000        2061.2575055245670     
   165.59999999999999        5.0400000000000000        2131.5821840261883     
   167.40000000000001        5.0400000000000000        2197.0979377430758     
   169.19999999999999        5.0400000000000000        2256.8347436477147     
   171.00000000000000        5.0400000000000000        2309.6003987242279     
   172.80000000000001        5.0400000000000000        2354.5071848930588     
   174.59999999999999        5.0400000000000000        2390.4491416032142     
   176.40000000000001        5.0400000000000000        2416.8167442729955     
   178.20000000000002        5.0400000000000000        2440.1510695216089     
   180.00000000000000        5.0400000000000000        2438.2512052006177     
   0.0000000000000000        5.1200000000000001        8605.1816290226125     
   1.8000000000000003        5.1200000000000001        8567.2904464293897     
   3.6000000000000005        5.1200000000000001        8453.6155827494313     
   5.4000000000000004        5.1200000000000001        8268.5393460012510     
   7.2000000000000011        5.1200000000000001        8016.1972392480793     
   9.0000000000000000        5.1200000000000001        7704.7900196828477     
   10.800000000000001        5.1200000000000001        7341.5805811707214     
   12.600000000000001        5.1200000000000001        6937.3686624885950     
   14.400000000000002        5.1200000000000001        6500.9963884741337     
   16.200000000000003        5.1200000000000001        6044.2810772389930     
   18.000000000000000        5.1200000000000001        5576.8942734832490     
   19.799999999999997        5.1200000000000001        5107.1334168349886     
   21.600000000000001        5.1200000000000001        4646.2909072360253     
   23.400000000000002        5.1200000000000001        4199.9520604653835     
   25.200000000000003        5.1200000000000001        3774.5547956201631     
   27.000000000000000        5.1200000000000001        3376.2239146471743     
   28.800000000000004        5.1200000000000001        3006.7268514491484     
   30.600000000000005        5.1200000000000001        2668.8107076419783     
   32.400000000000006        5.1200000000000001        2363.3179769830267     
   34.199999999999996        5.1200000000000001        2089.5905092002754     
   36.000000000000000        5.1200000000000001        1846.1905682779091     
   37.800000000000004        5.1200000000000001        1631.2294330278016     
   39.599999999999994        5.1200000000000001        1442.3938191263646     
   41.399999999999999        5.1200000000000001        1277.0733369263332     
   43.200000000000003        5.1200000000000001        1132.3991402602344     
   45.000000000000000        5.1200000000000001        1006.0383302441600     
   46.800000000000004        5.1200000000000001        895.33659777348259     
   48.599999999999994        5.1200000000000001        798.41305148998777     
   50.400000000000006        5.1200000000000001        713.38566858077786     
   52.200000000000003        5.1200000000000001        638.80501177754627     
   54.000000000000000        5.1200000000000001        573.58362042463875     
   55.799999999999997        5.1200000000000001        516.69098916613927     
   57.600000000000009        5.1200000000000001        467.39477045491401     
   59.400000000000013        5.1200000000000001        425.03025047758234     
   61.200000000000010        5.1200000000000001        388.98879012483570     
   63.000000000000000        5.1200000000000001        358.68674693661768     
   64.800000000000011        5.1200000000000001        333.51671981326160     
   66.600000000000009        5.1200000000000001        312.83634425139832     
   68.399999999999991        5.1200000000000001        295.97400640899644     
   70.200000000000003        5.1200000000000001        282.25568133658862     
   72.000000000000000        5.1200000000000001        271.02375161789433     
   73.799999999999997        5.1200000000000001        261.64647744289960     
   75.600000000000009        5.1200000000000001        253.59551073326665     
   77.399999999999991        5.1200000000000001        246.42986092149684     
   79.199999999999989        5.1200000000000001        239.83732882568862     
   81.000000000000000        5.1200000000000001        233.63819497183096     
   82.799999999999997        5.1200000000000001        227.78421177944244     
   84.599999999999994        5.1200000000000001        222.34022818957521     
   86.400000000000006        5.1200000000000001        217.46521076492562     
   88.200000000000003        5.1200000000000001        213.38315667939233     
   90.000000000000000        5.1200000000000001        210.34007771131789     
   91.799999999999997        5.1200000000000001        208.58246992087066     
   93.600000000000009        5.1200000000000001        208.32571481477061     
   95.400000000000006        5.1200000000000001        209.71925902542071     
   97.199999999999989        5.1200000000000001        212.85010077432682     
   99.000000000000014        5.1200000000000001        217.73640022399078     
   100.80000000000001        5.1200000000000001        224.31727749714125     
   102.59999999999999        5.1200000000000001        232.49849176804551     
   104.40000000000001        5.1200000000000001        242.14645995571300     
   106.19999999999999        5.1200000000000001        253.13293061349162     
   108.00000000000000        5.1200000000000001        265.35349822766881     
   109.80000000000000        5.1200000000000001        278.76647618783898     
   111.59999999999999        5.1200000000000001        293.38265073935349     
   113.40000000000001        5.1200000000000001        309.30451041790974     
   115.20000000000002        5.1200000000000001        326.72331628880255     
   117.00000000000000        5.1200000000000001        345.89295279580205     
   118.80000000000003        5.1200000000000001        367.13196739098754     
   120.60000000000001        5.1200000000000001        390.79192842109433     
   122.40000000000002        5.1200000000000001        417.24958655227340     
   124.20000000000000        5.1200000000000001        446.82973242137405     
   126.00000000000000        5.1200000000000001        479.82133427134573     
   127.80000000000001        5.1200000000000001        516.44934029218075     
   129.60000000000002        5.1200000000000001        556.81219702338433     
   131.40000000000001        5.1200000000000001        600.95268929473241     
   133.20000000000002        5.1200000000000001        648.79420273808898     
   135.00000000000000        5.1200000000000001        700.11627854204210     
   136.79999999999998        5.1200000000000001        754.72555875237367     
   138.59999999999999        5.1200000000000001        812.24887379849315     
   140.40000000000001        5.1200000000000001        872.36314306906070     
   142.20000000000002        5.1200000000000001        934.68896939451076     
   144.00000000000000        5.1200000000000001        998.85369254085538     
   145.79999999999998        5.1200000000000001        1064.5546441818510     
   147.59999999999999        5.1200000000000001        1131.4790406588504     
   149.40000000000003        5.1200000000000001        1199.2962483611707     
   151.20000000000002        5.1200000000000001        1267.7454126344196     
   153.00000000000000        5.1200000000000001        1336.5260188009854     
   154.79999999999998        5.1200000000000001        1405.4588243817377     
   156.59999999999997        5.1200000000000001        1474.0623430826085     
   158.39999999999998        5.1200000000000001        1542.0152142135719     
   160.20000000000002        5.1200000000000001        1608.8355057571846     
   162.00000000000000        5.1200000000000001        1673.8137357401743     
   163.79999999999998        5.1200000000000001        1736.5070165026698     
   165.59999999999999        5.1200000000000001        1795.9405347597328     
   167.40000000000001        5.1200000000000001        1851.2903974665255     
   169.19999999999999        5.1200000000000001        1901.7418028652489     
   171.00000000000000        5.1200000000000001        1946.2938546829919     
   172.80000000000001        5.1200000000000001        1984.2013607200604     
   174.59999999999999        5.1200000000000001        2014.5362229719635     
   176.40000000000001        5.1200000000000001        2036.7869180154032     
   178.20000000000002        5.1200000000000001        2056.4891584398260     
   180.00000000000000        5.1200000000000001        2054.8730675093570     
   0.0000000000000000        5.2000000000000002        7311.6173225958164     
   1.8000000000000003        5.2000000000000002        7279.4167860824491     
   3.6000000000000005        5.2000000000000002        7182.8141150466236     
   5.4000000000000004        5.2000000000000002        7025.5272158500247     
   7.2000000000000011        5.2000000000000002        6811.0649006592566     
   9.0000000000000000        5.2000000000000002        6546.3853884242890     
   10.800000000000001        5.2000000000000002        6237.6519584594907     
   12.600000000000001        5.2000000000000002        5894.0299332398017     
   14.400000000000002        5.2000000000000002        5523.0249555558257     
   16.200000000000003        5.2000000000000002        5134.6693141636542     
   18.000000000000000        5.2000000000000002        4737.1764942517648     
   19.799999999999997        5.2000000000000002        4337.5956367255085     
   21.600000000000001        5.2000000000000002        3945.5214328089978     
   23.400000000000002        5.2000000000000002        3565.7057442070368     
   25.200000000000003        5.2000000000000002        3203.6267177033387     
   27.000000000000000        5.2000000000000002        2864.4998625646172     
   28.800000000000004        5.2000000000000002        2549.8407842211391     
   30.600000000000005        5.2000000000000002        2261.9994132025013     
   32.400000000000006        5.2000000000000002        2001.7085745355550     
   34.199999999999996        5.2000000000000002        1768.4257338238028     
   36.000000000000000        5.2000000000000002        1560.9450192483512     
   37.800000000000004        5.2000000000000002        1377.6760301664651     
   39.599999999999994        5.2000000000000002        1216.6655196857228     
   41.399999999999999        5.2000000000000002        1075.7049687272540     
   43.200000000000003        5.2000000000000002        952.36233997793272     
   45.000000000000000        5.2000000000000002        844.65934227736125     
   46.800000000000004        5.2000000000000002        750.33923677157964     
   48.599999999999994        5.2000000000000002        667.80168748763879     
   50.400000000000006        5.2000000000000002        595.44146683869121     
   52.200000000000003        5.2000000000000002        532.01957587103755     
   54.000000000000000        5.2000000000000002        476.60365322390601     
   55.799999999999997        5.2000000000000002        428.30816958938556     
   57.600000000000009        5.2000000000000002        386.50141349928799     
   59.400000000000013        5.2000000000000002        350.60933213057473     
   61.200000000000010        5.2000000000000002        320.10634549376005     
   63.000000000000000        5.2000000000000002        294.48923520668711     
   64.800000000000011        5.2000000000000002        273.23583374511708     
   66.600000000000009        5.2000000000000002        255.79557148996267     
   68.399999999999991        5.2000000000000002        241.59427905093204     
   70.200000000000003        5.2000000000000002        230.05681111336389     
   72.000000000000000        5.2000000000000002        220.62281114643733     
   73.799999999999997        5.2000000000000002        212.75465833494223     
   75.600000000000009        5.2000000000000002        206.00283914326266     
   77.399999999999991        5.2000000000000002        199.99236562017353     
   79.199999999999989        5.2000000000000002        194.45768782870098     
   81.000000000000000        5.2000000000000002        189.24575755528144     
   82.799999999999997        5.2000000000000002        184.31505545598938     
   84.599999999999994        5.2000000000000002        179.72014249592544     
   86.400000000000006        5.2000000000000002        175.59545199166072     
   88.200000000000003        5.2000000000000002        172.13070311129846     
   90.000000000000000        5.2000000000000002        169.53460026757509     
   91.799999999999997        5.2000000000000002        168.01646202837546     
   93.600000000000009        5.2000000000000002        167.75954166394220     
   95.400000000000006        5.2000000000000002        168.89159714347053     
   97.199999999999989        5.2000000000000002        171.48772163990344     
   99.000000000000014        5.2000000000000002        175.56494357388368     
   100.80000000000001        5.2000000000000002        181.07357864513924     
   102.59999999999999        5.2000000000000002        187.93578086511695     
   104.40000000000001        5.2000000000000002        196.04047317129886     
   106.19999999999999        5.2000000000000002        205.28108596451784     
   108.00000000000000        5.2000000000000002        215.57118025583719     
   109.80000000000000        5.2000000000000002        226.87738566477410     
   111.59999999999999        5.2000000000000002        239.21056356225350     
   113.40000000000001        5.2000000000000002        252.65913762875658     
   115.20000000000002        5.2000000000000002        267.38661082715430     
   117.00000000000000        5.2000000000000002        283.60930762785546     
   118.80000000000003        5.2000000000000002        301.59823549119210     
   120.60000000000001        5.2000000000000002        321.65225356429988     
   122.40000000000002        5.2000000000000002        344.09154079526979     
   124.20000000000000        5.2000000000000002        369.19202521793045     
   126.00000000000000        5.2000000000000002        397.19925421355538     
   127.80000000000001        5.2000000000000002        428.30444300965570     
   129.60000000000002        5.2000000000000002        462.59129924962861     
   131.40000000000001        5.2000000000000002        500.09630274000210     
   133.20000000000002        5.2000000000000002        540.75436035988730     
   135.00000000000000        5.2000000000000002        584.37787324390274     
   136.79999999999998        5.2000000000000002        630.80213300957450     
   138.59999999999999        5.2000000000000002        679.70901961614049     
   140.40000000000001        5.2000000000000002        730.82259755150540     
   142.20000000000002        5.2000000000000002        783.81845320956722     
   144.00000000000000        5.2000000000000002        838.37736516947564     
   145.79999999999998        5.2000000000000002        894.23907642517008     
   147.59999999999999        5.2000000000000002        951.13430594471606     
   149.40000000000003        5.2000000000000002        1008.7785380989161     
   151.20000000000002        5.2000000000000002        1066.9465505941337     
   153.00000000000000        5.2000000000000002        1125.3798924671858     
   154.79999999999998        5.2000000000000002        1183.9230578899544     
   156.59999999999997        5.2000000000000002        1242.1658717279088     
   158.39999999999998        5.2000000000000002        1299.8341691930823     
   160.20000000000002        5.2000000000000002        1356.5189761766635     
   162.00000000000000        5.2000000000000002        1411.6202828467005     
   163.79999999999998        5.2000000000000002        1464.7633203188138     
   165.59999999999999        5.2000000000000002        1515.1257651350265     
   167.40000000000001        5.2000000000000002        1562.0129388392572     
   169.19999999999999        5.2000000000000002        1604.7381578585091     
   171.00000000000000        5.2000000000000002        1642.4583721965798     
   172.80000000000001        5.2000000000000002        1674.5459868253154     
   174.59999999999999        5.2000000000000002        1700.2196265920657     
   176.40000000000001        5.2000000000000002        1719.0486214481398     
   178.20000000000002        5.2000000000000002        1735.7282378029013     
   180.00000000000000        5.2000000000000002        1734.3522159756862     
   0.0000000000000000        5.2800000000000002        6196.9066928255588     
   1.8000000000000003        5.2800000000000002        6169.5967393329684     
   3.6000000000000005        5.2800000000000002        6087.6660208402054     
   5.4000000000000004        5.2800000000000002        5954.2631207557442     
   7.2000000000000011        5.2800000000000002        5772.3597707108756     
   9.0000000000000000        5.2800000000000002        5547.8492807336688     
   10.800000000000001        5.2800000000000002        5285.9523166483104     
   12.600000000000001        5.2800000000000002        4994.4329888398706     
   14.400000000000002        5.2800000000000002        4679.6507550728893     
   16.200000000000003        5.2800000000000002        4350.1067732530655     
   18.000000000000000        5.2800000000000002        4012.7631847943594     
   19.799999999999997        5.2800000000000002        3673.5971882771692     
   21.600000000000001        5.2800000000000002        3340.7453448089582     
   23.400000000000002        5.2800000000000002        3018.2421771326285     
   25.200000000000003        5.2800000000000002        2710.7395525326583     
   27.000000000000000        5.2800000000000002        2422.6692353319590     
   28.800000000000004        5.2800000000000002        2155.3271793974750     
   30.600000000000005        5.2800000000000002        1910.7183511206892     
   32.400000000000006        5.2800000000000002        1689.4772341373261     
   34.199999999999996        5.2800000000000002        1491.1564888711048     
   36.000000000000000        5.2800000000000002        1314.7454737824917     
   37.800000000000004        5.2800000000000002        1158.9063776829662     
   39.599999999999994        5.2800000000000002        1021.9920119192315     
   41.399999999999999        5.2800000000000002        902.13647894089570     
   43.200000000000003        5.2800000000000002        797.28127419816337     
   45.000000000000000        5.2800000000000002        705.75137225346577     
   46.800000000000004        5.2800000000000002        625.63147745278172     
   48.599999999999994        5.2800000000000002        555.56231362070093     
   50.400000000000006        5.2800000000000002        494.17743290003853     
   52.200000000000003        5.2800000000000002        440.41992208245728     
   54.000000000000000        5.2800000000000002        393.49217071167936     
   55.799999999999997        5.2800000000000002        352.63513036090990     
   57.600000000000009        5.2800000000000002        317.30535667885823     
   59.400000000000013        5.2800000000000002        287.00848775314319     
   61.200000000000010        5.2800000000000002        261.29194115864129     
   63.000000000000000        5.2800000000000002        239.72299495912867     
   64.800000000000011        5.2800000000000002        221.85385727352147     
   66.600000000000009        5.2800000000000002        207.21370645384641     
   68.399999999999991        5.2800000000000002        195.31272537300870     
   70.200000000000003        5.2800000000000002        185.66113666630565     
   72.000000000000000        5.2800000000000002        177.78239714688758     
   73.799999999999997        5.2800000000000002        171.21990948242441     
   75.600000000000009        5.2800000000000002        165.59198039945719     
   77.399999999999991        5.2800000000000002        160.58042946243145     
   79.199999999999989        5.2800000000000002        155.95991663015846     
   81.000000000000000        5.2800000000000002        151.60049442653514     
   82.799999999999997        5.2800000000000002        147.46666637614555     
   84.599999999999994        5.2800000000000002        143.60445283722697     
   86.400000000000006        5.2800000000000002        140.12753352202890     
   88.200000000000003        5.2800000000000002        137.19650387113620     
   90.000000000000000        5.2800000000000002        134.98830499855211     
   91.799999999999997        5.2800000000000002        133.68053861664819     
   93.600000000000009        5.2800000000000002        133.42898697659487     
   95.400000000000006        5.2800000000000002        134.34278776776105     
   97.199999999999989        5.2800000000000002        136.48670399828282     
   99.000000000000014        5.2800000000000002        139.87657515859974     
   100.80000000000001        5.2800000000000002        144.47201729514276     
   102.59999999999999        5.2800000000000002        150.20888279864650     
   104.40000000000001        5.2800000000000002        156.99500512230938     
   106.19999999999999        5.2800000000000002        164.74201714174535     
   108.00000000000000        5.2800000000000002        173.37852996733713     
   109.80000000000000        5.2800000000000002        182.87798651049539     
   111.59999999999999        5.2800000000000002        193.25109780543497     
   113.40000000000001        5.2800000000000002        204.57408472040873     
   115.20000000000002        5.2800000000000002        216.98659087906515     
   117.00000000000000        5.2800000000000002        230.67278482887386     
   118.80000000000003        5.2800000000000002        245.86302958560285     
   120.60000000000001        5.2800000000000002        262.81117229948154     
   122.40000000000002        5.2800000000000002        281.78910322730951     
   124.20000000000000        5.2800000000000002        303.03111866358972     
   126.00000000000000        5.2800000000000002        326.74580182618661     
   127.80000000000001        5.2800000000000002        353.09571055930104     
   129.60000000000002        5.2800000000000002        382.15218928633971     
   131.40000000000001        5.2800000000000002        413.94657342376235     
   133.20000000000002        5.2800000000000002        448.42392463288411     
   135.00000000000000        5.2800000000000002        485.42511935772097     
   136.79999999999998        5.2800000000000002        524.81033892916105     
   138.59999999999999        5.2800000000000002        566.30904412829511     
   140.40000000000001        5.2800000000000002        609.68615843480563     
   142.20000000000002        5.2800000000000002        654.66490815783470     
   144.00000000000000        5.2800000000000002        700.97243765779854     
   145.79999999999998        5.2800000000000002        748.38547005342343     
   147.59999999999999        5.2800000000000002        796.67265301942484     
   149.40000000000003        5.2800000000000002        845.58958087126928     
   151.20000000000002        5.2800000000000002        894.94212914167315     
   153.00000000000000        5.2800000000000002        944.50830787977100     
   154.79999999999998        5.2800000000000002        994.15340107895395     
   156.59999999999997        5.2800000000000002        1043.5282625329689     
   158.39999999999998        5.2800000000000002        1092.3991617545789     
   160.20000000000002        5.2800000000000002        1140.4192878398128     
   162.00000000000000        5.2800000000000002        1187.0816155267951     
   163.79999999999998        5.2800000000000002        1232.0692580151526     
   165.59999999999999        5.2800000000000002        1274.6891509347647     
   167.40000000000001        5.2800000000000002        1314.3561129287441     
   169.19999999999999        5.2800000000000002        1350.4919958049820     
   171.00000000000000        5.2800000000000002        1382.3874241932076     
   172.80000000000001        5.2800000000000002        1409.5143906180488     
   174.59999999999999        5.2800000000000002        1431.2157483113203     
   176.40000000000001        5.2800000000000002        1447.1292915047400     
   178.20000000000002        5.2800000000000002        1461.2309322538747     
   180.00000000000000        5.2800000000000002        1460.0622588613342     
   0.0000000000000000        5.3600000000000003        5233.8432454632666     
   1.8000000000000003        5.3600000000000003        5210.7487520258483     
   3.6000000000000005        5.3600000000000003        5141.4645773129141     
   5.4000000000000004        5.3600000000000003        5028.6498708633817     
   7.2000000000000011        5.3600000000000003        4874.8145925245872     
   9.0000000000000000        5.3600000000000003        4684.9364316177234     
   10.800000000000001        5.3600000000000003        4463.4254310637734     
   12.600000000000001        5.3600000000000003        4216.8405746148710     
   14.400000000000002        5.3600000000000003        3950.5552223590998     
   16.200000000000003        5.3600000000000003        3671.7530466638518     
   18.000000000000000        5.3600000000000003        3386.3189237880665     
   19.799999999999997        5.3600000000000003        3099.3067475264502     
   21.600000000000001        5.3600000000000003        2817.5969257173688     
   23.400000000000002        5.3600000000000003        2544.6048365324928     
   25.200000000000003        5.3600000000000003        2284.2690026020514     
   27.000000000000000        5.3600000000000003        2040.3438454803891     
   28.800000000000004        5.3600000000000003        1813.9334722865312     
   30.600000000000005        5.3600000000000003        1606.7426725575638     
   32.400000000000006        5.3600000000000003        1419.3179736184572     
   34.199999999999996        5.3600000000000003        1251.2908408163901     
   36.000000000000000        5.3600000000000003        1101.8157653075525     
   37.800000000000004        5.3600000000000003        969.76970106990530     
   39.599999999999994        5.3600000000000003        853.76664640573517     
   41.399999999999999        5.3600000000000003        752.23388347822095     
   43.200000000000003        5.3600000000000003        663.43342219613203     
   45.000000000000000        5.3600000000000003        585.95047867396318     
   46.800000000000004        5.3600000000000003        518.16388682635568     
   48.599999999999994        5.3600000000000003        458.92211517442712     
   50.400000000000006        5.3600000000000003        407.06523983430191     
   52.200000000000003        5.3600000000000003        361.69426626663898     
   54.000000000000000        5.3600000000000003        322.12887944933931     
   55.799999999999997        5.3600000000000003        287.72053640134556     
   57.600000000000009        5.3600000000000003        258.00327839746342     
   59.400000000000013        5.3600000000000003        232.55283670518389     
   61.200000000000010        5.3600000000000003        210.98082985117236     
   63.000000000000000        5.3600000000000003        192.91639817806973     
   64.800000000000011        5.3600000000000003        177.97675844656663     
   66.600000000000009        5.3600000000000003        165.76052045718220     
   68.399999999999991        5.3600000000000003        155.85107048815814     
   70.200000000000003        5.3600000000000003        147.83253879702559     
   72.000000000000000        5.3600000000000003        141.30082029353818     
   73.799999999999997        5.3600000000000003        135.86927641280576     
   75.600000000000009        5.3600000000000003        131.21473789785594     
   77.399999999999991        5.3600000000000003        127.06806224892652     
   79.199999999999989        5.3600000000000003        123.23866456257075     
   81.000000000000000        5.3600000000000003        119.61664814101900     
   82.799999999999997        5.3600000000000003        116.17189221307140     
   84.599999999999994        5.3600000000000003        112.94328278864531     
   86.400000000000006        5.3600000000000003        110.02685970029019     
   88.200000000000003        5.3600000000000003        107.55836598747884     
   90.000000000000000        5.3600000000000003        105.68758503911158     
   91.799999999999997        5.3600000000000003        104.56495051317195     
   93.600000000000009        5.3600000000000003        104.32266347824428     
   95.400000000000006        5.3600000000000003        105.05381477291763     
   97.199999999999989        5.3600000000000003        106.81417531226901     
   99.000000000000014        5.3600000000000003        109.61838089348110     
   100.80000000000001        5.3600000000000003        113.43380319485919     
   102.59999999999999        5.3600000000000003        118.20778697831489     
   104.40000000000001        5.3600000000000003        123.86411876001874     
   106.19999999999999        5.3600000000000003        130.32977363913747     
   108.00000000000000        5.3600000000000003        137.54601793508454     
   109.80000000000000        5.3600000000000003        145.49189241096332     
   111.59999999999999        5.3600000000000003        154.17779395362430     
   113.40000000000001        5.3600000000000003        163.66931588985443     
   115.20000000000002        5.3600000000000003        174.08551116004895     
   117.00000000000000        5.3600000000000003        185.58290367018293     
   118.80000000000003        5.3600000000000003        198.35696205671854     
   120.60000000000001        5.3600000000000003        212.62293178911600     
   122.40000000000002        5.3600000000000003        228.61130917123322     
   124.20000000000000        5.3600000000000003        246.52076124329278     
   126.00000000000000        5.3600000000000003        266.52825901067297     
   127.80000000000001        5.3600000000000003        288.77189531859398     
   129.60000000000002        5.3600000000000003        313.31257705573825     
   131.40000000000001        5.3600000000000003        340.17740348752267     
   133.20000000000002        5.3600000000000003        369.32037731374919     
   135.00000000000000        5.3600000000000003        400.60710262284152     
   136.79999999999998        5.3600000000000003        433.91942264108741     
   138.59999999999999        5.3600000000000003        469.02803553806837     
   140.40000000000001        5.3600000000000003        505.73336427008081     
   142.20000000000002        5.3600000000000003        543.80002308879898     
   144.00000000000000        5.3600000000000003        582.99549295315364     
   145.79999999999998        5.3600000000000003        623.12881598371223     
   147.59999999999999        5.3600000000000003        664.00179135967221     
   149.40000000000003        5.3600000000000003        705.40499841521921     
   151.20000000000002        5.3600000000000003        747.17152722579067     
   153.00000000000000        5.3600000000000003        789.11109984895120     
   154.79999999999998        5.3600000000000003        831.10726023021959     
   156.59999999999997        5.3600000000000003        872.86331104895203     
   158.39999999999998        5.3600000000000003        914.18030990275270     
   160.20000000000002        5.3600000000000003        954.76464324690141     
   162.00000000000000        5.3600000000000003        994.18861303552058     
   163.79999999999998        5.3600000000000003        1032.1847332023203     
   165.59999999999999        5.3600000000000003        1068.1699857780507     
   167.40000000000001        5.3600000000000003        1101.6523819204417     
   169.19999999999999        5.3600000000000003        1132.1461181703146     
   171.00000000000000        5.3600000000000003        1159.0555124602561     
   172.80000000000001        5.3600000000000003        1181.9372564692881     
   174.59999999999999        5.3600000000000003        1200.2398374554514     
   176.40000000000001        5.3600000000000003        1213.6592714558637     
   178.20000000000002        5.3600000000000003        1225.5535825119050     
   180.00000000000000        5.3600000000000003        1224.5644139717592     
   0.0000000000000000        5.4399999999999995        4419.9592909254643     
   1.8000000000000003        5.4399999999999995        4400.4193560624763     
   3.6000000000000005        5.4399999999999995        4341.7989847816998     
   5.4000000000000004        5.4399999999999995        4246.3457553238459     
   7.2000000000000011        5.4399999999999995        4116.1812686747635     
   9.0000000000000000        5.4399999999999995        3955.5131316002257     
   10.800000000000001        5.4399999999999995        3768.0694787311309     
   12.600000000000001        5.4399999999999995        3559.3954169497870     
   14.400000000000002        5.4399999999999995        3334.0344281153057     
   16.200000000000003        5.4399999999999995        3098.0612358851658     
   18.000000000000000        5.4399999999999995        2856.4535039353250     
   19.799999999999997        5.4399999999999995        2613.4871467203029     
   21.600000000000001        5.4399999999999995        2374.9839492813321     
   23.400000000000002        5.4399999999999995        2143.8364825798571     
   25.200000000000003        5.4399999999999995        1923.3807685585223     
   27.000000000000000        5.4399999999999995        1716.7985073965829     
   28.800000000000004        5.4399999999999995        1525.0298334871634     
   30.600000000000005        5.4399999999999995        1349.5239390788890     
   32.400000000000006        5.4399999999999995        1190.7503920092988     
   34.199999999999996        5.4399999999999995        1048.4042648432473     
   36.000000000000000        5.4399999999999995        921.77653876951877     
   37.800000000000004        5.4399999999999995        809.92267666745579     
   39.599999999999994        5.4399999999999995        711.67462237265886     
   41.399999999999999        5.4399999999999995        625.70499851684633     
   43.200000000000003        5.4399999999999995        550.54481032003810     
   45.000000000000000        5.4399999999999995        484.99770362791719     
   46.800000000000004        5.4399999999999995        427.69037793018492     
   48.599999999999994        5.4399999999999995        377.64645028523898     
   50.400000000000006        5.4399999999999995        333.88077042765400     
   52.200000000000003        5.4399999999999995        295.62836427492027     
   54.000000000000000        5.4399999999999995        262.30884080915814     
   55.799999999999997        5.4399999999999995        233.36815440786305     
   57.600000000000009        5.4399999999999995        208.40693221863171     
   59.400000000000013        5.4399999999999995        187.06125999263500     
   61.200000000000010        5.4399999999999995        168.99803644702067     
   63.000000000000000        5.4399999999999995        153.89955136061471     
   64.800000000000011        5.4399999999999995        141.43865167142064     
   66.600000000000009        5.4399999999999995        131.27312424126637     
   68.399999999999991        5.4399999999999995        123.04853930585638     
   70.200000000000003        5.4399999999999995        116.41165314501218     
   72.000000000000000        5.4399999999999995        111.01963176839450     
   73.799999999999997        5.4399999999999995        106.54494636860358     
   75.600000000000009        5.4399999999999995        102.71384672833355     
   77.399999999999991        5.4399999999999995        99.298610051901434     
   79.199999999999989        5.4399999999999995        96.138044464736979     
   81.000000000000000        5.4399999999999995        93.139280685228087     
   82.799999999999997        5.4399999999999995        90.276888054439382     
   84.599999999999994        5.4399999999999995        87.583927064501665     
   86.400000000000006        5.4399999999999995        85.141770908642528     
   88.200000000000003        5.4399999999999995        83.065414608485568     
   90.000000000000000        5.4399999999999995        81.481920997577916     
   91.799999999999997        5.4399999999999995        80.518950996301641     
   93.600000000000009        5.4399999999999995        80.288893794744638     
   95.400000000000006        5.4399999999999995        80.871298358334982     
   97.199999999999989        5.4399999999999995        82.314264070236206     
   99.000000000000014        5.4399999999999995        84.631243658183706     
   100.80000000000001        5.4399999999999995        87.795908401958314     
   102.59999999999999        5.4399999999999995        91.765006959720139     
   104.40000000000001        5.4399999999999995        96.475462090806118     
   106.19999999999999        5.4399999999999995        101.86686881183485     
   108.00000000000000        5.4399999999999995        107.89087236167197     
   109.80000000000000        5.4399999999999995        114.53097666076721     
   111.59999999999999        5.4399999999999995        121.79713285266610     
   113.40000000000001        5.4399999999999995        129.74585537879722     
   115.20000000000002        5.4399999999999995        138.47878774596421     
   117.00000000000000        5.4399999999999995        148.12917915594900     
   118.80000000000003        5.4399999999999995        158.86316667066632     
   120.60000000000001        5.4399999999999995        170.86358677388301     
   122.40000000000002        5.4399999999999995        184.32619865941282     
   124.20000000000000        5.4399999999999995        199.41981834655212     
   126.00000000000000        5.4399999999999995        216.29494837057430     
   127.80000000000001        5.4399999999999995        235.06923049453940     
   129.60000000000002        5.4399999999999995        255.79493960527950     
   131.40000000000001        5.4399999999999995        278.49575582346108     
   133.20000000000002        5.4399999999999995        303.13337216369700     
   135.00000000000000        5.4399999999999995        329.59440089829479     
   136.79999999999998        5.4399999999999995        357.77912934397841     
   138.59999999999999        5.4399999999999995        387.49323782131694     
   140.40000000000001        5.4399999999999995        418.56734285859272     
   142.20000000000002        5.4399999999999995        450.80126637352350     
   144.00000000000000        5.4399999999999995        483.99685800924368     
   145.79999999999998        5.4399999999999995        517.99083301441419     
   147.59999999999999        5.4399999999999995        552.61338677151502     
   149.40000000000003        5.4399999999999995        587.68500665162935     
   151.20000000000002        5.4399999999999995        623.06213458639820     
   153.00000000000000        5.4399999999999995        658.58153047893279     
   154.79999999999998        5.4399999999999995        694.14247510111795     
   156.59999999999997        5.4399999999999995        729.49241421800309     
   158.39999999999998        5.4399999999999995        764.46172348612583     
   160.20000000000002        5.4399999999999995        798.80135114956988     
   162.00000000000000        5.4399999999999995        832.14981111283350     
   163.79999999999998        5.4399999999999995        864.28087130226356     
   165.59999999999999        5.4399999999999995        894.70314236626075     
   167.40000000000001        5.4399999999999995        923.00220073790672     
   169.19999999999999        5.4399999999999995        948.76907246597432     
   171.00000000000000        5.4399999999999995        971.50262464769253     
   172.80000000000001        5.4399999999999995        990.82998265194203     
   174.59999999999999        5.4399999999999995        1006.2874532076810     
   176.40000000000001        5.4399999999999995        1017.6194597625387     
   178.20000000000002        5.4399999999999995        1027.6647645151975     
   180.00000000000000        5.4399999999999995        1026.8276116877839     
   0.0000000000000000        5.5199999999999996        3716.1090600241814     
   1.8000000000000003        5.5199999999999996        3699.6382876239609     
   3.6000000000000005        5.5199999999999996        3650.2255070920660     
   5.4000000000000004        5.5199999999999996        3569.7636885249012     
   7.2000000000000011        5.5199999999999996        3460.0397913122101     
   9.0000000000000000        5.5199999999999996        3324.5978372171821     
   10.800000000000001        5.5199999999999996        3166.5782651775626     
   12.600000000000001        5.5199999999999996        2990.6523105078486     
   14.400000000000002        5.5199999999999996        2800.6479899159308     
   16.200000000000003        5.5199999999999996        2601.6838426000163     
   18.000000000000000        5.5199999999999996        2397.9549805029228     
   19.799999999999997        5.5199999999999996        2193.0659541343543     
   21.600000000000001        5.5199999999999996        1991.9248755478250     
   23.400000000000002        5.5199999999999996        1796.9723989785664     
   25.200000000000003        5.5199999999999996        1611.0236400140959     
   27.000000000000000        5.5199999999999996        1436.7647133717626     
   28.800000000000004        5.5199999999999996        1274.9926763368819     
   30.600000000000005        5.5199999999999996        1126.9343411914972     
   32.400000000000006        5.5199999999999996        992.99093079052386     
   34.199999999999996        5.5199999999999996        872.91051213399555     
   36.000000000000000        5.5199999999999996        766.10005269036412     
   37.800000000000004        5.5199999999999996        671.76739700365431     
   39.599999999999994        5.5199999999999996        588.93112134718695     
   41.399999999999999        5.5199999999999996        516.47441923118220     
   43.200000000000003        5.5199999999999996        453.15970336479546     
   45.000000000000000        5.5199999999999996        397.97854182366456     
   46.800000000000004        5.5199999999999996        349.77155821036297     
   48.599999999999994        5.5199999999999996        307.71359177412847     
   50.400000000000006        5.5199999999999996        270.97083638814684     
   52.200000000000003        5.5199999999999996        238.89463269301743     
   54.000000000000000        5.5199999999999996        210.99157296047116     
   55.799999999999997        5.5199999999999996        186.79011327448924     
   57.600000000000009        5.5199999999999996        165.94923773528822     
   59.400000000000013        5.5199999999999996        148.15801113140620     
   61.200000000000010        5.5199999999999996        133.13185888076100     
   63.000000000000000        5.5199999999999996        120.59965059581543     
   64.800000000000011        5.5199999999999996        110.28283805205494     
   66.600000000000009        5.5199999999999996        101.89075096131617     
   68.399999999999991        5.5199999999999996        95.122979515191531     
   70.200000000000003        5.5199999999999996        89.680577209313483     
   72.000000000000000        5.5199999999999996        85.273756949837761     
   73.799999999999997        5.5199999999999996        81.626118413865498     
   75.600000000000009        5.5199999999999996        78.506638672604225     
   77.399999999999991        5.5199999999999996        75.723410268586576     
   79.199999999999989        5.5199999999999996        73.140681010903634     
   81.000000000000000        5.5199999999999996        70.680363865134780     
   82.799999999999997        5.5199999999999996        68.321181131163129     
   84.599999999999994        5.5199999999999996        66.091285644172785     
   86.400000000000006        5.5199999999999996        64.059519897738355     
   88.200000000000003        5.5199999999999996        62.323096455943457     
   90.000000000000000        5.5199999999999996        60.989571344815857     
   91.799999999999997        5.5199999999999996        60.167024661789284     
   93.600000000000009        5.5199999999999996        59.950778210024595     
   95.400000000000006        5.5199999999999996        60.408670727767998     
   97.199999999999989        5.5199999999999996        61.582107887142683     
   99.000000000000014        5.5199999999999996        63.483398185588705     
   100.80000000000001        5.5199999999999996        66.091480422083038     
   102.59999999999999        5.5199999999999996        69.371020256217747     
   104.40000000000001        5.5199999999999996        73.270059610071669     
   106.19999999999999        5.5199999999999996        77.738865446315742     
   108.00000000000000        5.5199999999999996        82.737835476353013     
   109.80000000000000        5.5199999999999996        88.254140586867209     
   111.59999999999999        5.5199999999999996        94.297209711800377     
   113.40000000000001        5.5199999999999996        100.91562185902156     
   115.20000000000002        5.5199999999999996        108.19593753747201     
   117.00000000000000        5.5199999999999996        116.25131272667525     
   118.80000000000003        5.5199999999999996        125.22259772420884     
   120.60000000000001        5.5199999999999996        135.26471672325587     
   122.40000000000002        5.5199999999999996        146.54352283071464     
   124.20000000000000        5.5199999999999996        159.20216297493968     
   126.00000000000000        5.5199999999999996        173.36838841559398     
   127.80000000000001        5.5199999999999996        189.14228030117130     
   129.60000000000002        5.5199999999999996        206.56875617416176     
   131.40000000000001        5.5199999999999996        225.66863023857212     
   133.20000000000002        5.5199999999999996        246.41032593549605     
   135.00000000000000        5.5199999999999996        268.69869748764449     
   136.79999999999998        5.5199999999999996        292.45007393431399     
   138.59999999999999        5.5199999999999996        317.50049152065139     
   140.40000000000001        5.5199999999999996        343.70682250381958     
   142.20000000000002        5.5199999999999996        370.89951545549093     
   144.00000000000000        5.5199999999999996        398.91035977497427     
   145.79999999999998        5.5199999999999996        427.60027487632573     
   147.59999999999999        5.5199999999999996        456.82430552290720     
   149.40000000000003        5.5199999999999996        486.42907608684419     
   151.20000000000002        5.5199999999999996        516.29150074437848     
   153.00000000000000        5.5199999999999996        546.27192502917808     
   154.79999999999998        5.5199999999999996        576.28348085445384     
   156.59999999999997        5.5199999999999996        606.11171465631116     
   158.39999999999998        5.5199999999999996        635.61233771727916     
   160.20000000000002        5.5199999999999996        664.57460725849171     
   162.00000000000000        5.5199999999999996        692.69377946260101     
   163.79999999999998        5.5199999999999996        719.77899256103069     
   165.59999999999999        5.5199999999999996        745.41720996697154     
   167.40000000000001        5.5199999999999996        769.26031100429884     
   169.19999999999999        5.5199999999999996        790.96497160160584     
   171.00000000000000        5.5199999999999996        810.11081618966659     
   172.80000000000001        5.5199999999999996        826.38512615996842     
   174.59999999999999        5.5199999999999996        839.39919440949063     
   176.40000000000001        5.5199999999999996        848.93878069739571     
   178.20000000000002        5.5199999999999996        857.39537768168452     
   180.00000000000000        5.5199999999999996        856.68990230998327     
   0.0000000000000000        5.5999999999999996        3125.5606577190811     
   1.8000000000000003        5.5999999999999996        3111.6612892941298     
   3.6000000000000005        5.5999999999999996        3069.9628010991714     
   5.4000000000000004        5.5999999999999996        3002.0617467207762     
   7.2000000000000011        5.5999999999999996        2909.4653291055306     
   9.0000000000000000        5.5999999999999996        2795.1628031787955     
   10.800000000000001        5.5999999999999996        2661.8032033343120     
   12.600000000000001        5.5999999999999996        2513.3270075356190     
   14.400000000000002        5.5999999999999996        2352.9637728327566     
   16.200000000000003        5.5999999999999996        2185.0321141185877     
   18.000000000000000        5.5999999999999996        2013.0721933946397     
   19.799999999999997        5.5999999999999996        1840.1264089684805     
   21.600000000000001        5.5999999999999996        1670.3377146453781     
   23.400000000000002        5.5999999999999996        1505.7676785308122     
   25.200000000000003        5.5999999999999996        1348.7943662478356     
   27.000000000000000        5.5999999999999996        1201.6877029995646     
   28.800000000000004        5.5999999999999996        1065.1235191141186     
   30.600000000000005        5.5999999999999996        940.14078495641661     
   32.400000000000006        5.5999999999999996        827.08174933406735     
   34.199999999999996        5.5999999999999996        725.73713936294814     
   36.000000000000000        5.5999999999999996        635.60941576970242     
   37.800000000000004        5.5999999999999996        556.03251389932291     
   39.599999999999994        5.5999999999999996        486.17997862865167     
   41.399999999999999        5.5999999999999996        425.11028691778210     
   43.200000000000003        5.5999999999999996        371.77896643549457     
   45.000000000000000        5.5999999999999996        325.33442676304810     
   46.800000000000004        5.5999999999999996        284.79644945424002     
   48.599999999999994        5.5999999999999996        249.46657688108326     
   50.400000000000006        5.5999999999999996        218.63821282317687     
   52.200000000000003        5.5999999999999996        191.76070432736580     
   54.000000000000000        5.5999999999999996        168.41417602268055     
   55.799999999999997        5.5999999999999996        148.19704676006063     
   57.600000000000009        5.5999999999999996        130.81799565820668     
   59.400000000000013        5.5999999999999996        116.01127972893534     
   61.200000000000010        5.5999999999999996        103.53372256678885     
   63.000000000000000        5.5999999999999996        93.153864220705472     
   64.800000000000011        5.5999999999999996        84.634417157285895     
   66.600000000000009        5.5999999999999996        77.728319497342724     
   68.399999999999991        5.5999999999999996        72.180735600036712     
   70.200000000000003        5.5999999999999996        67.738429131555506     
   72.000000000000000        5.5999999999999996        64.156200711052023     
   73.799999999999997        5.5999999999999996        61.200578232646393     
   75.600000000000009        5.5999999999999996        58.676397143176025     
   77.399999999999991        5.5999999999999996        56.421807567419194     
   79.199999999999989        5.5999999999999996        54.322426909611515     
   81.000000000000000        5.5999999999999996        52.312623066930300     
   82.799999999999997        5.5999999999999996        50.374687033743477     
   84.599999999999994        5.5999999999999996        48.532762565079636     
   86.400000000000006        5.5999999999999996        46.845305107334170     
   88.200000000000003        5.5999999999999996        45.394738278923647     
   90.000000000000000        5.5999999999999996        44.272363300049584     
   91.799999999999997        5.5999999999999996        43.569917961698238     
   93.600000000000009        5.5999999999999996        43.368448704719604     
   95.400000000000006        5.5999999999999996        43.725955640929399     
   97.199999999999989        5.5999999999999996        44.678162700409594     
   99.000000000000014        5.5999999999999996        46.236298883013241     
   100.80000000000001        5.5999999999999996        48.383550578587489     
   102.59999999999999        5.5999999999999996        51.091023808910748     
   104.40000000000001        5.5999999999999996        54.315864128397791     
   106.19999999999999        5.5999999999999996        58.017065620803287     
   108.00000000000000        5.5999999999999996        62.162157498038233     
   109.80000000000000        5.5999999999999996        66.741200185990479     
   111.59999999999999        5.5999999999999996        71.763044221940547     
   113.40000000000001        5.5999999999999996        77.269514191476404     
   115.20000000000002        5.5999999999999996        83.334465980252787     
   117.00000000000000        5.5999999999999996        90.054199641893803     
   118.80000000000003        5.5999999999999996        97.548388704185527     
   120.60000000000001        5.5999999999999996        105.94860768631985     
   122.40000000000002        5.5999999999999996        115.39570250977111     
   124.20000000000000        5.5999999999999996        126.01137994395734     
   126.00000000000000        5.5999999999999996        137.90439330916595     
   127.80000000000001        5.5999999999999996        151.16017131115848     
   129.60000000000002        5.5999999999999996        165.81753056615045     
   131.40000000000001        5.5999999999999996        181.89494024138764     
   133.20000000000002        5.5999999999999996        199.36652806802621     
   135.00000000000000        5.5999999999999996        218.15251739010282     
   136.79999999999998        5.5999999999999996        238.18277486905330     
   138.59999999999999        5.5999999999999996        259.31891340287160     
   140.40000000000001        5.5999999999999996        281.43997892245761     
   142.20000000000002        5.5999999999999996        304.40230325370158     
   144.00000000000000        5.5999999999999996        328.06302390642816     
   145.79999999999998        5.5999999999999996        352.30364636762863     
   147.59999999999999        5.5999999999999996        377.00036892953608     
   149.40000000000003        5.5999999999999996        402.02203896247806     
   151.20000000000002        5.5999999999999996        427.26304303249162     
   153.00000000000000        5.5999999999999996        452.60374857051448     
   154.79999999999998        5.5999999999999996        477.96916880277632     
   156.59999999999997        5.5999999999999996        503.17680785528995     
   158.39999999999998        5.5999999999999996        528.10366050452114     
   160.20000000000002        5.5999999999999996        552.57096704173193     
   162.00000000000000        5.5999999999999996        576.32117436264662     
   163.79999999999998        5.5999999999999996        599.19285475456456     
   165.59999999999999        5.5999999999999996        620.83795819650709     
   167.40000000000001        5.5999999999999996        640.96333018931341     
   169.19999999999999        5.5999999999999996        659.28004547673095     
   171.00000000000000        5.5999999999999996        675.43460895826263     
   172.80000000000001        5.5999999999999996        689.16411654855517     
   174.59999999999999        5.5999999999999996        700.14193589544868     
   176.40000000000001        5.5999999999999996        708.18804793603647     
   178.20000000000002        5.5999999999999996        715.32007594074287     
   180.00000000000000        5.5999999999999996        714.72527507599659     
   0.0000000000000000        5.6799999999999997        2614.3625597489654     
   1.8000000000000003        5.6799999999999997        2602.6871979696903     
   3.6000000000000005        5.6799999999999997        2567.6607953053358     
   5.4000000000000004        5.6799999999999997        2510.6239700813908     
   7.2000000000000011        5.6799999999999997        2432.8423554820888     
   9.0000000000000000        5.6799999999999997        2336.8261535813076     
   10.800000000000001        5.6799999999999997        2224.8000073542280     
   12.600000000000001        5.6799999999999997        2100.0732486273455     
   14.400000000000002        5.6799999999999997        1965.3584444441278     
   16.200000000000003        5.6799999999999997        1824.2831081338172     
   18.000000000000000        5.6799999999999997        1679.8213686223869     
   19.799999999999997        5.6799999999999997        1534.5296223171399     
   21.600000000000001        5.6799999999999997        1391.8892407750022     
   23.400000000000002        5.6799999999999997        1253.6336156542250     
   25.200000000000003        5.6799999999999997        1121.7623967198997     
   27.000000000000000        5.6799999999999997        998.18490698704909     
   28.800000000000004        5.6799999999999997        883.47125024267098     
   30.600000000000005        5.6799999999999997        778.49694170566113     
   32.400000000000006        5.6799999999999997        683.55211546067233     
   34.199999999999996        5.6799999999999997        598.46327254846904     
   36.000000000000000        5.6799999999999997        522.81438162398752     
   37.800000000000004        5.6799999999999997        456.04741880600631     
   39.599999999999994        5.6799999999999997        397.46906517265376     
   41.399999999999999        5.6799999999999997        346.28867296952438     
   43.200000000000003        5.6799999999999997        301.62831105772665     
   45.000000000000000        5.6799999999999997        262.77166114663549     
   46.800000000000004        5.6799999999999997        228.89342362383965     
   48.599999999999994        5.6799999999999997        199.40474284065587     
   50.400000000000006        5.6799999999999997        173.70932553539507     
   52.200000000000003        5.6799999999999997        151.34165810409030     
   54.000000000000000        5.6799999999999997        131.94590306691245     
   55.799999999999997        5.6799999999999997        115.18154961141133     
   57.600000000000009        5.6799999999999997        100.80079351666764     
   59.400000000000013        5.6799999999999997        88.577515945950481     
   61.200000000000010        5.6799999999999997        78.304841853513665     
   63.000000000000000        5.6799999999999997        69.786055705661013     
   64.800000000000011        5.6799999999999997        62.819920349241578     
   66.600000000000009        5.6799999999999997        57.197380127956684     
   68.399999999999991        5.6799999999999997        52.703233430098358     
   70.200000000000003        5.6799999999999997        49.123931895432278     
   72.000000000000000        5.6799999999999997        46.252943246514334     
   73.799999999999997        5.6799999999999997        43.893989758600043     
   75.600000000000009        5.6799999999999997        41.882966140042228     
   77.399999999999991        5.6799999999999997        40.084054502162616     
   79.199999999999989        5.6799999999999997        38.401391206923762     
   81.000000000000000        5.6799999999999997        36.780159791126451     
   82.799999999999997        5.6799999999999997        35.205792388175233     
   84.599999999999994        5.6799999999999997        33.699025838882179     
   86.400000000000006        5.6799999999999997        32.309397446305027     
   88.200000000000003        5.6799999999999997        31.106603529959713     
   90.000000000000000        5.6799999999999997        30.167935046837407     
   91.799999999999997        5.6799999999999997        29.571027907270285     
   93.600000000000009        5.6799999999999997        29.384589323447628     
   95.400000000000006        5.6799999999999997        29.658083827956222     
   97.199999999999989        5.6799999999999997        30.422266115069657     
   99.000000000000014        5.6799999999999997        31.687346365785743     
   100.80000000000001        5.6799999999999997        33.440070257091406     
   102.59999999999999        5.6799999999999997        35.656982880781882     
   104.40000000000001        5.6799999999999997        38.302958920313465     
   106.19999999999999        5.6799999999999997        41.344394407338228     
   108.00000000000000        5.6799999999999997        44.754847530093627     
   109.80000000000000        5.6799999999999997        48.526749966654229     
   111.59999999999999        5.6799999999999997        52.668349052549310     
   113.40000000000001        5.6799999999999997        57.215545607733809     
   115.20000000000002        5.6799999999999997        62.231148036431520     
   117.00000000000000        5.6799999999999997        67.796846482369659     
   118.80000000000003        5.6799999999999997        74.013985388321260     
   120.60000000000001        5.6799999999999997        80.993946771248048     
   122.40000000000002        5.6799999999999997        88.855957362567466     
   124.20000000000000        5.6799999999999997        97.703201316370723     
   126.00000000000000        5.6799999999999997        107.62802006645144     
   127.80000000000001        5.6799999999999997        118.70318739268720     
   129.60000000000002        5.6799999999999997        130.96226629763063     
   131.40000000000001        5.6799999999999997        144.42171724023751     
   133.20000000000002        5.6799999999999997        159.06063113265256     
   135.00000000000000        5.6799999999999997        174.81257317754000     
   136.79999999999998        5.6799999999999997        191.61917521693195     
   138.59999999999999        5.6799999999999997        209.36426864791048     
   140.40000000000001        5.6799999999999997        227.94619641762185     
   142.20000000000002        5.6799999999999997        247.24383380105232     
   144.00000000000000        5.6799999999999997        267.13642979394541     
   145.79999999999998        5.6799999999999997        287.52351238213180     
   147.59999999999999        5.6799999999999997        308.29981647532321     
   149.40000000000003        5.6799999999999997        329.35365006471278     
   151.20000000000002        5.6799999999999997        350.59474796890868     
   153.00000000000000        5.6799999999999997        371.92099561553493     
   154.79999999999998        5.6799999999999997        393.26788906602849     
   156.59999999999997        5.6799999999999997        414.48063174847249     
   158.39999999999998        5.6799999999999997        435.45469065281338     
   160.20000000000002        5.6799999999999997        456.03892324407701     
   162.00000000000000        5.6799999999999997        476.01639342928803     
   163.79999999999998        5.6799999999999997        495.25102088241550     
   165.59999999999999        5.6799999999999997        513.45055896181907     
   167.40000000000001        5.6799999999999997        530.36903209809645     
   169.19999999999999        5.6799999999999997        545.76418704528032     
   171.00000000000000        5.6799999999999997        559.33988121364280     
   172.80000000000001        5.6799999999999997        570.87592426514061     
   174.59999999999999        5.6799999999999997        580.09889436155629     
   176.40000000000001        5.6799999999999997        586.85810817698803     
   178.20000000000002        5.6799999999999997        592.84830435798881     
   180.00000000000000        5.6799999999999997        592.34943364927460     
   0.0000000000000000        5.7599999999999998        2188.6266935364124     
   1.8000000000000003        5.7599999999999998        2178.8024637514577     
   3.6000000000000005        5.7599999999999998        2149.3295080594062     
   5.4000000000000004        5.7599999999999998        2101.3358164374008     
   7.2000000000000011        5.7599999999999998        2035.8863105632740     
   9.0000000000000000        5.7599999999999998        1955.0931539918770     
   10.800000000000001        5.7599999999999998        1860.8283191737414     
   12.600000000000001        5.7599999999999998        1755.8766137426542     
   14.400000000000002        5.7599999999999998        1642.5208516694956     
   16.200000000000003        5.7599999999999998        1523.8139932888230     
   18.000000000000000        5.7599999999999998        1402.2594207132190     
   19.799999999999997        5.7599999999999998        1280.0091858593144     
   21.600000000000001        5.7599999999999998        1159.9941671036984     
   23.400000000000002        5.7599999999999998        1043.6743086238014     
   25.200000000000003        5.7599999999999998        932.73389590431520     
   27.000000000000000        5.7599999999999998        828.78150300580830     
   28.800000000000004        5.7599999999999998        732.29841595484515     
   30.600000000000005        5.7599999999999998        644.02317556615299     
   32.400000000000006        5.7599999999999998        564.20150980143069     
   34.199999999999996        5.7599999999999998        492.68865683798401     
   36.000000000000000        5.7599999999999998        429.13542710135692     
   37.800000000000004        5.7599999999999998        373.07278905821846     
   39.599999999999994        5.7599999999999998        323.91741690154726     
   41.399999999999999        5.7599999999999998        281.00357993686379     
   43.200000000000003        5.7599999999999998        243.59153163815677     
   45.000000000000000        5.7599999999999998        211.07720946869486     
   46.800000000000004        5.7599999999999998        182.76424468772572     
   48.599999999999994        5.7599999999999998        158.15504224480119     
   50.400000000000006        5.7599999999999998        136.74539777492404     
   52.200000000000003        5.7599999999999998        118.14103042284809     
   54.000000000000000        5.7599999999999998        102.03983458126253     
   55.799999999999997        5.7599999999999998        88.152671866972014     
   57.600000000000009        5.7599999999999998        76.268478424612766     
   59.400000000000013        5.7599999999999998        66.194637222180845     
   61.200000000000010        5.7599999999999998        57.754970383375898     
   63.000000000000000        5.7599999999999998        50.782104911762858     
   64.800000000000011        5.7599999999999998        45.105167454134246     
   66.600000000000009        5.7599999999999998        40.547023008944564     
   68.399999999999991        5.7599999999999998        36.925676178919829     
   70.200000000000003        5.7599999999999998        34.060768690338719     
   72.000000000000000        5.7599999999999998        31.778060088976805     
   73.799999999999997        5.7599999999999998        29.912299194600976     
   75.600000000000009        5.7599999999999998        28.325281684407972     
   77.399999999999991        5.7599999999999998        26.902891981634465     
   79.199999999999989        5.7599999999999998        25.564714148003141     
   81.000000000000000        5.7599999999999998        24.264971347198053     
   82.799999999999997        5.7599999999999998        22.991756610757125     
   84.599999999999994        5.7599999999999998        21.763019677867018     
   86.400000000000006        5.7599999999999998        20.620927633523465     
   88.200000000000003        5.7599999999999998        19.624633404922097     
   90.000000000000000        5.7599999999999998        18.839800796263312     
   91.799999999999997        5.7599999999999998        18.332348271225445     
   93.600000000000009        5.7599999999999998        18.160709587743508     
   95.400000000000006        5.7599999999999998        18.367210038641666     
   97.199999999999989        5.7599999999999998        18.978407702353621     
   99.000000000000014        5.7599999999999998        20.003576937255932     
   100.80000000000001        5.7599999999999998        21.432310493523211     
   102.59999999999999        5.7599999999999998        23.245550626140108     
   104.40000000000001        5.7599999999999998        25.414461877251405     
   106.19999999999999        5.7599999999999998        27.911456007608070     
   108.00000000000000        5.7599999999999998        30.714969449946096     
   109.80000000000000        5.7599999999999998        33.819276876527063     
   111.59999999999999        5.7599999999999998        37.232013297997007     
   113.40000000000001        5.7599999999999998        40.984056446868571     
   115.20000000000002        5.7599999999999998        45.128945348893673     
   117.00000000000000        5.7599999999999998        49.736159032234667     
   118.80000000000003        5.7599999999999998        54.891749574283523     
   120.60000000000001        5.7599999999999998        60.690268470475985     
   122.40000000000002        5.7599999999999998        67.232928857040847     
   124.20000000000000        5.7599999999999998        74.607489426823278     
   126.00000000000000        5.7599999999999998        82.892621375865872     
   127.80000000000001        5.7599999999999998        92.150554627470086     
   129.60000000000002        5.7599999999999998        102.41047715436349     
   131.40000000000001        5.7599999999999998        113.68717315668025     
   133.20000000000002        5.7599999999999998        125.96387442323835     
   135.00000000000000        5.7599999999999998        139.18528711072642     
   136.79999999999998        5.7599999999999998        153.30287825300582     
   138.59999999999999        5.7599999999999998        168.21906653073390     
   140.40000000000001        5.7599999999999998        183.84837202344096     
   142.20000000000002        5.7599999999999998        200.08859386625261     
   144.00000000000000        5.7599999999999998        216.83758029261958     
   145.79999999999998        5.7599999999999998        234.01008499654145     
   147.59999999999999        5.7599999999999998        251.51652590196312     
   149.40000000000003        5.7599999999999998        269.26166881512063     
   151.20000000000002        5.7599999999999998        287.16827960747094     
   153.00000000000000        5.7599999999999998        305.14905165067540     
   154.79999999999998        5.7599999999999998        323.14843338530949     
   156.59999999999997        5.7599999999999998        341.03478358195366     
   158.39999999999998        5.7599999999999998        358.71903869569485     
   160.20000000000002        5.7599999999999998        376.07303694187931     
   162.00000000000000        5.7599999999999998        392.91350022548465     
   163.79999999999998        5.7599999999999998        409.12536790520699     
   165.59999999999999        5.7599999999999998        424.46249461643367     
   167.40000000000001        5.7599999999999998        438.71785852779209     
   169.19999999999999        5.7599999999999998        451.68771916358668     
   171.00000000000000        5.7599999999999998        463.12322810366913     
   172.80000000000001        5.7599999999999998        472.83941256544892     
   174.59999999999999        5.7599999999999998        480.60670488555701     
   176.40000000000001        5.7599999999999998        486.29860016591010     
   178.20000000000002        5.7599999999999998        491.34142880051979     
   180.00000000000000        5.7599999999999998        490.92257154999527     
   0.0000000000000000        5.8399999999999999        1825.5796915970889     
   1.8000000000000003        5.8399999999999999        1817.3339101242418     
   3.6000000000000005        5.8399999999999999        1792.5963405412886     
   5.4000000000000004        5.8399999999999999        1752.3139197967078     
   7.2000000000000011        5.8399999999999999        1697.3806520950525     
   9.0000000000000000        5.8399999999999999        1629.5697407101650     
   10.800000000000001        5.8399999999999999        1550.4527997227315     
   12.600000000000001        5.8399999999999999        1462.3678896057147     
   14.400000000000002        5.8399999999999999        1367.2317297812760     
   16.200000000000003        5.8399999999999999        1267.6077901516480     
   18.000000000000000        5.8399999999999999        1165.5982881035557     
   19.799999999999997        5.8399999999999999        1063.0105954898386     
   21.600000000000001        5.8399999999999999        962.30628169838405     
   23.400000000000002        5.8399999999999999        864.71192352346964     
   25.200000000000003        5.8399999999999999        771.64262966958722     
   27.000000000000000        5.8399999999999999        684.45012159562577     
   28.800000000000004        5.8399999999999999        603.53941345605142     
   30.600000000000005        5.8399999999999999        529.53164015251502     
   32.400000000000006        5.8399999999999999        462.63399116120672     
   34.199999999999996        5.8399999999999999        402.72553173491400     
   36.000000000000000        5.8399999999999999        349.51341843481123     
   37.800000000000004        5.8399999999999999        302.60389890575283     
   39.599999999999994        5.8399999999999999        261.50690981515470     
   41.399999999999999        5.8399999999999999        225.66281473806896     
   43.200000000000003        5.8399999999999999        194.44942593743869     
   45.000000000000000        5.8399999999999999        167.35819543949697     
   46.800000000000004        5.8399999999999999        143.80270037845764     
   48.599999999999994        5.8399999999999999        123.36320335617799     
   50.400000000000006        5.8399999999999999        105.61422484258506     
   52.200000000000003        5.8399999999999999        90.222483414610267     
   54.000000000000000        5.8399999999999999        76.931992022097475     
   55.799999999999997        5.8399999999999999        65.497790362349704     
   57.600000000000009        5.8399999999999999        55.740502560829100     
   59.400000000000013        5.8399999999999999        47.496438160226610     
   61.200000000000010        5.8399999999999999        40.615928068911053     
   63.000000000000000        5.8399999999999999        34.956913783739971     
   64.800000000000011        5.8399999999999999        30.374662919610994     
   66.600000000000009        5.8399999999999999        26.719460802185388     
   68.399999999999991        5.8399999999999999        23.837781254024797     
   70.200000000000003        5.8399999999999999        21.577679884608422     
   72.000000000000000        5.8399999999999999        19.792530669245021     
   73.799999999999997        5.8399999999999999        18.343588196616125     
   75.600000000000009        5.8399999999999999        17.114770951086065     
   77.399999999999991        5.8399999999999999        16.010492754697381     
   79.199999999999989        5.8399999999999999        14.963531224887715     
   81.000000000000000        5.8399999999999999        13.935839245814172     
   82.799999999999997        5.8399999999999999        12.917805456648326     
   84.599999999999994        5.8399999999999999        11.925028528619425     
   86.400000000000006        5.8399999999999999        10.993418782744538     
   88.200000000000003        5.8399999999999999        10.173164276355266     
   90.000000000000000        5.8399999999999999        9.5200279251126361     
   91.799999999999997        5.8399999999999999        9.0899417915715066     
   93.600000000000009        5.8399999999999999        8.9325694784001701     
   95.400000000000006        5.8399999999999999        9.0841174873183945     
   97.199999999999989        5.8399999999999999        9.5675182815975930     
   99.000000000000014        5.8399999999999999        10.391183698046259     
   100.80000000000001        5.8399999999999999        11.547051114467539     
   102.59999999999999        5.8399999999999999        13.019720549305310     
   104.40000000000001        5.8399999999999999        14.785618615442178     
   106.19999999999999        5.8399999999999999        16.822183964705857     
   108.00000000000000        5.8399999999999999        19.111912451077494     
   109.80000000000000        5.8399999999999999        21.650555247958028     
   111.59999999999999        5.8399999999999999        24.445141335007950     
   113.40000000000001        5.8399999999999999        27.522191608832458     
   115.20000000000002        5.8399999999999999        30.927277410000141     
   117.00000000000000        5.8399999999999999        34.719414801425032     
   118.80000000000003        5.8399999999999999        38.971573063414475     
   120.60000000000001        5.8399999999999999        43.763916044005022     
   122.40000000000002        5.8399999999999999        49.182261634714550     
   124.20000000000000        5.8399999999999999        55.301187043510112     
   126.00000000000000        5.8399999999999999        62.187677317946019     
   127.80000000000001        5.8399999999999999        69.894942015697666     
   129.60000000000002        5.8399999999999999        78.448417130048767     
   131.40000000000001        5.8399999999999999        87.861435651268337     
   133.20000000000002        5.8399999999999999        98.120751428257137     
   135.00000000000000        5.8399999999999999        109.18058508024457     
   136.79999999999998        5.8399999999999999        121.00080883637651     
   138.59999999999999        5.8399999999999999        133.49975390667717     
   140.40000000000001        5.8399999999999999        146.60581306795274     
   142.20000000000002        5.8399999999999999        160.23303705057086     
   144.00000000000000        5.8399999999999999        174.29527693053996     
   145.79999999999998        5.8399999999999999        188.72043427499753     
   147.59999999999999        5.8399999999999999        203.43249046023516     
   149.40000000000003        5.8399999999999999        218.35044467525066     
   151.20000000000002        5.8399999999999999        233.40837135814422     
   153.00000000000000        5.8399999999999999        248.53177168302386     
   154.79999999999998        5.8399999999999999        263.67290488538310     
   156.59999999999997        5.8399999999999999        278.71997630709188     
   158.39999999999998        5.8399999999999999        293.59720305275056     
   160.20000000000002        5.8399999999999999        308.19604373051760     
   162.00000000000000        5.8399999999999999        322.36185071091302     
   163.79999999999998        5.8399999999999999        335.99745530052189     
   165.59999999999999        5.8399999999999999        348.89581863544095     
   167.40000000000001        5.8399999999999999        360.88294430954943     
   169.19999999999999        5.8399999999999999        371.78772552943025     
   171.00000000000000        5.8399999999999999        381.40136288453817     
   172.80000000000001        5.8399999999999999        389.56870152635076     
   174.59999999999999        5.8399999999999999        396.09728969720129     
   176.40000000000001        5.8399999999999999        400.88108629461306     
   178.20000000000002        5.8399999999999999        405.11769902399004     
   180.00000000000000        5.8399999999999999        404.76715641512789     
   0.0000000000000000        5.9199999999999999        1514.9480841933814     
   1.8000000000000003        5.9199999999999999        1508.0532852231888     
   3.6000000000000005        5.9199999999999999        1487.3686967019603     
   5.4000000000000004        5.9199999999999999        1453.6864791501596     
   7.2000000000000011        5.9199999999999999        1407.7545162074071     
   9.0000000000000000        5.9199999999999999        1351.0562218179639     
   10.800000000000001        5.9199999999999999        1284.9063984793236     
   12.600000000000001        5.9199999999999999        1211.2611099593400     
   14.400000000000002        5.9199999999999999        1131.7239923949608     
   16.200000000000003        5.9199999999999999        1048.4398703558743     
   18.000000000000000        5.9199999999999999        963.16777349153324     
   19.799999999999997        5.9199999999999999        877.42012994259710     
   21.600000000000001        5.9199999999999999        793.25688528669389     
   23.400000000000002        5.9199999999999999        711.70472014569964     
   25.200000000000003        5.9199999999999999        633.94814622381227     
   27.000000000000000        5.9199999999999999        561.11873254105933     
   28.800000000000004        5.9199999999999999        493.55580606590559     
   30.600000000000005        5.9199999999999999        431.77955355623442     
   32.400000000000006        5.9199999999999999        375.96367294402791     
   34.199999999999996        5.9199999999999999        326.00711682269321     
   36.000000000000000        5.9199999999999999        281.66478480510460     
   37.800000000000004        5.9199999999999999        242.60690829949536     
   39.599999999999994        5.9199999999999999        208.42285879827273     
   41.399999999999999        5.9199999999999999        178.64349924876495     
   43.200000000000003        5.9199999999999999        152.74706931456853     
   45.000000000000000        5.9199999999999999        130.30663104325836     
   46.800000000000004        5.9199999999999999        110.82988434502100     
   48.599999999999994        5.9199999999999999        93.963776220428358     
   50.400000000000006        5.9199999999999999        79.350375124839005     
   52.200000000000003        5.9199999999999999        66.708820897265028     
   54.000000000000000        5.9199999999999999        55.822843581321763     
   55.799999999999997        5.9199999999999999        46.485591690153591     
   57.600000000000009        5.9199999999999999        38.545098217515331     
   59.400000000000013        5.9199999999999999        31.862717258977760     
   61.200000000000010        5.9199999999999999        26.311734228171971     
   63.000000000000000        5.9199999999999999        21.771992627287915     
   64.800000000000011        5.9199999999999999        18.121334819652979     
   66.600000000000009        5.9199999999999999        15.233678146175574     
   68.399999999999991        5.9199999999999999        12.979988923797642     
   70.200000000000003        5.9199999999999999        11.232735219305930     
   72.000000000000000        5.9199999999999999        9.8689925745593214     
   73.799999999999997        5.9199999999999999        8.7727425900384297     
   75.600000000000009        5.9199999999999999        7.8468702397288173     
   77.399999999999991        5.9199999999999999        7.0116671006652966     
   79.199999999999989        5.9199999999999999        6.2112183205696843     
   81.000000000000000        5.9199999999999999        5.4141063887349627     
   82.799999999999997        5.9199999999999999        4.6127015975325794     
   84.599999999999994        5.9199999999999999        3.8206041807741959     
   86.400000000000006        5.9199999999999999        3.0683846480223766     
   88.200000000000003        5.9199999999999999        2.3985711613350351     
   90.000000000000000        5.9199999999999999        1.8584554338488180     
   91.799999999999997        5.9199999999999999        1.4954193143810466     
   93.600000000000009        5.9199999999999999        1.3516059566653449     
   95.400000000000006        5.9199999999999999        1.4579544384505758     
   97.199999999999989        5.9199999999999999        1.8342524276696945     
   99.000000000000014        5.9199999999999999        2.4881192455665202     
   100.80000000000001        5.9199999999999999        3.4134304684117920     
   102.59999999999999        5.9199999999999999        4.5978425228897954     
   104.40000000000001        5.9199999999999999        6.0222036812998567     
   106.19999999999999        5.9199999999999999        7.6681717294121690     
   108.00000000000000        5.9199999999999999        9.5216346505372815     
   109.80000000000000        5.9199999999999999        11.579528373550868     
   111.59999999999999        5.9199999999999999        13.848290664021523     
   113.40000000000001        5.9199999999999999        16.350647515636179     
   115.20000000000002        5.9199999999999999        19.125290640859571     
   117.00000000000000        5.9199999999999999        22.222228785361288     
   118.80000000000003        5.9199999999999999        25.703185726923234     
   120.60000000000001        5.9199999999999999        29.635966617177267     
   122.40000000000002        5.9199999999999999        34.093167731012869     
   124.20000000000000        5.9199999999999999        39.138044290457302     
   126.00000000000000        5.9199999999999999        44.827537903086757     
   127.80000000000001        5.9199999999999999        51.207096477675826     
   129.60000000000002        5.9199999999999999        58.298911839609559     
   131.40000000000001        5.9199999999999999        66.115042383503550     
   133.20000000000002        5.9199999999999999        74.645236714985955     
   135.00000000000000        5.9199999999999999        83.851861794521838     
   136.79999999999998        5.9199999999999999        93.701989832360312     
   138.59999999999999        5.9199999999999999        104.12761967963475     
   140.40000000000001        5.9199999999999999        115.06907844476385     
   142.20000000000002        5.9199999999999999        126.45442113485558     
   144.00000000000000        5.9199999999999999        138.21131559758987     
   145.79999999999998        5.9199999999999999        150.27905464990945     
   147.59999999999999        5.9199999999999999        162.59339117940021     
   149.40000000000003        5.9199999999999999        175.08568082486806     
   151.20000000000002        5.9199999999999999        187.69984886653123     
   153.00000000000000        5.9199999999999999        200.37252115231436     
   154.79999999999998        5.9199999999999999        213.06279845387797     
   156.59999999999997        5.9199999999999999        225.67597919269662     
   158.39999999999998        5.9199999999999999        238.14773783014257     
   160.20000000000002        5.9199999999999999        250.38636805001931     
   162.00000000000000        5.9199999999999999        262.26169736715246     
   163.79999999999998        5.9199999999999999        273.69186297400904     
   165.59999999999999        5.9199999999999999        284.50316209190294     
   167.40000000000001        5.9199999999999999        294.54973445502600     
   169.19999999999999        5.9199999999999999        303.68825961201071     
   171.00000000000000        5.9199999999999999        311.74401535079170     
   172.80000000000001        5.9199999999999999        318.58721419020321     
   174.59999999999999        5.9199999999999999        324.05696736325814     
   176.40000000000001        5.9199999999999999        328.06463610701934     
   178.20000000000002        5.9199999999999999        331.61211768461072     
   180.00000000000000        5.9199999999999999        331.32009320311869     
   0.0000000000000000        6.0000000000000000        1255.8485048721741     
   1.8000000000000003        6.0000000000000000        1250.0815669678022     
   3.6000000000000005        6.0000000000000000        1232.7805882974149     
   5.4000000000000004        6.0000000000000000        1204.6086645942892     
   7.2000000000000011        6.0000000000000000        1166.1918253901420     
   9.0000000000000000        6.0000000000000000        1118.7718158583007     
   10.800000000000001        6.0000000000000000        1063.4492507699626     
   12.600000000000001        6.0000000000000000        1001.8615810278296     
   14.400000000000002        6.0000000000000000        935.35126667562452     
   16.200000000000003        6.0000000000000000        865.71386638001331     
   18.000000000000000        6.0000000000000000        794.42202473043221     
   19.799999999999997        6.0000000000000000        722.74197821941141     
   21.600000000000001        6.0000000000000000        652.39840430937238     
   23.400000000000002        6.0000000000000000        584.25095713351755     
   25.200000000000003        6.0000000000000000        519.29144615166115     
   27.000000000000000        6.0000000000000000        458.46737085995477     
   28.800000000000004        6.0000000000000000        402.06287380843213     
   30.600000000000005        6.0000000000000000        350.51347250375358     
   32.400000000000006        6.0000000000000000        303.96447760662727     
   34.199999999999996        6.0000000000000000        262.33102218227094     
   36.000000000000000        6.0000000000000000        225.40746377768463     
   37.800000000000004        6.0000000000000000        192.91708319966145     
   39.599999999999994        6.0000000000000000        164.51525333005006     
   41.399999999999999        6.0000000000000000        139.80814738396595     
   43.200000000000003        6.0000000000000000        118.35770343986147     
   45.000000000000000        6.0000000000000000        99.805016095541419     
   46.800000000000004        6.0000000000000000        83.736401272939830     
   48.599999999999994        6.0000000000000000        69.854538003688091     
   50.400000000000006        6.0000000000000000        57.858050280217562     
   52.200000000000003        6.0000000000000000        47.510042622630593     
   54.000000000000000        6.0000000000000000        38.627631629705995     
   55.799999999999997        6.0000000000000000        31.036052226388669     
   57.600000000000009        6.0000000000000000        24.606483051460081     
   59.400000000000013        6.0000000000000000        19.221447861882233     
   61.200000000000010        6.0000000000000000        14.773638072497164     
   63.000000000000000        6.0000000000000000        11.161397730647241     
   64.800000000000011        6.0000000000000000        8.2816004219854999     
   66.600000000000009        6.0000000000000000        6.0280435549068967     
   68.399999999999991        6.0000000000000000        4.2922582896998476     
   70.200000000000003        6.0000000000000000        2.9671814151892217     
   72.000000000000000        6.0000000000000000        1.9497394791744767     
   73.799999999999997        6.0000000000000000        1.1429258233715658     
   75.600000000000009        6.0000000000000000       0.46549029498261429     
   77.399999999999991        6.0000000000000000      -0.14900425147653684     
   79.199999999999989        6.0000000000000000      -0.74702119352863239     
   81.000000000000000        6.0000000000000000       -1.3544351088769420     
   82.799999999999997        6.0000000000000000       -1.9772112345342263     
   84.599999999999994        6.0000000000000000       -2.6034127221225667     
   86.400000000000006        6.0000000000000000       -3.2069209405540104     
   88.200000000000003        6.0000000000000000       -3.7515989031798642     
   90.000000000000000        6.0000000000000000       -4.1972334415494039     
   91.799999999999997        6.0000000000000000       -4.5035913643914913     
   93.600000000000009        6.0000000000000000       -4.6348277964553608     
   95.400000000000006        6.0000000000000000       -4.5644351477536445     
   97.199999999999989        6.0000000000000000       -4.2752937237478239     
   99.000000000000014        6.0000000000000000       -3.7604984987087091     
   100.80000000000001        6.0000000000000000       -3.0246209227191145     
   102.59999999999999        6.0000000000000000       -2.0775218456901090     
   104.40000000000001        6.0000000000000000      -0.93473791819269025     
   106.19999999999999        6.0000000000000000       0.38883346433401522     
   108.00000000000000        6.0000000000000000        1.8818346302719215     
   109.80000000000000        6.0000000000000000        3.5421152137444798     
   111.59999999999999        6.0000000000000000        5.3755471438641491     
   113.40000000000001        6.0000000000000000        7.4016203053718392     
   115.20000000000002        6.0000000000000000        9.6532178790866769     
   117.00000000000000        6.0000000000000000        12.172768220743542     
   118.80000000000003        6.0000000000000000        15.012547754266533     
   120.60000000000001        6.0000000000000000        18.229986174707857     
   122.40000000000002        6.0000000000000000        21.886581680961793     
   124.20000000000000        6.0000000000000000        26.036080919134179     
   126.00000000000000        6.0000000000000000        30.726982762692504     
   127.80000000000001        6.0000000000000000        35.998197610104086     
   129.60000000000002        6.0000000000000000        41.869160502273296     
   131.40000000000001        6.0000000000000000        48.350818436709098     
   133.20000000000002        6.0000000000000000        55.435387056766366     
   135.00000000000000        6.0000000000000000        63.092026253443521     
   136.79999999999998        6.0000000000000000        71.293813670048735     
   138.59999999999999        6.0000000000000000        79.984198985613176     
   140.40000000000001        6.0000000000000000        89.113525071664455     
   142.20000000000002        6.0000000000000000        98.621626774970608     
   144.00000000000000        6.0000000000000000        108.44782189572098     
   145.79999999999998        6.0000000000000000        118.54104569569670     
   147.59999999999999        6.0000000000000000        128.84703809620416     
   149.40000000000003        6.0000000000000000        139.30764542627909     
   151.20000000000002        6.0000000000000000        149.87518988516004     
   153.00000000000000        6.0000000000000000        160.49575300992549     
   154.79999999999998        6.0000000000000000        171.13430648407260     
   156.59999999999997        6.0000000000000000        181.71054403759413     
   158.39999999999998        6.0000000000000000        192.16980891758658     
   160.20000000000002        6.0000000000000000        202.43451295469870     
   162.00000000000000        6.0000000000000000        212.39491893514096     
   163.79999999999998        6.0000000000000000        221.98195457053166     
   165.59999999999999        6.0000000000000000        231.04965559599782     
   167.40000000000001        6.0000000000000000        239.47555669546989     
   169.19999999999999        6.0000000000000000        247.13942489258895     
   171.00000000000000        6.0000000000000000        253.89482857928715     
   172.80000000000001        6.0000000000000000        259.63303526605057     
   174.59999999999999        6.0000000000000000        264.21933994681302     
   176.40000000000001        6.0000000000000000        267.57954022846650     
   178.20000000000002        6.0000000000000000        270.55212192344095     
   180.00000000000000        6.0000000000000000        270.30896978956673     
   0.0000000000000000        6.0800000000000001        1034.0184278183731     
   1.8000000000000003        6.0800000000000001        1029.2182855142519     
   3.6000000000000005        6.0800000000000001        1014.8177156756154     
   5.4000000000000004        6.0800000000000001        991.36927029326421     
   7.2000000000000011        6.0800000000000001        959.39460650835065     
   9.0000000000000000        6.0800000000000001        919.92846801498956     
   10.800000000000001        6.0800000000000001        873.88799378114356     
   12.600000000000001        6.0800000000000001        822.63769561843264     
   14.400000000000002        6.0800000000000001        767.29627057406378     
   16.200000000000003        6.0800000000000001        709.36002413332687     
   18.000000000000000        6.0800000000000001        650.05617828552158     
   19.799999999999997        6.0800000000000001        590.43994926405071     
   21.600000000000001        6.0800000000000001        531.94862396048018     
   23.400000000000002        6.0800000000000001        475.29858155720819     
   25.200000000000003        6.0800000000000001        421.31631714036899     
   27.000000000000000        6.0800000000000001        370.79136066425110     
   28.800000000000004        6.0800000000000001        323.96032749656951     
   30.600000000000005        6.0800000000000001        281.18590237439133     
   32.400000000000006        6.0800000000000001        242.58878998651261     
   34.199999999999996        6.0800000000000001        208.09772709961493     
   36.000000000000000        6.0800000000000001        177.54064504406111     
   37.800000000000004        6.0800000000000001        150.68607224743917     
   39.599999999999994        6.0800000000000001        127.24576766483545     
   41.399999999999999        6.0800000000000001        106.89031817077472     
   43.200000000000003        6.0800000000000001        89.253331460762311     
   45.000000000000000        6.0800000000000001        74.034172280494474     
   46.800000000000004        6.0800000000000001        60.886587588219214     
   48.599999999999994        6.0800000000000001        49.561086975146651     
   50.400000000000006        6.0800000000000001        39.804896466521534     
   52.200000000000003        6.0800000000000001        31.418953954191867     
   54.000000000000000        6.0800000000000001        24.249160187790959     
   55.799999999999997        6.0800000000000001        18.148445239381562     
   57.600000000000009        6.0800000000000001        13.008013938605654     
   59.400000000000013        6.0800000000000001        8.7287197063211348     
   61.200000000000010        6.0800000000000001        5.2200585472731662     
   63.000000000000000        6.0800000000000001        2.3963847072312698     
   64.800000000000011        6.0800000000000001       0.17101552613934293     
   66.600000000000009        6.0800000000000001       -1.5451035316221851     
   68.399999999999991        6.0800000000000001       -2.8427295570447919     
   70.200000000000003        6.0800000000000001       -3.8113165760872878     
   72.000000000000000        6.0800000000000001       -4.5368752734879116     
   73.799999999999997        6.0800000000000001       -5.1000886094681768     
   75.600000000000009        6.0800000000000001       -5.5685849139513586     
   77.399999999999991        6.0800000000000001       -5.9974153972495907     
   79.199999999999989        6.0800000000000001       -6.4249358063808728     
   81.000000000000000        6.0800000000000001       -6.8722670225688729     
   82.799999999999997        6.0800000000000001       -7.3439445052307040     
   84.599999999999994        6.0800000000000001       -7.8294594982908352     
   86.400000000000006        6.0800000000000001       -8.3065111941938525     
   88.200000000000003        6.0800000000000001       -8.7444446707856613     
   90.000000000000000        6.0800000000000001       -9.1091256271792531     
   91.799999999999997        6.0800000000000001       -9.3664618571063230     
   93.600000000000009        6.0800000000000001       -9.4860263619980625     
   95.400000000000006        6.0800000000000001       -9.4451386099701846     
   97.199999999999989        6.0800000000000001       -9.2289989852841128     
   99.000000000000014        6.0800000000000001       -8.8313538781913881     
   100.80000000000001        6.0800000000000001       -8.2554909719590785     
   102.59999999999999        6.0800000000000001       -7.5091919349531384     
   104.40000000000001        6.0800000000000001       -6.6049489525920233     
   106.19999999999999        6.0800000000000001       -5.5547617235931863     
   108.00000000000000        6.0800000000000001       -4.3676828427374623     
   109.80000000000000        6.0800000000000001       -3.0451344318041640     
   111.59999999999999        6.0800000000000001       -1.5817844419472844     
   113.40000000000001        6.0800000000000001        3.9030001730609443E-002
   115.20000000000002        6.0800000000000001        1.8451602410428456     
   117.00000000000000        6.0800000000000001        3.8724849258739624     
   118.80000000000003        6.0800000000000001        6.1651299250798921     
   120.60000000000001        6.0800000000000001        8.7715781315735910     
   122.40000000000002        6.0800000000000001        11.743758669722860     
   124.20000000000000        6.0800000000000001        15.127213392731822     
   126.00000000000000        6.0800000000000001        18.963148615773825     
   127.80000000000001        6.0800000000000001        23.284815540942635     
   129.60000000000002        6.0800000000000001        28.109238499861981     
   131.40000000000001        6.0800000000000001        33.446365496944239     
   133.20000000000002        6.0800000000000001        39.290492270801892     
   135.00000000000000        6.0800000000000001        45.616587590294088     
   136.79999999999998        6.0800000000000001        52.402864622795065     
   138.59999999999999        6.0800000000000001        59.602613702391274     
   140.40000000000001        6.0800000000000001        67.174797041943066     
   142.20000000000002        6.0800000000000001        75.069409848608217     
   144.00000000000000        6.0800000000000001        83.235840145576176     
   145.79999999999998        6.0800000000000001        91.631385560886628     
   147.59999999999999        6.0800000000000001        100.21046619320282     
   149.40000000000003        6.0800000000000001        108.92405452484974     
   151.20000000000002        6.0800000000000001        117.73180291057895     
   153.00000000000000        6.0800000000000001        126.58803018756241     
   154.79999999999998        6.0800000000000001        135.46286383190946     
   156.59999999999997        6.0800000000000001        144.28844488032573     
   158.39999999999998        6.0800000000000001        153.01849225698018     
   160.20000000000002        6.0800000000000001        161.58758222203500     
   162.00000000000000        6.0800000000000001        169.90351725353210     
   163.79999999999998        6.0800000000000001        177.90821182376550     
   165.59999999999999        6.0800000000000001        185.47943711513864     
   167.40000000000001        6.0800000000000001        192.51473337451122     
   169.19999999999999        6.0800000000000001        198.91359721752204     
   171.00000000000000        6.0800000000000001        204.55375420349355     
   172.80000000000001        6.0800000000000001        209.34444661794470     
   174.59999999999999        6.0800000000000001        213.17331194601726     
   176.40000000000001        6.0800000000000001        215.97846602537857     
   178.20000000000002        6.0800000000000001        218.45825423599808     
   180.00000000000000        6.0800000000000001        218.25698972316613     
   0.0000000000000000        6.1600000000000001        850.53222318636233     
   1.8000000000000003        6.1600000000000001        846.53344084821140     
   3.6000000000000005        6.1600000000000001        834.53696854513544     
   5.4000000000000004        6.1600000000000001        815.00379907314641     
   7.2000000000000011        6.1600000000000001        788.36913807125393     
   9.0000000000000000        6.1600000000000001        755.49626686674890     
   10.800000000000001        6.1600000000000001        717.15033746095435     
   12.600000000000001        6.1600000000000001        674.46975531376859     
   14.400000000000002        6.1600000000000001        628.38782614188563     
   16.200000000000003        6.1600000000000001        580.15290250015858     
   18.000000000000000        6.1600000000000001        530.78881646156037     
   19.799999999999997        6.1600000000000001        481.17586872858567     
   21.600000000000001        6.1600000000000001        432.51310996231302     
   23.400000000000002        6.1600000000000001        385.39806420554544     
   25.200000000000003        6.1600000000000001        340.52007583610987     
   27.000000000000000        6.1600000000000001        298.53756600338653     
   28.800000000000004        6.1600000000000001        259.64756304031317     
   30.600000000000005        6.1600000000000001        224.15216133621306     
   32.400000000000006        6.1600000000000001        192.15143964762578     
   34.199999999999996        6.1600000000000001        163.58519031586169     
   36.000000000000000        6.1600000000000001        138.30897076210238     
   37.800000000000004        6.1600000000000001        116.12863452369173     
   39.599999999999994        6.1600000000000001        96.802531907690323     
   41.399999999999999        6.1600000000000001        80.054538821105794     
   43.200000000000003        6.1600000000000001        65.577624530457172     
   45.000000000000000        6.1600000000000001        53.119435224007610     
   46.800000000000004        6.1600000000000001        42.389669206741637     
   48.599999999999994        6.1600000000000001        33.178555330501879     
   50.400000000000006        6.1600000000000001        25.273733795567804     
   52.200000000000003        6.1600000000000001        18.507651195916484     
   54.000000000000000        6.1600000000000001        12.750232214362187     
   55.799999999999997        6.1600000000000001        7.8775473235742677     
   57.600000000000009        6.1600000000000001        3.7975808659356920     
   59.400000000000013        6.1600000000000001       0.42655528038983648     
   61.200000000000010        6.1600000000000001       -2.3119415805508599     
   63.000000000000000        6.1600000000000001       -4.4901391392072103     
   64.800000000000011        6.1600000000000001       -6.1809645728613694     
   66.600000000000009        6.1600000000000001       -7.4591552228802529     
   68.399999999999991        6.1600000000000001       -8.4007058934010335     
   70.200000000000003        6.1600000000000001       -9.0804122917332748     
   72.000000000000000        6.1600000000000001       -9.5700958486567309     
   73.799999999999997        6.1600000000000001       -9.9368836567884760     
   75.600000000000009        6.1600000000000001       -10.237090918183526     
   77.399999999999991        6.1600000000000001       -10.516323617113011     
   79.199999999999989        6.1600000000000001       -10.806214407173689     
   81.000000000000000        6.1600000000000001       -11.123945925696958     
   82.799999999999997        6.1600000000000001       -11.472870504058900     
   84.599999999999994        6.1600000000000001       -11.843671996926364     
   86.400000000000006        6.1600000000000001       -12.217222619762580     
   88.200000000000003        6.1600000000000001       -12.567421936567239     
   90.000000000000000        6.1600000000000001       -12.865192698265886     
   91.799999999999997        6.1600000000000001       -13.081552115055439     
   93.600000000000009        6.1600000000000001       -13.190588008242683     
   95.400000000000006        6.1600000000000001       -13.172824460643341     
   97.199999999999989        6.1600000000000001       -13.015420357022736     
   99.000000000000014        6.1600000000000001       -12.712701990886844     
   100.80000000000001        6.1600000000000001       -12.266940386344249     
   102.59999999999999        6.1600000000000001       -11.684241445055285     
   104.40000000000001        6.1600000000000001       -10.974626783736646     
   106.19999999999999        6.1600000000000001       -10.147747913180419     
   108.00000000000000        6.1600000000000001       -9.2108019355334108     
   109.80000000000000        6.1600000000000001       -8.1646621351165116     
   111.59999999999999        6.1600000000000001       -7.0045009629363264     
   113.40000000000001        6.1600000000000001       -5.7160553655648041     
   115.20000000000002        6.1600000000000001       -4.2757030856788614     
   117.00000000000000        6.1600000000000001       -2.6530542350197552     
   118.80000000000003        6.1600000000000001      -0.81080090507441205     
   120.60000000000001        6.1600000000000001        1.2920593894288146     
   122.40000000000002        6.1600000000000001        3.6994553634196592     
   124.20000000000000        6.1600000000000001        6.4500599857328798     
   126.00000000000000        6.1600000000000001        9.5789650626885727     
   127.80000000000001        6.1600000000000001        13.114661282945590     
   129.60000000000002        6.1600000000000001        17.072113518224292     
   131.40000000000001        6.1600000000000001        21.460382257313565     
   133.20000000000002        6.1600000000000001        26.275440904138932     
   135.00000000000000        6.1600000000000001        31.497049640574559     
   136.79999999999998        6.1600000000000001        37.107656466074985     
   138.59999999999999        6.1600000000000001        43.068727930226920     
   140.40000000000001        6.1600000000000001        49.346399118086467     
   142.20000000000002        6.1600000000000001        55.899147069757433     
   144.00000000000000        6.1600000000000001        62.684790060927753     
   145.79999999999998        6.1600000000000001        69.667653684976173     
   147.59999999999999        6.1600000000000001        76.809474733769051     
   149.40000000000003        6.1600000000000001        84.068929631192631     
   151.20000000000002        6.1600000000000001        91.411885100973507     
   153.00000000000000        6.1600000000000001        98.799629093327127     
   154.79999999999998        6.1600000000000001        106.20669320508127     
   156.59999999999997        6.1600000000000001        113.57566078478713     
   158.39999999999998        6.1600000000000001        120.86729352039031     
   160.20000000000002        6.1600000000000001        128.02633005836313     
   162.00000000000000        6.1600000000000001        134.97515618085339     
   163.79999999999998        6.1600000000000001        141.66483041527019     
   165.59999999999999        6.1600000000000001        147.99278277024854     
   167.40000000000001        6.1600000000000001        153.87310892882655     
   169.19999999999999        6.1600000000000001        159.22161858005424     
   171.00000000000000        6.1600000000000001        163.93599101521616     
   172.80000000000001        6.1600000000000001        167.94031118269442     
   174.59999999999999        6.1600000000000001        171.14065429030973     
   176.40000000000001        6.1600000000000001        173.48530110811797     
   178.20000000000002        6.1600000000000001        175.55632440563770     
   180.00000000000000        6.1600000000000001        175.38975337894723     
   0.0000000000000000        6.2400000000000002        695.51435631826530     
   1.8000000000000003        6.2400000000000002        692.19426753904054     
   3.6000000000000005        6.2400000000000002        682.23389052999096     
   5.4000000000000004        6.2400000000000002        666.01670935011089     
   7.2000000000000011        6.2400000000000002        643.90474250919533     
   9.0000000000000000        6.2400000000000002        616.61611431645781     
   10.800000000000001        6.2400000000000002        584.78730029619783     
   12.600000000000001        6.2400000000000002        549.36527120739527     
   14.400000000000002        6.2400000000000002        511.12635532004242     
   16.200000000000003        6.2400000000000002        471.10894379585102     
   18.000000000000000        6.2400000000000002        430.16461760369202     
   19.799999999999997        6.2400000000000002        389.02551887883368     
   21.600000000000001        6.2400000000000002        348.68889423823555     
   23.400000000000002        6.2400000000000002        309.65153554990269     
   25.200000000000003        6.2400000000000002        272.48654144052557     
   27.000000000000000        6.2400000000000002        237.74117654227973     
   28.800000000000004        6.2400000000000002        205.57882032150451     
   30.600000000000005        6.2400000000000002        176.25011157793148     
   32.400000000000006        6.2400000000000002        149.83751913575040     
   34.199999999999996        6.2400000000000002        126.29006801328504     
   36.000000000000000        6.2400000000000002        105.48659645711986     
   37.800000000000004        6.2400000000000002        87.264470075244233     
   39.599999999999994        6.2400000000000002        71.421422883344178     
   41.399999999999999        6.2400000000000002        57.726416714262349     
   43.200000000000003        6.2400000000000002        45.922687939322699     
   45.000000000000000        6.2400000000000002        35.798783677610139     
   46.800000000000004        6.2400000000000002        27.111847337728030     
   48.599999999999994        6.2400000000000002        19.685815499863015     
   50.400000000000006        6.2400000000000002        13.342658547673127     
   52.200000000000003        6.2400000000000002        7.9416235172309646     
   54.000000000000000        6.2400000000000002        3.3731066650729202     
   55.799999999999997        6.2400000000000002      -0.46708892654787659     
   57.600000000000009        6.2400000000000002       -3.6566362065424167     
   59.400000000000013        6.2400000000000002       -6.2661691952768255     
   61.200000000000010        6.2400000000000002       -8.3600479996140002     
   63.000000000000000        6.2400000000000002       -9.9990341864708068     
   64.800000000000011        6.2400000000000002       -11.244314333660137     
   66.600000000000009        6.2400000000000002       -12.158425220635312     
   68.399999999999991        6.2400000000000002       -12.804799996360250     
   70.200000000000003        6.2400000000000002       -13.245774146017569     
   72.000000000000000        6.2400000000000002       -13.541117727146879     
   73.799999999999997        6.2400000000000002       -13.746459422971117     
   75.600000000000009        6.2400000000000002       -13.908516893031303     
   77.399999999999991        6.2400000000000002       -14.064893022833722     
   79.199999999999989        6.2400000000000002       -14.241526988749266     
   81.000000000000000        6.2400000000000002       -14.452271070452875     
   82.799999999999997        6.2400000000000002       -14.699481040423507     
   84.599999999999994        6.2400000000000002       -14.974862683126901     
   86.400000000000006        6.2400000000000002       -15.261987177331440     
   88.200000000000003        6.2400000000000002       -15.538624607600326     
   90.000000000000000        6.2400000000000002       -15.780000025237079     
   91.799999999999997        6.2400000000000002       -15.961477055092788     
   93.600000000000009        6.2400000000000002       -16.060989131213574     
   95.400000000000006        6.2400000000000002       -16.061801870888708     
   97.199999999999989        6.2400000000000002       -15.952761271240695     
   99.000000000000014        6.2400000000000002       -15.728715427570897     
   100.80000000000001        6.2400000000000002       -15.391109985846031     
   102.59999999999999        6.2400000000000002       -14.944666326289269     
   104.40000000000001        6.2400000000000002       -14.397352333344937     
   106.19999999999999        6.2400000000000002       -13.756869861026860     
   108.00000000000000        6.2400000000000002       -13.028885264040280     
   109.80000000000000        6.2400000000000002       -12.213847837187938     
   111.59999999999999        6.2400000000000002       -11.307401568255004     
   113.40000000000001        6.2400000000000002       -10.297360783273820     
   115.20000000000002        6.2400000000000002       -9.1637325823194296     
   117.00000000000000        6.2400000000000002       -7.8808263520253172     
   118.80000000000003        6.2400000000000002       -6.4171622401581079     
   120.60000000000001        6.2400000000000002       -4.7381300606126624     
   122.40000000000002        6.2400000000000002       -2.8066380007653908     
   124.20000000000000        6.2400000000000002      -0.58989206607450506     
   126.00000000000000        6.2400000000000002        1.9419578389267034     
   127.80000000000001        6.2400000000000002        4.8133073932125052     
   129.60000000000002        6.2400000000000002        8.0373208351040972     
   131.40000000000001        6.2400000000000002        11.622252263411719     
   133.20000000000002        6.2400000000000002        15.565451825254717     
   135.00000000000000        6.2400000000000002        19.850712494931265     
   136.79999999999998        6.2400000000000002        24.464044794660794     
   138.59999999999999        6.2400000000000002        29.373849751137577     
   140.40000000000001        6.2400000000000002        34.552354090142956     
   142.20000000000002        6.2400000000000002        39.965260850112159     
   144.00000000000000        6.2400000000000002        45.577589430697316     
   145.79999999999998        6.2400000000000002        51.359689234663144     
   147.59999999999999        6.2400000000000002        57.279586518214664     
   149.40000000000003        6.2400000000000002        63.302590845776876     
   151.20000000000002        6.2400000000000002        69.399940163116327     
   153.00000000000000        6.2400000000000002        75.538937427156895     
   154.79999999999998        6.2400000000000002        81.697947289359760     
   156.59999999999997        6.2400000000000002        87.828503191021284     
   158.39999999999998        6.2400000000000002        93.897415953780879     
   160.20000000000002        6.2400000000000002        99.858103114882681     
   162.00000000000000        6.2400000000000002        105.64535148131148     
   163.79999999999998        6.2400000000000002        111.21800255068999     
   165.59999999999999        6.2400000000000002        116.49014427314380     
   167.40000000000001        6.2400000000000002        121.38988933201492     
   169.19999999999999        6.2400000000000002        125.84684805426805     
   171.00000000000000        6.2400000000000002        129.77556415778295     
   172.80000000000001        6.2400000000000002        133.11266357559373     
   174.59999999999999        6.2400000000000002        135.77979078208824     
   176.40000000000001        6.2400000000000002        137.73380957447554     
   178.20000000000002        6.2400000000000002        139.45820151889450     
   180.00000000000000        6.2400000000000002        139.32097759020348     
   0.0000000000000000        6.3200000000000003        564.57192239326889     
   1.8000000000000003        6.3200000000000003        561.82687820622311     
   3.6000000000000005        6.3200000000000003        553.59164719817272     
   5.4000000000000004        6.3200000000000003        540.18405930822303     
   7.2000000000000011        6.3200000000000003        521.90413806494109     
   9.0000000000000000        6.3200000000000003        499.34704698748362     
   10.800000000000001        6.3200000000000003        473.04025640150275     
   12.600000000000001        6.3200000000000003        443.76856275355794     
   14.400000000000002        6.3200000000000003        412.17530036828782     
   16.200000000000003        6.3200000000000003        379.12096961733363     
   18.000000000000000        6.3200000000000003        345.31119341806692     
   19.799999999999997        6.3200000000000003        311.35255504112354     
   21.600000000000001        6.3200000000000003        278.07127163080071     
   23.400000000000002        6.3200000000000003        245.87872745747831     
   25.200000000000003        6.3200000000000003        215.24945479373244     
   27.000000000000000        6.3200000000000003        186.63644528763407     
   28.800000000000004        6.3200000000000003        160.17448162980071     
   30.600000000000005        6.3200000000000003        136.07050464194640     
   32.400000000000006        6.3200000000000003        114.39196576073775     
   34.199999999999996        6.3200000000000003        95.095627524624916     
   36.000000000000000        6.3200000000000003        78.079981357253274     
   37.800000000000004        6.3200000000000003        63.209034666949080     
   39.599999999999994        6.3200000000000003        50.313852125946646     
   41.399999999999999        6.3200000000000003        39.201580901181188     
   43.200000000000003        6.3200000000000003        29.658061225281472     
   45.000000000000000        6.3200000000000003        21.506522193144306     
   46.800000000000004        6.3200000000000003        14.544368355250727     
   48.599999999999994        6.3200000000000003        8.6241660280219783     
   50.400000000000006        6.3200000000000003        3.5970658271908920     
   52.200000000000003        6.3200000000000003      -0.65487625275323613     
   54.000000000000000        6.3200000000000003       -4.2238100264922664     
   55.799999999999997        6.3200000000000003       -7.1971006332032861     
   57.600000000000009        6.3200000000000003       -9.6401580209910094     
   59.400000000000013        6.3200000000000003       -11.612374375092420     
   61.200000000000010        6.3200000000000003       -13.167801355667111     
   63.000000000000000        6.3200000000000003       -14.357396957408763     
   64.800000000000011        6.3200000000000003       -15.232325113817396     
   66.600000000000009        6.3200000000000003       -15.844723246276240     
   68.399999999999991        6.3200000000000003       -16.247332304834618     
   70.200000000000003        6.3200000000000003       -16.491892383737355     
   72.000000000000000        6.3200000000000003       -16.627934107646549     
   73.799999999999997        6.3200000000000003       -16.701330175189476     
   75.600000000000009        6.3200000000000003       -16.750653257900026     
   77.399999999999991        6.3200000000000003       -16.806724043887321     
   79.199999999999989        6.3200000000000003       -16.890660387329547     
   81.000000000000000        6.3200000000000003       -17.013500055465865     
   82.799999999999997        6.3200000000000003       -17.176762334369894     
   84.599999999999994        6.3200000000000003       -17.373033170987686     
   86.400000000000006        6.3200000000000003       -17.588184637046705     
   88.200000000000003        6.3200000000000003       -17.803281701079193     
   90.000000000000000        6.3200000000000003       -17.997215571774216     
   91.799999999999997        6.3200000000000003       -18.149052501312323     
   93.600000000000009        6.3200000000000003       -18.240005987283077     
   95.400000000000006        6.3200000000000003       -18.255690464980354     
   97.199999999999989        6.3200000000000003       -18.186407158488645     
   99.000000000000014        6.3200000000000003       -18.027473100422053     
   100.80000000000001        6.3200000000000003       -17.779665238096342     
   102.59999999999999        6.3200000000000003       -17.446560849248641     
   104.40000000000001        6.3200000000000003       -17.034420019145120     
   106.19999999999999        6.3200000000000003       -16.549325222888214     
   108.00000000000000        6.3200000000000003       -15.995680133540246     
   109.80000000000000        6.3200000000000003       -15.373609432234739     
   111.59999999999999        6.3200000000000003       -14.679195530549695     
   113.40000000000001        6.3200000000000003       -13.902053019569557     
   115.20000000000002        6.3200000000000003       -13.025307617650437     
   117.00000000000000        6.3200000000000003       -12.027297930056131     
   118.80000000000003        6.3200000000000003       -10.881533328470985     
   120.60000000000001        6.3200000000000003       -9.5588747090084816     
   122.40000000000002        6.3200000000000003       -8.0280824346490967     
   124.20000000000000        6.3200000000000003       -6.2614041595271361     
   126.00000000000000        6.3200000000000003       -4.2334931706161987     
   127.80000000000001        6.3200000000000003       -1.9234857740981957     
   129.60000000000002        6.3200000000000003       0.68020030454691838     
   131.40000000000001        6.3200000000000003        3.5850812887659922     
   133.20000000000002        6.3200000000000003        6.7896288337656898     
   135.00000000000000        6.3200000000000003        10.281025188554283     
   136.79999999999998        6.3200000000000003        14.048272655508228     
   138.59999999999999        6.3200000000000003        18.065652030951078     
   140.40000000000001        6.3200000000000003        22.310561793763604     
   142.20000000000002        6.3200000000000003        26.754861374896191     
   144.00000000000000        6.3200000000000003        31.369722678888774     
   145.79999999999998        6.3200000000000003        36.130659207150970     
   147.59999999999999        6.3200000000000003        41.011106071971135     
   149.40000000000003        6.3200000000000003        45.982088212925355     
   151.20000000000002        6.3200000000000003        51.019489739068938     
   153.00000000000000        6.3200000000000003        56.095811004716964     
   154.79999999999998        6.3200000000000003        61.192756072895499     
   156.59999999999997        6.3200000000000003        66.269541515625235     
   158.39999999999998        6.3200000000000003        71.298182328655727     
   160.20000000000002        6.3200000000000003        76.239520274451195     
   162.00000000000000        6.3200000000000003        81.038904099594603     
   163.79999999999998        6.3200000000000003        85.661810508843033     
   165.59999999999999        6.3200000000000003        90.036463081725458     
   167.40000000000001        6.3200000000000003        94.102858950587503     
   169.19999999999999        6.3200000000000003        97.802299432626540     
   171.00000000000000        6.3200000000000003        101.06360015387564     
   172.80000000000001        6.3200000000000003        103.83399672848518     
   174.59999999999999        6.3200000000000003        106.04829687716450     
   176.40000000000001        6.3200000000000003        107.67062049842241     
   178.20000000000002        6.3200000000000003        109.10079318413949     
   180.00000000000000        6.3200000000000003        108.98839169875718     
   0.0000000000000000        6.4000000000000004        456.21499731413314     
   1.8000000000000003        6.4000000000000004        453.94782030277054     
   3.6000000000000005        6.4000000000000004        447.14620094658625     
   5.4000000000000004        6.4000000000000004        436.07341368725025     
   7.2000000000000011        6.4000000000000004        420.97796616917185     
   9.0000000000000000        6.4000000000000004        402.35284362959476     
   10.800000000000001        6.4000000000000004        380.63493148169863     
   12.600000000000001        6.4000000000000004        356.47425295044667     
   14.400000000000002        6.4000000000000004        330.40361179223612     
   16.200000000000003        6.4000000000000004        303.13565808894845     
   18.000000000000000        6.4000000000000004        275.25469196417833     
   19.799999999999997        6.4000000000000004        247.26291864863518     
   21.600000000000001        6.4000000000000004        219.84437093342621     
   23.400000000000002        6.4000000000000004        193.33940388131489     
   25.200000000000003        6.4000000000000004        168.14057342873272     
   27.000000000000000        6.4000000000000004        144.62245041672864     
   28.800000000000004        6.4000000000000004        122.89598913164546     
   30.600000000000005        6.4000000000000004        103.13174157567184     
   32.400000000000006        6.4000000000000004        85.384612914976046     
   34.199999999999996        6.4000000000000004        69.617742666452187     
   36.000000000000000        6.4000000000000004        55.745914404289884     
   37.800000000000004        6.4000000000000004        43.655249023542595     
   39.599999999999994        6.4000000000000004        33.204500529855949     
   41.399999999999999        6.4000000000000004        24.232559550795010     
   43.200000000000003        6.4000000000000004        16.560704520795895     
   45.000000000000000        6.4000000000000004        10.041031318965659     
   46.800000000000004        6.4000000000000004        4.5044729700020714     
   48.599999999999994        6.4000000000000004      -0.17253450826232530     
   50.400000000000006        6.4000000000000004       -4.1144976656929382     
   52.200000000000003        6.4000000000000004       -7.4203065062226701     
   54.000000000000000        6.4000000000000004       -10.167501525586793     
   55.799999999999997        6.4000000000000004       -12.429356097528071     
   57.600000000000009        6.4000000000000004       -14.260986774967893     
   59.400000000000013        6.4000000000000004       -15.712347168104285     
   61.200000000000010        6.4000000000000004       -16.828834406812174     
   63.000000000000000        6.4000000000000004       -17.653180525163254     
   64.800000000000011        6.4000000000000004       -18.228152496696215     
   66.600000000000009        6.4000000000000004       -18.597189585896690     
   68.399999999999991        6.4000000000000004       -18.804103179800592     
   70.200000000000003        6.4000000000000004       -18.891793945109082     
   72.000000000000000        6.4000000000000004       -18.901257531994847     
   73.799999999999997        6.4000000000000004       -18.870248326296860     
   75.600000000000009        6.4000000000000004       -18.830558979292078     
   77.399999999999991        6.4000000000000004       -18.807375022369545     
   79.199999999999989        6.4000000000000004       -18.817812775268234     
   81.000000000000000        6.4000000000000004       -18.870581125622923     
   82.799999999999997        6.4000000000000004       -18.966515083369632     
   84.599999999999994        6.4000000000000004       -19.098949847893532     
   86.400000000000006        6.4000000000000004       -19.255687173081878     
   88.200000000000003        6.4000000000000004       -19.420548990018823     
   90.000000000000000        6.4000000000000004       -19.575497294683807     
   91.799999999999997        6.4000000000000004       -19.702697837535375     
   93.600000000000009        6.4000000000000004       -19.786113474449813     
   95.400000000000006        6.4000000000000004       -19.813337547327951     
   97.199999999999989        6.4000000000000004       -19.775906379285935     
   99.000000000000014        6.4000000000000004       -19.669552576868067     
   100.80000000000001        6.4000000000000004       -19.494526380756032     
   102.59999999999999        6.4000000000000004       -19.253480833108192     
   104.40000000000001        6.4000000000000004       -18.951286399166577     
   106.19999999999999        6.4000000000000004       -18.592709465708680     
   108.00000000000000        6.4000000000000004       -18.181136028866298     
   109.80000000000000        6.4000000000000004       -17.716453119535519     
   111.59999999999999        6.4000000000000004       -17.195144955535611     
   113.40000000000001        6.4000000000000004       -16.608361440854033     
   115.20000000000002        6.4000000000000004       -15.941863385264943     
   117.00000000000000        6.4000000000000004       -15.177386512111569     
   118.80000000000003        6.4000000000000004       -14.292639469856923     
   120.60000000000001        6.4000000000000004       -13.263087487590699     
   122.40000000000002        6.4000000000000004       -12.062416881489469     
   124.20000000000000        6.4000000000000004       -10.667129603944543     
   126.00000000000000        6.4000000000000004       -9.0556878184887921     
   127.80000000000001        6.4000000000000004       -7.2102298446186133     
   129.60000000000002        6.4000000000000004       -5.1205491347060148     
   131.40000000000001        6.4000000000000004       -2.7798019516852523     
   133.20000000000002        6.4000000000000004      -0.18863440901711326     
   135.00000000000000        6.4000000000000004        2.6429198340242750     
   136.79999999999998        6.4000000000000004        5.7063177943427039     
   138.59999999999999        6.4000000000000004        8.9807258775211292     
   140.40000000000001        6.4000000000000004        12.447845759838591     
   142.20000000000002        6.4000000000000004        16.084681818221974     
   144.00000000000000        6.4000000000000004        19.867564901519991     
   145.79999999999998        6.4000000000000004        23.776354955339638     
   147.59999999999999        6.4000000000000004        27.789056986565672     
   149.40000000000003        6.4000000000000004        31.881536830776881     
   151.20000000000002        6.4000000000000004        36.033631312173753     
   153.00000000000000        6.4000000000000004        40.222258859192578     
   154.79999999999998        6.4000000000000004        44.431987943388499     
   156.59999999999997        6.4000000000000004        48.628522255338446     
   158.39999999999998        6.4000000000000004        52.788281855941413     
   160.20000000000002        6.4000000000000004        56.878353304306735     
   162.00000000000000        6.4000000000000004        60.852925484052065     
   163.79999999999998        6.4000000000000004        64.683034926778220     
   165.59999999999999        6.4000000000000004        68.308686575553125     
   167.40000000000001        6.4000000000000004        71.679772732158924     
   169.19999999999999        6.4000000000000004        74.747318979572100     
   171.00000000000000        6.4000000000000004        77.451997678658955     
   172.80000000000001        6.4000000000000004        79.749855236267848     
   174.59999999999999        6.4000000000000004        81.586622533015273     
   176.40000000000001        6.4000000000000004        82.932440127182403     
   178.20000000000002        6.4000000000000004        84.117482169406642     
   180.00000000000000        6.4000000000000004        84.025655683100112     
   0.0000000000000000        6.4800000000000004        364.72433441614857     
   1.8000000000000003        6.4800000000000004        362.86247210569894     
   3.6000000000000005        6.4800000000000004        357.27680550105680     
   5.4000000000000004        6.4800000000000004        348.18432967481584     
   7.2000000000000011        6.4800000000000004        335.78985099201759     
   9.0000000000000000        6.4800000000000004        320.49967486972554     
   10.800000000000001        6.4800000000000004        302.67383989357791     
   12.600000000000001        6.4800000000000004        282.84803314229009     
   14.400000000000002        6.4800000000000004        261.46128460250230     
   16.200000000000003        6.4800000000000004        239.10080480117261     
   18.000000000000000        6.4800000000000004        216.24795368115866     
   19.799999999999997        6.4800000000000004        193.31636731292977     
   21.600000000000001        6.4800000000000004        170.86942521590345     
   23.400000000000002        6.4800000000000004        149.18719530863453     
   25.200000000000003        6.4800000000000004        128.59265299243600     
   27.000000000000000        6.4800000000000004        109.39379863688126     
   28.800000000000004        6.4800000000000004        91.681338878079956     
   30.600000000000005        6.4800000000000004        75.594917372853956     
   32.400000000000006        6.4800000000000004        61.178764256767884     
   34.199999999999996        6.4800000000000004        48.401406993062970     
   36.000000000000000        6.4800000000000004        37.191437912338984     
   37.800000000000004        6.4800000000000004        27.453734993113738     
   39.599999999999994        6.4800000000000004        19.070551492087180     
   41.399999999999999        6.4800000000000004        11.907729813365771     
   43.200000000000003        6.4800000000000004        5.8166487829232238     
   45.000000000000000        6.4800000000000004       0.67393911262285588     
   46.800000000000004        6.4800000000000004       -3.6609629675745170     
   48.599999999999994        6.4800000000000004       -7.2913054736339840     
   50.400000000000006        6.4800000000000004       -10.320870091603666     
   52.200000000000003        6.4800000000000004       -12.832305081781204     
   54.000000000000000        6.4800000000000004       -14.890676011812566     
   55.799999999999997        6.4800000000000004       -16.557223996380543     
   57.600000000000009        6.4800000000000004       -17.878256196478432     
   59.400000000000013        6.4800000000000004       -18.895647817840334     
   61.200000000000010        6.4800000000000004       -19.647389415845787     
   63.000000000000000        6.4800000000000004       -20.169176785885000     
   64.800000000000011        6.4800000000000004       -20.496604072409447     
   66.600000000000009        6.4800000000000004       -20.665691210036591     
   68.399999999999991        6.4800000000000004       -20.712643001790671     
   70.200000000000003        6.4800000000000004       -20.672837114606068     
   72.000000000000000        6.4800000000000004       -20.580010893352707     
   73.799999999999997        6.4800000000000004       -20.465026026623793     
   75.600000000000009        6.4800000000000004       -20.353916547194231     
   77.399999999999991        6.4800000000000004       -20.267090895274755     
   79.199999999999989        6.4800000000000004       -20.218277332442550     
   81.000000000000000        6.4800000000000004       -20.214219709217883     
   82.799999999999997        6.4800000000000004       -20.255183708554085     
   84.599999999999994        6.4800000000000004       -20.335157158466419     
   86.400000000000006        6.4800000000000004       -20.443595436512783     
   88.200000000000003        6.4800000000000004       -20.566676729214880     
   90.000000000000000        6.4800000000000004       -20.688989688467313     
   91.799999999999997        6.4800000000000004       -20.795349275255873     
   93.600000000000009        6.4800000000000004       -20.872070884333663     
   95.400000000000006        6.4800000000000004       -20.908449163433936     
   97.199999999999989        6.4800000000000004       -20.897089140635554     
   99.000000000000014        6.4800000000000004       -20.834096422881803     
   100.80000000000001        6.4800000000000004       -20.719297080678309     
   102.59999999999999        6.4800000000000004       -20.554580210563035     
   104.40000000000001        6.4800000000000004       -20.343659901599072     
   106.19999999999999        6.4800000000000004       -20.090208414618381     
   108.00000000000000        6.4800000000000004       -19.796772478931455     
   109.80000000000000        6.4800000000000004       -19.463061906338456     
   111.59999999999999        6.4800000000000004       -19.085931180260420     
   113.40000000000001        6.4800000000000004       -18.657863694599200     
   115.20000000000002        6.4800000000000004       -18.166890521697074     
   117.00000000000000        6.4800000000000004       -17.597669151545013     
   118.80000000000003        6.4800000000000004       -16.931514460312350     
   120.60000000000001        6.4800000000000004       -16.147845817851117     
   122.40000000000002        6.4800000000000004       -15.224580854063960     
   124.20000000000000        6.4800000000000004       -14.141885303869794     
   126.00000000000000        6.4800000000000004       -12.881509015471993     
   127.80000000000001        6.4800000000000004       -11.428194110862336     
   129.60000000000002        6.4800000000000004       -9.7729539907921090     
   131.40000000000001        6.4800000000000004       -7.9095668758701665     
   133.20000000000002        6.4800000000000004       -5.8379745277666730     
   135.00000000000000        6.4800000000000004       -3.5658791426720149     
   136.79999999999998        6.4800000000000004       -1.0997708176544101     
   138.59999999999999        6.4800000000000004        1.5436565949949927     
   140.40000000000001        6.4800000000000004        4.3497553051848206     
   142.20000000000002        6.4800000000000004        7.2999132420837869     
   144.00000000000000        6.4800000000000004        10.374870720212556     
   145.79999999999998        6.4800000000000004        13.558215095779429     
   147.59999999999999        6.4800000000000004        16.831884872664201     
   149.40000000000003        6.4800000000000004        20.175923131388878     
   151.20000000000002        6.4800000000000004        23.573591174342919     
   153.00000000000000        6.4800000000000004        27.005633570252904     
   154.79999999999998        6.4800000000000004        30.459119076590110     
   156.59999999999997        6.4800000000000004        33.905338246011141     
   158.39999999999998        6.4800000000000004        37.324513552158074     
   160.20000000000002        6.4800000000000004        40.689092187279243     
   162.00000000000000        6.4800000000000004        43.960817717837294     
   163.79999999999998        6.4800000000000004        47.115483008801064     
   165.59999999999999        6.4800000000000004        50.103122268128644     
   167.40000000000001        6.4800000000000004        52.882043447576962     
   169.19999999999999        6.4800000000000004        55.411534596949373     
   171.00000000000000        6.4800000000000004        57.642331057592806     
   172.80000000000001        6.4800000000000004        59.537954247631163     
   174.59999999999999        6.4800000000000004        61.053395586888051     
   176.40000000000001        6.4800000000000004        62.163899325569837     
   178.20000000000002        6.4800000000000004        63.140449916648805     
   180.00000000000000        6.4800000000000004        63.066024833671612     
   0.0000000000000000        6.5600000000000005        289.79480828584218     
   1.8000000000000003        6.5600000000000005        288.26700879369190     
   3.6000000000000005        6.5600000000000005        283.68353792295670     
   5.4000000000000004        6.5600000000000005        276.22323036535062     
   7.2000000000000011        6.5600000000000005        266.05485783514553     
   9.0000000000000000        6.5600000000000005        253.51325116453273     
   10.800000000000001        6.5600000000000005        238.89508138930339     
   12.600000000000001        6.5600000000000005        222.64175241386940     
   14.400000000000002        6.5600000000000005        205.11496457926205     
   16.200000000000003        6.5600000000000005        186.79848296161845     
   18.000000000000000        6.5600000000000005        168.08877204913881     
   19.799999999999997        6.5600000000000005        149.32642059417034     
   21.600000000000001        6.5600000000000005        130.97529658361177     
   23.400000000000002        6.5600000000000005        113.26573714345137     
   25.200000000000003        6.5600000000000005        96.463319933567632     
   27.000000000000000        6.5600000000000005        80.821126801903105     
   28.800000000000004        6.5600000000000005        66.413152022069255     
   30.600000000000005        6.5600000000000005        53.353534416100239     
   32.400000000000006        6.5600000000000005        41.677690455646825     
   34.199999999999996        6.5600000000000005        31.358588168504049     
   36.000000000000000        6.5600000000000005        22.336212865397943     
   37.800000000000004        6.5600000000000005        14.530925028450168     
   39.599999999999994        6.5600000000000005        7.8443813257931865     
   41.399999999999999        6.5600000000000005        2.1646856743048617     
   43.200000000000003        6.5600000000000005       -2.6319145632598064     
   45.000000000000000        6.5600000000000005       -6.6485000715353646     
   46.800000000000004        6.5600000000000005       -10.002066101812435     
   48.599999999999994        6.5600000000000005       -12.779035383713463     
   50.400000000000006        6.5600000000000005       -15.066024370126961     
   52.200000000000003        6.5600000000000005       -16.932210163550408     
   54.000000000000000        6.5600000000000005       -18.432289943840708     
   55.799999999999997        6.5600000000000005       -19.617508432939207     
   57.600000000000009        6.5600000000000005       -20.526833836336813     
   59.400000000000013        6.5600000000000005       -21.195412093699300     
   61.200000000000010        6.5600000000000005       -21.655065465103000     
   63.000000000000000        6.5600000000000005       -21.935633445934961     
   64.800000000000011        6.5600000000000005       -22.066749710063835     
   66.600000000000009        6.5600000000000005       -22.078279363389377     
   68.399999999999991        6.5600000000000005       -22.000126868486937     
   70.200000000000003        6.5600000000000005       -21.861445222652510     
   72.000000000000000        6.5600000000000005       -21.689971499619833     
   73.799999999999997        6.5600000000000005       -21.510881329383974     
   75.600000000000009        6.5600000000000005       -21.345455658907820     
   77.399999999999991        6.5600000000000005       -21.210170198843027     
   79.199999999999989        6.5600000000000005       -21.115968977145506     
   81.000000000000000        6.5600000000000005       -21.067989218854212     
   82.799999999999997        6.5600000000000005       -21.066041238761230     
   84.599999999999994        6.5600000000000005       -21.104671353878715     
   86.400000000000006        6.5600000000000005       -21.174718155675471     
   88.200000000000003        6.5600000000000005       -21.264323059915952     
   90.000000000000000        6.5600000000000005       -21.360265140309831     
   91.799999999999997        6.5600000000000005       -21.449565991448377     
   93.600000000000009        6.5600000000000005       -21.520502939958522     
   95.400000000000006        6.5600000000000005       -21.563797642797233     
   97.199999999999989        6.5600000000000005       -21.572958233865812     
   99.000000000000014        6.5600000000000005       -21.544418726899750     
   100.80000000000001        6.5600000000000005       -21.477678238534466     
   102.59999999999999        6.5600000000000005       -21.374015542123669     
   104.40000000000001        6.5600000000000005       -21.236213157353387     
   106.19999999999999        6.5600000000000005       -21.067062763349323     
   108.00000000000000        6.5600000000000005       -20.868442482245062     
   109.80000000000000        6.5600000000000005       -20.639939641177129     
   111.59999999999999        6.5600000000000005       -20.378743506795697     
   113.40000000000001        6.5600000000000005       -20.078468311698806     
   115.20000000000002        6.5600000000000005       -19.729052665792349     
   117.00000000000000        6.5600000000000005       -19.317604767180420     
   118.80000000000003        6.5600000000000005       -18.828459072266934     
   120.60000000000001        6.5600000000000005       -18.244346383852523     
   122.40000000000002        6.5600000000000005       -17.546729125987891     
   124.20000000000000        6.5600000000000005       -16.718852944012646     
   126.00000000000000        6.5600000000000005       -15.745239563895629     
   127.80000000000001        6.5600000000000005       -14.612840031861563     
   129.60000000000002        6.5600000000000005       -13.313731757577269     
   131.40000000000001        6.5600000000000005       -11.842262486532071     
   133.20000000000002        6.5600000000000005       -10.197842622458838     
   135.00000000000000        6.5600000000000005       -8.3862875651803108     
   136.79999999999998        6.5600000000000005       -6.4124293363236724     
   138.59999999999999        6.5600000000000005       -4.2895579784437974     
   140.40000000000001        6.5600000000000005       -2.0293157405839999     
   142.20000000000002        6.5600000000000005       0.35331471725878061     
   144.00000000000000        6.5600000000000005        2.8427390840784215     
   145.79999999999998        6.5600000000000005        5.4256552073840290     
   147.59999999999999        6.5600000000000005        8.0872993636259611     
   149.40000000000003        6.5600000000000005        10.811228345780844     
   151.20000000000002        6.5600000000000005        13.583597644411533     
   153.00000000000000        6.5600000000000005        16.388385283737211     
   154.79999999999998        6.5600000000000005        19.214792180886594     
   156.59999999999997        6.5600000000000005        22.038802487107642     
   158.39999999999998        6.5600000000000005        24.843841832314475     
   160.20000000000002        6.5600000000000005        27.606844464863524     
   162.00000000000000        6.5600000000000005        30.295844287478410     
   163.79999999999998        6.5600000000000005        32.890599477854437     
   165.59999999999999        6.5600000000000005        35.349456248321566     
   167.40000000000001        6.5600000000000005        37.637689171530454     
   169.19999999999999        6.5600000000000005        39.721418158466413     
   171.00000000000000        6.5600000000000005        41.559687596324181     
   172.80000000000001        6.5600000000000005        43.122188095279554     
   174.59999999999999        6.5600000000000005        44.371547170026503     
   176.40000000000001        6.5600000000000005        45.287216858010922     
   178.20000000000002        6.5600000000000005        46.091277401956646     
   180.00000000000000        6.5600000000000005        46.031136073324411     
   0.0000000000000000        6.6400000000000006        226.60052082497882     
   1.8000000000000003        6.6400000000000006        225.35626879065245     
   3.6000000000000005        6.6400000000000006        221.62344664652852     
   5.4000000000000004        6.6400000000000006        215.54847982942658     
   7.2000000000000011        6.6400000000000006        207.26953633189993     
   9.0000000000000000        6.6400000000000006        197.06074372586417     
   10.800000000000001        6.6400000000000006        185.16495481806544     
   12.600000000000001        6.6400000000000006        171.94349730072261     
   14.400000000000002        6.6400000000000006        157.69239340245966     
   16.200000000000003        6.6400000000000006        142.80754766014644     
   18.000000000000000        6.6400000000000006        127.61331779506365     
   19.799999999999997        6.6400000000000006        112.38824800341322     
   21.600000000000001        6.6400000000000006        97.511682157443317     
   23.400000000000002        6.6400000000000006        83.171715050666336     
   25.200000000000003        6.6400000000000006        69.585169593290061     
   27.000000000000000        6.6400000000000006        56.958478599925790     
   28.800000000000004        6.6400000000000006        45.351441532504126     
   30.600000000000005        6.6400000000000006        34.856535995037376     
   32.400000000000006        6.6400000000000006        25.501698433584046     
   34.199999999999996        6.6400000000000006        17.263679803073916     
   36.000000000000000        6.6400000000000006        10.092159150965648     
   37.800000000000004        6.6400000000000006        3.9206704376693167     
   39.599999999999994        6.6400000000000006       -1.3326190911094160     
   41.399999999999999        6.6400000000000006       -5.7606604656560130     
   43.200000000000003        6.6400000000000006       -9.4660413837783715     
   45.000000000000000        6.6400000000000006       -12.534560082109582     
   46.800000000000004        6.6400000000000006       -15.063142063900557     
   48.599999999999994        6.6400000000000006       -17.123860495489637     
   50.400000000000006        6.6400000000000006       -18.788694691749281     
   52.200000000000003        6.6400000000000006       -20.115320616640069     
   54.000000000000000        6.6400000000000006       -21.149567312708239     
   55.799999999999997        6.6400000000000006       -21.934134924184676     
   57.600000000000009        6.6400000000000006       -22.501703523430784     
   59.400000000000013        6.6400000000000006       -22.881654778798165     
   61.200000000000010        6.6400000000000006       -23.100528648754146     
   63.000000000000000        6.6400000000000006       -23.183152264675897     
   64.800000000000011        6.6400000000000006       -23.154064906015272     
   66.600000000000009        6.6400000000000006       -23.037878919494837     
   68.399999999999991        6.6400000000000006       -22.859129079964841     
   70.200000000000003        6.6400000000000006       -22.641667835785565     
   72.000000000000000        6.6400000000000006       -22.408126751417516     
   73.799999999999997        6.6400000000000006       -22.178852853564699     
   75.600000000000009        6.6400000000000006       -21.971088557695708     
   77.399999999999991        6.6400000000000006       -21.797976553880993     
   79.199999999999989        6.6400000000000006       -21.668105555047170     
   81.000000000000000        6.6400000000000006       -21.585260865101766     
   82.799999999999997        6.6400000000000006       -21.548878779072105     
   84.599999999999994        6.6400000000000006       -21.553997634954854     
   86.400000000000006        6.6400000000000006       -21.592647753602701     
   88.200000000000003        6.6400000000000006       -21.654655221539461     
   90.000000000000000        6.6400000000000006       -21.728679955883504     
   91.799999999999997        6.6400000000000006       -21.803635956057576     
   93.600000000000009        6.6400000000000006       -21.869484780173728     
   95.400000000000006        6.6400000000000006       -21.918179381761590     
   97.199999999999989        6.6400000000000006       -21.944012075992671     
   99.000000000000014        6.6400000000000006       -21.943711811006935     
   100.80000000000001        6.6400000000000006       -21.916517381327541     
   102.59999999999999        6.6400000000000006       -21.863203701277808     
   104.40000000000001        6.6400000000000006       -21.785778339010434     
   106.19999999999999        6.6400000000000006       -21.686300895146719     
   108.00000000000000        6.6400000000000006       -21.566098863832330     
   109.80000000000000        6.6400000000000006       -21.424672796226869     
   111.59999999999999        6.6400000000000006       -21.259518445054177     
   113.40000000000001        6.6400000000000006       -21.065234030021887     
   115.20000000000002        6.6400000000000006       -20.833405263154255     
   117.00000000000000        6.6400000000000006       -20.553253826732441     
   118.80000000000003        6.6400000000000006       -20.211714491332671     
   120.60000000000001        6.6400000000000006       -19.794370433461342     
   122.40000000000002        6.6400000000000006       -19.285738572419945     
   124.20000000000000        6.6400000000000006       -18.671727157831231     
   126.00000000000000        6.6400000000000006       -17.939260716425618     
   127.80000000000001        6.6400000000000006       -17.077215979575623     
   129.60000000000002        6.6400000000000006       -16.078621153687973     
   131.40000000000001        6.6400000000000006       -14.938353803607175     
   133.20000000000002        6.6400000000000006       -13.655413918930240     
   135.00000000000000        6.6400000000000006       -12.234045038324691     
   136.79999999999998        6.6400000000000006       -10.677700708328469     
   138.59999999999999        6.6400000000000006       -8.9967910283823276     
   140.40000000000001        6.6400000000000006       -7.2004125060306041     
   142.20000000000002        6.6400000000000006       -5.3004573242033413     
   144.00000000000000        6.6400000000000006       -3.3093874452630843     
   145.79999999999998        6.6400000000000006       -1.2378380439840606     
   147.59999999999999        6.6400000000000006       0.90226674951141772     
   149.40000000000003        6.6400000000000006        3.0975186732926265     
   151.20000000000002        6.6400000000000006        5.3365832675304405     
   153.00000000000000        6.6400000000000006        7.6062435873681631     
   154.79999999999998        6.6400000000000006        9.8975641680756752     
   156.59999999999997        6.6400000000000006        12.190582357767482     
   158.39999999999998        6.6400000000000006        14.471496399371174     
   160.20000000000002        6.6400000000000006        16.721103808612202     
   162.00000000000000        6.6400000000000006        18.912829996186662     
   163.79999999999998        6.6400000000000006        21.029835592915159     
   165.59999999999999        6.6400000000000006        23.037562310329534     
   167.40000000000001        6.6400000000000006        24.907225630876290     
   169.19999999999999        6.6400000000000006        26.610765432828931     
   171.00000000000000        6.6400000000000006        28.114295682197444     
   172.80000000000001        6.6400000000000006        29.392753622375150     
   174.59999999999999        6.6400000000000006        30.415255840859327     
   176.40000000000001        6.6400000000000006        31.164829577888707     
   178.20000000000002        6.6400000000000006        31.821953410609311     
   180.00000000000000        6.6400000000000006        31.773885818847717     
   0.0000000000000000        6.7200000000000006        175.45178311523213     
   1.8000000000000003        6.7200000000000006        174.43917256654137     
   3.6000000000000005        6.7200000000000006        171.40128032083783     
   5.4000000000000004        6.7200000000000006        166.45802763337082     
   7.2000000000000011        6.7200000000000006        159.72255529702880     
   9.0000000000000000        6.7200000000000006        151.41934786606268     
   10.800000000000001        6.7200000000000006        141.74724599884473     
   12.600000000000001        6.7200000000000006        131.00209065918685     
   14.400000000000002        6.7200000000000006        119.42619247876081     
   16.200000000000003        6.7200000000000006        107.34360257234471     
   18.000000000000000        6.7200000000000006        95.019709202486411     
   19.799999999999997        6.7200000000000006        82.682316691733249     
   21.600000000000001        6.7200000000000006        70.641644398474085     
   23.400000000000002        6.7200000000000006        59.051243949223171     
   25.200000000000003        6.7200000000000006        48.088070412524921     
   27.000000000000000        6.7200000000000006        37.920413355196729     
   28.800000000000004        6.7200000000000006        28.596474919553490     
   30.600000000000005        6.7200000000000006        20.191033085900848     
   32.400000000000006        6.7200000000000006        12.725927810280167     
   34.199999999999996        6.7200000000000006        6.1810302736627962     
   36.000000000000000        6.7200000000000006       0.51397962332626002     
   37.800000000000004        6.7200000000000006       -4.3308778812004300     
   39.599999999999994        6.7200000000000006       -8.4218270647905840     
   41.399999999999999        6.7200000000000006       -11.836274025725272     
   43.200000000000003        6.7200000000000006       -14.659442523852748     
   45.000000000000000        6.7200000000000006       -16.962934026637264     
   46.800000000000004        6.7200000000000006       -18.827200478074722     
   48.599999999999994        6.7200000000000006       -20.312511174425481     
   50.400000000000006        6.7200000000000006       -21.478811111359970     
   52.200000000000003        6.7200000000000006       -22.374305770416136     
   54.000000000000000        6.7200000000000006       -23.037505014431922     
   55.799999999999997        6.7200000000000006       -23.504065116495124     
   57.600000000000009        6.7200000000000006       -23.801466604054600     
   59.400000000000013        6.7200000000000006       -23.954327389179571     
   61.200000000000010        6.7200000000000006       -23.984824045018424     
   63.000000000000000        6.7200000000000006       -23.913646347232078     
   64.800000000000011        6.7200000000000006       -23.761136080570658     
   66.600000000000009        6.7200000000000006       -23.547585721513698     
   68.399999999999991        6.7200000000000006       -23.293121573832082     
   70.200000000000003        6.7200000000000006       -23.017249098440452     
   72.000000000000000        6.7200000000000006       -22.738416921175901     
   73.799999999999997        6.7200000000000006       -22.473026691605142     
   75.600000000000009        6.7200000000000006       -22.235018392214275     
   77.399999999999991        6.7200000000000006       -22.034819043706623     
   79.199999999999989        6.7200000000000006       -21.879103574857254     
   81.000000000000000        6.7200000000000006       -21.770567571481262     
   82.799999999999997        6.7200000000000006       -21.708357294570174     
   84.599999999999994        6.7200000000000006       -21.687934801455445     
   86.400000000000006        6.7200000000000006       -21.702325319933529     
   88.200000000000003        6.7200000000000006       -21.742753147799604     
   90.000000000000000        6.7200000000000006       -21.799440266100053     
   91.799999999999997        6.7200000000000006       -21.862869411947859     
   93.600000000000009        6.7200000000000006       -21.924399947848570     
   95.400000000000006        6.7200000000000006       -21.977013469599058     
   97.199999999999989        6.7200000000000006       -22.015662507960148     
   99.000000000000014        6.7200000000000006       -22.037334489816722     
   100.80000000000001        6.7200000000000006       -22.041073848405937     
   102.59999999999999        6.7200000000000006       -22.027258423161665     
   104.40000000000001        6.7200000000000006       -21.997278791550883     
   106.19999999999999        6.7200000000000006       -21.952611946265307     
   108.00000000000000        6.7200000000000006       -21.894152667482658     
   109.80000000000000        6.7200000000000006       -21.821347964450979     
   111.59999999999999        6.7200000000000006       -21.731967335399453     
   113.40000000000001        6.7200000000000006       -21.621438287239979     
   115.20000000000002        6.7200000000000006       -21.482721979663314     
   117.00000000000000        6.7200000000000006       -21.306802874471128     
   118.80000000000003        6.7200000000000006       -21.082780823230639     
   120.60000000000001        6.7200000000000006       -20.798615080697044     
   122.40000000000002        6.7200000000000006       -20.441368370519744     
   124.20000000000000        6.7200000000000006       -19.999178036684373     
   126.00000000000000        6.7200000000000006       -19.460987397340940     
   127.80000000000001        6.7200000000000006       -18.817303172072538     
   129.60000000000002        6.7200000000000006       -18.061984139990699     
   131.40000000000001        6.7200000000000006       -17.190393164306851     
   133.20000000000002        6.7200000000000006       -16.201241402367540     
   135.00000000000000        6.7200000000000006       -15.097523178879337     
   136.79999999999998        6.7200000000000006       -13.881599909018046     
   138.59999999999999        6.7200000000000006       -12.561542107283655     
   140.40000000000001        6.7200000000000006       -11.144375540942237     
   142.20000000000002        6.7200000000000006       -9.6394604068499703     
   144.00000000000000        6.7200000000000006       -8.0566802518470109     
   145.79999999999998        6.7200000000000006       -6.4044659916912332     
   147.59999999999999        6.7200000000000006       -4.6923816558113272     
   149.40000000000003        6.7200000000000006       -2.9313024181978768     
   151.20000000000002        6.7200000000000006       -1.1304571441424085     
   153.00000000000000        6.7200000000000006       0.69929202794114242     
   154.79999999999998        6.7200000000000006        2.5505882236641821     
   156.59999999999997        6.7200000000000006        4.4068547356307120     
   158.39999999999998        6.7200000000000006        6.2566127141307053     
   160.20000000000002        6.7200000000000006        8.0838758036424032     
   162.00000000000000        6.7200000000000006        9.8665331269269849     
   163.79999999999998        6.7200000000000006        11.590566138511125     
   165.59999999999999        6.7200000000000006        13.227261450502889     
   167.40000000000001        6.7200000000000006        14.752721948270926     
   169.19999999999999        6.7200000000000006        16.143669108009078     
   171.00000000000000        6.7200000000000006        17.372015950154587     
   172.80000000000001        6.7200000000000006        18.417000975081685     
   174.59999999999999        6.7200000000000006        19.253055241870584     
   176.40000000000001        6.7200000000000006        19.866133428524410     
   178.20000000000002        6.7200000000000006        20.402631285347283     
   180.00000000000000        6.7200000000000006        20.364368146686424     
   0.0000000000000000        6.7999999999999998        133.09219920380161     
   1.8000000000000003        6.7999999999999998        132.27329723665900     
   3.6000000000000005        6.7999999999999998        129.81653553290900     
   5.4000000000000004        6.7999999999999998        125.81964417435736     
   7.2000000000000011        6.7999999999999998        120.37480992210276     
   9.0000000000000000        6.7999999999999998        113.66495297416890     
   10.800000000000001        6.7999999999999998        105.85206481524095     
   12.600000000000001        6.7999999999999998        97.177157092346349     
   14.400000000000002        6.7999999999999998        87.837570996100837     
   16.200000000000003        6.7999999999999998        78.097198809427638     
   18.000000000000000        6.7999999999999998        68.172058629516741     
   19.799999999999997        6.7999999999999998        58.247476350444472     
   21.600000000000001        6.7999999999999998        48.575801409867694     
   23.400000000000002        6.7999999999999998        39.281672040938467     
   25.200000000000003        6.7999999999999998        30.508674192522601     
   27.000000000000000        6.7999999999999998        22.393176004549783     
   28.800000000000004        6.7999999999999998        14.973687225061003     
   30.600000000000005        6.7999999999999998        8.3101890220174042     
   32.400000000000006        6.7999999999999998        2.4194440769996737     
   34.199999999999996        6.7999999999999998       -2.7160326259618008     
   36.000000000000000        6.7999999999999998       -7.1319014214232945     
   37.800000000000004        6.7999999999999998       -10.874722639233912     
   39.599999999999994        6.7999999999999998       -14.001392701803272     
   41.399999999999999        6.7999999999999998       -16.576253454898364     
   43.200000000000003        6.7999999999999998       -18.669940354525561     
   45.000000000000000        6.7999999999999998       -20.342111841341747     
   46.800000000000004        6.7999999999999998       -21.659375854034987     
   48.599999999999994        6.7999999999999998       -22.672060151809632     
   50.400000000000006        6.7999999999999998       -23.429981547021534     
   52.200000000000003        6.7999999999999998       -23.973363836805039     
   54.000000000000000        6.7999999999999998       -24.334535124621162     
   55.799999999999997        6.7999999999999998       -24.543210847292681     
   57.600000000000009        6.7999999999999998       -24.622473808159718     
   59.400000000000013        6.7999999999999998       -24.592915646797668     
   61.200000000000010        6.7999999999999998       -24.473027098851901     
   63.000000000000000        6.7999999999999998       -24.280005579414340     
   64.800000000000011        6.7999999999999998       -24.030655784282317     
   66.600000000000009        6.7999999999999998       -23.741636344042842     
   68.399999999999991        6.7999999999999998       -23.429371097596096     
   70.200000000000003        6.7999999999999998       -23.109718285818357     
   72.000000000000000        6.7999999999999998       -22.797620142430802     
   73.799999999999997        6.7999999999999998       -22.506179952693120     
   75.600000000000009        6.7999999999999998       -22.246574591327999     
   77.399999999999991        6.7999999999999998       -22.026967341566625     
   79.199999999999989        6.7999999999999998       -21.852442521916142     
   81.000000000000000        6.7999999999999998       -21.724797842386153     
   82.799999999999997        6.7999999999999998       -21.642951043415525     
   84.599999999999994        6.7999999999999998       -21.602737767226678     
   86.400000000000006        6.7999999999999998       -21.598034040377488     
   88.200000000000003        6.7999999999999998       -21.621252631413981     
   90.000000000000000        6.7999999999999998       -21.663943885039135     
   91.799999999999997        6.7999999999999998       -21.717921966964511     
   93.600000000000009        6.7999999999999998       -21.775733773317320     
   95.400000000000006        6.7999999999999998       -21.831240179892379     
   97.199999999999989        6.7999999999999998       -21.879961982944163     
   99.000000000000014        6.7999999999999998       -21.919116928172340     
   100.80000000000001        6.7999999999999998       -21.947601472507642     
   102.59999999999999        6.7999999999999998       -21.965472571169055     
   104.40000000000001        6.7999999999999998       -21.973617131099406     
   106.19999999999999        6.7999999999999998       -21.973036536402500     
   108.00000000000000        6.7999999999999998       -21.964276609803672     
   109.80000000000000        6.7999999999999998       -21.946752551478760     
   111.59999999999999        6.7999999999999998       -21.918480861940239     
   113.40000000000001        6.7999999999999998       -21.875602293541082     
   115.20000000000002        6.7999999999999998       -21.812251668655438     
   117.00000000000000        6.7999999999999998       -21.720916448146518     
   118.80000000000003        6.7999999999999998       -21.592539756588753     
   120.60000000000001        6.7999999999999998       -21.417104897577495     
   122.40000000000002        6.7999999999999998       -21.183844408264552     
   124.20000000000000        6.7999999999999998       -20.882803759810844     
   126.00000000000000        6.7999999999999998       -20.504660207236039     
   127.80000000000001        6.7999999999999998       -20.041330218681310     
   129.60000000000002        6.7999999999999998       -19.487411747536477     
   131.40000000000001        6.7999999999999998       -18.838717031481014     
   133.20000000000002        6.7999999999999998       -18.093754691622202     
   135.00000000000000        6.7999999999999998       -17.254504482092788     
   136.79999999999998        6.7999999999999998       -16.322443800405125     
   138.59999999999999        6.7999999999999998       -15.303699777299006     
   140.40000000000001        6.7999999999999998       -14.203576247636386     
   142.20000000000002        6.7999999999999998       -13.029313009153251     
   144.00000000000000        6.7999999999999998       -11.788624677450354     
   145.79999999999998        6.7999999999999998       -10.488081328985201     
   147.59999999999999        6.7999999999999998       -9.1352439826501470     
   149.40000000000003        6.7999999999999998       -7.7388292156041389     
   151.20000000000002        6.7999999999999998       -6.3062634972693798     
   153.00000000000000        6.7999999999999998       -4.8463911439053664     
   154.79999999999998        6.7999999999999998       -3.3652059209722558     
   156.59999999999997        6.7999999999999998       -1.8763939130817830     
   158.39999999999998        6.7999999999999998      -0.38944576594833569     
   160.20000000000002        6.7999999999999998        1.0823899796122269     
   162.00000000000000        6.7999999999999998        2.5207840025039308     
   163.79999999999998        6.7999999999999998        3.9141104435749621     
   165.59999999999999        6.7999999999999998        5.2385853074003252     
   167.40000000000001        6.7999999999999998        6.4744284141324249     
   169.19999999999999        6.7999999999999998        7.6023841940993018     
   171.00000000000000        6.7999999999999998        8.5992375590969559     
   172.80000000000001        6.7999999999999998        9.4478386264216798     
   174.59999999999999        6.7999999999999998        10.127076702049045     
   176.40000000000001        6.7999999999999998        10.625361744427753     
   178.20000000000002        6.7999999999999998        11.060515017310196     
   180.00000000000000        6.7999999999999998        11.030399952519852     
   0.0000000000000000        6.8799999999999999        98.048058311448770     
   1.8000000000000003        6.8799999999999999        97.391233538662959     
   3.6000000000000005        6.8799999999999999        95.420707689089795     
   5.4000000000000004        6.8799999999999999        92.215614982935350     
   7.2000000000000011        6.8799999999999999        87.850583606847238     
   9.0000000000000000        6.8799999999999999        82.473703979113381     
   10.800000000000001        6.8799999999999999        76.216089879096032     
   12.600000000000001        6.8799999999999999        69.272808487908108     
   14.400000000000002        6.8799999999999999        61.803520178113871     
   16.200000000000003        6.8799999999999999        54.021708923728823     
   18.000000000000000        6.8799999999999999        46.102027021880680     
   19.799999999999997        6.8799999999999999        38.194211490594604     
   21.600000000000001        6.8799999999999999        30.502127878091549     
   23.400000000000002        6.8799999999999999        23.126197885752010     
   25.200000000000003        6.8799999999999999        16.182060430324803     
   27.000000000000000        6.8799999999999999        9.7793543715199096     
   28.800000000000004        6.8799999999999999        3.9484896706858668     
   30.600000000000005        6.8799999999999999       -1.2629239427683827     
   32.400000000000006        6.8799999999999999       -5.8423462688647358     
   34.199999999999996        6.8799999999999999       -9.8050112056985075     
   36.000000000000000        6.8799999999999999       -13.180924733265257     
   37.800000000000004        6.8799999999999999       -16.008983454353384     
   39.599999999999994        6.8799999999999999       -18.336493263823964     
   41.399999999999999        6.8799999999999999       -20.216798398178721     
   43.200000000000003        6.8799999999999999       -21.708259890265442     
   45.000000000000000        6.8799999999999999       -22.860472413349200     
   46.800000000000004        6.8799999999999999       -23.728394237337547     
   48.599999999999994        6.8799999999999999       -24.353966480547985     
   50.400000000000006        6.8799999999999999       -24.778470440212754     
   52.200000000000003        6.8799999999999999       -25.035393377319206     
   54.000000000000000        6.8799999999999999       -25.151834191902399     
   55.799999999999997        6.8799999999999999       -25.152491832952332     
   57.600000000000009        6.8799999999999999       -25.056724539728947     
   59.400000000000013        6.8799999999999999       -24.881717158319233     
   61.200000000000010        6.8799999999999999       -24.642843858966359     
   63.000000000000000        6.8799999999999999       -24.354351504260404     
   64.800000000000011        6.8799999999999999       -24.030061948185445     
   66.600000000000009        6.8799999999999999       -23.683575108661618     
   68.399999999999991        6.8799999999999999       -23.328203649622036     
   70.200000000000003        6.8799999999999999       -22.976744233921927     
   72.000000000000000        6.8799999999999999       -22.641198578625687     
   73.799999999999997        6.8799999999999999       -22.331912241733693     
   75.600000000000009        6.8799999999999999       -22.057749743836901     
   77.399999999999991        6.8799999999999999       -21.824988001998143     
   79.199999999999989        6.8799999999999999       -21.637390509791057     
   81.000000000000000        6.8799999999999999       -21.496017133442916     
   82.799999999999997        6.8799999999999999       -21.399608367930551     
   84.599999999999994        6.8799999999999999       -21.344331305799745     
   86.400000000000006        6.8799999999999999       -21.324792236439428     
   88.200000000000003        6.8799999999999999       -21.334417039499176     
   90.000000000000000        6.8799999999999999       -21.365888822136995     
   91.799999999999997        6.8799999999999999       -21.412154574166781     
   93.600000000000009        6.8799999999999999       -21.466772565626798     
   95.400000000000006        6.8799999999999999       -21.524357375155972     
   97.199999999999989        6.8799999999999999       -21.580920340068573     
   99.000000000000014        6.8799999999999999       -21.633884913631743     
   100.80000000000001        6.8799999999999999       -21.682036920450695     
   102.59999999999999        6.8799999999999999       -21.725174647384378     
   104.40000000000001        6.8799999999999999       -21.763774301276644     
   106.19999999999999        6.8799999999999999       -21.798449269137258     
   108.00000000000000        6.8799999999999999       -21.829464482411264     
   109.80000000000000        6.8799999999999999       -21.856219552199104     
   111.59999999999999        6.8799999999999999       -21.876953501263387     
   113.40000000000001        6.8799999999999999       -21.888421208846911     
   115.20000000000002        6.8799999999999999       -21.885760270809122     
   117.00000000000000        6.8799999999999999       -21.862741640904897     
   118.80000000000003        6.8799999999999999       -21.811880233978549     
   120.60000000000001        6.8799999999999999       -21.724886495373717     
   122.40000000000002        6.8799999999999999       -21.592845622094309     
   124.20000000000000        6.8799999999999999       -21.407439960704615     
   126.00000000000000        6.8799999999999999       -21.160839500899858     
   127.80000000000001        6.8799999999999999       -20.846183187740273     
   129.60000000000002        6.8799999999999999       -20.458728792292270     
   131.40000000000001        6.8799999999999999       -19.994704957813944     
   133.20000000000002        6.8799999999999999       -19.452487386494582     
   135.00000000000000        6.8799999999999999       -18.833235725771686     
   136.79999999999998        6.8799999999999999       -18.137715698759639     
   138.59999999999999        6.8799999999999999       -17.370442227434307     
   140.40000000000001        6.8799999999999999       -16.535289162819076     
   142.20000000000002        6.8799999999999999       -15.637721634880922     
   144.00000000000000        6.8799999999999999       -14.683630306275182     
   145.79999999999998        6.8799999999999999       -13.678014773750688     
   147.59999999999999        6.8799999999999999       -12.626735972135631     
   149.40000000000003        6.8799999999999999       -11.536670228600284     
   151.20000000000002        6.8799999999999999       -10.413700443881577     
   153.00000000000000        6.8799999999999999       -9.2649404682284651     
   154.79999999999998        6.8799999999999999       -8.0952063431102648     
   156.59999999999997        6.8799999999999999       -6.9157129476194923     
   158.39999999999998        6.8799999999999999       -5.7342468237395439     
   160.20000000000002        6.8799999999999999       -4.5617221646624166     
   162.00000000000000        6.8799999999999999       -3.4132593660033650     
   163.79999999999998        6.8799999999999999       -2.2984513919565859     
   165.59999999999999        6.8799999999999999       -1.2369182404139023     
   167.40000000000001        6.8799999999999999      -0.24496668773067362     
   169.19999999999999        6.8799999999999999       0.66153759752429175     
   171.00000000000000        6.8799999999999999        1.4634786204841963     
   172.80000000000001        6.8799999999999999        2.1467434975419586     
   174.59999999999999        6.8799999999999999        2.6939668699206827     
   176.40000000000001        6.8799999999999999        3.0956208771876894     
   178.20000000000002        6.8799999999999999        3.4455572563119579     
   180.00000000000000        6.8799999999999999        3.4222111846126553     
   0.0000000000000000        6.9600000000000000        69.844338800670073     
   1.8000000000000003        6.9600000000000000        69.319936198984038     
   3.6000000000000005        6.9600000000000000        67.746680646285995     
   5.4000000000000004        6.9600000000000000        65.188480538364828     
   7.2000000000000011        6.9600000000000000        61.705588249461094     
   9.0000000000000000        6.9600000000000000        57.417577208152380     
   10.800000000000001        6.9600000000000000        52.430281150946016     
   12.600000000000001        6.9600000000000000        46.901151657748088     
   14.400000000000002        6.9600000000000000        40.959001198689151     
   16.200000000000003        6.9600000000000000        34.776046638664582     
   18.000000000000000        6.9600000000000000        28.493079314375692     
   19.799999999999997        6.9600000000000000        22.230707580224415     
   21.600000000000001        6.9600000000000000        16.153114533735110     
   23.400000000000002        6.9600000000000000        10.340911108449145     
   25.200000000000003        6.9600000000000000        4.8868754497232914     
   27.000000000000000        6.9600000000000000      -0.12121143028825521     
   28.800000000000004        6.9600000000000000       -4.6595427987637308     
   30.600000000000005        6.9600000000000000       -8.6906024865832769     
   32.400000000000006        6.9600000000000000       -12.205267481827137     
   34.199999999999996        6.9600000000000000       -15.216885246326276     
   36.000000000000000        6.9600000000000000       -17.750785218134432     
   37.800000000000004        6.9600000000000000       -19.839538181772134     
   39.599999999999994        6.9600000000000000       -21.522543337448585     
   41.399999999999999        6.9600000000000000       -22.844084022375768     
   43.200000000000003        6.9600000000000000       -23.852416481676151     
   45.000000000000000        6.9600000000000000       -24.588834317929702     
   46.800000000000004        6.9600000000000000       -25.098705642937830     
   48.599999999999994        6.9600000000000000       -25.417045269694942     
   50.400000000000006        6.9600000000000000       -25.578095730007817     
   52.200000000000003        6.9600000000000000       -25.609779088960710     
   54.000000000000000        6.9600000000000000       -25.534862430200015     
   55.799999999999997        6.9600000000000000       -25.373899439011282     
   57.600000000000009        6.9600000000000000       -25.143159518757660     
   59.400000000000013        6.9600000000000000       -24.857006027171060     
   61.200000000000010        6.9600000000000000       -24.528234556856848     
   63.000000000000000        6.9600000000000000       -24.168653345343600     
   64.800000000000011        6.9600000000000000       -23.789624584535208     
   66.600000000000009        6.9600000000000000       -23.402231769390621     
   68.399999999999991        6.9600000000000000       -23.017233324634585     
   70.200000000000003        6.9600000000000000       -22.644915543775046     
   72.000000000000000        6.9600000000000000       -22.294871906220546     
   73.799999999999997        6.9600000000000000       -21.975198189385004     
   75.600000000000009        6.9600000000000000       -21.692870193632331     
   77.399999999999991        6.9600000000000000       -21.452632724335192     
   79.199999999999989        6.9600000000000000       -21.257181597831888     
   81.000000000000000        6.9600000000000000       -21.106988809038061     
   82.799999999999997        6.9600000000000000       -21.000665525226054     
   84.599999999999994        6.9600000000000000       -20.934670267440563     
   86.400000000000006        6.9600000000000000       -20.904226024406249     
   88.200000000000003        6.9600000000000000       -20.903606727507707     
   90.000000000000000        6.9600000000000000       -20.926443928125554     
   91.799999999999997        6.9600000000000000       -20.966630348807278     
   93.600000000000009        6.9600000000000000       -21.018569509670904     
   95.400000000000006        6.9600000000000000       -21.077510799516084     
   97.199999999999989        6.9600000000000000       -21.139882094036906     
   99.000000000000014        6.9600000000000000       -21.203288305359386     
   100.80000000000001        6.9600000000000000       -21.266438264634719     
   102.59999999999999        6.9600000000000000       -21.328928607137733     
   104.40000000000001        6.9600000000000000       -21.390910468073692     
   106.19999999999999        6.9600000000000000       -21.452689749768400     
   108.00000000000000        6.9600000000000000       -21.514312481468227     
   109.80000000000000        6.9600000000000000       -21.575175916037090     
   111.59999999999999        6.9600000000000000       -21.633716297891503     
   113.40000000000001        6.9600000000000000       -21.687207128897782     
   115.20000000000002        6.9600000000000000       -21.731625635622894     
   117.00000000000000        6.9600000000000000       -21.761817183488063     
   118.80000000000003        6.9600000000000000       -21.771610337187170     
   120.60000000000001        6.9600000000000000       -21.754160406179953     
   122.40000000000002        6.9600000000000000       -21.702103656541208     
   124.20000000000000        6.9600000000000000       -21.608500724924095     
   126.00000000000000        6.9600000000000000       -21.466783835686446     
   127.80000000000001        6.9600000000000000       -21.271134513210907     
   129.60000000000002        6.9600000000000000       -21.017392140103702     
   131.40000000000001        6.9600000000000000       -20.702167198822842     
   133.20000000000002        6.9600000000000000       -20.323764828746260     
   135.00000000000000        6.9600000000000000       -19.882705256225051     
   136.79999999999998        6.9600000000000000       -19.379202483580567     
   138.59999999999999        6.9600000000000000       -18.816470320387321     
   140.40000000000001        6.9600000000000000       -18.197227283591026     
   142.20000000000002        6.9600000000000000       -17.525490521439625     
   144.00000000000000        6.9600000000000000       -16.805653855467739     
   145.79999999999998        6.9600000000000000       -16.041422831369083     
   147.59999999999999        6.9600000000000000       -15.237247846122582     
   149.40000000000003        6.9600000000000000       -14.398470054841969     
   151.20000000000002        6.9600000000000000       -13.529678008604211     
   153.00000000000000        6.9600000000000000       -12.636531534934246     
   154.79999999999998        6.9600000000000000       -11.722849042627280     
   156.59999999999997        6.9600000000000000       -10.797774714497837     
   158.39999999999998        6.9600000000000000       -9.8676630343069860     
   160.20000000000002        6.9600000000000000       -8.9414775124949504     
   162.00000000000000        6.9600000000000000       -8.0316711509837013     
   163.79999999999998        6.9600000000000000       -7.1461447046881670     
   165.59999999999999        6.9600000000000000       -6.3010746006405158     
   167.40000000000001        6.9600000000000000       -5.5098992628048533     
   169.19999999999999        6.9600000000000000       -4.7856889905108178     
   171.00000000000000        6.9600000000000000       -4.1441854854474176     
   172.80000000000001        6.9600000000000000       -3.5970033303354176     
   174.59999999999999        6.9600000000000000       -3.1584303320674585     
   176.40000000000001        6.9600000000000000       -2.8363003482088986     
   178.20000000000002        6.9600000000000000       -2.5564003117969785     
   180.00000000000000        6.9600000000000000       -2.5742674170801347     
   0.0000000000000000        7.0400000000000000        46.631433638078732     
   1.8000000000000003        7.0400000000000000        46.217748779559415     
   3.6000000000000005        7.0400000000000000        44.976649883362093     
   5.4000000000000004        7.0400000000000000        42.959286016310877     
   7.2000000000000011        7.0400000000000000        40.213863197032751     
   9.0000000000000000        7.0400000000000000        36.836058233772889     
   10.800000000000001        7.0400000000000000        32.910521881855573     
   12.600000000000001        7.0400000000000000        28.563186330480509     
   14.400000000000002        7.0400000000000000        23.897017626750152     
   16.200000000000003        7.0400000000000000        19.049656778730558     
   18.000000000000000        7.0400000000000000        14.133527985228159     
   19.799999999999997        7.0400000000000000        9.2448403825610530     
   21.600000000000001        7.0400000000000000        4.5145382355874695     
   23.400000000000002        7.0400000000000000        6.6479676094049756E-003
   25.200000000000003        7.0400000000000000       -4.2051883617084123     
   27.000000000000000        7.0400000000000000       -8.0514797705404284     
   28.800000000000004        7.0400000000000000       -11.513925504824952     
   30.600000000000005        7.0400000000000000       -14.563433499379586     
   32.400000000000006        7.0400000000000000       -17.193706528862741     
   34.199999999999996        7.0400000000000000       -19.416470933238795     
   36.000000000000000        7.0400000000000000       -21.253094057083516     
   37.800000000000004        7.0400000000000000       -22.730799265273991     
   39.599999999999994        7.0400000000000000       -23.882311149329915     
   41.399999999999999        7.0400000000000000       -24.744269897415538     
   43.200000000000003        7.0400000000000000       -25.356415882137519     
   45.000000000000000        7.0400000000000000       -25.753033049306090     
   46.800000000000004        7.0400000000000000       -25.971408796481530     
   48.599999999999994        7.0400000000000000       -26.040702747719994     
   50.400000000000006        7.0400000000000000       -25.989216955691656     
   52.200000000000003        7.0400000000000000       -25.840168617562060     
   54.000000000000000        7.0400000000000000       -25.612653029248875     
   55.799999999999997        7.0400000000000000       -25.323719549925332     
   57.600000000000009        7.0400000000000000       -24.987017329257252     
   59.400000000000013        7.0400000000000000       -24.614519795789853     
   61.200000000000010        7.0400000000000000       -24.216840701103749     
   63.000000000000000        7.0400000000000000       -23.803727104483158     
   64.800000000000011        7.0400000000000000       -23.384466930669024     
   66.600000000000009        7.0400000000000000       -22.968026306221546     
   68.399999999999991        7.0400000000000000       -22.563018843051122     
   70.200000000000003        7.0400000000000000       -22.177625408068426     
   72.000000000000000        7.0400000000000000       -21.819422057471968     
   73.799999999999997        7.0400000000000000       -21.494627283564075     
   75.600000000000009        7.0400000000000000       -21.208638952714804     
   77.399999999999991        7.0400000000000000       -20.964929308070179     
   79.199999999999989        7.0400000000000000       -20.765311853249710     
   81.000000000000000        7.0400000000000000       -20.609780341140603     
   82.799999999999997        7.0400000000000000       -20.496851474141327     
   84.599999999999994        7.0400000000000000       -20.423245407569620     
   86.400000000000006        7.0400000000000000       -20.384718184927721     
   88.200000000000003        7.0400000000000000       -20.376270386262664     
   90.000000000000000        7.0400000000000000       -20.392346298913214     
   91.799999999999997        7.0400000000000000       -20.427646696926448     
   93.600000000000009        7.0400000000000000       -20.477297983197747     
   95.400000000000006        7.0400000000000000       -20.537096437096761     
   97.199999999999989        7.0400000000000000       -20.603831462651105     
   99.000000000000014        7.0400000000000000       -20.675270836042856     
   100.80000000000001        7.0400000000000000       -20.750070038187008     
   102.59999999999999        7.0400000000000000       -20.827664879610165     
   104.40000000000001        7.0400000000000000       -20.907943027893232     
   106.19999999999999        7.0400000000000000       -20.990960694965150     
   108.00000000000000        7.0400000000000000       -21.076589082192942     
   109.80000000000000        7.0400000000000000       -21.164231351189123     
   111.59999999999999        7.0400000000000000       -21.252500704245673     
   113.40000000000001        7.0400000000000000       -21.339117424532560     
   115.20000000000002        7.0400000000000000       -21.420776722462051     
   117.00000000000000        7.0400000000000000       -21.493242782367265     
   118.80000000000003        7.0400000000000000       -21.551466035946117     
   120.60000000000001        7.0400000000000000       -21.589836942323025     
   122.40000000000002        7.0400000000000000       -21.602318709494998     
   124.20000000000000        7.0400000000000000       -21.583157555939387     
   126.00000000000000        7.0400000000000000       -21.526875710288568     
   127.80000000000001        7.0400000000000000       -21.428562102700262     
   129.60000000000002        7.0400000000000000       -21.284577367452375     
   131.40000000000001        7.0400000000000000       -21.091885525298871     
   133.20000000000002        7.0400000000000000       -20.848764357826518     
   135.00000000000000        7.0400000000000000       -20.555225466767968     
   136.79999999999998        7.0400000000000000       -20.211046766298551     
   138.59999999999999        7.0400000000000000       -19.818368926274132     
   140.40000000000001        7.0400000000000000       -19.378956682319217     
   142.20000000000002        7.0400000000000000       -18.895620085245969     
   144.00000000000000        7.0400000000000000       -18.371498189787228     
   145.79999999999998        7.0400000000000000       -17.809207871225293     
   147.59999999999999        7.0400000000000000       -17.212005015432943     
   149.40000000000003        7.0400000000000000       -16.583923861646067     
   151.20000000000002        7.0400000000000000       -15.928445954919621     
   153.00000000000000        7.0400000000000000       -15.249984786425701     
   154.79999999999998        7.0400000000000000       -14.551497709963281     
   156.59999999999997        7.0400000000000000       -13.840357039887531     
   158.39999999999998        7.0400000000000000       -13.121688744527656     
   160.20000000000002        7.0400000000000000       -12.402790754909098     
   162.00000000000000        7.0400000000000000       -11.693848880819539     
   163.79999999999998        7.0400000000000000       -11.001323767881038     
   165.59999999999999        7.0400000000000000       -10.338478136941657     
   167.40000000000001        7.0400000000000000       -9.7163265561318291     
   169.19999999999999        7.0400000000000000       -9.1455802165947198     
   171.00000000000000        7.0400000000000000       -8.6391376362987469     
   172.80000000000001        7.0400000000000000       -8.2065096580709369     
   174.59999999999999        7.0400000000000000       -7.8593952140768533     
   176.40000000000001        7.0400000000000000       -7.6042035565610604     
   178.20000000000002        7.0400000000000000       -7.3831798411021179     
   180.00000000000000        7.0400000000000000       -7.3965096053792827     
   0.0000000000000000        7.1200000000000001        28.293473440874699     
   1.8000000000000003        7.1200000000000001        27.969218918113683     
   3.6000000000000005        7.1200000000000001        26.996414102028549     
   5.4000000000000004        7.1200000000000001        25.415868326888756     
   7.2000000000000011        7.1200000000000001        23.266026429249564     
   9.0000000000000000        7.1200000000000001        20.623201185270798     
   10.800000000000001        7.1200000000000001        17.554879653816279     
   12.600000000000001        7.1200000000000001        14.161455214868486     
   14.400000000000002        7.1200000000000001        10.524954246465740     
   16.200000000000003        7.1200000000000001        6.7550065673759230     
   18.000000000000000        7.1200000000000001        2.9410593763971025     
   19.799999999999997        7.1200000000000001      -0.84043700489906348     
   21.600000000000001        7.1200000000000001       -4.4854546927724090     
   23.400000000000002        7.1200000000000001       -7.9433857120803948     
   25.200000000000003        7.1200000000000001       -11.156068830701876     
   27.000000000000000        7.1200000000000001       -14.068801514009044     
   28.800000000000004        7.1200000000000001       -16.667711446509298     
   30.600000000000005        7.1200000000000001       -18.930491604283141     
   32.400000000000006        7.1200000000000001       -20.853089334799918     
   34.199999999999996        7.1200000000000001       -22.445869458875983     
   36.000000000000000        7.1200000000000001       -23.726937793905790     
   37.800000000000004        7.1200000000000001       -24.719130166720255     
   39.599999999999994        7.1200000000000001       -25.449705768158402     
   41.399999999999999        7.1200000000000001       -25.949053489900631     
   43.200000000000003        7.1200000000000001       -26.249958138963727     
   45.000000000000000        7.1200000000000001       -26.380962834045672     
   46.800000000000004        7.1200000000000001       -26.372757493816831     
   48.599999999999994        7.1200000000000001       -26.249700083002470     
   50.400000000000006        7.1200000000000001       -26.035232657901819     
   52.200000000000003        7.1200000000000001       -25.748714769515630     
   54.000000000000000        7.1200000000000001       -25.406220852063438     
   55.799999999999997        7.1200000000000001       -25.021928020107591     
   57.600000000000009        7.1200000000000001       -24.607328212861841     
   59.400000000000013        7.1200000000000001       -24.172431469792588     
   61.200000000000010        7.1200000000000001       -23.726061863743446     
   63.000000000000000        7.1200000000000001       -23.276278294146937     
   64.800000000000011        7.1200000000000001       -22.830674931163209     
   66.600000000000009        7.1200000000000001       -22.396494106387038     
   68.399999999999991        7.1200000000000001       -21.980608008901285     
   70.200000000000003        7.1200000000000001       -21.589490782943198     
   72.000000000000000        7.1200000000000001       -21.229085633058919     
   73.799999999999997        7.1200000000000001       -20.904099797276686     
   75.600000000000009        7.1200000000000001       -20.618658754220487     
   77.399999999999991        7.1200000000000001       -20.375216947924784     
   79.199999999999989        7.1200000000000001       -20.174887367024535     
   81.000000000000000        7.1200000000000001       -20.017292783712811     
   82.799999999999997        7.1200000000000001       -19.900889285542736     
   84.599999999999994        7.1200000000000001       -19.822628751508521     
   86.400000000000006        7.1200000000000001       -19.778717532210766     
   88.200000000000003        7.1200000000000001       -19.764763006273807     
   90.000000000000000        7.1200000000000001       -19.775888087736142     
   91.799999999999997        7.1200000000000001       -19.807465649896603     
   93.600000000000009        7.1200000000000001       -19.855224038255823     
   95.400000000000006        7.1200000000000001       -19.915419160818868     
   97.199999999999989        7.1200000000000001       -19.985147065265632     
   99.000000000000014        7.1200000000000001       -20.062319258946079     
   100.80000000000001        7.1200000000000001       -20.145560043047514     
   102.59999999999999        7.1200000000000001       -20.234183542235552     
   104.40000000000001        7.1200000000000001       -20.327873295987239     
   106.19999999999999        7.1200000000000001       -20.426491362748770     
   108.00000000000000        7.1200000000000001       -20.529776003281388     
   109.80000000000000        7.1200000000000001       -20.637142916259140     
   111.59999999999999        7.1200000000000001       -20.747360488622824     
   113.40000000000001        7.1200000000000001       -20.858523184524699     
   115.20000000000002        7.1200000000000001       -20.967922377214581     
   117.00000000000000        7.1200000000000001       -21.072085536351253     
   118.80000000000003        7.1200000000000001       -21.166893579190781     
   120.60000000000001        7.1200000000000001       -21.247762807572482     
   122.40000000000002        7.1200000000000001       -21.309759590231504     
   124.20000000000000        7.1200000000000001       -21.348122654853899     
   126.00000000000000        7.1200000000000001       -21.358291144770469     
   127.80000000000001        7.1200000000000001       -21.336124660564412     
   129.60000000000002        7.1200000000000001       -21.278442145291830     
   131.40000000000001        7.1200000000000001       -21.182529795723184     
   133.20000000000002        7.1200000000000001       -21.046677437867498     
   135.00000000000000        7.1200000000000001       -20.870514467480060     
   136.79999999999998        7.1200000000000001       -20.653494276166985     
   138.59999999999999        7.1200000000000001       -20.396908074841608     
   140.40000000000001        7.1200000000000001       -20.101764879839177     
   142.20000000000002        7.1200000000000001       -19.769905692433532     
   144.00000000000000        7.1200000000000001       -19.403455015989177     
   145.79999999999998        7.1200000000000001       -19.004145736310832     
   147.59999999999999        7.1200000000000001       -18.574255549263093     
   149.40000000000003        7.1200000000000001       -18.116741104105913     
   151.20000000000002        7.1200000000000001       -17.634166125064525     
   153.00000000000000        7.1200000000000001       -17.129907428755576     
   154.79999999999998        7.1200000000000001       -16.606200561313493     
   156.59999999999997        7.1200000000000001       -16.068945552725047     
   158.39999999999998        7.1200000000000001       -15.522244532559048     
   160.20000000000002        7.1200000000000001       -14.972014466589499     
   162.00000000000000        7.1200000000000001       -14.426571094196200     
   163.79999999999998        7.1200000000000001       -13.891185472212351     
   165.59999999999999        7.1200000000000001       -13.376729619804625     
   167.40000000000001        7.1200000000000001       -12.892232422350776     
   169.19999999999999        7.1200000000000001       -12.446475452795896     
   171.00000000000000        7.1200000000000001       -12.050036086257375     
   172.80000000000001        7.1200000000000001       -11.710709045994845     
   174.59999999999999        7.1200000000000001       -11.438083990249220     
   176.40000000000001        7.1200000000000001       -11.237409921095763     
   178.20000000000002        7.1200000000000001       -11.064258707160704     
   180.00000000000000        7.1200000000000001       -11.073971435961759     
   0.0000000000000000        7.2000000000000002        13.326066287535934     
   1.8000000000000003        7.2000000000000002        13.076456427695884     
   3.6000000000000005        7.2000000000000002        12.327588421531491     
   5.4000000000000004        7.2000000000000002        11.111613086806969     
   7.2000000000000011        7.2000000000000002        9.4588018894710491     
   9.0000000000000000        7.2000000000000002        7.4292529950548865     
   10.800000000000001        7.2000000000000002        5.0760825419803011     
   12.600000000000001        7.2000000000000002        2.4783007253479452     
   14.400000000000002        7.2000000000000002      -0.29959622636515076     
   16.200000000000003        7.2000000000000002       -3.1714280715407130     
   18.000000000000000        7.2000000000000002       -6.0669790608779053     
   19.799999999999997        7.2000000000000002       -8.9263330478638476     
   21.600000000000001        7.2000000000000002       -11.667984954251645     
   23.400000000000002        7.2000000000000002       -14.252544971265630     
   25.200000000000003        7.2000000000000002       -16.634792425652858     
   27.000000000000000        7.2000000000000002       -18.772379695571090     
   28.800000000000004        7.2000000000000002       -20.655113919966091     
   30.600000000000005        7.2000000000000002       -22.266333944528206     
   32.400000000000006        7.2000000000000002       -23.603827740971454     
   34.199999999999996        7.2000000000000002       -24.676779123250331     
   36.000000000000000        7.2000000000000002       -25.500519517389098     
   37.800000000000004        7.2000000000000002       -26.094164768424395     
   39.599999999999994        7.2000000000000002       -26.480349734721219     
   41.399999999999999        7.2000000000000002       -26.684180271700956     
   43.200000000000003        7.2000000000000002       -26.732571192047551     
   45.000000000000000        7.2000000000000002       -26.649208088530859     
   46.800000000000004        7.2000000000000002       -26.459215848138722     
   48.599999999999994        7.2000000000000002       -26.182884885824411     
   50.400000000000006        7.2000000000000002       -25.839550157933285     
   52.200000000000003        7.2000000000000002       -25.445304477984788     
   54.000000000000000        7.2000000000000002       -25.013656052702210     
   55.799999999999997        7.2000000000000002       -24.556351108975282     
   57.600000000000009        7.2000000000000002       -24.083048325797186     
   59.400000000000013        7.2000000000000002       -23.602092779258243     
   61.200000000000010        7.2000000000000002       -23.120793244008368     
   63.000000000000000        7.2000000000000002       -22.645781391200114     
   64.800000000000011        7.2000000000000002       -22.183223568911369     
   66.600000000000009        7.2000000000000002       -21.738913094196413     
   68.399999999999991        7.2000000000000002       -21.318262096880670     
   70.200000000000003        7.2000000000000002       -20.926315923323067     
   72.000000000000000        7.2000000000000002       -20.567652857025276     
   73.799999999999997        7.2000000000000002       -20.245723527938363     
   75.600000000000009        7.2000000000000002       -19.963593712372131     
   77.399999999999991        7.2000000000000002       -19.722877084545345     
   79.199999999999989        7.2000000000000002       -19.524112324595297     
   81.000000000000000        7.2000000000000002       -19.366625475657962     
   82.799999999999997        7.2000000000000002       -19.248835216732001     
   84.599999999999994        7.2000000000000002       -19.167903818841012     
   86.400000000000006        7.2000000000000002       -19.120429898717248     
   88.200000000000003        7.2000000000000002       -19.102543778428608     
   90.000000000000000        7.2000000000000002       -19.109953081985626     
   91.799999999999997        7.2000000000000002       -19.138607665999398     
   93.600000000000009        7.2000000000000002       -19.184753139841543     
   95.400000000000006        7.2000000000000002       -19.245043692434031     
   97.199999999999989        7.2000000000000002       -19.316843247398417     
   99.000000000000014        7.2000000000000002       -19.398193152795681     
   100.80000000000001        7.2000000000000002       -19.487701253241635     
   102.59999999999999        7.2000000000000002       -19.584586595866792     
   104.40000000000001        7.2000000000000002       -19.688369109978115     
   106.19999999999999        7.2000000000000002       -19.798754535628266     
   108.00000000000000        7.2000000000000002       -19.915376406432905     
   109.80000000000000        7.2000000000000002       -20.037666583090139     
   111.59999999999999        7.2000000000000002       -20.164532214137530     
   113.40000000000001        7.2000000000000002       -20.294390039401609     
   115.20000000000002        7.2000000000000002       -20.425041223065019     
   117.00000000000000        7.2000000000000002       -20.553666407467954     
   118.80000000000003        7.2000000000000002       -20.676941717186210     
   120.60000000000001        7.2000000000000002       -20.791161307855081     
   122.40000000000002        7.2000000000000002       -20.892336413929588     
   124.20000000000000        7.2000000000000002       -20.976561206467167     
   126.00000000000000        7.2000000000000002       -21.040068477655186     
   127.80000000000001        7.2000000000000002       -21.079390481043148     
   129.60000000000002        7.2000000000000002       -21.091757986277724     
   131.40000000000001        7.2000000000000002       -21.074754917500503     
   133.20000000000002        7.2000000000000002       -21.026708287242176     
   135.00000000000000        7.2000000000000002       -20.946951643575161     
   136.79999999999998        7.2000000000000002       -20.834689916906125     
   138.59999999999999        7.2000000000000002       -20.690520150832885     
   140.40000000000001        7.2000000000000002       -20.514833351666592     
   142.20000000000002        7.2000000000000002       -20.308667949628735     
   144.00000000000000        7.2000000000000002       -20.073302591786305     
   145.79999999999998        7.2000000000000002       -19.809730510821986     
   147.59999999999999        7.2000000000000002       -19.519404489465316     
   149.40000000000003        7.2000000000000002       -19.204366629357114     
   151.20000000000002        7.2000000000000002       -18.866397996970864     
   153.00000000000000        7.2000000000000002       -18.507988518217221     
   154.79999999999998        7.2000000000000002       -18.130752331371916     
   156.59999999999997        7.2000000000000002       -17.739329876681442     
   158.39999999999998        7.2000000000000002       -17.336945182019534     
   160.20000000000002        7.2000000000000002       -16.928335516197478     
   162.00000000000000        7.2000000000000002       -16.520225755882972     
   163.79999999999998        7.2000000000000002       -16.116873752984528     
   165.59999999999999        7.2000000000000002       -15.727126631771991     
   167.40000000000001        7.2000000000000002       -15.358333672255785     
   169.19999999999999        7.2000000000000002       -15.017646448375178     
   171.00000000000000        7.2000000000000002       -14.713684801839566     
   172.80000000000001        7.2000000000000002       -14.452797175724239     
   174.59999999999999        7.2000000000000002       -14.242797490363415     
   176.40000000000001        7.2000000000000002       -14.087958313138538     
   178.20000000000002        7.2000000000000002       -13.954994614004441     
   180.00000000000000        7.2000000000000002       -13.961727053387513     
   0.0000000000000000        7.2799999999999994        1.7908872302523078     
   1.8000000000000003        7.2799999999999994        1.6007740472348198     
   3.6000000000000005        7.2799999999999994        1.0303986244986167     
   5.4000000000000004        7.2799999999999994       0.10497681869371492     
   7.2000000000000011        7.2799999999999994       -1.1517654932215358     
   9.0000000000000000        7.2799999999999994       -2.6927160143782065     
   10.800000000000001        7.2799999999999994       -4.4762664227684512     
   12.600000000000001        7.2799999999999994       -6.4405293920359439     
   14.400000000000002        7.2799999999999994       -8.5350434347382578     
   16.200000000000003        7.2799999999999994       -10.692401314767290     
   18.000000000000000        7.2799999999999994       -12.857778790259996     
   19.799999999999997        7.2799999999999994       -14.984488000053972     
   21.600000000000001        7.2799999999999994       -17.009042345031791     
   23.400000000000002        7.2799999999999994       -18.901014527731629     
   25.200000000000003        7.2799999999999994       -20.625520257096419     
   27.000000000000000        7.2799999999999994       -22.150072149421870     
   28.800000000000004        7.2799999999999994       -23.467389307570386     
   30.600000000000005        7.2799999999999994       -24.565289063074044     
   32.400000000000006        7.2799999999999994       -25.442986595269339     
   34.199999999999996        7.2799999999999994       -26.108670712868438     
   36.000000000000000        7.2799999999999994       -26.575399039293249     
   37.800000000000004        7.2799999999999994       -26.859253250001196     
   39.599999999999994        7.2799999999999994       -26.979107833665765     
   41.399999999999999        7.2799999999999994       -26.955780225020362     
   43.200000000000003        7.2799999999999994       -26.811430296010794     
   45.000000000000000        7.2799999999999994       -26.565794123389786     
   46.800000000000004        7.2799999999999994       -26.239492428479480     
   48.599999999999994        7.2799999999999994       -25.849503428341507     
   50.400000000000006        7.2799999999999994       -25.411829464413970     
   52.200000000000003        7.2799999999999994       -24.939905098329611     
   54.000000000000000        7.2799999999999994       -24.445141207859280     
   55.799999999999997        7.2799999999999994       -23.937308055343120     
   57.600000000000009        7.2799999999999994       -23.424565697849783     
   59.400000000000013        7.2799999999999994       -22.913902474476167     
   61.200000000000010        7.2799999999999994       -22.411395230330257     
   63.000000000000000        7.2799999999999994       -21.922517814193391     
   64.800000000000011        7.2799999999999994       -21.452283035082555     
   66.600000000000009        7.2799999999999994       -21.005318280513176     
   68.399999999999991        7.2799999999999994       -20.585865177872616     
   70.200000000000003        7.2799999999999994       -20.197826106009849     
   72.000000000000000        7.2799999999999994       -19.844689818681271     
   73.799999999999997        7.2799999999999994       -19.528911614331562     
   75.600000000000009        7.2799999999999994       -19.252715947671636     
   77.399999999999991        7.2799999999999994       -19.017057089750992     
   79.199999999999989        7.2799999999999994       -18.822028539180135     
   81.000000000000000        7.2799999999999994       -18.666735280492141     
   82.799999999999997        7.2799999999999994       -18.549581894012608     
   84.599999999999994        7.2799999999999994       -18.467918405388783     
   86.400000000000006        7.2799999999999994       -18.418675447278751     
   88.200000000000003        7.2799999999999994       -18.398419542391270     
   90.000000000000000        7.2799999999999994       -18.403345785537287     
   91.799999999999997        7.2799999999999994       -18.429882670130993     
   93.600000000000009        7.2799999999999994       -18.474705449169143     
   95.400000000000006        7.2799999999999994       -18.534802819294629     
   97.199999999999989        7.2799999999999994       -18.607766080801213     
   99.000000000000014        7.2799999999999994       -18.691751491151145     
   100.80000000000001        7.2799999999999994       -18.785364746070382     
   102.59999999999999        7.2799999999999994       -18.887756446692773     
   104.40000000000001        7.2799999999999994       -18.998323650974147     
   106.19999999999999        7.2799999999999994       -19.116653727863369     
   108.00000000000000        7.2799999999999994       -19.242303396245404     
   109.80000000000000        7.2799999999999994       -19.374723281931978     
   111.59999999999999        7.2799999999999994       -19.512940932276518     
   113.40000000000001        7.2799999999999994       -19.655640418877912     
   115.20000000000002        7.2799999999999994       -19.801042079426480     
   117.00000000000000        7.2799999999999994       -19.946864352404390     
   118.80000000000003        7.2799999999999994       -20.090437062121712     
   120.60000000000001        7.2799999999999994       -20.228777341281003     
   122.40000000000002        7.2799999999999994       -20.358675526993643     
   124.20000000000000        7.2799999999999994       -20.476937061612059     
   126.00000000000000        7.2799999999999994       -20.580458242852618     
   127.80000000000001        7.2799999999999994       -20.666339684630834     
   129.60000000000002        7.2799999999999994       -20.732172812252198     
   131.40000000000001        7.2799999999999994       -20.775810801587543     
   133.20000000000002        7.2799999999999994       -20.795640708469907     
   135.00000000000000        7.2799999999999994       -20.790786747309010     
   136.79999999999998        7.2799999999999994       -20.760281386206977     
   138.59999999999999        7.2799999999999994       -20.704186320755745     
   140.40000000000001        7.2799999999999994       -20.622415621029187     
   142.20000000000002        7.2799999999999994       -20.515376913349598     
   144.00000000000000        7.2799999999999994       -20.383677903972551     
   145.79999999999998        7.2799999999999994       -20.227722532092667     
   147.59999999999999        7.2799999999999994       -20.048299245806174     
   149.40000000000003        7.2799999999999994       -19.846707104153332     
   151.20000000000002        7.2799999999999994       -19.624087477032997     
   153.00000000000000        7.2799999999999994       -19.382201862665262     
   154.79999999999998        7.2799999999999994       -19.122150278801492     
   156.59999999999997        7.2799999999999994       -18.847537142943910     
   158.39999999999998        7.2799999999999994       -18.560862069638052     
   160.20000000000002        7.2799999999999994       -18.265893281251188     
   162.00000000000000        7.2799999999999994       -17.968055116700963     
   163.79999999999998        7.2799999999999994       -17.670775925363756     
   165.59999999999999        7.2799999999999994       -17.381256051729892     
   167.40000000000001        7.2799999999999994       -17.105481070579891     
   169.19999999999999        7.2799999999999994       -16.849281319122216     
   171.00000000000000        7.2799999999999994       -16.619693118977118     
   172.80000000000001        7.2799999999999994       -16.421896016700572     
   174.59999999999999        7.2799999999999994       -16.262270651874029     
   176.40000000000001        7.2799999999999994       -16.144301851577268     
   178.20000000000002        7.2799999999999994       -16.043600298900706     
   180.00000000000000        7.2799999999999994       -16.048001506267656     
   0.0000000000000000        7.3599999999999994       -7.2990770505689104     
   1.8000000000000003        7.3599999999999994       -7.4405641972725656     
   3.6000000000000005        7.3599999999999994       -7.8650591609143499     
   5.4000000000000004        7.3599999999999994       -8.5530430310503185     
   7.2000000000000011        7.3599999999999994       -9.4861663198383361     
   9.0000000000000000        7.3599999999999994       -10.627983434332037     
   10.800000000000001        7.3599999999999994       -11.946337365347292     
   12.600000000000001        7.3599999999999994       -13.393403542752374     
   14.400000000000002        7.3599999999999994       -14.930244572464165     
   16.200000000000003        7.3599999999999994       -16.504867167342596     
   18.000000000000000        7.3599999999999994       -18.075080534317433     
   19.799999999999997        7.3599999999999994       -19.605050699328338     
   21.600000000000001        7.3599999999999994       -21.046074375386926     
   23.400000000000002        7.3599999999999994       -22.375066913879056     
   25.200000000000003        7.3599999999999994       -23.565610301203186     
   27.000000000000000        7.3599999999999994       -24.593286088674919     
   28.800000000000004        7.3599999999999994       -25.453174774565966     
   30.600000000000005        7.3599999999999994       -26.136734557231090     
   32.400000000000006        7.3599999999999994       -26.644311949550943     
   34.199999999999996        7.3599999999999994       -26.983235599224219     
   36.000000000000000        7.3599999999999994       -27.164650307157849     
   37.800000000000004        7.3599999999999994       -27.202097790076301     
   39.599999999999994        7.3599999999999994       -27.111314517163862     
   41.399999999999999        7.3599999999999994       -26.909545848635734     
   43.200000000000003        7.3599999999999994       -26.614999615637043     
   45.000000000000000        7.3599999999999994       -26.244116819247402     
   46.800000000000004        7.3599999999999994       -25.813778054438334     
   48.599999999999994        7.3599999999999994       -25.338194229031405     
   50.400000000000006        7.3599999999999994       -24.830593474173185     
   52.200000000000003        7.3599999999999994       -24.302191294111481     
   54.000000000000000        7.3599999999999994       -23.762640245058076     
   55.799999999999997        7.3599999999999994       -23.220063214132285     
   57.600000000000009        7.3599999999999994       -22.681363899961202     
   59.400000000000013        7.3599999999999994       -22.152396969490528     
   61.200000000000010        7.3599999999999994       -21.638212372540195     
   63.000000000000000        7.3599999999999994       -21.143321002142592     
   64.800000000000011        7.3599999999999994       -20.671780299286485     
   66.600000000000009        7.3599999999999994       -20.227256006179960     
   68.399999999999991        7.3599999999999994       -19.813027968366164     
   70.200000000000003        7.3599999999999994       -19.432061495293695     
   72.000000000000000        7.3599999999999994       -19.086954070412194     
   73.799999999999997        7.3599999999999994       -18.779353386793051     
   75.600000000000009        7.3599999999999994       -18.510799615048569     
   77.399999999999991        7.3599999999999994       -18.281717706594129     
   79.199999999999989        7.3599999999999994       -18.091848441373656     
   81.000000000000000        7.3599999999999994       -17.940129664785029     
   82.799999999999997        7.3599999999999994       -17.824968155566641     
   84.599999999999994        7.3599999999999994       -17.743884761614321     
   86.400000000000006        7.3599999999999994       -17.694098210595858     
   88.200000000000003        7.3599999999999994       -17.672548262782360     
   90.000000000000000        7.3599999999999994       -17.675846843198219     
   91.799999999999997        7.3599999999999994       -17.700829757294514     
   93.600000000000009        7.3599999999999994       -17.744538314255674     
   95.400000000000006        7.3599999999999994       -17.804249212623063     
   97.199999999999989        7.3599999999999994       -17.877751454936661     
   99.000000000000014        7.3599999999999994       -17.963304962816427     
   100.80000000000001        7.3599999999999994       -18.059522971061213     
   102.59999999999999        7.3599999999999994       -18.165506300358338     
   104.40000000000001        7.3599999999999994       -18.280557817892362     
   106.19999999999999        7.3599999999999994       -18.404173171448228     
   108.00000000000000        7.3599999999999994       -18.535851572222086     
   109.80000000000000        7.3599999999999994       -18.675063465888670     
   111.59999999999999        7.3599999999999994       -18.820942451330488     
   113.40000000000001        7.3599999999999994       -18.972399147990942     
   115.20000000000002        7.3599999999999994       -19.128006386272663     
   117.00000000000000        7.3599999999999994       -19.285935584295334     
   118.80000000000003        7.3599999999999994       -19.444066409598104     
   120.60000000000001        7.3599999999999994       -19.600025230390962     
   122.40000000000002        7.3599999999999994       -19.751259663621873     
   124.20000000000000        7.3599999999999994       -19.895179945111312     
   126.00000000000000        7.3599999999999994       -20.029249373552613     
   127.80000000000001        7.3599999999999994       -20.151058947162340     
   129.60000000000002        7.3599999999999994       -20.258521130539449     
   131.40000000000001        7.3599999999999994       -20.349735117731370     
   133.20000000000002        7.3599999999999994       -20.423162015314972     
   135.00000000000000        7.3599999999999994       -20.477777122638543     
   136.79999999999998        7.3599999999999994       -20.512493352937234     
   138.59999999999999        7.3599999999999994       -20.526950675764390     
   140.40000000000001        7.3599999999999994       -20.520687329151357     
   142.20000000000002        7.3599999999999994       -20.493604220756641     
   144.00000000000000        7.3599999999999994       -20.445765153109797     
   145.79999999999998        7.3599999999999994       -20.377094504841732     
   147.59999999999999        7.3599999999999994       -20.287834293283236     
   149.40000000000003        7.3599999999999994       -20.178667017937077     
   151.20000000000002        7.3599999999999994       -20.050200378047943     
   153.00000000000000        7.3599999999999994       -19.903585026447029     
   154.79999999999998        7.3599999999999994       -19.739487264694731     
   156.59999999999997        7.3599999999999994       -19.560640360900880     
   158.39999999999998        7.3599999999999994       -19.368933235619259     
   160.20000000000002        7.3599999999999994       -19.167319752964040     
   162.00000000000000        7.3599999999999994       -18.960135488463980     
   163.79999999999998        7.3599999999999994       -18.750113513233259     
   165.59999999999999        7.3599999999999994       -18.543081494030179     
   167.40000000000001        7.3599999999999994       -18.343889935635705     
   169.19999999999999        7.3599999999999994       -18.157271044268953     
   171.00000000000000        7.3599999999999994       -17.988947343547530     
   172.80000000000001        7.3599999999999994       -17.843129382384259     
   174.59999999999999        7.3599999999999994       -17.725011002486653     
   176.40000000000001        7.3599999999999994       -17.637425072249872     
   178.20000000000002        7.3599999999999994       -17.563257367505951     
   180.00000000000000        7.3599999999999994       -17.565790369138476     
   0.0000000000000000        7.4399999999999995       -14.399151686467786     
   1.8000000000000003        7.4399999999999995       -14.500926540218506     
   3.6000000000000005        7.4399999999999995       -14.806282450858562     
   5.4000000000000004        7.4399999999999995       -15.300381231509236     
   7.2000000000000011        7.4399999999999995       -15.969290070178699     
   9.0000000000000000        7.4399999999999995       -16.785326416701761     
   10.800000000000001        7.4399999999999995       -17.724096551731648     
   12.600000000000001        7.4399999999999995       -18.749326844219045     
   14.400000000000002        7.4399999999999995       -19.831543252833761     
   16.200000000000003        7.4399999999999995       -20.931409328197120     
   18.000000000000000        7.4399999999999995       -22.017104013533974     
   19.799999999999997        7.4399999999999995       -23.061698505161477     
   21.600000000000001        7.4399999999999995       -24.028617668090760     
   23.400000000000002        7.4399999999999995       -24.900790339919528     
   25.200000000000003        7.4399999999999995       -25.658730339735669     
   27.000000000000000        7.4399999999999995       -26.284618567325438     
   28.800000000000004        7.4399999999999995       -26.775445840965343     
   30.600000000000005        7.4399999999999995       -27.125624739843488     
   32.400000000000006        7.4399999999999995       -27.336391454882431     
   34.199999999999996        7.4399999999999995       -27.414326483735760     
   36.000000000000000        7.4399999999999995       -27.368959562873837     
   37.800000000000004        7.4399999999999995       -27.211699708224366     
   39.599999999999994        7.4399999999999995       -26.955657926766246     
   41.399999999999999        7.4399999999999995       -26.615097301750261     
   43.200000000000003        7.4399999999999995       -26.204934442741148     
   45.000000000000000        7.4399999999999995       -25.738854441752022     
   46.800000000000004        7.4399999999999995       -25.230626633852857     
   48.599999999999994        7.4399999999999995       -24.692143853466078     
   50.400000000000006        7.4399999999999995       -24.134320084004504     
   52.200000000000003        7.4399999999999995       -23.566513982567034     
   54.000000000000000        7.4399999999999995       -22.996899804490308     
   55.799999999999997        7.4399999999999995       -22.432224163253380     
   57.600000000000009        7.4399999999999995       -21.878334705349378     
   59.400000000000013        7.4399999999999995       -21.340136766298990     
   61.200000000000010        7.4399999999999995       -20.821822790851947     
   63.000000000000000        7.4399999999999995       -20.327101648220914     
   64.800000000000011        7.4399999999999995       -19.859238894410037     
   66.600000000000009        7.4399999999999995       -19.421106961216196     
   68.399999999999991        7.4399999999999995       -19.015195722975800     
   70.200000000000003        7.4399999999999995       -18.643702805526001     
   72.000000000000000        7.4399999999999995       -18.308497433740733     
   73.799999999999997        7.4399999999999995       -18.010573744174007     
   75.600000000000009        7.4399999999999995       -17.750916598419685     
   77.399999999999991        7.4399999999999995       -17.529528184063853     
   79.199999999999989        7.4399999999999995       -17.345872168164107     
   81.000000000000000        7.4399999999999995       -17.198763113836019     
   82.799999999999997        7.4399999999999995       -17.086622971776002     
   84.599999999999994        7.4399999999999995       -17.007128931569444     
   86.400000000000006        7.4399999999999995       -16.957751213374955     
   88.200000000000003        7.4399999999999995       -16.935750578902923     
   90.000000000000000        7.4399999999999995       -16.938097139565070     
   91.799999999999997        7.4399999999999995       -16.961974906277096     
   93.600000000000009        7.4399999999999995       -17.004738523490470     
   95.400000000000006        7.4399999999999995       -17.063913960666060     
   97.199999999999989        7.4399999999999995       -17.137463108552026     
   99.000000000000014        7.4399999999999995       -17.223739926488676     
   100.80000000000001        7.4399999999999995       -17.321372694775853     
   102.59999999999999        7.4399999999999995       -17.429427440068959     
   104.40000000000001        7.4399999999999995       -17.547135954617534     
   106.19999999999999        7.4399999999999995       -17.673923599596328     
   108.00000000000000        7.4399999999999995       -17.809247379816984     
   109.80000000000000        7.4399999999999995       -17.952597828707830     
   111.59999999999999        7.4399999999999995       -18.103201940219964     
   113.40000000000001        7.4399999999999995       -18.260162399956126     
   115.20000000000002        7.4399999999999995       -18.422348573680516     
   117.00000000000000        7.4399999999999995       -18.588313724123747     
   118.80000000000003        7.4399999999999995       -18.756400379287165     
   120.60000000000001        7.4399999999999995       -18.924748812748696     
   122.40000000000002        7.4399999999999995       -19.091361745258936     
   124.20000000000000        7.4399999999999995       -19.254164476511427     
   126.00000000000000        7.4399999999999995       -19.411105674257044     
   127.80000000000001        7.4399999999999995       -19.560200256500689     
   129.60000000000002        7.4399999999999995       -19.699646890916952     
   131.40000000000001        7.4399999999999995       -19.827769462554016     
   133.20000000000002        7.4399999999999995       -19.943112646906382     
   135.00000000000000        7.4399999999999995       -20.044550966493961     
   136.79999999999998        7.4399999999999995       -20.130919792854673     
   138.59999999999999        7.4399999999999995       -20.201530160344380     
   140.40000000000001        7.4399999999999995       -20.255627177574446     
   142.20000000000002        7.4399999999999995       -20.292707327144704     
   144.00000000000000        7.4399999999999995       -20.312395768298735     
   145.79999999999998        7.4399999999999995       -20.314228643645606     
   147.59999999999999        7.4399999999999995       -20.298000225793196     
   149.40000000000003        7.4399999999999995       -20.263882764717025     
   151.20000000000002        7.4399999999999995       -20.212039854936343     
   153.00000000000000        7.4399999999999995       -20.143110699462873     
   154.79999999999998        7.4399999999999995       -20.057396442588722     
   156.59999999999997        7.4399999999999995       -19.956897864192783     
   158.39999999999998        7.4399999999999995       -19.842989116771850     
   160.20000000000002        7.4399999999999995       -19.717939321465217     
   162.00000000000000        7.4399999999999995       -19.585171675385045     
   163.79999999999998        7.4399999999999995       -19.446835935970192     
   165.59999999999999        7.4399999999999995       -19.307614095485551     
   167.40000000000001        7.4399999999999995       -19.171410656340580     
   169.19999999999999        7.4399999999999995       -19.042043909638085     
   171.00000000000000        7.4399999999999995       -18.924144877671129     
   172.80000000000001        7.4399999999999995       -18.821119754405977     
   174.59999999999999        7.4399999999999995       -18.737178354069052     
   176.40000000000001        7.4399999999999995       -18.674613262749293     
   178.20000000000002        7.4399999999999995       -18.622250549500599     
   180.00000000000000        7.4399999999999995       -18.623292728806113     
   0.0000000000000000        7.5199999999999996       -19.660906088513464     
   1.8000000000000003        7.5199999999999996       -19.731285666718502     
   3.6000000000000005        7.5199999999999996       -19.942453753430282     
   5.4000000000000004        7.5199999999999996       -20.283303300857352     
   7.2000000000000011        7.5199999999999996       -20.743421423553535     
   9.0000000000000000        7.5199999999999996       -21.302109820366827     
   10.800000000000001        7.5199999999999996       -21.941160815447461     
   12.600000000000001        7.5199999999999996       -22.633504733815460     
   14.400000000000002        7.5199999999999996       -23.357205475765401     
   16.200000000000003        7.5199999999999996       -24.083007397685474     
   18.000000000000000        7.5199999999999996       -24.787344298946945     
   19.799999999999997        7.5199999999999996       -25.450372109146983     
   21.600000000000001        7.5199999999999996       -26.045163492381999     
   23.400000000000002        7.5199999999999996       -26.559419550389805     
   25.200000000000003        7.5199999999999996       -26.979153089505353     
   27.000000000000000        7.5199999999999996       -27.291772373146379     
   28.800000000000004        7.5199999999999996       -27.495758310751004     
   30.600000000000005        7.5199999999999996       -27.587837968631078     
   32.400000000000006        7.5199999999999996       -27.569913144907829     
   34.199999999999996        7.5199999999999996       -27.447922706015468     
   36.000000000000000        7.5199999999999996       -27.230061542204925     
   37.800000000000004        7.5199999999999996       -26.925988655890940     
   39.599999999999994        7.5199999999999996       -26.546670786627647     
   41.399999999999999        7.5199999999999996       -26.103942174901334     
   43.200000000000003        7.5199999999999996       -25.610047919402746     
   45.000000000000000        7.5199999999999996       -25.076423486269935     
   46.800000000000004        7.5199999999999996       -24.514316642181623     
   48.599999999999994        7.5199999999999996       -23.933724308262882     
   50.400000000000006        7.5199999999999996       -23.343678202889794     
   52.200000000000003        7.5199999999999996       -22.752020564351550     
   54.000000000000000        7.5199999999999996       -22.165711018454807     
   55.799999999999997        7.5199999999999996       -21.590374752689819     
   57.600000000000009        7.5199999999999996       -21.030992135834410     
   59.400000000000013        7.5199999999999996       -20.491692762537635     
   61.200000000000010        7.5199999999999996       -19.975971007421208     
   63.000000000000000        7.5199999999999996       -19.486885113717602     
   64.800000000000011        7.5199999999999996       -19.027062343286961     
   66.600000000000009        7.5199999999999996       -18.598739749377973     
   68.399999999999991        7.5199999999999996       -18.203778225711577     
   70.200000000000003        7.5199999999999996       -17.843766322074433     
   72.000000000000000        7.5199999999999996       -17.519997544082123     
   73.799999999999997        7.5199999999999996       -17.232956269553483     
   75.600000000000009        7.5199999999999996       -16.983192572972076     
   77.399999999999991        7.5199999999999996       -16.770385111569162     
   79.199999999999989        7.5199999999999996       -16.593790682403693     
   81.000000000000000        7.5199999999999996       -16.452141021853333     
   82.799999999999997        7.5199999999999996       -16.343884858579202     
   84.599999999999994        7.5199999999999996       -16.266841475229029     
   86.400000000000006        7.5199999999999996       -16.218697710582457     
   88.200000000000003        7.5199999999999996       -16.196985850220177     
   90.000000000000000        7.5199999999999996       -16.198978610553397     
   91.799999999999997        7.5199999999999996       -16.222152318284436     
   93.600000000000009        7.5199999999999996       -16.264125078548702     
   95.400000000000006        7.5199999999999996       -16.322635300122563     
   97.199999999999989        7.5199999999999996       -16.395794060778581     
   99.000000000000014        7.5199999999999996       -16.482039926268630     
   100.80000000000001        7.5199999999999996       -16.580022748153844     
   102.59999999999999        7.5199999999999996       -16.688787412794198     
   104.40000000000001        7.5199999999999996       -16.807515786401233     
   106.19999999999999        7.5199999999999996       -16.935582512048253     
   108.00000000000000        7.5199999999999996       -17.072416107487598     
   109.80000000000000        7.5199999999999996       -17.217526816140552     
   111.59999999999999        7.5199999999999996       -17.370222242613202     
   113.40000000000001        7.5199999999999996       -17.529763822872042     
   115.20000000000002        7.5199999999999996       -17.695263826216564     
   117.00000000000000        7.5199999999999996       -17.865589202834489     
   118.80000000000003        7.5199999999999996       -18.039462123189598     
   120.60000000000001        7.5199999999999996       -18.215445473621493     
   122.40000000000002        7.5199999999999996       -18.391999143166345     
   124.20000000000000        7.5199999999999996       -18.567476998645898     
   126.00000000000000        7.5199999999999996       -18.740234038382052     
   127.80000000000001        7.5199999999999996       -18.908644175865938     
   129.60000000000002        7.5199999999999996       -19.071157048704194     
   131.40000000000001        7.5199999999999996       -19.226298689031101     
   133.20000000000002        7.5199999999999996       -19.372703914202265     
   135.00000000000000        7.5199999999999996       -19.509189700319826     
   136.79999999999998        7.5199999999999996       -19.634551438836915     
   138.59999999999999        7.5199999999999996       -19.747857269230050     
   140.40000000000001        7.5199999999999996       -19.848136003365472     
   142.20000000000002        7.5199999999999996       -19.934575646936629     
   144.00000000000000        7.5199999999999996       -20.006462049247798     
   145.79999999999998        7.5199999999999996       -20.063029736691320     
   147.59999999999999        7.5199999999999996       -20.103719472788924     
   149.40000000000003        7.5199999999999996       -20.128295279277253     
   151.20000000000002        7.5199999999999996       -20.136563089157754     
   153.00000000000000        7.5199999999999996       -20.128746682712016     
   154.79999999999998        7.5199999999999996       -20.104848912920140     
   156.59999999999997        7.5199999999999996       -20.066271323708072     
   158.39999999999998        7.5199999999999996       -20.013965793092844     
   160.20000000000002        7.5199999999999996       -19.949640758038161     
   162.00000000000000        7.5199999999999996       -19.875974720542256     
   163.79999999999998        7.5199999999999996       -19.794640750382580     
   165.59999999999999        7.5199999999999996       -19.709389567579397     
   167.40000000000001        7.5199999999999996       -19.623357935219762     
   169.19999999999999        7.5199999999999996       -19.539623610912496     
   171.00000000000000        7.5199999999999996       -19.461934887571090     
   172.80000000000001        7.5199999999999996       -19.393048109506616     
   174.59999999999999        7.5199999999999996       -19.336379083994700     
   176.40000000000001        7.5199999999999996       -19.293784740103959     
   178.20000000000002        7.5199999999999996       -19.258779658730663     
   180.00000000000000        7.5199999999999996       -19.258680421687700     
   0.0000000000000000        7.5999999999999996       -23.624994351723352     
   1.8000000000000003        7.5999999999999996       -23.669916291142815     
   3.6000000000000005        7.5999999999999996       -23.804709601092981     
   5.4000000000000004        7.5999999999999996       -24.021319278832898     
   7.2000000000000011        7.5999999999999996       -24.312211083805892     
   9.0000000000000000        7.5999999999999996       -24.662398896284358     
   10.800000000000001        7.5999999999999996       -25.058733197820235     
   12.600000000000001        7.5999999999999996       -25.481669947333454     
   14.400000000000002        7.5999999999999996       -25.915434219219758     
   16.200000000000003        7.5999999999999996       -26.339009204089663     
   18.000000000000000        7.5999999999999996       -26.735571476724648     
   19.799999999999997        7.5999999999999996       -27.091060283584202     
   21.600000000000001        7.5999999999999996       -27.386422930877423     
   23.400000000000002        7.5999999999999996       -27.613245853611836     
   25.200000000000003        7.5999999999999996       -27.762017057431610     
   27.000000000000000        7.5999999999999996       -27.824392136399048     
   28.800000000000004        7.5999999999999996       -27.800042712455632     
   30.600000000000005        7.5999999999999996       -27.687554143494921     
   32.400000000000006        7.5999999999999996       -27.489335140627311     
   34.199999999999996        7.5999999999999996       -27.210760746342189     
   36.000000000000000        7.5999999999999996       -26.858893129909575     
   37.800000000000004        7.5999999999999996       -26.441916797090752     
   39.599999999999994        7.5999999999999996       -25.969000259910839     
   41.399999999999999        7.5999999999999996       -25.449946648587616     
   43.200000000000003        7.5999999999999996       -24.894774578307128     
   45.000000000000000        7.5999999999999996       -24.313033994577722     
   46.800000000000004        7.5999999999999996       -23.713874470046388     
   48.599999999999994        7.5999999999999996       -23.105700837703534     
   50.400000000000006        7.5999999999999996       -22.495972971938116     
   52.200000000000003        7.5999999999999996       -21.891261682676632     
   54.000000000000000        7.5999999999999996       -21.297502088411456     
   55.799999999999997        7.5999999999999996       -20.719381342661524     
   57.600000000000009        7.5999999999999996       -20.161148739634374     
   59.400000000000013        7.5999999999999996       -19.626283254413469     
   61.200000000000010        7.5999999999999996       -19.117696037099101     
   63.000000000000000        7.5999999999999996       -18.637903695865376     
   64.800000000000011        7.5999999999999996       -18.189005606007690     
   66.600000000000009        7.5999999999999996       -17.772716803710352     
   68.399999999999991        7.5999999999999996       -17.390384605467329     
   70.200000000000003        7.5999999999999996       -17.043102097711134     
   72.000000000000000        7.5999999999999996       -16.731696257615710     
   73.799999999999997        7.5999999999999996       -16.456244360012352     
   75.600000000000009        7.5999999999999996       -16.216947832883285     
   77.399999999999991        7.5999999999999996       -16.013232457946291     
   79.199999999999989        7.5999999999999996       -15.844198037105642     
   81.000000000000000        7.5999999999999996       -15.708521964912276     
   82.799999999999997        7.5999999999999996       -15.604687614639536     
   84.599999999999994        7.5999999999999996       -15.530645587275700     
   86.400000000000006        7.5999999999999996       -15.484273857564492     
   88.200000000000003        7.5999999999999996       -15.463340317654389     
   90.000000000000000        7.5999999999999996       -15.465379920789788     
   91.799999999999997        7.5999999999999996       -15.488120822995119     
   93.600000000000009        7.5999999999999996       -15.529408447854566     
   95.400000000000006        7.5999999999999996       -15.587166810468528     
   97.199999999999989        7.5999999999999996       -15.659638836117296     
   99.000000000000014        7.5999999999999996       -15.745340628520481     
   100.80000000000001        7.5999999999999996       -15.842947917215568     
   102.59999999999999        7.5999999999999996       -15.951493966346808     
   104.40000000000001        7.5999999999999996       -16.070125519767835     
   106.19999999999999        7.5999999999999996       -16.198180174173245     
   108.00000000000000        7.5999999999999996       -16.335067361595353     
   109.80000000000000        7.5999999999999996       -16.480316324465701     
   111.59999999999999        7.5999999999999996       -16.633305438812638     
   113.40000000000001        7.5999999999999996       -16.793430268748775     
   115.20000000000002        7.5999999999999996       -16.960006648210296     
   117.00000000000000        7.5999999999999996       -17.132165220928048     
   118.80000000000003        7.5999999999999996       -17.308946842368687     
   120.60000000000001        7.5999999999999996       -17.489270065709565     
   122.40000000000002        7.5999999999999996       -17.671980062873750     
   124.20000000000000        7.5999999999999996       -17.855795402897453     
   126.00000000000000        7.5999999999999996       -18.039418796371482     
   127.80000000000001        7.5999999999999996       -18.221534575381693     
   129.60000000000002        7.5999999999999996       -18.400816091045694     
   131.40000000000001        7.5999999999999996       -18.575973388178166     
   133.20000000000002        7.5999999999999996       -18.745734322730325     
   135.00000000000000        7.5999999999999996       -18.908887849387273     
   136.79999999999998        7.5999999999999996       -19.064214898102680     
   138.59999999999999        7.5999999999999996       -19.210601653476466     
   140.40000000000001        7.5999999999999996       -19.346915156304334     
   142.20000000000002        7.5999999999999996       -19.472103730877013     
   144.00000000000000        7.5999999999999996       -19.585185592668733     
   145.79999999999998        7.5999999999999996       -19.685156472027266     
   147.59999999999999        7.5999999999999996       -19.771172442235812     
   149.40000000000003        7.5999999999999996       -19.842664183532982     
   151.20000000000002        7.5999999999999996       -19.899143774377613     
   153.00000000000000        7.5999999999999996       -19.940490539820846     
   154.79999999999998        7.5999999999999996       -19.966458904425036     
   156.59999999999997        7.5999999999999996       -19.977949185771081     
   158.39999999999998        7.5999999999999996       -19.975559240311188     
   160.20000000000002        7.5999999999999996       -19.960527722145962     
   162.00000000000000        7.5999999999999996       -19.934910492772147     
   163.79999999999998        7.5999999999999996       -19.899981679467142     
   165.59999999999999        7.5999999999999996       -19.858715781327600     
   167.40000000000001        7.5999999999999996       -19.813610512134609     
   169.19999999999999        7.5999999999999996       -19.767128037735205     
   171.00000000000000        7.5999999999999996       -19.722284036427080     
   172.80000000000001        7.5999999999999996       -19.681296008539487     
   174.59999999999999        7.5999999999999996       -19.646922082103817     
   176.40000000000001        7.5999999999999996       -19.620658568845592     
   178.20000000000002        7.5999999999999996       -19.599810403218839     
   180.00000000000000        7.5999999999999996       -19.598817065495030     
   0.0000000000000000        7.6799999999999997       -26.344035391071383     
   1.8000000000000003        7.6799999999999997       -26.369279022168314     
   3.6000000000000005        7.6799999999999997       -26.445035693495008     
   5.4000000000000004        7.6799999999999997       -26.565639968932192     
   7.2000000000000011        7.6799999999999997       -26.725810697291259     
   9.0000000000000000        7.6799999999999997       -26.915033044169110     
   10.800000000000001        7.6799999999999997       -27.124115466670400     
   12.600000000000001        7.6799999999999997       -27.339402466098214     
   14.400000000000002        7.6799999999999997       -27.549937467498332     
   16.200000000000003        7.6799999999999997       -27.741145974229187     
   18.000000000000000        7.6799999999999997       -27.901472767523103     
   19.799999999999997        7.6799999999999997       -28.021371477647310     
   21.600000000000001        7.6799999999999997       -28.087935197442537     
   23.400000000000002        7.6799999999999997       -28.095771455450315     
   25.200000000000003        7.6799999999999997       -28.038845955089528     
   27.000000000000000        7.6799999999999997       -27.912107112150206     
   28.800000000000004        7.6799999999999997       -27.716126743038323     
   30.600000000000005        7.6799999999999997       -27.450905366150760     
   32.400000000000006        7.6799999999999997       -27.119205848305043     
   34.199999999999996        7.6799999999999997       -26.725917453997429     
   36.000000000000000        7.6799999999999997       -26.277169064014366     
   37.800000000000004        7.6799999999999997       -25.779941843480941     
   39.599999999999994        7.6799999999999997       -25.241946108329216     
   41.399999999999999        7.6799999999999997       -24.671344354969580     
   43.200000000000003        7.6799999999999997       -24.076365171363911     
   45.000000000000000        7.6799999999999997       -23.465030732656441     
   46.800000000000004        7.6799999999999997       -22.844807468316407     
   48.599999999999994        7.6799999999999997       -22.222806872874582     
   50.400000000000006        7.6799999999999997       -21.605221680856349     
   52.200000000000003        7.6799999999999997       -20.997592101582452     
   54.000000000000000        7.6799999999999997       -20.405016066618348     
   55.799999999999997        7.6799999999999997       -19.831422906455245     
   57.600000000000009        7.6799999999999997       -19.280465092645471     
   59.400000000000013        7.6799999999999997       -18.755094136226589     
   61.200000000000010        7.6799999999999997       -18.257750902057186     
   63.000000000000000        7.6799999999999997       -17.790517458549648     
   64.800000000000011        7.6799999999999997       -17.355073586023867     
   66.600000000000009        7.6799999999999997       -16.952723295460459     
   68.399999999999991        7.6799999999999997       -16.584413137395412     
   70.200000000000003        7.6799999999999997       -16.250851700839871     
   72.000000000000000        7.6799999999999997       -15.952505994176393     
   73.799999999999997        7.6799999999999997       -15.689146038418741     
   75.600000000000009        7.6799999999999997       -15.460708520647565     
   77.399999999999991        7.6799999999999997       -15.266434838853977     
   79.199999999999989        7.6799999999999997       -15.105315972429429     
   81.000000000000000        7.6799999999999997       -14.976002183941125     
   82.799999999999997        7.6799999999999997       -14.877018611682702     
   84.599999999999994        7.6799999999999997       -14.806435936777358     
   86.400000000000006        7.6799999999999997       -14.762297741538450     
   88.200000000000003        7.6799999999999997       -14.742571834588448     
   90.000000000000000        7.6799999999999997       -14.745015278235728     
   91.799999999999997        7.6799999999999997       -14.767567942360667     
   93.600000000000009        7.6799999999999997       -14.808266747767789     
   95.400000000000006        7.6799999999999997       -14.865194559670137     
   97.199999999999989        7.6799999999999997       -14.936708784160945     
   99.000000000000014        7.6799999999999997       -15.021395800210037     
   100.80000000000001        7.6799999999999997       -15.117961011434213     
   102.59999999999999        7.6799999999999997       -15.225435081932671     
   104.40000000000001        7.6799999999999997       -15.342943729121441     
   106.19999999999999        7.6799999999999997       -15.469800500460675     
   108.00000000000000        7.6799999999999997       -15.605404476890209     
   109.80000000000000        7.6799999999999997       -15.749302743797429     
   111.59999999999999        7.6799999999999997       -15.900934088243297     
   113.40000000000001        7.6799999999999997       -16.059803312558195     
   115.20000000000002        7.6799999999999997       -16.225390355641188     
   117.00000000000000        7.6799999999999997       -16.397039385945401     
   118.80000000000003        7.6799999999999997       -16.574048857675304     
   120.60000000000001        7.6799999999999997       -16.755625810650027     
   122.40000000000002        7.6799999999999997       -16.940928481916139     
   124.20000000000000        7.6799999999999997       -17.128975546916532     
   126.00000000000000        7.6799999999999997       -17.318757844715712     
   127.80000000000001        7.6799999999999997       -17.509220267652633     
   129.60000000000002        7.6799999999999997       -17.699230898065430     
   131.40000000000001        7.6799999999999997       -17.887663760533751     
   133.20000000000002        7.6799999999999997       -18.073340452290367     
   135.00000000000000        7.6799999999999997       -18.255049033226275     
   136.79999999999998        7.6799999999999997       -18.431579252901237     
   138.59999999999999        7.6799999999999997       -18.601693999230566     
   140.40000000000001        7.6799999999999997       -18.764151144170622     
   142.20000000000002        7.6799999999999997       -18.917726521730664     
   144.00000000000000        7.6799999999999997       -19.061241234929241     
   145.79999999999998        7.6799999999999997       -19.193514373957171     
   147.59999999999999        7.6799999999999997       -19.313485953475748     
   149.40000000000003        7.6799999999999997       -19.420328433474751     
   151.20000000000002        7.6799999999999997       -19.513324432414418     
   153.00000000000000        7.6799999999999997       -19.592080556041370     
   154.79999999999998        7.6799999999999997       -19.656153678875146     
   156.59999999999997        7.6799999999999997       -19.706041507978476     
   158.39999999999998        7.6799999999999997       -19.742056793107409     
   160.20000000000002        7.6799999999999997       -19.765059511525067     
   162.00000000000000        7.6799999999999997       -19.776604346965314     
   163.79999999999998        7.6799999999999997       -19.777643996758556     
   165.59999999999999        7.6799999999999997       -19.770529947249472     
   167.40000000000001        7.6799999999999997       -19.757247774456562     
   169.19999999999999        7.6799999999999997       -19.739767021017094     
   171.00000000000000        7.6799999999999997       -19.720518131924834     
   172.80000000000001        7.6799999999999997       -19.701288647980057     
   174.59999999999999        7.6799999999999997       -19.684312526565240     
   176.40000000000001        7.6799999999999997       -19.670798924023014     
   178.20000000000002        7.6799999999999997       -19.660964208805890     
   180.00000000000000        7.6799999999999997       -19.659314955802508     
   0.0000000000000000        7.7599999999999998       -28.234559792361580     
   1.8000000000000003        7.7599999999999998       -28.244032413401648     
   3.6000000000000005        7.7599999999999998       -28.272474450280143     
   5.4000000000000004        7.7599999999999998       -28.316161023313008     
   7.2000000000000011        7.7599999999999998       -28.371640113041973     
   9.0000000000000000        7.7599999999999998       -28.432027161349389     
   10.800000000000001        7.7599999999999998       -28.491343010974070     
   12.600000000000001        7.7599999999999998       -28.540711260044233     
   14.400000000000002        7.7599999999999998       -28.573083756745707     
   16.200000000000003        7.7599999999999998       -28.579110983969962     
   18.000000000000000        7.7599999999999998       -28.551506910437457     
   19.799999999999997        7.7599999999999998       -28.484380003351340     
   21.600000000000001        7.7599999999999998       -28.369798090165297     
   23.400000000000002        7.7599999999999998       -28.204804806436059     
   25.200000000000003        7.7599999999999998       -27.986168437574069     
   27.000000000000000        7.7599999999999998       -27.711484482855223     
   28.800000000000004        7.7599999999999998       -27.382029235116903     
   30.600000000000005        7.7599999999999998       -26.998919501063529     
   32.400000000000006        7.7599999999999998       -26.565170349114354     
   34.199999999999996        7.7599999999999998       -26.085239804577565     
   36.000000000000000        7.7599999999999998       -25.564460348816763     
   37.800000000000004        7.7599999999999998       -25.008795398184166     
   39.599999999999994        7.7599999999999998       -24.424729397447528     
   41.399999999999999        7.7599999999999998       -23.819050728296268     
   43.200000000000003        7.7599999999999998       -23.198495504094769     
   45.000000000000000        7.7599999999999998       -22.569802509899624     
   46.800000000000004        7.7599999999999998       -21.939037843894877     
   48.599999999999994        7.7599999999999998       -21.312223887391518     
   50.400000000000006        7.7599999999999998       -20.694494123220736     
   52.200000000000003        7.7599999999999998       -20.090522713637522     
   54.000000000000000        7.7599999999999998       -19.504698698614224     
   55.799999999999997        7.7599999999999998       -18.940316647860300     
   57.600000000000009        7.7599999999999998       -18.400524176185801     
   59.400000000000013        7.7599999999999998       -17.887829558827196     
   61.200000000000010        7.7599999999999998       -17.404280534726237     
   63.000000000000000        7.7599999999999998       -16.951597731850708     
   64.800000000000011        7.7599999999999998       -16.531115108301872     
   66.600000000000009        7.7599999999999998       -16.143801120161758     
   68.399999999999991        7.7599999999999998       -15.790278130772524     
   70.200000000000003        7.7599999999999998       -15.470945490538439     
   72.000000000000000        7.7599999999999998       -15.185982446950502     
   73.799999999999997        7.7599999999999998       -14.934919186380309     
   75.600000000000009        7.7599999999999998       -14.717484394768070     
   77.399999999999991        7.7599999999999998       -14.532781160321404     
   79.199999999999989        7.7599999999999998       -14.379723912621138     
   81.000000000000000        7.7599999999999998       -14.256953782093497     
   82.799999999999997        7.7599999999999998       -14.163042077943475     
   84.599999999999994        7.7599999999999998       -14.096171403545549     
   86.400000000000006        7.7599999999999998       -14.054533151273834     
   88.200000000000003        7.7599999999999998       -14.036270377759605     
   90.000000000000000        7.7599999999999998       -14.039334512797231     
   91.799999999999997        7.7599999999999998       -14.061849501949895     
   93.600000000000009        7.7599999999999998       -14.102019079031541     
   95.400000000000006        7.7599999999999998       -14.158066410237732     
   97.199999999999989        7.7599999999999998       -14.228451292372235     
   99.000000000000014        7.7599999999999998       -14.311825201290109     
   100.80000000000001        7.7599999999999998       -14.406925507417403     
   102.59999999999999        7.7599999999999998       -14.512786215588312     
   104.40000000000001        7.7599999999999998       -14.628521340835292     
   106.19999999999999        7.7599999999999998       -14.753428969198110     
   108.00000000000000        7.7599999999999998       -14.886903464518333     
   109.80000000000000        7.7599999999999998       -15.028508673564204     
   111.59999999999999        7.7599999999999998       -15.177736262904295     
   113.40000000000001        7.7599999999999998       -15.334182822781685     
   115.20000000000002        7.7599999999999998       -15.497464925227234     
   117.00000000000000        7.7599999999999998       -15.667105309790960     
   118.80000000000003        7.7599999999999998       -15.842617521508345     
   120.60000000000001        7.7599999999999998       -16.023450269777296     
   122.40000000000002        7.7599999999999998       -16.209024471922863     
   124.20000000000000        7.7599999999999998       -16.398613539258420     
   126.00000000000000        7.7599999999999998       -16.591454388281889     
   127.80000000000001        7.7599999999999998       -16.786716957288711     
   129.60000000000002        7.7599999999999998       -16.983442735181939     
   131.40000000000001        7.7599999999999998       -17.180654500191658     
   133.20000000000002        7.7599999999999998       -17.377266559265692     
   135.00000000000000        7.7599999999999998       -17.572083250738071     
   136.79999999999998        7.7599999999999998       -17.763917759259726     
   138.59999999999999        7.7599999999999998       -17.951448817164707     
   140.40000000000001        7.7599999999999998       -18.133360307720707     
   142.20000000000002        7.7599999999999998       -18.308301095969437     
   144.00000000000000        7.7599999999999998       -18.474943308434916     
   145.79999999999998        7.7599999999999998       -18.631972053434950     
   147.59999999999999        7.7599999999999998       -18.778158762453078     
   149.40000000000003        7.7599999999999998       -18.912469943575370     
   151.20000000000002        7.7599999999999998       -19.034003817524912     
   153.00000000000000        7.7599999999999998       -19.142144558677550     
   154.79999999999998        7.7599999999999998       -19.236287466007582     
   156.59999999999997        7.7599999999999998       -19.316596498901387     
   158.39999999999998        7.7599999999999998       -19.383147580450242     
   160.20000000000002        7.7599999999999998       -19.436485405115310     
   162.00000000000000        7.7599999999999998       -19.477747433082129     
   163.79999999999998        7.7599999999999998       -19.507618602883742     
   165.59999999999999        7.7599999999999998       -19.527932567212979     
   167.40000000000001        7.7599999999999998       -19.540249724298924     
   169.19999999999999        7.7599999999999998       -19.546131087093560     
   171.00000000000000        7.7599999999999998       -19.547522413170647     
   172.80000000000001        7.7599999999999998       -19.545855498665922     
   174.59999999999999        7.7599999999999998       -19.542930985317717     
   176.40000000000001        7.7599999999999998       -19.539720848033532     
   178.20000000000002        7.7599999999999998       -19.538755668872479     
   180.00000000000000        7.7599999999999998       -19.536609712219267     
   0.0000000000000000        7.8399999999999999       -29.303667769457498     
   1.8000000000000003        7.8399999999999999       -29.301326492530933     
   3.6000000000000005        7.8399999999999999       -29.294325355850010     
   5.4000000000000004        7.8399999999999999       -29.280423774880763     
   7.2000000000000011        7.8399999999999999       -29.257568095096314     
   9.0000000000000000        7.8399999999999999       -29.221649496348899     
   10.800000000000001        7.8399999999999999       -29.169143693716105     
   12.600000000000001        7.8399999999999999       -29.094826205199450     
   14.400000000000002        7.8399999999999999       -28.994632964114533     
   16.200000000000003        7.8399999999999999       -28.863202865196715     
   18.000000000000000        7.8399999999999999       -28.696504481055797     
   19.799999999999997        7.8399999999999999       -28.491428392557136     
   21.600000000000001        7.8399999999999999       -28.243828210852577     
   23.400000000000002        7.8399999999999999       -27.952590325383145     
   25.200000000000003        7.8399999999999999       -27.616600934218763     
   27.000000000000000        7.8399999999999999       -27.235448134528006     
   28.800000000000004        7.8399999999999999       -26.810915469198086     
   30.600000000000005        7.8399999999999999       -26.344934380003536     
   32.400000000000006        7.8399999999999999       -25.840670729288174     
   34.199999999999996        7.8399999999999999       -25.302208992693746     
   36.000000000000000        7.8399999999999999       -24.734226722662672     
   37.800000000000004        7.8399999999999999       -24.141860664704268     
   39.599999999999994        7.8399999999999999       -23.530608020408621     
   41.399999999999999        7.8399999999999999       -22.906156427070250     
   43.200000000000003        7.8399999999999999       -22.274054238483000     
   45.000000000000000        7.8399999999999999       -21.640007763427491     
   46.800000000000004        7.8399999999999999       -21.008972165481648     
   48.599999999999994        7.8399999999999999       -20.386090575487014     
   50.400000000000006        7.8399999999999999       -19.775650287346906     
   52.200000000000003        7.8399999999999999       -19.181628381437044     
   54.000000000000000        7.8399999999999999       -18.607837130103647     
   55.799999999999997        7.8399999999999999       -18.057062575847841     
   57.600000000000009        7.8399999999999999       -17.532042179729007     
   59.400000000000013        7.8399999999999999       -17.034927521970236     
   61.200000000000010        7.8399999999999999       -16.567452374128241     
   63.000000000000000        7.8399999999999999       -16.131050820575805     
   64.800000000000011        7.8399999999999999       -15.726786392178372     
   66.600000000000009        7.8399999999999999       -15.355368932335193     
   68.399999999999991        7.8399999999999999       -15.017174520716132     
   70.200000000000003        7.8399999999999999       -14.712369741949637     
   72.000000000000000        7.8399999999999999       -14.440919373100089     
   73.799999999999997        7.8399999999999999       -14.202181876400426     
   75.600000000000009        7.8399999999999999       -13.995735368920268     
   77.399999999999991        7.8399999999999999       -13.820590940314988     
   79.199999999999989        7.8399999999999999       -13.675618725615028     
   81.000000000000000        7.8399999999999999       -13.559468396625473     
   82.799999999999997        7.8399999999999999       -13.470761328991397     
   84.599999999999994        7.8399999999999999       -13.407783025265717     
   86.400000000000006        7.8399999999999999       -13.368853935505815     
   88.200000000000003        7.8399999999999999       -13.352266656676925     
   90.000000000000000        7.8399999999999999       -13.356138075329394     
   91.799999999999997        7.8399999999999999       -13.378747535479638     
   93.600000000000009        7.8399999999999999       -13.418439969053351     
   95.400000000000006        7.8399999999999999       -13.473559454822011     
   97.199999999999989        7.8399999999999999       -13.542655482937613     
   99.000000000000014        7.8399999999999999       -13.624439039075318     
   100.80000000000001        7.8399999999999999       -13.717681438092773     
   102.59999999999999        7.8399999999999999       -13.821425853634958     
   104.40000000000001        7.8399999999999999       -13.934783797963275     
   106.19999999999999        7.8399999999999999       -14.057046365459705     
   108.00000000000000        7.8399999999999999       -14.187608594493755     
   109.80000000000000        7.8399999999999999       -14.326049655874252     
   111.59999999999999        7.8399999999999999       -14.471905836001648     
   113.40000000000001        7.8399999999999999       -14.624847093082035     
   115.20000000000002        7.8399999999999999       -14.784597849480271     
   117.00000000000000        7.8399999999999999       -14.950822745489026     
   118.80000000000003        7.8399999999999999       -15.123205877553728     
   120.60000000000001        7.8399999999999999       -15.301388478279423     
   122.40000000000002        7.8399999999999999       -15.485001180614477     
   124.20000000000000        7.8399999999999999       -15.673524056428334     
   126.00000000000000        7.8399999999999999       -15.866395295209292     
   127.80000000000001        7.8399999999999999       -16.062971641209028     
   129.60000000000002        7.8399999999999999       -16.262444198296631     
   131.40000000000001        7.8399999999999999       -16.463966941175105     
   133.20000000000002        7.8399999999999999       -16.666543909796612     
   135.00000000000000        7.8399999999999999       -16.869011586842188     
   136.79999999999998        7.8399999999999999       -17.070219927179807     
   138.59999999999999        7.8399999999999999       -17.268802410319370     
   140.40000000000001        7.8399999999999999       -17.463403993340922     
   142.20000000000002        7.8399999999999999       -17.652592690231842     
   144.00000000000000        7.8399999999999999       -17.834940865078192     
   145.79999999999998        7.8399999999999999       -18.009043534977859     
   147.59999999999999        7.8399999999999999       -18.173552858742973     
   149.40000000000003        7.8399999999999999       -18.327284061776229     
   151.20000000000002        7.8399999999999999       -18.469198405132289     
   153.00000000000000        7.8399999999999999       -18.598510694849995     
   154.79999999999998        7.8399999999999999       -18.714492969040112     
   156.59999999999997        7.8399999999999999       -18.817047835085372     
   158.39999999999998        7.8399999999999999       -18.906065329927138     
   160.20000000000002        7.8399999999999999       -18.981841264102368     
   162.00000000000000        7.8399999999999999       -19.045183160079830     
   163.79999999999998        7.8399999999999999       -19.096564109565207     
   165.59999999999999        7.8399999999999999       -19.137408447669209     
   167.40000000000001        7.8399999999999999       -19.168940916018123     
   169.19999999999999        7.8399999999999999       -19.192400372452557     
   171.00000000000000        7.8399999999999999       -19.209350871843977     
   172.80000000000001        7.8399999999999999       -19.220944398433854     
   174.59999999999999        7.8399999999999999       -19.228641065396459     
   176.40000000000001        7.8399999999999999       -19.233226679835759     
   178.20000000000002        7.8399999999999999       -19.238937908648516     
   180.00000000000000        7.8399999999999999       -19.236454127539730     
   0.0000000000000000        7.9199999999999999       -29.814305819594580     
   1.8000000000000003        7.9199999999999999       -29.802911835003947     
   3.6000000000000005        7.9199999999999999       -29.768751194299576     
   5.4000000000000004        7.9199999999999999       -29.710747951401672     
   7.2000000000000011        7.9199999999999999       -29.627945053043305     
   9.0000000000000000        7.9199999999999999       -29.518410772102964     
   10.800000000000001        7.9199999999999999       -29.380545082042858     
   12.600000000000001        7.9199999999999999       -29.211985879086967     
   14.400000000000002        7.9199999999999999       -29.011005833190300     
   16.200000000000003        7.9199999999999999       -28.775366275145480     
   18.000000000000000        7.9199999999999999       -28.503580050744386     
   19.799999999999997        7.9199999999999999       -28.194709026972241     
   21.600000000000001        7.9199999999999999       -27.847560486521910     
   23.400000000000002        7.9199999999999999       -27.462448792301128     
   25.200000000000003        7.9199999999999999       -27.039899527995193     
   27.000000000000000        7.9199999999999999       -26.581036291287731     
   28.800000000000004        7.9199999999999999       -26.088013106294131     
   30.600000000000005        7.9199999999999999       -25.563366454629278     
   32.400000000000006        7.9199999999999999       -25.010343812541446     
   34.199999999999996        7.9199999999999999       -24.432698452258059     
   36.000000000000000        7.9199999999999999       -23.834554123547509     
   37.800000000000004        7.9199999999999999       -23.220356879798988     
   39.599999999999994        7.9199999999999999       -22.594786021139818     
   41.399999999999999        7.9199999999999999       -21.962622115229358     
   43.200000000000003        7.9199999999999999       -21.328441225312062     
   45.000000000000000        7.9199999999999999       -20.697095151161985     
   46.800000000000004        7.9199999999999999       -20.072632561713760     
   48.599999999999994        7.9199999999999999       -19.459466324973082     
   50.400000000000006        7.9199999999999999       -18.861188328039344     
   52.200000000000003        7.9199999999999999       -18.281198399303076     
   54.000000000000000        7.9199999999999999       -17.722826059861706     
   55.799999999999997        7.9199999999999999       -17.188438226635490     
   57.600000000000009        7.9199999999999999       -16.680429571970802     
   59.400000000000013        7.9199999999999999       -16.200656371827417     
   61.200000000000010        7.9199999999999999       -15.750594478936657     
   63.000000000000000        7.9199999999999999       -15.331444380463662     
   64.800000000000011        7.9199999999999999       -14.944052317927396     
   66.600000000000009        7.9199999999999999       -14.588923594769021     
   68.399999999999991        7.9199999999999999       -14.266242615943238     
   70.200000000000003        7.9199999999999999       -13.975996733654419     
   72.000000000000000        7.9199999999999999       -13.717987491764145     
   73.799999999999997        7.9199999999999999       -13.491448979573905     
   75.600000000000009        7.9199999999999999       -13.295848762164070     
   77.399999999999991        7.9199999999999999       -13.130137926380812     
   79.199999999999989        7.9199999999999999       -12.993164439023793     
   81.000000000000000        7.9199999999999999       -12.883598363668234     
   82.799999999999997        7.9199999999999999       -12.800113373251650     
   84.599999999999994        7.9199999999999999       -12.741090929349077     
   86.400000000000006        7.9199999999999999       -12.704966841122410     
   88.200000000000003        7.9199999999999999       -12.690164699588358     
   90.000000000000000        7.9199999999999999       -12.694945995453233     
   91.799999999999997        7.9199999999999999       -12.717724889785009     
   93.600000000000009        7.9199999999999999       -12.756969128704041     
   95.400000000000006        7.9199999999999999       -12.811129678255545     
   97.199999999999989        7.9199999999999999       -12.878836490900966     
   99.000000000000014        7.9199999999999999       -12.958855886123624     
   100.80000000000001        7.9199999999999999       -13.049994228183630     
   102.59999999999999        7.9199999999999999       -13.151307782742107     
   104.40000000000001        7.9199999999999999       -13.261911795004643     
   106.19999999999999        7.9199999999999999       -13.381096112280135     
   108.00000000000000        7.9199999999999999       -13.508259979058273     
   109.80000000000000        7.9199999999999999       -13.642996641176515     
   111.59999999999999        7.9199999999999999       -13.784880763794693     
   113.40000000000001        7.9199999999999999       -13.933642255980754     
   115.20000000000002        7.9199999999999999       -14.089092575750248     
   117.00000000000000        7.9199999999999999       -14.251011696723925     
   118.80000000000003        7.9199999999999999       -14.419222036189941     
   120.60000000000001        7.9199999999999999       -14.593521710079344     
   122.40000000000002        7.9199999999999999       -14.773712600472575     
   124.20000000000000        7.9199999999999999       -14.959446225832369     
   126.00000000000000        7.9199999999999999       -15.150329042409313     
   127.80000000000001        7.9199999999999999       -15.345876125581055     
   129.60000000000002        7.9199999999999999       -15.545409849798832     
   131.40000000000001        7.9199999999999999       -15.748201436157800     
   133.20000000000002        7.9199999999999999       -15.953341031322097     
   135.00000000000000        7.9199999999999999       -16.159707087611263     
   136.79999999999998        7.9199999999999999       -16.366194441154548     
   138.59999999999999        7.9199999999999999       -16.571417819332058     
   140.40000000000001        7.9199999999999999       -16.774007211488133     
   142.20000000000002        7.9199999999999999       -16.972481898642130     
   144.00000000000000        7.9199999999999999       -17.165349107939051     
   145.79999999999998        7.9199999999999999       -17.351144852983204     
   147.59999999999999        7.9199999999999999       -17.528437308175100     
   149.40000000000003        7.9199999999999999       -17.695929837715706     
   151.20000000000002        7.9199999999999999       -17.852481177906110     
   153.00000000000000        7.9199999999999999       -17.997175390497123     
   154.79999999999998        7.9199999999999999       -18.129189397221825     
   156.59999999999997        7.9199999999999999       -18.248216988926330     
   158.39999999999998        7.9199999999999999       -18.353999416425541     
   160.20000000000002        7.9199999999999999       -18.446631620957895     
   162.00000000000000        7.9199999999999999       -18.526653840529480     
   163.79999999999998        7.9199999999999999       -18.594367534247485     
   165.59999999999999        7.9199999999999999       -18.650865001807013     
   167.40000000000001        7.9199999999999999       -18.697098935624552     
   169.19999999999999        7.9199999999999999       -18.734047264520392     
   171.00000000000000        7.9199999999999999       -18.762965126056905     
   172.80000000000001        7.9199999999999999       -18.784778296343923     
   174.59999999999999        7.9199999999999999       -18.800671734221687     
   176.40000000000001        7.9199999999999999       -18.811281003061563     
   178.20000000000002        7.9199999999999999       -18.822122273587514     
   180.00000000000000        7.9199999999999999       -18.819409614806464     
   0.0000000000000000        8.0000000000000000       -29.891260429054149     
   1.8000000000000003        8.0000000000000000       -29.873018257239416     
   3.6000000000000005        8.0000000000000000       -29.818311762348724     
   5.4000000000000004        8.0000000000000000       -29.726973346833319     
   7.2000000000000011        8.0000000000000000       -29.598900641212648     
   9.0000000000000000        8.0000000000000000       -29.433859075748298     
   10.800000000000001        8.0000000000000000       -29.231747537975455     
   12.600000000000001        8.0000000000000000       -28.992433408275900     
   14.400000000000002        8.0000000000000000       -28.716007275579432     
   16.200000000000003        8.0000000000000000       -28.402658903280891     
   18.000000000000000        8.0000000000000000       -28.052876301329587     
   19.799999999999997        8.0000000000000000       -27.667403389491568     
   21.600000000000001        8.0000000000000000       -27.247334693554819     
   23.400000000000002        8.0000000000000000       -26.794080770106188     
   25.200000000000003        8.0000000000000000       -26.309423892220909     
   27.000000000000000        8.0000000000000000       -25.795657881724736     
   28.800000000000004        8.0000000000000000       -25.255198772015458     
   30.600000000000005        8.0000000000000000       -24.691021504996165     
   32.400000000000006        8.0000000000000000       -24.106401274212850     
   34.199999999999996        8.0000000000000000       -23.504795721633560     
   36.000000000000000        8.0000000000000000       -22.889857564157357     
   37.800000000000004        8.0000000000000000       -22.265452957301523     
   39.599999999999994        8.0000000000000000       -21.635580883469679     
   41.399999999999999        8.0000000000000000       -21.004271925921874     
   43.200000000000003        8.0000000000000000       -20.375304275118822     
   45.000000000000000        8.0000000000000000       -19.752819731079164     
   46.800000000000004        8.0000000000000000       -19.140125789265948     
   48.599999999999994        8.0000000000000000       -18.541026140260286     
   50.400000000000006        8.0000000000000000       -17.958539409992028     
   52.200000000000003        8.0000000000000000       -17.395585453326934     
   54.000000000000000        8.0000000000000000       -16.855087617035561     
   55.799999999999997        8.0000000000000000       -16.339066157619360     
   57.600000000000009        8.0000000000000000       -15.849627798005699     
   59.400000000000013        8.0000000000000000       -15.388383342423259     
   61.200000000000010        8.0000000000000000       -14.956596129582028     
   63.000000000000000        8.0000000000000000       -14.555275867796679     
   64.800000000000011        8.0000000000000000       -14.185094348248604     
   66.600000000000009        8.0000000000000000       -13.846395797830528     
   68.399999999999991        8.0000000000000000       -13.539216725810302     
   70.200000000000003        8.0000000000000000       -13.263408108134930     
   72.000000000000000        8.0000000000000000       -13.018649216287272     
   73.799999999999997        8.0000000000000000       -12.804087401347871     
   75.600000000000009        8.0000000000000000       -12.619111553788688     
   77.399999999999991        8.0000000000000000       -12.462638017259984     
   79.199999999999989        8.0000000000000000       -12.333509922030506     
   81.000000000000000        8.0000000000000000       -12.230426770144831     
   82.799999999999997        8.0000000000000000       -12.152115896129679     
   84.599999999999994        8.0000000000000000       -12.097048636521452     
   86.400000000000006        8.0000000000000000       -12.063764706954817     
   88.200000000000003        8.0000000000000000       -12.050803376085721     
   90.000000000000000        8.0000000000000000       -12.056553524817549     
   91.799999999999997        8.0000000000000000       -12.079547224370719     
   93.600000000000009        8.0000000000000000       -12.118359934119081     
   95.400000000000006        8.0000000000000000       -12.171537899856421     
   97.199999999999989        8.0000000000000000       -12.237783861070374     
   99.000000000000014        8.0000000000000000       -12.315915910472636     
   100.80000000000001        8.0000000000000000       -12.404776122362021     
   102.59999999999999        8.0000000000000000       -12.503436875439105     
   104.40000000000001        8.0000000000000000       -12.611021986176553     
   106.19999999999999        8.0000000000000000       -12.726824519939319     
   108.00000000000000        8.0000000000000000       -12.850250577048310     
   109.80000000000000        8.0000000000000000       -12.980906304307663     
   111.59999999999999        8.0000000000000000       -13.118399401731681     
   113.40000000000001        8.0000000000000000       -13.262508591657433     
   115.20000000000002        8.0000000000000000       -13.413115194468300     
   117.00000000000000        8.0000000000000000       -13.570092551884935     
   118.80000000000003        8.0000000000000000       -13.733374779969992     
   120.60000000000001        8.0000000000000000       -13.902887378396866     
   122.40000000000002        8.0000000000000000       -14.078571593929874     
   124.20000000000000        8.0000000000000000       -14.260220970876039     
   126.00000000000000        8.0000000000000000       -14.447582513192396     
   127.80000000000001        8.0000000000000000       -14.640305483405589     
   129.60000000000002        8.0000000000000000       -14.837827499037827     
   131.40000000000001        8.0000000000000000       -15.039524541679105     
   133.20000000000002        8.0000000000000000       -15.244568730001838     
   135.00000000000000        8.0000000000000000       -15.451887317162553     
   136.79999999999998        8.0000000000000000       -15.660425527348009     
   138.59999999999999        8.0000000000000000       -15.868799936774842     
   140.40000000000001        8.0000000000000000       -16.075644248301590     
   142.20000000000002        8.0000000000000000       -16.279454545678885     
   144.00000000000000        8.0000000000000000       -16.478700724894324     
   145.79999999999998        8.0000000000000000       -16.671884916549949     
   147.59999999999999        8.0000000000000000       -16.857520108118770     
   149.40000000000003        8.0000000000000000       -17.034230207205354     
   151.20000000000002        8.0000000000000000       -17.200799900410459     
   153.00000000000000        8.0000000000000000       -17.356214534270208     
   154.79999999999998        8.0000000000000000       -17.499579436270889     
   156.59999999999997        8.0000000000000000       -17.630423056883227     
   158.39999999999998        8.0000000000000000       -17.748368660517823     
   160.20000000000002        8.0000000000000000       -17.853349940435070     
   162.00000000000000        8.0000000000000000       -17.945691219619974     
   163.79999999999998        8.0000000000000000       -18.025555354935275     
   165.59999999999999        8.0000000000000000       -18.093765532644859     
   167.40000000000001        8.0000000000000000       -18.151054075189947     
   169.19999999999999        8.0000000000000000       -18.198187619197988     
   171.00000000000000        8.0000000000000000       -18.236171234070003     
   172.80000000000001        8.0000000000000000       -18.265747780815637     
   174.59999999999999        8.0000000000000000       -18.287879768619550     
   176.40000000000001        8.0000000000000000       -18.303081464778391     
   178.20000000000002        8.0000000000000000       -18.317806479449949     
   180.00000000000000        8.0000000000000000       -18.314950374350165     
   0.0000000000000000        8.0800000000000001       -29.585754050150680     
   1.8000000000000003        8.0800000000000001       -29.562683916348206     
   3.6000000000000005        8.0800000000000001       -29.493492336163662     
   5.4000000000000004        8.0800000000000001       -29.378683865704279     
   7.2000000000000011        8.0800000000000001       -29.218787902484543     
   9.0000000000000000        8.0800000000000001       -29.014824775504888     
   10.800000000000001        8.0800000000000001       -28.767800395899425     
   12.600000000000001        8.0800000000000001       -28.479228523000302     
   14.400000000000002        8.0800000000000001       -28.150539778754641     
   16.200000000000003        8.0800000000000001       -27.783713149766374     
   18.000000000000000        8.0800000000000001       -27.380687830333152     
   19.799999999999997        8.0800000000000001       -26.943439546388543     
   21.600000000000001        8.0800000000000001       -26.474736795080510     
   23.400000000000002        8.0800000000000001       -25.976781521391231     
   25.200000000000003        8.0800000000000001       -25.452261197691193     
   27.000000000000000        8.0800000000000001       -24.904304728705295     
   28.800000000000004        8.0800000000000001       -24.335491654680300     
   30.600000000000005        8.0800000000000001       -23.749083673093605     
   32.400000000000006        8.0800000000000001       -23.148335964905108     
   34.199999999999996        8.0800000000000001       -22.536445330515622     
   36.000000000000000        8.0800000000000001       -21.916671823754847     
   37.800000000000004        8.0800000000000001       -21.292405999091482     
   39.599999999999994        8.0800000000000001       -20.667095556367752     
   41.399999999999999        8.0800000000000001       -20.044168091672464     
   43.200000000000003        8.0800000000000001       -19.426766717644032     
   45.000000000000000        8.0800000000000001       -18.818458661962964     
   46.800000000000004        8.0800000000000001       -18.221964341600419     
   48.599999999999994        8.0800000000000001       -17.640591872906629     
   50.400000000000006        8.0800000000000001       -17.076900730461507     
   52.200000000000003        8.0800000000000001       -16.533421922948921     
   54.000000000000000        8.0800000000000001       -16.012744662520344     
   55.799999999999997        8.0800000000000001       -15.516610283696156     
   57.600000000000009        8.0800000000000001       -15.046889103745965     
   59.400000000000013        8.0800000000000001       -14.604993113911947     
   61.200000000000010        8.0800000000000001       -14.192015535804581     
   63.000000000000000        8.0800000000000001       -13.808815187098427     
   64.800000000000011        8.0800000000000001       -13.455929149901314     
   66.600000000000009        8.0800000000000001       -13.133580735672345     
   68.399999999999991        8.0800000000000001       -12.841698868630242     
   70.200000000000003        8.0800000000000001       -12.580037534120782     
   72.000000000000000        8.0800000000000001       -12.348191303804860     
   73.799999999999997        8.0800000000000001       -12.145255042113495     
   75.600000000000009        8.0800000000000001       -11.970568062513429     
   77.399999999999991        8.0800000000000001       -11.823034739107376     
   79.199999999999989        8.0800000000000001       -11.701508817841905     
   81.000000000000000        8.0800000000000001       -11.604727003283713     
   82.799999999999997        8.0800000000000001       -11.531471015294814     
   84.599999999999994        8.0800000000000001       -11.480295812534159     
   86.400000000000006        8.0800000000000001       -11.449833880230360     
   88.200000000000003        8.0800000000000001       -11.438725497250989     
   90.000000000000000        8.0800000000000001       -11.445470462593304     
   91.799999999999997        8.0800000000000001       -11.468702678667354     
   93.600000000000009        8.0800000000000001       -11.507090958451771     
   95.400000000000006        8.0800000000000001       -11.559265687896778     
   97.199999999999989        8.0800000000000001       -11.623994986085483     
   99.000000000000014        8.0800000000000001       -11.700145180069603     
   100.80000000000001        8.0800000000000001       -11.786594392884469     
   102.59999999999999        8.0800000000000001       -11.882433754761012     
   104.40000000000001        8.0800000000000001       -11.986799926805366     
   106.19999999999999        8.0800000000000001       -12.098993151672182     
   108.00000000000000        8.0800000000000001       -12.218428628160201     
   109.80000000000000        8.0800000000000001       -12.344724141108319     
   111.59999999999999        8.0800000000000001       -12.477515125114678     
   113.40000000000001        8.0800000000000001       -12.616618436063666     
   115.20000000000002        8.0800000000000001       -12.761968897662795     
   117.00000000000000        8.0800000000000001       -12.913512234745756     
   118.80000000000003        8.0800000000000001       -13.071268852770261     
   120.60000000000001        8.0800000000000001       -13.235263405511848     
   122.40000000000002        8.0800000000000001       -13.405545940116983     
   124.20000000000000        8.0800000000000001       -13.582023556176731     
   126.00000000000000        8.0800000000000001       -13.764556820757340     
   127.80000000000001        8.0800000000000001       -13.952905420505965     
   129.60000000000002        8.0800000000000001       -14.146605911874483     
   131.40000000000001        8.0800000000000001       -14.345126015107198     
   133.20000000000002        8.0800000000000001       -14.547714567221229     
   135.00000000000000        8.0800000000000001       -14.753352665106547     
   136.79999999999998        8.0800000000000001       -14.961039805795359     
   138.59999999999999        8.0800000000000001       -15.169412585675653     
   140.40000000000001        8.0800000000000001       -15.377124963161720     
   142.20000000000002        8.0800000000000001       -15.582673030113074     
   144.00000000000000        8.0800000000000001       -15.784514942720657     
   145.79999999999998        8.0800000000000001       -15.981142241048364     
   147.59999999999999        8.0800000000000001       -16.171039755970867     
   149.40000000000003        8.0800000000000001       -16.352782627933763     
   151.20000000000002        8.0800000000000001       -16.525108648562330     
   153.00000000000000        8.0800000000000001       -16.686935106222631     
   154.79999999999998        8.0800000000000001       -16.837318442543609     
   156.59999999999997        8.0800000000000001       -16.975663320967278     
   158.39999999999998        8.0800000000000001       -17.101504561367417     
   160.20000000000002        8.0800000000000001       -17.214652368097465     
   162.00000000000000        8.0800000000000001       -17.315263757339594     
   163.79999999999998        8.0800000000000001       -17.403394301139308     
   165.59999999999999        8.0800000000000001       -17.479657142274149     
   167.40000000000001        8.0800000000000001       -17.544612629941323     
   169.19999999999999        8.0800000000000001       -17.598862475491675     
   171.00000000000000        8.0800000000000001       -17.643216479496211     
   172.80000000000001        8.0800000000000001       -17.678274849006385     
   174.59999999999999        8.0800000000000001       -17.704826553831051     
   176.40000000000001        8.0800000000000001       -17.723291412154552     
   178.20000000000002        8.0800000000000001       -17.740745620712914     
   180.00000000000000        8.0800000000000001       -17.737822501207742     
   0.0000000000000000        8.1600000000000001       -29.029668479477429     
   1.8000000000000003        8.1600000000000001       -29.003156658577144     
   3.6000000000000005        8.1600000000000001       -28.923638891311661     
   5.4000000000000004        8.1600000000000001       -28.792128752292125     
   7.2000000000000011        8.1600000000000001       -28.609633467542761     
   9.0000000000000000        8.1600000000000001       -28.378122842250153     
   10.800000000000001        8.1600000000000001       -28.099439222197780     
   12.600000000000001        8.1600000000000001       -27.776340137269678     
   14.400000000000002        8.1600000000000001       -27.411266376049014     
   16.200000000000003        8.1600000000000001       -27.007544959331341     
   18.000000000000000        8.1600000000000001       -26.568204764874544     
   19.799999999999997        8.1600000000000001       -26.096142845415507     
   21.600000000000001        8.1600000000000001       -25.595378811293404     
   23.400000000000002        8.1600000000000001       -25.068696234508327     
   25.200000000000003        8.1600000000000001       -24.519445971148588     
   27.000000000000000        8.1600000000000001       -23.951361719290770     
   28.800000000000004        8.1600000000000001       -23.367119654518579     
   30.600000000000005        8.1600000000000001       -22.770164890169649     
   32.400000000000006        8.1600000000000001       -22.163701169580499     
   34.199999999999996        8.1600000000000001       -21.550690071689825     
   36.000000000000000        8.1600000000000001       -20.934054775934172     
   37.800000000000004        8.1600000000000001       -20.316784011469220     
   39.599999999999994        8.1600000000000001       -19.701865097165655     
   41.399999999999999        8.1600000000000001       -19.092225941591369     
   43.200000000000003        8.1600000000000001       -18.490488650719353     
   45.000000000000000        8.1600000000000001       -17.899741204450777     
   46.800000000000004        8.1600000000000001       -17.322224751222812     
   48.599999999999994        8.1600000000000001       -16.760831894635203     
   50.400000000000006        8.1600000000000001       -16.217742994210351     
   52.200000000000003        8.1600000000000001       -15.695164322136607     
   54.000000000000000        8.1600000000000001       -15.195401873133450     
   55.799999999999997        8.1600000000000001       -14.719965597329642     
   57.600000000000009        8.1600000000000001       -14.270525795594471     
   59.400000000000013        8.1600000000000001       -13.848328444085350     
   61.200000000000010        8.1600000000000001       -13.454326355562690     
   63.000000000000000        8.1600000000000001       -13.089255331257908     
   64.800000000000011        8.1600000000000001       -12.753545383409326     
   66.600000000000009        8.1600000000000001       -12.447326712454510     
   68.399999999999991        8.1600000000000001       -12.170448452362225     
   70.200000000000003        8.1600000000000001       -11.922594694360576     
   72.000000000000000        8.1600000000000001       -11.703301101911718     
   73.799999999999997        8.1600000000000001       -11.511633349778574     
   75.600000000000009        8.1600000000000001       -11.346901032225455     
   77.399999999999991        8.1600000000000001       -11.208011868119716     
   79.199999999999989        8.1600000000000001       -11.093840466582806     
   81.000000000000000        8.1600000000000001       -11.003165632772101     
   82.799999999999997        8.1600000000000001       -10.934823540426978     
   84.599999999999994        8.1600000000000001       -10.887447934536487     
   86.400000000000006        8.1600000000000001       -10.859755912444269     
   88.200000000000003        8.1600000000000001       -10.850478192542544     
   90.000000000000000        8.1600000000000001       -10.858213632798995     
   91.799999999999997        8.1600000000000001       -10.881686466400385     
   93.600000000000009        8.1600000000000001       -10.919648590966140     
   95.400000000000006        8.1600000000000001       -10.970806489381546     
   97.199999999999989        8.1600000000000001       -11.033988280261221     
   99.000000000000014        8.1600000000000001       -11.108105877756955     
   100.80000000000001        8.1600000000000001       -11.192073476752135     
   102.59999999999999        8.1600000000000001       -11.285002669510233     
   104.40000000000001        8.1600000000000001       -11.386045773536667     
   106.19999999999999        8.1600000000000001       -11.494512830358923     
   108.00000000000000        8.1600000000000001       -11.609829543742354     
   109.80000000000000        8.1600000000000001       -11.731624341365679     
   111.59999999999999        8.1600000000000001       -11.859556462789078     
   113.40000000000001        8.1600000000000001       -11.993473227233460     
   115.20000000000002        8.1600000000000001       -12.133351284578326     
   117.00000000000000        8.1600000000000001       -12.279193712400165     
   118.80000000000003        8.1600000000000001       -12.431089021546953     
   120.60000000000001        8.1600000000000001       -12.589140760881213     
   122.40000000000002        8.1600000000000001       -12.753485804421286     
   124.20000000000000        8.1600000000000001       -12.924124140128466     
   126.00000000000000        8.1600000000000001       -13.101010193725459     
   127.80000000000001        8.1600000000000001       -13.283996537460487     
   129.60000000000002        8.1600000000000001       -13.472706253576842     
   131.40000000000001        8.1600000000000001       -13.666688666435101     
   133.20000000000002        8.1600000000000001       -13.865264605926132     
   135.00000000000000        8.1600000000000001       -14.067471527760590     
   136.79999999999998        8.1600000000000001       -14.272364966946952     
   138.59999999999999        8.1600000000000001       -14.478613432955166     
   140.40000000000001        8.1600000000000001       -14.684902013926559     
   142.20000000000002        8.1600000000000001       -14.889742534577076     
   144.00000000000000        8.1600000000000001       -15.091598999183715     
   145.79999999999998        8.1600000000000001       -15.288968489620636     
   147.59999999999999        8.1600000000000001       -15.480326649453801     
   149.40000000000003        8.1600000000000001       -15.664221596023005     
   151.20000000000002        8.1600000000000001       -15.839363599027649     
   153.00000000000000        8.1600000000000001       -16.004623851439717     
   154.79999999999998        8.1600000000000001       -16.159026309452518     
   156.59999999999997        8.1600000000000001       -16.301881603327494     
   158.39999999999998        8.1600000000000001       -16.432657333590281     
   160.20000000000002        8.1600000000000001       -16.551067185897629     
   162.00000000000000        8.1600000000000001       -16.657135356487750     
   163.79999999999998        8.1600000000000001       -16.750832394715577     
   165.59999999999999        8.1600000000000001       -16.832602988001696     
   167.40000000000001        8.1600000000000001       -16.902869502571200     
   169.19999999999999        8.1600000000000001       -16.962101207043062     
   171.00000000000000        8.1600000000000001       -17.010950901650144     
   172.80000000000001        8.1600000000000001       -17.049904217543116     
   174.59999999999999        8.1600000000000001       -17.079610622329806     
   176.40000000000001        8.1600000000000001       -17.100414155649819     
   178.20000000000002        8.1600000000000001       -17.119796751799800     
   180.00000000000000        8.1600000000000001       -17.116857625284293     
   0.0000000000000000        8.2400000000000002       -28.250985346078913     
   1.8000000000000003        8.2400000000000002       -28.222345364936746     
   3.6000000000000005        8.2400000000000002       -28.136442072873482     
   5.4000000000000004        8.2400000000000002       -27.994642162073085     
   7.2000000000000011        8.2400000000000002       -27.798283607026686     
   9.0000000000000000        8.2400000000000002       -27.549993856231627     
   10.800000000000001        8.2400000000000002       -27.252193202495626     
   12.600000000000001        8.2400000000000002       -26.908498354207943     
   14.400000000000002        8.2400000000000002       -26.522045276854801     
   16.200000000000003        8.2400000000000002       -26.097087774347717     
   18.000000000000000        8.2400000000000002       -25.637399437344556     
   19.799999999999997        8.2400000000000002       -25.146502552719944     
   21.600000000000001        8.2400000000000002       -24.629264629172489     
   23.400000000000002        8.2400000000000002       -24.088851354519729     
   25.200000000000003        8.2400000000000002       -23.529047061651326     
   27.000000000000000        8.2400000000000002       -22.953971642296967     
   28.800000000000004        8.2400000000000002       -22.366335450281024     
   30.600000000000005        8.2400000000000002       -21.769670053400588     
   32.400000000000006        8.2400000000000002       -21.167099649072419     
   34.199999999999996        8.2400000000000002       -20.561377067023379     
   36.000000000000000        8.2400000000000002       -19.955144001303118     
   37.800000000000004        8.2400000000000002       -19.351060034996976     
   39.599999999999994        8.2400000000000002       -18.751741202310047     
   41.399999999999999        8.2400000000000002       -18.159716660026771     
   43.200000000000003        8.2400000000000002       -17.577198563332253     
   45.000000000000000        8.2400000000000002       -17.006888980047979     
   46.800000000000004        8.2400000000000002       -16.450654547626197     
   48.599999999999994        8.2400000000000002       -15.911050869304411     
   50.400000000000006        8.2400000000000002       -15.389957207846050     
   52.200000000000003        8.2400000000000002       -14.889317829138987     
   54.000000000000000        8.2400000000000002       -14.411205620032698     
   55.799999999999997        8.2400000000000002       -13.956945512244369     
   57.600000000000009        8.2400000000000002       -13.528043545888231     
   59.400000000000013        8.2400000000000002       -13.125611730682023     
   61.200000000000010        8.2400000000000002       -12.750491380794795     
   63.000000000000000        8.2400000000000002       -12.403322308862540     
   64.800000000000011        8.2400000000000002       -12.084454090923092     
   66.600000000000009        8.2400000000000002       -11.793950449781393     
   68.399999999999991        8.2400000000000002       -11.531607210763909     
   70.200000000000003        8.2400000000000002       -11.297064309950482     
   72.000000000000000        8.2400000000000002       -11.089822928428541     
   73.799999999999997        8.2400000000000002       -10.908941343849991     
   75.600000000000009        8.2400000000000002       -10.753718087600006     
   77.399999999999991        8.2400000000000002       -10.623078321277378     
   79.199999999999989        8.2400000000000002       -10.515926762680671     
   81.000000000000000        8.2400000000000002       -10.431088404548227     
   82.799999999999997        8.2400000000000002       -10.367453389263407     
   84.599999999999994        8.2400000000000002       -10.323728972867080     
   86.400000000000006        8.2400000000000002       -10.298708481058512     
   88.200000000000003        8.2400000000000002       -10.291202414845220     
   90.000000000000000        8.2400000000000002       -10.299896753384415     
   91.799999999999997        8.2400000000000002       -10.323594574254493     
   93.600000000000009        8.2400000000000002       -10.361120605446002     
   95.400000000000006        8.2400000000000002       -10.411249303277415     
   97.199999999999989        8.2400000000000002       -10.472863313607652     
   99.000000000000014        8.2400000000000002       -10.544917353433606     
   100.80000000000001        8.2400000000000002       -10.626361450389810     
   102.59999999999999        8.2400000000000002       -10.716329156261011     
   104.40000000000001        8.2400000000000002       -10.813990965163333     
   106.19999999999999        8.2400000000000002       -10.918669093786294     
   108.00000000000000        8.2400000000000002       -11.029800936071720     
   109.80000000000000        8.2400000000000002       -11.147024483802818     
   111.59999999999999        8.2400000000000002       -11.270018727734525     
   113.40000000000001        8.2400000000000002       -11.398653799708137     
   115.20000000000002        8.2400000000000002       -11.532936601920163     
   117.00000000000000        8.2400000000000002       -11.672912600119819     
   118.80000000000003        8.2400000000000002       -11.818720320285257     
   120.60000000000001        8.2400000000000002       -11.970521983265220     
   122.40000000000002        8.2400000000000002       -12.128519309911939     
   124.20000000000000        8.2400000000000002       -12.292784272225173     
   126.00000000000000        8.2400000000000002       -12.463345092279509     
   127.80000000000001        8.2400000000000002       -12.640129160292819     
   129.60000000000002        8.2400000000000002       -12.822832869288161     
   131.40000000000001        8.2400000000000002       -13.011076120649982     
   133.20000000000002        8.2400000000000002       -13.204245916228604     
   135.00000000000000        8.2400000000000002       -13.401437300495328     
   136.79999999999998        8.2400000000000002       -13.601762422265697     
   138.59999999999999        8.2400000000000002       -13.803932233224026     
   140.40000000000001        8.2400000000000002       -14.006672633775606     
   142.20000000000002        8.2400000000000002       -14.208525774333230     
   144.00000000000000        8.2400000000000002       -14.407978125272832     
   145.79999999999998        8.2400000000000002       -14.603547692681946     
   147.59999999999999        8.2400000000000002       -14.793719316178683     
   149.40000000000003        8.2400000000000002       -14.977035410086529     
   151.20000000000002        8.2400000000000002       -15.152197866323244     
   153.00000000000000        8.2400000000000002       -15.318053602520461     
   154.79999999999998        8.2400000000000002       -15.473610521812500     
   156.59999999999997        8.2400000000000002       -15.618114805585968     
   158.39999999999998        8.2400000000000002       -15.750988016097892     
   160.20000000000002        8.2400000000000002       -15.871874079343081     
   162.00000000000000        8.2400000000000002       -15.980698351341971     
   163.79999999999998        8.2400000000000002       -16.077368338468006     
   165.59999999999999        8.2400000000000002       -16.162200913788915     
   167.40000000000001        8.2400000000000002       -16.235513586525908     
   169.19999999999999        8.2400000000000002       -16.297674750563825     
   171.00000000000000        8.2400000000000002       -16.349217265869193     
   172.80000000000001        8.2400000000000002       -16.390539336911434     
   174.59999999999999        8.2400000000000002       -16.422183761583781     
   176.40000000000001        8.2400000000000002       -16.444436796016287     
   178.20000000000002        8.2400000000000002       -16.464980045933061     
   180.00000000000000        8.2400000000000002       -16.462071487261603     
   0.0000000000000000        8.3200000000000003       -27.339747236448698     
   1.8000000000000003        8.3200000000000003       -27.309825486111251     
   3.6000000000000005        8.3200000000000003       -27.220075903878886     
   5.4000000000000004        8.3200000000000003       -27.072116868246592     
   7.2000000000000011        8.3200000000000003       -26.867521433208370     
   9.0000000000000000        8.3200000000000003       -26.609384853342565     
   10.800000000000001        8.3200000000000003       -26.300537267068190     
   12.600000000000001        8.3200000000000003       -25.945204458585398     
   14.400000000000002        8.3200000000000003       -25.547012814335286     
   16.200000000000003        8.3200000000000003       -25.110869120838991     
   18.000000000000000        8.3200000000000003       -24.641067602023234     
   19.799999999999997        8.3200000000000003       -24.141563586412492     
   21.600000000000001        8.3200000000000003       -23.617810792006651     
   23.400000000000002        8.3200000000000003       -23.073227907293397     
   25.200000000000003        8.3200000000000003       -22.511884023530211     
   27.000000000000000        8.3200000000000003       -21.938144077297121     
   28.800000000000004        8.3200000000000003       -21.354713020215595     
   30.600000000000005        8.3200000000000003       -20.765147097964970     
   32.400000000000006        8.3200000000000003       -20.172474075905367     
   34.199999999999996        8.3200000000000003       -19.579256707571812     
   36.000000000000000        8.3200000000000003       -18.987892751862034     
   37.800000000000004        8.3200000000000003       -18.400761519709917     
   39.599999999999994        8.3200000000000003       -17.820167353656473     
   41.399999999999999        8.3200000000000003       -17.248307949103914     
   43.200000000000003        8.3200000000000003       -16.687059259202659     
   45.000000000000000        8.3200000000000003       -16.138799802458355     
   46.800000000000004        8.3200000000000003       -15.605091127482003     
   48.599999999999994        8.3200000000000003       -15.088204383110014     
   50.400000000000006        8.3200000000000003       -14.589769616354712     
   52.200000000000003        8.3200000000000003       -14.111510971070407     
   54.000000000000000        8.3200000000000003       -13.655301888905210     
   55.799999999999997        8.3200000000000003       -13.222313133484427     
   57.600000000000009        8.3200000000000003       -12.813910461706630     
   59.400000000000013        8.3200000000000003       -12.431093280019306     
   61.200000000000010        8.3200000000000003       -12.074610587827960     
   63.000000000000000        8.3200000000000003       -11.745024071772582     
   64.800000000000011        8.3200000000000003       -11.442620352271405     
   66.600000000000009        8.3200000000000003       -11.167414037944120     
   68.399999999999991        8.3200000000000003       -10.919164804947288     
   70.200000000000003        8.3200000000000003       -10.697485054744561     
   72.000000000000000        8.3200000000000003       -10.501857203448104     
   73.799999999999997        8.3200000000000003       -10.331345954370409     
   75.600000000000009        8.3200000000000003       -10.185250667939783     
   77.399999999999991        8.3200000000000003       -10.062522718099068     
   79.199999999999989        8.3200000000000003       -9.9621025373404315     
   81.000000000000000        8.3200000000000003       -9.8828635233897124     
   82.799999999999997        8.3200000000000003       -9.8237490623116024     
   84.599999999999994        8.3200000000000003       -9.7835360063879921     
   86.400000000000006        8.3200000000000003       -9.7610880212673834     
   88.200000000000003        8.3200000000000003       -9.7552880480717690     
   90.000000000000000        8.3200000000000003       -9.7649009765681161     
   91.799999999999997        8.3200000000000003       -9.7888008909196476     
   93.600000000000009        8.3200000000000003       -9.8258783538215511     
   95.400000000000006        8.3200000000000003       -9.8749701892172901     
   97.199999999999989        8.3200000000000003       -9.9350097665155950     
   99.000000000000014        8.3200000000000003       -10.004992606688466     
   100.80000000000001        8.3200000000000003       -10.083904223910025     
   102.59999999999999        8.3200000000000003       -10.170901003926222     
   104.40000000000001        8.3200000000000003       -10.265173138564689     
   106.19999999999999        8.3200000000000003       -10.366056477277027     
   108.00000000000000        8.3200000000000003       -10.473000769042223     
   109.80000000000000        8.3200000000000003       -10.585652788343495     
   111.59999999999999        8.3200000000000003       -10.703708442135454     
   113.40000000000001        8.3200000000000003       -10.827055488637429     
   115.20000000000002        8.3200000000000003       -10.955723281680813     
   117.00000000000000        8.3200000000000003       -11.089789539098867     
   118.80000000000003        8.3200000000000003       -11.229430556466065     
   120.60000000000001        8.3200000000000003       -11.374853489181579     
   122.40000000000002        8.3200000000000003       -11.526309943012661     
   124.20000000000000        8.3200000000000003       -11.683929486598970     
   126.00000000000000        8.3200000000000003       -11.847800243226940     
   127.80000000000001        8.3200000000000003       -12.017911768102442     
   129.60000000000002        8.3200000000000003       -12.194024229061359     
   131.40000000000001        8.3200000000000003       -12.375819997259656     
   133.20000000000002        8.3200000000000003       -12.562747543583887     
   135.00000000000000        8.3200000000000003       -12.753959465040204     
   136.79999999999998        8.3200000000000003       -12.948624108115864     
   138.59999999999999        8.3200000000000003       -13.145501098574071     
   140.40000000000001        8.3200000000000003       -13.343362919231708     
   142.20000000000002        8.3200000000000003       -13.540791191861363     
   144.00000000000000        8.3200000000000003       -13.736305481254858     
   145.79999999999998        8.3200000000000003       -13.928454649958313     
   147.59999999999999        8.3200000000000003       -14.115744813695759     
   149.40000000000003        8.3200000000000003       -14.296726869133126     
   151.20000000000002        8.3200000000000003       -14.470107166825898     
   153.00000000000000        8.3200000000000003       -14.634723066481603     
   154.79999999999998        8.3200000000000003       -14.789577587963242     
   156.59999999999997        8.3200000000000003       -14.933872458668567     
   158.39999999999998        8.3200000000000003       -15.066997566643412     
   160.20000000000002        8.3200000000000003       -15.188545136073287     
   162.00000000000000        8.3200000000000003       -15.298364470643119     
   163.79999999999998        8.3200000000000003       -15.396314801954091     
   165.59999999999999        8.3200000000000003       -15.482612236478793     
   167.40000000000001        8.3200000000000003       -15.557491414923632     
   169.19999999999999        8.3200000000000003       -15.621240754171227     
   171.00000000000000        8.3200000000000003       -15.674297623624948     
   172.80000000000001        8.3200000000000003       -15.716990684396981     
   174.59999999999999        8.3200000000000003       -15.749777641083252     
   176.40000000000001        8.3200000000000003       -15.772898781835158     
   178.20000000000002        8.3200000000000003       -15.794102386429604     
   180.00000000000000        8.3200000000000003       -15.791253144078958     
   0.0000000000000000        8.4000000000000004       -26.314711912664972     
   1.8000000000000003        8.4000000000000004       -26.284331079676210     
   3.6000000000000005        8.4000000000000004       -26.193203338893760     
   5.4000000000000004        8.4000000000000004       -26.043098817097764     
   7.2000000000000011        8.4000000000000004       -25.835731419106590     
   9.0000000000000000        8.4000000000000004       -25.574477208344792     
   10.800000000000001        8.4000000000000004       -25.262410643363690     
   12.600000000000001        8.4000000000000004       -24.904120324437013     
   14.400000000000002        8.4000000000000004       -24.503521563818541     
   16.200000000000003        8.4000000000000004       -24.065904730735106     
   18.000000000000000        8.4000000000000004       -23.595864396754205     
   19.799999999999997        8.4000000000000004       -23.097600182459029     
   21.600000000000001        8.4000000000000004       -22.576895063155057     
   23.400000000000002        8.4000000000000004       -22.037294455812791     
   25.200000000000003        8.4000000000000004       -21.483006859337493     
   27.000000000000000        8.4000000000000004       -20.918504654457685     
   28.800000000000004        8.4000000000000004       -20.346449836877376     
   30.600000000000005        8.4000000000000004       -19.770364253812247     
   32.400000000000006        8.4000000000000004       -19.193164521643116     
   34.199999999999996        8.4000000000000004       -18.617243704382126     
   36.000000000000000        8.4000000000000004       -18.044794700626277     
   37.800000000000004        8.4000000000000004       -17.477966884835453     
   39.599999999999994        8.4000000000000004       -16.918813858802871     
   41.399999999999999        8.4000000000000004       -16.369270385956305     
   43.200000000000003        8.4000000000000004       -15.830950938928352     
   45.000000000000000        8.4000000000000004       -15.305974187799730     
   46.800000000000004        8.4000000000000004       -14.795666739031244     
   48.599999999999994        8.4000000000000004       -14.302069080338846     
   50.400000000000006        8.4000000000000004       -13.826614709019813     
   52.200000000000003        8.4000000000000004       -13.370850393846645     
   54.000000000000000        8.4000000000000004       -12.936484762313668     
   55.799999999999997        8.4000000000000004       -12.524565749982541     
   57.600000000000009        8.4000000000000004       -12.136343438746566     
   59.400000000000013        8.4000000000000004       -11.772726382818636     
   61.200000000000010        8.4000000000000004       -11.434390678658637     
   63.000000000000000        8.4000000000000004       -11.121837861283558     
   64.800000000000011        8.4000000000000004       -10.835309017893930     
   66.600000000000009        8.4000000000000004       -10.574786786488051     
   68.399999999999991        8.4000000000000004       -10.340011489837483     
   70.200000000000003        8.4000000000000004       -10.130584181257335     
   72.000000000000000        8.4000000000000004       -9.9459837402894511     
   73.799999999999997        8.4000000000000004       -9.7852944084762203     
   75.600000000000009        8.4000000000000004       -9.6478277356533635     
   77.399999999999991        8.4000000000000004       -9.5325693783935215     
   79.199999999999989        8.4000000000000004       -9.4385004294477035     
   81.000000000000000        8.4000000000000004       -9.3645442556195277     
   82.799999999999997        8.4000000000000004       -9.3096961973681331     
   84.599999999999994        8.4000000000000004       -9.2727981728301447     
   86.400000000000006        8.4000000000000004       -9.2527777807557854     
   88.200000000000003        8.4000000000000004       -9.2485825979561316     
   90.000000000000000        8.4000000000000004       -9.2590477193967544     
   91.799999999999997        8.4000000000000004       -9.2831100060839038     
   93.600000000000009        8.4000000000000004       -9.3197185112577987     
   95.400000000000006        8.4000000000000004       -9.3677664578332784     
   97.199999999999989        8.4000000000000004       -9.4262338513685933     
   99.000000000000014        8.4000000000000004       -9.4941547848820047     
   100.80000000000001        8.4000000000000004       -9.5705496537390768     
   102.59999999999999        8.4000000000000004       -9.6545984003069734     
   104.40000000000001        8.4000000000000004       -9.7455122529746365     
   106.19999999999999        8.4000000000000004       -9.8426420158122649     
   108.00000000000000        8.4000000000000004       -9.9454503156851839     
   109.80000000000000        8.4000000000000004       -10.053591850632694     
   111.59999999999999        8.4000000000000004       -10.166776410007456     
   113.40000000000001        8.4000000000000004       -10.284904021268183     
   115.20000000000002        8.4000000000000004       -10.408018482193743     
   117.00000000000000        8.4000000000000004       -10.536219286952297     
   118.80000000000003        8.4000000000000004       -10.669707851872511     
   120.60000000000001        8.4000000000000004       -10.808722013258627     
   122.40000000000002        8.4000000000000004       -10.953547698055326     
   124.20000000000000        8.4000000000000004       -11.104356903322936     
   126.00000000000000        8.4000000000000004       -11.261282895938178     
   127.80000000000001        8.4000000000000004       -11.424363784899723     
   129.60000000000002        8.4000000000000004       -11.593412906666650     
   131.40000000000001        8.4000000000000004       -11.768165907028209     
   133.20000000000002        8.4000000000000004       -11.948126892848851     
   135.00000000000000        8.4000000000000004       -12.132504861310199     
   136.79999999999998        8.4000000000000004       -12.320522892298634     
   138.59999999999999        8.4000000000000004       -12.510994563550467     
   140.40000000000001        8.4000000000000004       -12.702743879714379     
   142.20000000000002        8.4000000000000004       -12.894400416188047     
   144.00000000000000        8.4000000000000004       -13.084526980531439     
   145.79999999999998        8.4000000000000004       -13.271712893434488     
   147.59999999999999        8.4000000000000004       -13.454497507420212     
   149.40000000000003        8.4000000000000004       -13.631454482878169     
   151.20000000000002        8.4000000000000004       -13.801307674818082     
   153.00000000000000        8.4000000000000004       -13.962899966188962     
   154.79999999999998        8.4000000000000004       -14.115241037188197     
   156.59999999999997        8.4000000000000004       -14.257508742940800     
   158.39999999999998        8.4000000000000004       -14.389076139115422     
   160.20000000000002        8.4000000000000004       -14.509502319887961     
   162.00000000000000        8.4000000000000004       -14.618583821385833     
   163.79999999999998        8.4000000000000004       -14.716146721833699     
   165.59999999999999        8.4000000000000004       -14.802333769368465     
   167.40000000000001        8.4000000000000004       -14.877318950441529     
   169.19999999999999        8.4000000000000004       -14.941331751685222     
   171.00000000000000        8.4000000000000004       -14.994738579075783     
   172.80000000000001        8.4000000000000004       -15.037816456522703     
   174.59999999999999        8.4000000000000004       -15.070959540671923     
   176.40000000000001        8.4000000000000004       -15.094373937007010     
   178.20000000000002        8.4000000000000004       -15.115745375458150     
   180.00000000000000        8.4000000000000004       -15.112981686625199     
   0.0000000000000000        8.4800000000000004       -25.228087867737408     
   1.8000000000000003        8.4800000000000004       -25.197785868665537     
   3.6000000000000005        8.4800000000000004       -25.106893776513868     
   5.4000000000000004        8.4800000000000004       -24.957266973923137     
   7.2000000000000011        8.4800000000000004       -24.750697549490678     
   9.0000000000000000        8.4800000000000004       -24.490717997253256     
   10.800000000000001        8.4800000000000004       -24.180537050449590     
   12.600000000000001        8.4800000000000004       -23.824942414448163     
   14.400000000000002        8.4800000000000004       -23.428004471416486     
   16.200000000000003        8.4800000000000004       -22.995218240926498     
   18.000000000000000        8.4800000000000004       -22.531332492399692     
   19.799999999999997        8.4800000000000004       -22.040666069969706     
   21.600000000000001        8.4800000000000004       -21.529160987017484     
   23.400000000000002        8.4800000000000004       -21.000406164719671     
   25.200000000000003        8.4800000000000004       -20.458653789775607     
   27.000000000000000        8.4800000000000004       -19.908393368601171     
   28.800000000000004        8.4800000000000004       -19.352220166657510     
   30.600000000000005        8.4800000000000004       -18.793583829960490     
   32.400000000000006        8.4800000000000004       -18.235281647304237     
   34.199999999999996        8.4800000000000004       -17.679552228651925     
   36.000000000000000        8.4800000000000004       -17.128411357699321     
   37.800000000000004        8.4800000000000004       -16.583813798745041     
   39.599999999999994        8.4800000000000004       -16.047604848758571     
   41.399999999999999        8.4800000000000004       -15.521503814242136     
   43.200000000000003        8.4800000000000004       -15.006915139658130     
   45.000000000000000        8.4800000000000004       -14.505741934153143     
   46.800000000000004        8.4800000000000004       -14.019124010219885     
   48.599999999999994        8.4800000000000004       -13.548908693654669     
   50.400000000000006        8.4800000000000004       -13.096369283932122     
   52.200000000000003        8.4800000000000004       -12.662904868292284     
   54.000000000000000        8.4800000000000004       -12.250083540420256     
   55.799999999999997        8.4800000000000004       -11.858852058993024     
   57.600000000000009        8.4800000000000004       -11.490362035345923     
   59.400000000000013        8.4800000000000004       -11.145446235996687     
   61.200000000000010        8.4800000000000004       -10.824721198817359     
   63.000000000000000        8.4800000000000004       -10.528640578740934     
   64.800000000000011        8.4800000000000004       -10.257411683937622     
   66.600000000000009        8.4800000000000004       -10.010996610739724     
   68.399999999999991        8.4800000000000004       -9.7891274006930473     
   70.200000000000003        8.4800000000000004       -9.5914043583833433     
   72.000000000000000        8.4800000000000004       -9.4173127302425836     
   73.799999999999997        8.4800000000000004       -9.2659645816500493     
   75.600000000000009        8.4800000000000004       -9.1366908977759600     
   77.399999999999991        8.4800000000000004       -9.0285164953049950     
   79.199999999999989        8.4800000000000004       -8.9404659198899950     
   81.000000000000000        8.4800000000000004       -8.8715130152114821     
   82.799999999999997        8.4800000000000004       -8.8207037245907873     
   84.599999999999994        8.4800000000000004       -8.7869414428837285     
   86.400000000000006        8.4800000000000004       -8.7692129222438187     
   88.200000000000003        8.4800000000000004       -8.7665246957240726     
   90.000000000000000        8.4800000000000004       -8.7777757473427016     
   91.799999999999997        8.4800000000000004       -8.8019598063363649     
   93.600000000000009        8.4800000000000004       -8.8380791441779678     
   95.400000000000006        8.4800000000000004       -8.8850790315581740     
   97.199999999999989        8.4800000000000004       -8.9419830993885405     
   99.000000000000014        8.4800000000000004       -9.0078623017243711     
   100.80000000000001        8.4800000000000004       -9.0817712868014446     
   102.59999999999999        8.4800000000000004       -9.1629139148532914     
   104.40000000000001        8.4800000000000004       -9.2505232078347639     
   106.19999999999999        8.4800000000000004       -9.3439657115149775     
   108.00000000000000        8.4800000000000004       -9.4427171756958241     
   109.80000000000000        8.4800000000000004       -9.5464395882169626     
   111.59999999999999        8.4800000000000004       -9.6548544205624722     
   113.40000000000001        8.4800000000000004       -9.7678702237254420     
   115.20000000000002        8.4800000000000004       -9.8855396749274842     
   117.00000000000000        8.4800000000000004       -10.007976705113482     
   118.80000000000003        8.4800000000000004       -10.135398992982152     
   120.60000000000001        8.4800000000000004       -10.268065022062398     
   122.40000000000002        8.4800000000000004       -10.406284053700064     
   124.20000000000000        8.4800000000000004       -10.550259647511938     
   126.00000000000000        8.4800000000000004       -10.700159560038156     
   127.80000000000001        8.4800000000000004       -10.856060497007498     
   129.60000000000002        8.4800000000000004       -11.017820942558124     
   131.40000000000001        8.4800000000000004       -11.185222735102457     
   133.20000000000002        8.4800000000000004       -11.357820768089258     
   135.00000000000000        8.4800000000000004       -11.534878755035725     
   136.79999999999998        8.4800000000000004       -11.715672669956852     
   138.59999999999999        8.4800000000000004       -11.899072819742255     
   140.40000000000001        8.4800000000000004       -12.083957376545024     
   142.20000000000002        8.4800000000000004       -12.269009033063798     
   144.00000000000000        8.4800000000000004       -12.452840269587881     
   145.79999999999998        8.4800000000000004       -12.634087041973791     
   147.59999999999999        8.4800000000000004       -12.811329872784698     
   149.40000000000003        8.4800000000000004       -12.983174856344030     
   151.20000000000002        8.4800000000000004       -13.148372280249342     
   153.00000000000000        8.4800000000000004       -13.305780979326173     
   154.79999999999998        8.4800000000000004       -13.454425344607559     
   156.59999999999997        8.4800000000000004       -13.593473694477813     
   158.39999999999998        8.4800000000000004       -13.722292629791880     
   160.20000000000002        8.4800000000000004       -13.840421051771770     
   162.00000000000000        8.4800000000000004       -13.947618852413084     
   163.79999999999998        8.4800000000000004       -14.043689448470808     
   165.59999999999999        8.4800000000000004       -14.128721054723160     
   167.40000000000001        8.4800000000000004       -14.202842212935472     
   169.19999999999999        8.4800000000000004       -14.266237843238036     
   171.00000000000000        8.4800000000000004       -14.319220058529826     
   172.80000000000001        8.4800000000000004       -14.362026390572193     
   174.59999999999999        8.4800000000000004       -14.395002019771406     
   176.40000000000001        8.4800000000000004       -14.418326829166299     
   178.20000000000002        8.4800000000000004       -14.439539783868385     
   180.00000000000000        8.4800000000000004       -14.436877378389793     
   0.0000000000000000        8.5599999999999987       -24.106438558116995     
   1.8000000000000003        8.5599999999999987       -24.076616997968070     
   3.6000000000000005        8.5599999999999987       -23.987165421266628     
   5.4000000000000004        8.5599999999999987       -23.839973843455322     
   7.2000000000000011        8.5599999999999987       -23.636864848662785     
   9.0000000000000000        8.5599999999999987       -23.381432699591791     
   10.800000000000001        8.5599999999999987       -23.076936693494208     
   12.600000000000001        8.5599999999999987       -22.728239114296134     
   14.400000000000002        8.5599999999999987       -22.339463677170478     
   16.200000000000003        8.5599999999999987       -21.916174082847345     
   18.000000000000000        8.5599999999999987       -21.463162375899408     
   19.799999999999997        8.5599999999999987       -20.984771834321915     
   21.600000000000001        8.5599999999999987       -20.486974534667791     
   23.400000000000002        8.5599999999999987       -19.973340201208689     
   25.200000000000003        8.5599999999999987       -19.448092659934424     
   27.000000000000000        8.5599999999999987       -18.915670812198041     
   28.800000000000004        8.5599999999999987       -18.378586108356437     
   30.600000000000005        8.5599999999999987       -17.840188472589169     
   32.400000000000006        8.5599999999999987       -17.303150992680997     
   34.199999999999996        8.5599999999999987       -16.769570827110307     
   36.000000000000000        8.5599999999999987       -16.241309236302719     
   37.800000000000004        8.5599999999999987       -15.720154813184708     
   39.599999999999994        8.5599999999999987       -15.207778442104635     
   41.399999999999999        8.5599999999999987       -14.705721699958550     
   43.200000000000003        8.5599999999999987       -14.215219639858228     
   45.000000000000000        8.5599999999999987       -13.737995133781425     
   46.800000000000004        8.5599999999999987       -13.275039104493505     
   48.599999999999994        8.5599999999999987       -12.828035707898559     
   50.400000000000006        8.5599999999999987       -12.398126830364282     
   52.200000000000003        8.5599999999999987       -11.986587543530925     
   54.000000000000000        8.5599999999999987       -11.594864940453984     
   55.799999999999997        8.5599999999999987       -11.223821763672463     
   57.600000000000009        8.5599999999999987       -10.874524955450571     
   59.400000000000013        8.5599999999999987       -10.547743464478753     
   61.200000000000010        8.5599999999999987       -10.244044790898359     
   63.000000000000000        8.5599999999999987       -9.9638443140768747     
   64.800000000000011        8.5599999999999987       -9.7073246458200035     
   66.600000000000009        8.5599999999999987       -9.4744360567023609     
   68.399999999999991        8.5599999999999987       -9.2649106443901417     
   70.200000000000003        8.5599999999999987       -9.0783558843765153     
   72.000000000000000        8.5599999999999987       -8.9142707296048727     
   73.799999999999997        8.5599999999999987       -8.7718009999458015     
   75.600000000000009        8.5599999999999987       -8.6503023607598788     
   77.399999999999991        8.5599999999999987       -8.5488420797373479     
   79.199999999999989        8.5599999999999987       -8.4664898544570963     
   81.000000000000000        8.5599999999999987       -8.4022699360571966     
   82.799999999999997        8.5599999999999987       -8.3552774190114434     
   84.599999999999994        8.5599999999999987       -8.3244739522708535     
   86.400000000000006        8.5599999999999987       -8.3089013614170852     
   88.200000000000003        8.5599999999999987       -8.3076203963976756     
   90.000000000000000        8.5599999999999987       -8.3195886756665445     
   91.799999999999997        8.5599999999999987       -8.3438519287456163     
   93.600000000000009        8.5599999999999987       -8.3794613014480124     
   95.400000000000006        8.5599999999999987       -8.4254104751789676     
   97.199999999999989        8.5599999999999987       -8.4807641640937792     
   99.000000000000014        8.5599999999999987       -8.5446286858433727     
   100.80000000000001        8.5599999999999987       -8.6160922702342919     
   102.59999999999999        8.5599999999999987       -8.6943828669853804     
   104.40000000000001        8.5599999999999987       -8.7787557551911135     
   106.19999999999999        8.5599999999999987       -8.8685937458909958     
   108.00000000000000        8.5599999999999987       -8.9633858175266816     
   109.80000000000000        8.5599999999999987       -9.0628007219811355     
   111.59999999999999        8.5599999999999987       -9.1665697997801079     
   113.40000000000001        8.5599999999999987       -9.2746071406035338     
   115.20000000000002        8.5599999999999987       -9.3869698907277304     
   117.00000000000000        8.5599999999999987       -9.5037805501153532     
   118.80000000000003        8.5599999999999987       -9.6252659794645936     
   120.60000000000001        8.5599999999999987       -9.7516972484683855     
   122.40000000000002        8.5599999999999987       -9.8833981020832535     
   124.20000000000000        8.5599999999999987       -10.020594785269532     
   126.00000000000000        8.5599999999999987       -10.163480777948282     
   127.80000000000001        8.5599999999999987       -10.312163090953204     
   129.60000000000002        8.5599999999999987       -10.466538479803932     
   131.40000000000001        8.5599999999999987       -10.626428812100210     
   133.20000000000002        8.5599999999999987       -10.791435292485440     
   135.00000000000000        8.5599999999999987       -10.960874315027418     
   136.79999999999998        8.5599999999999987       -11.134072637075356     
   138.59999999999999        8.5599999999999987       -11.309958785408272     
   140.40000000000001        8.5599999999999987       -11.487466565710841     
   142.20000000000002        8.5599999999999987       -11.665335290014946     
   144.00000000000000        8.5599999999999987       -11.842231698910584     
   145.79999999999998        8.5599999999999987       -12.016842866751636     
   147.59999999999999        8.5599999999999987       -12.187796450391934     
   149.40000000000003        8.5599999999999987       -12.353738416328435     
   151.20000000000002        8.5599999999999987       -12.513452426208170     
   153.00000000000000        8.5599999999999987       -12.665821468607243     
   154.79999999999998        8.5599999999999987       -12.809891024228735     
   156.59999999999997        8.5599999999999987       -12.944831254881388     
   158.39999999999998        8.5599999999999987       -13.070010573112537     
   160.20000000000002        8.5599999999999987       -13.184957969224198     
   162.00000000000000        8.5599999999999987       -13.289409446712352     
   163.79999999999998        8.5599999999999987       -13.383154075374692     
   165.59999999999999        8.5599999999999987       -13.466240329064043     
   167.40000000000001        8.5599999999999987       -13.538763222482562     
   169.19999999999999        8.5599999999999987       -13.600874331591379     
   171.00000000000000        8.5599999999999987       -13.652844452648088     
   172.80000000000001        8.5599999999999987       -13.694881060412545     
   174.59999999999999        8.5599999999999987       -13.727291650134820     
   176.40000000000001        8.5599999999999987       -13.750236042142967     
   178.20000000000002        8.5599999999999987       -13.771043972494910     
   180.00000000000000        8.5599999999999987       -13.768493396555108     
   0.0000000000000000        8.6400000000000006       -22.969433282886946     
   1.8000000000000003        8.6400000000000006       -22.940432588604910     
   3.6000000000000005        8.6400000000000006       -22.853442863714807     
   5.4000000000000004        8.6400000000000006       -22.710344563788084     
   7.2000000000000011        8.6400000000000006       -22.512949166512424     
   9.0000000000000000        8.6400000000000006       -22.264830106116118     
   10.800000000000001        8.6400000000000006       -21.969224257019309     
   12.600000000000001        8.6400000000000006       -21.630959916624633     
   14.400000000000002        8.6400000000000006       -21.254125539343281     
   16.200000000000003        8.6400000000000006       -20.844235139048521     
   18.000000000000000        8.6400000000000006       -20.406027644802116     
   19.799999999999997        8.6400000000000006       -19.943788567754879     
   21.600000000000001        8.6400000000000006       -19.463408246143928     
   23.400000000000002        8.6400000000000006       -18.968383314772229     
   25.200000000000003        8.6400000000000006       -18.462847398533025     
   27.000000000000000        8.6400000000000006       -17.951130985662054     
   28.800000000000004        8.6400000000000006       -17.435648095876548     
   30.600000000000005        8.6400000000000006       -16.919626519114239     
   32.400000000000006        8.6400000000000006       -16.405612620754294     
   34.199999999999996        8.6400000000000006       -15.895575257006424     
   36.000000000000000        8.6400000000000006       -15.391242769574049     
   37.800000000000004        8.6400000000000006       -14.894264387151225     
   39.599999999999994        8.6400000000000006       -14.406168202899888     
   41.399999999999999        8.6400000000000006       -13.928353033399839     
   43.200000000000003        8.6400000000000006       -13.461921899127031     
   45.000000000000000        8.6400000000000006       -13.008450338651416     
   46.800000000000004        8.6400000000000006       -12.568815082325695     
   48.599999999999994        8.6400000000000006       -12.144565157693174     
   50.400000000000006        8.6400000000000006       -11.736737597593665     
   52.200000000000003        8.6400000000000006       -11.346505485512441     
   54.000000000000000        8.6400000000000006       -10.975213318686553     
   55.799999999999997        8.6400000000000006       -10.623655680055659     
   57.600000000000009        8.6400000000000006       -10.292827799500586     
   59.400000000000013        8.6400000000000006       -9.9834459040033536     
   61.200000000000010        8.6400000000000006       -9.6960381063129919     
   63.000000000000000        8.6400000000000006       -9.4309902308406759     
   64.800000000000011        8.6400000000000006       -9.1884682916430958     
   66.600000000000009        8.6400000000000006       -8.9684183569414557     
   68.399999999999991        8.6400000000000006       -8.7705797342993126     
   70.200000000000003        8.6400000000000006       -8.5945737835037850     
   72.000000000000000        8.6400000000000006       -8.4399193053722481     
   73.799999999999997        8.6400000000000006       -8.3058005571344875     
   75.600000000000009        8.6400000000000006       -8.1916021038171376     
   77.399999999999991        8.6400000000000006       -8.0964359840705811     
   79.199999999999989        8.6400000000000006       -8.0194179719497960     
   81.000000000000000        8.6400000000000006       -7.9596220701075939     
   82.799999999999997        8.6400000000000006       -7.9161907045616102     
   84.599999999999994        8.6400000000000006       -7.8881403271850115     
   86.400000000000006        8.6400000000000006       -7.8745637006847042     
   88.200000000000003        8.6400000000000006       -7.8745711131536780     
   90.000000000000000        8.6400000000000006       -7.8871736505167753     
   91.799999999999997        8.6400000000000006       -7.9114643110142131     
   93.600000000000009        8.6400000000000006       -7.9465388915301167     
   95.400000000000006        8.6400000000000006       -7.9914358857067276     
   97.199999999999989        8.6400000000000006       -8.0452585437339010     
   99.000000000000014        8.6400000000000006       -8.1071469825956317     
   100.80000000000001        8.6400000000000006       -8.1762221747866768     
   102.59999999999999        8.6400000000000006       -8.2517361719212197     
   104.40000000000001        8.6400000000000006       -8.3329667687286726     
   106.19999999999999        8.6400000000000006       -8.4193134028757886     
   108.00000000000000        8.6400000000000006       -8.5102782757487034     
   109.80000000000000        8.6400000000000006       -8.6055363987675779     
   111.59999999999999        8.6400000000000006       -8.7048272389683738     
   113.40000000000001        8.6400000000000006       -8.8080676710523687     
   115.20000000000002        8.6400000000000006       -8.9153152667919642     
   117.00000000000000        8.6400000000000006       -9.0266956506126270     
   118.80000000000003        8.6400000000000006       -9.1424382961192130     
   120.60000000000001        8.6400000000000006       -9.2628193293455734     
   122.40000000000002        8.6400000000000006       -9.3881686827150332     
   124.20000000000000        8.6400000000000006       -9.5187268167917445     
   126.00000000000000        8.6400000000000006       -9.6547044986016672     
   127.80000000000001        8.6400000000000006       -9.7962309498971170     
   129.60000000000002        8.6400000000000006       -9.9432342569690118     
   131.40000000000001        8.6400000000000006       -10.095569993187306     
   133.20000000000002        8.6400000000000006       -10.252880799754886     
   135.00000000000000        8.6400000000000006       -10.414533027906824     
   136.79999999999998        8.6400000000000006       -10.579901484279821     
   138.59999999999999        8.6400000000000006       -10.747973409357680     
   140.40000000000001        8.6400000000000006       -10.917738807130663     
   142.20000000000002        8.6400000000000006       -11.087996084156368     
   144.00000000000000        8.6400000000000006       -11.257469806512120     
   145.79999999999998        8.6400000000000006       -11.424901748676632     
   147.59999999999999        8.6400000000000006       -11.588971745083020     
   149.40000000000003        8.6400000000000006       -11.748372146283311     
   151.20000000000002        8.6400000000000006       -11.901926154826702     
   153.00000000000000        8.6400000000000006       -12.048548325890145     
   154.79999999999998        8.6400000000000006       -12.187311044838735     
   156.59999999999997        8.6400000000000006       -12.317396761772146     
   158.39999999999998        8.6400000000000006       -12.438183318626486     
   160.20000000000002        8.6400000000000006       -12.549199260039357     
   162.00000000000000        8.6400000000000006       -12.650168393566434     
   163.79999999999998        8.6400000000000006       -12.740873077492198     
   165.59999999999999        8.6400000000000006       -12.821335508719704     
   167.40000000000001        8.6400000000000006       -12.891627986362334     
   169.19999999999999        8.6400000000000006       -12.951878888864092     
   171.00000000000000        8.6400000000000006       -13.002329378302026     
   172.80000000000001        8.6400000000000006       -13.043165345643764     
   174.59999999999999        8.6400000000000006       -13.074666710271591     
   176.40000000000001        8.6400000000000006       -13.096978734696648     
   178.20000000000002        8.6400000000000006       -13.117169715250373     
   180.00000000000000        8.6400000000000006       -13.114738366722744     
   0.0000000000000000        8.7199999999999989       -21.835044415068506     
   1.8000000000000003        8.7199999999999989       -21.807072572160280     
   3.6000000000000005        8.7199999999999989       -21.723168699245345     
   5.4000000000000004        8.7199999999999989       -21.585175620798953     
   7.2000000000000011        8.7199999999999989       -21.394867305721728     
   9.0000000000000000        8.7199999999999989       -21.155743926668794     
   10.800000000000001        8.7199999999999989       -20.870973647189082     
   12.600000000000001        8.7199999999999989       -20.545281933590363     
   14.400000000000002        8.7199999999999989       -20.182665882739759     
   16.200000000000003        8.7199999999999989       -19.788514900895770     
   18.000000000000000        8.7199999999999989       -19.367453931930829     
   19.799999999999997        8.7199999999999989       -18.923658950032014     
   21.600000000000001        8.7199999999999989       -18.462868178418134     
   23.400000000000002        8.7199999999999989       -17.988471613300973     
   25.200000000000003        8.7199999999999989       -17.504474252878612     
   27.000000000000000        8.7199999999999989       -17.015062521355937     
   28.800000000000004        8.7199999999999989       -16.522545412461849     
   30.600000000000005        8.7199999999999989       -16.030015653035260     
   32.400000000000006        8.7199999999999989       -15.539892690504038     
   34.199999999999996        8.7199999999999989       -15.054026891107833     
   36.000000000000000        8.7199999999999989       -14.574028930261891     
   37.800000000000004        8.7199999999999989       -14.101427310180812     
   39.599999999999994        8.7199999999999989       -13.637629073223692     
   41.399999999999999        8.7199999999999989       -13.183914143641090     
   43.200000000000003        8.7199999999999989       -12.741278773866219     
   45.000000000000000        8.7199999999999989       -12.311173753655900     
   46.800000000000004        8.7199999999999989       -11.894384972596825     
   48.599999999999994        8.7199999999999989       -11.492345658715424     
   50.400000000000006        8.7199999999999989       -11.106006031309727     
   52.200000000000003        8.7199999999999989       -10.736452295312569     
   54.000000000000000        8.7199999999999989       -10.384939148605229     
   55.799999999999997        8.7199999999999989       -10.052203803570714     
   57.600000000000009        8.7199999999999989       -9.7391787507959933     
   59.400000000000013        8.7199999999999989       -9.4465350729776656     
   61.200000000000010        8.7199999999999989       -9.1747680062505150     
   63.000000000000000        8.7199999999999989       -8.9242396334400702     
   64.800000000000011        8.7199999999999989       -8.6951046523558695     
   66.600000000000009        8.7199999999999989       -8.4873097810057985     
   68.399999999999991        8.7199999999999989       -8.3006059761999307     
   70.200000000000003        8.7199999999999989       -8.1346325789345943     
   72.000000000000000        8.7199999999999989       -7.9889319171000270     
   73.799999999999997        8.7199999999999989       -7.8627292514340557     
   75.600000000000009        8.7199999999999989       -7.7554404280776152     
   77.399999999999991        8.7199999999999989       -7.6662232736572067     
   79.199999999999989        8.7199999999999989       -7.5942397646896502     
   81.000000000000000        8.7199999999999989       -7.5386127477308280     
   82.799999999999997        8.7199999999999989       -7.4985303686823972     
   84.599999999999994        8.7199999999999989       -7.4730611651449781     
   86.400000000000006        8.7199999999999989       -7.4613457361941578     
   88.200000000000003        8.7199999999999989       -7.4625404898156447     
   90.000000000000000        8.7199999999999989       -7.4757062202618512     
   91.799999999999997        8.7199999999999989       -7.4999797912785349     
   93.600000000000009        8.7199999999999989       -7.5344986117268338     
   95.400000000000006        8.7199999999999989       -7.5783433519466961     
   97.199999999999989        8.7199999999999989       -7.6306539078378268     
   99.000000000000014        8.7199999999999989       -7.6906029876420527     
   100.80000000000001        8.7199999999999989       -7.7573435638686137     
   102.59999999999999        8.7199999999999989       -7.8301516823322856     
   104.40000000000001        8.7199999999999989       -7.9083276971073486     
   106.19999999999999        8.7199999999999989       -7.9912878245683956     
   108.00000000000000        8.7199999999999989       -8.0785474091962364     
   109.80000000000000        8.7199999999999989       -8.1697873707499582     
   111.59999999999999        8.7199999999999989       -8.2647540774278507     
   113.40000000000001        8.7199999999999989       -8.3633653347435555     
   115.20000000000002        8.7199999999999989       -8.4656764342838731     
   117.00000000000000        8.7199999999999989       -8.5718124297262452     
   118.80000000000003        8.7199999999999989       -8.6820009487748901     
   120.60000000000001        8.7199999999999989       -8.7965180236131051     
   122.40000000000002        8.7199999999999989       -8.9156940783539067     
   124.20000000000000        8.7199999999999989       -9.0397778619060478     
   126.00000000000000        8.7199999999999989       -9.1689914718206644     
   127.80000000000001        8.7199999999999989       -9.3034805423945581     
   129.60000000000002        8.7199999999999989       -9.4431993539939842     
   131.40000000000001        8.7199999999999989       -9.5880324351561210     
   133.20000000000002        8.7199999999999989       -9.7376600064679391     
   135.00000000000000        8.7199999999999989       -9.8914958920154099     
   136.79999999999998        8.7199999999999989       -10.048960500529176     
   138.59999999999999        8.7199999999999989       -10.209099438738539     
   140.40000000000001        8.7199999999999989       -10.370958678753860     
   142.20000000000002        8.7199999999999989       -10.533396799768235     
   144.00000000000000        8.7199999999999989       -10.695198070293827     
   145.79999999999998        8.7199999999999989       -10.855160935563189     
   147.59999999999999        8.7199999999999989       -11.012020433257430     
   149.40000000000003        8.7199999999999989       -11.164519395780017     
   151.20000000000002        8.7199999999999989       -11.311524518033865     
   153.00000000000000        8.7199999999999989       -11.451986779337302     
   154.79999999999998        8.7199999999999989       -11.585009313557469     
   156.59999999999997        8.7199999999999989       -11.709793849410390     
   158.39999999999998        8.7199999999999989       -11.825732777333821     
   160.20000000000002        8.7199999999999989       -11.932360562304831     
   162.00000000000000        8.7199999999999989       -12.029396656791034     
   163.79999999999998        8.7199999999999989       -12.116621836147813     
   165.59999999999999        8.7199999999999989       -12.194040994190543     
   167.40000000000001        8.7199999999999989       -12.261710896629758     
   169.19999999999999        8.7199999999999989       -12.319743442676270     
   171.00000000000000        8.7199999999999989       -12.368357862739545     
   172.80000000000001        8.7199999999999989       -12.407724035595839     
   174.59999999999999        8.7199999999999989       -12.438100932153487     
   176.40000000000001        8.7199999999999989       -12.459622858228531     
   178.20000000000002        8.7199999999999989       -12.479065522969675     
   180.00000000000000        8.7199999999999989       -12.476756647923072     
   0.0000000000000000        8.8000000000000007       -20.719443576495539     
   1.8000000000000003        8.8000000000000007       -20.692670970139417     
   3.6000000000000005        8.8000000000000007       -20.612364153953969     
   5.4000000000000004        8.8000000000000007       -20.480303840003771     
   7.2000000000000011        8.8000000000000007       -20.298203493509373     
   9.0000000000000000        8.8000000000000007       -20.069444341297700     
   10.800000000000001        8.8000000000000007       -19.797085564953814     
   12.600000000000001        8.8000000000000007       -19.485689913438378     
   14.400000000000002        8.8000000000000007       -19.139114439764800     
   16.200000000000003        8.8000000000000007       -18.762558957207304     
   18.000000000000000        8.8000000000000007       -18.360481814265164     
   19.799999999999997        8.8000000000000007       -17.936904888316498     
   21.600000000000001        8.8000000000000007       -17.497353760721708     
   23.400000000000002        8.8000000000000007       -17.045083438854324     
   25.200000000000003        8.8000000000000007       -16.583937919865001     
   27.000000000000000        8.8000000000000007       -16.117929893379440     
   28.800000000000004        8.8000000000000007       -15.649258104503906     
   30.600000000000005        8.8000000000000007       -15.180870681574401     
   32.400000000000006        8.8000000000000007       -14.715061855710315     
   34.199999999999996        8.8000000000000007       -14.253574005687144     
   36.000000000000000        8.8000000000000007       -13.797915481053650     
   37.800000000000004        8.8000000000000007       -13.349512459062515     
   39.599999999999994        8.8000000000000007       -12.909672099532498     
   41.399999999999999        8.8000000000000007       -12.479578461141960     
   43.200000000000003        8.8000000000000007       -12.060145113074963     
   45.000000000000000        8.8000000000000007       -11.652720044909589     
   46.800000000000004        8.8000000000000007       -11.258020427962096     
   48.599999999999994        8.8000000000000007       -10.877382579289387     
   50.400000000000006        8.8000000000000007       -10.511687206186323     
   52.200000000000003        8.8000000000000007       -10.161948312411074     
   54.000000000000000        8.8000000000000007       -9.8293434406633597     
   55.799999999999997        8.8000000000000007       -9.5145628065103303     
   57.600000000000009        8.8000000000000007       -9.2184849853725943     
   59.400000000000013        8.8000000000000007       -8.9417432357787874     
   61.200000000000010        8.8000000000000007       -8.6848061075648282     
   63.000000000000000        8.8000000000000007       -8.4480173796987899     
   64.800000000000011        8.8000000000000007       -8.2315252230605225     
   66.600000000000009        8.8000000000000007       -8.0352812480929341     
   68.399999999999991        8.8000000000000007       -7.8590517887681388     
   70.200000000000003        8.8000000000000007       -7.7024975112461824     
   72.000000000000000        8.8000000000000007       -7.5651871761379237     
   73.799999999999997        8.8000000000000007       -7.4463887321899396     
   75.600000000000009        8.8000000000000007       -7.3455509758375168     
   77.399999999999991        8.8000000000000007       -7.2618777895421092     
   79.199999999999989        8.8000000000000007       -7.1945768366476983     
   81.000000000000000        8.8000000000000007       -7.1428183509885343     
   82.799999999999997        8.8000000000000007       -7.1058341745914806     
   84.599999999999994        8.8000000000000007       -7.0827418509439060     
   86.400000000000006        8.8000000000000007       -7.0727264701402168     
   88.200000000000003        8.8000000000000007       -7.0749869739423525     
   90.000000000000000        8.8000000000000007       -7.0886299409151663     
   91.799999999999997        8.8000000000000007       -7.1128325923108644     
   93.600000000000009        8.8000000000000007       -7.1467708134074091     
   95.400000000000006        8.8000000000000007       -7.1895646770420054     
   97.199999999999989        8.8000000000000007       -7.2403887037228625     
   99.000000000000014        8.8000000000000007       -7.2984468443294999     
   100.80000000000001        8.8000000000000007       -7.3629231366101635     
   102.59999999999999        8.8000000000000007       -7.4331173658914294     
   104.40000000000001        8.8000000000000007       -7.5083523195949402     
   106.19999999999999        8.8000000000000007       -7.5880610215943314     
   108.00000000000000        8.8000000000000007       -7.6717717920066182     
   109.80000000000000        8.8000000000000007       -7.7591711195971769     
   111.59999999999999        8.8000000000000007       -7.8500110622802080     
   113.40000000000001        8.8000000000000007       -7.9442086198410662     
   115.20000000000002        8.8000000000000007       -8.0418142885206638     
   117.00000000000000        8.8000000000000007       -8.1429490474603305     
   118.80000000000003        8.8000000000000007       -8.2478344491425570     
   120.60000000000001        8.8000000000000007       -8.3567414969920826     
   122.40000000000002        8.8000000000000007       -8.4699956228774571     
   124.20000000000000        8.8000000000000007       -8.5878480183143449     
   126.00000000000000        8.8000000000000007       -8.7105261739570050     
   127.80000000000001        8.8000000000000007       -8.8381862579346446     
   129.60000000000002        8.8000000000000007       -8.9708033420862048     
   131.40000000000001        8.8000000000000007       -9.1082858337223200     
   133.20000000000002        8.8000000000000007       -9.2503471904865080     
   135.00000000000000        8.8000000000000007       -9.3964455572428793     
   136.79999999999998        8.8000000000000007       -9.5460438825352583     
   138.59999999999999        8.8000000000000007       -9.6982449480332491     
   140.40000000000001        8.8000000000000007       -9.8521496968420781     
   142.20000000000002        8.8000000000000007       -10.006677132431610     
   144.00000000000000        8.8000000000000007       -10.160672303141416     
   145.79999999999998        8.8000000000000007       -10.312991589246570     
   147.59999999999999        8.8000000000000007       -10.462427570112528     
   149.40000000000003        8.8000000000000007       -10.607777007469881     
   151.20000000000002        8.8000000000000007       -10.747953506622904     
   153.00000000000000        8.8000000000000007       -10.881948827142773     
   154.79999999999998        8.8000000000000007       -11.008900334016312     
   156.59999999999997        8.8000000000000007       -11.128035523954221     
   158.39999999999998        8.8000000000000007       -11.238766111008701     
   160.20000000000002        8.8000000000000007       -11.340638443723142     
   162.00000000000000        8.8000000000000007       -11.433374956396538     
   163.79999999999998        8.8000000000000007       -11.516759647737704     
   165.59999999999999        8.8000000000000007       -11.590788462959750     
   167.40000000000001        8.8000000000000007       -11.655509296479924     
   169.19999999999999        8.8000000000000007       -11.711023777821408     
   171.00000000000000        8.8000000000000007       -11.757536292556265     
   172.80000000000001        8.8000000000000007       -11.795205816566662     
   174.59999999999999        8.8000000000000007       -11.824276429861403     
   176.40000000000001        8.8000000000000007       -11.844874763437762     
   178.20000000000002        8.8000000000000007       -11.863459643847973     
   180.00000000000000        8.8000000000000007       -11.861274157908875     
   0.0000000000000000        8.8799999999999990       -19.630548396827248     
   1.8000000000000003        8.8799999999999990       -19.605067871264914     
   3.6000000000000005        8.8799999999999990       -19.528636684666058     
   5.4000000000000004        8.8799999999999990       -19.402958628724200     
   7.2000000000000011        8.8799999999999990       -19.229672784836879     
   9.0000000000000000        8.8799999999999990       -19.012013841248919     
   10.800000000000001        8.8799999999999990       -18.752907729095210     
   12.600000000000001        8.8799999999999990       -18.456718399353445     
   14.400000000000002        8.8799999999999990       -18.127133631406910     
   16.200000000000003        8.8799999999999990       -17.769124665785125     
   18.000000000000000        8.8799999999999990       -17.386951873370453     
   19.799999999999997        8.8799999999999990       -16.984456627993033     
   21.600000000000001        8.8799999999999990       -16.566916045270613     
   23.400000000000002        8.8799999999999990       -16.137433837237847     
   25.200000000000003        8.8799999999999990       -15.699674471464984     
   27.000000000000000        8.8799999999999990       -15.257460273269073     
   28.800000000000004        8.8799999999999990       -14.812877879522183     
   30.600000000000005        8.8799999999999990       -14.368726666036901     
   32.400000000000006        8.8799999999999990       -13.927178413797964     
   34.199999999999996        8.8799999999999990       -13.489875672087740     
   36.000000000000000        8.8799999999999990       -13.058235636472121     
   37.800000000000004        8.8799999999999990       -12.633595284515406     
   39.599999999999994        8.8799999999999990       -12.217176749895158     
   41.399999999999999        8.8799999999999990       -11.810084210200305     
   43.200000000000003        8.8799999999999990       -11.413165028439408     
   45.000000000000000        8.8799999999999990       -11.027679766815154     
   46.800000000000004        8.8799999999999990       -10.654291897458734     
   48.599999999999994        8.8799999999999990       -10.294254145161348     
   50.400000000000006        8.8799999999999990       -9.9483896343692422     
   52.200000000000003        8.8799999999999990       -9.6176504461567127     
   54.000000000000000        8.8799999999999990       -9.3031460021921468     
   55.799999999999997        8.8799999999999990       -9.0055266984271771     
   57.600000000000009        8.8799999999999990       -8.7256234663279084     
   59.400000000000013        8.8799999999999990       -8.4640368341541734     
   61.200000000000010        8.8799999999999990       -8.2212128893045033     
   63.000000000000000        8.8799999999999990       -7.9974807400857113     
   64.800000000000011        8.8799999999999990       -7.7929850984269491     
   66.600000000000009        8.8799999999999990       -7.6076850429295595     
   68.399999999999991        8.8799999999999990       -7.4413644038091595     
   70.200000000000003        8.8799999999999990       -7.2937069786521951     
   72.000000000000000        8.8799999999999990       -7.1643094319948455     
   73.799999999999997        8.8799999999999990       -7.0524828991996769     
   75.600000000000009        8.8799999999999990       -6.9577097513372221     
   77.399999999999991        8.8799999999999990       -6.8792395062459208     
   79.199999999999989        8.8799999999999990       -6.8163246135008650     
   81.000000000000000        8.8799999999999990       -6.7681811875258973     
   82.799999999999997        8.8799999999999990       -6.7340829602123256     
   84.599999999999994        8.8799999999999990       -6.7131939505494715     
   86.400000000000006        8.8799999999999990       -6.7047411127778673     
   88.200000000000003        8.8799999999999990       -6.7079631834137974     
   90.000000000000000        8.8799999999999990       -6.7220095444257968     
   91.799999999999997        8.8799999999999990       -6.7460951431749852     
   93.600000000000009        8.8799999999999990       -6.7794319860748420     
   95.400000000000006        8.8799999999999990       -6.8211774208265465     
   97.199999999999989        8.8799999999999990       -6.8705390162113886     
   99.000000000000014        8.8799999999999990       -6.9267508683583578     
   100.80000000000001        8.8799999999999990       -6.9890272419248980     
   102.59999999999999        8.8799999999999990       -7.0566913526057498     
   104.40000000000001        8.8799999999999990       -7.1290881891868496     
   106.19999999999999        8.8799999999999990       -7.2056675028738235     
   108.00000000000000        8.8799999999999990       -7.2859703994825420     
   109.80000000000000        8.8799999999999990       -7.3696887061387555     
   111.59999999999999        8.8799999999999990       -7.4565793159239160     
   113.40000000000001        8.8799999999999990       -7.5465572765363769     
   115.20000000000002        8.8799999999999990       -7.6396666432258424     
   117.00000000000000        8.8799999999999990       -7.7360219657594085     
   118.80000000000003        8.8799999999999990       -7.8358358770089680     
   120.60000000000001        8.8799999999999990       -7.9393709893925282     
   122.40000000000002        8.8799999999999990       -8.0469439841416186     
   124.20000000000000        8.8799999999999990       -8.1588043710158722     
   126.00000000000000        8.8799999999999990       -8.2751807935703514     
   127.80000000000001        8.8799999999999990       -8.3962356751435685     
   129.60000000000002        8.8799999999999990       -8.5219607901232006     
   131.40000000000001        8.8799999999999990       -8.6522845212554742     
   133.20000000000002        8.8799999999999990       -8.7869500551013378     
   135.00000000000000        8.8799999999999990       -8.9254570510306070     
   136.79999999999998        8.8799999999999990       -9.0673082977748329     
   138.59999999999999        8.8799999999999990       -9.2116622016076573     
   140.40000000000001        8.8799999999999990       -9.3576733257002864     
   142.20000000000002        8.8799999999999990       -9.5043205884598390     
   144.00000000000000        8.8799999999999990       -9.6505099184317871     
   145.79999999999998        8.8799999999999990       -9.7951559376589898     
   147.59999999999999        8.8799999999999990       -9.9371098557620847     
   149.40000000000003        8.8799999999999990       -10.075224276231914     
   151.20000000000002        8.8799999999999990       -10.208461701425762     
   153.00000000000000        8.8799999999999990       -10.335857358994597     
   154.79999999999998        8.8799999999999990       -10.456585020840715     
   156.59999999999997        8.8799999999999990       -10.569902182189262     
   158.39999999999998        8.8799999999999990       -10.675243011139436     
   160.20000000000002        8.8799999999999990       -10.772169684877856     
   162.00000000000000        8.8799999999999990       -10.860412482609551     
   163.79999999999998        8.8799999999999990       -10.939761816046140     
   165.59999999999999        8.8799999999999990       -11.010210202284357     
   167.40000000000001        8.8799999999999990       -11.071801049764893     
   169.19999999999999        8.8799999999999990       -11.124629790851532     
   171.00000000000000        8.8799999999999990       -11.168890592737098     
   172.80000000000001        8.8799999999999990       -11.204734850674637     
   174.59999999999999        8.8799999999999990       -11.232395679452063     
   176.40000000000001        8.8799999999999990       -11.251994153872339     
   178.20000000000002        8.8799999999999990       -11.269660315479324     
   180.00000000000000        8.8799999999999990       -11.267597009642374     
   0.0000000000000000        8.9600000000000009       -18.574496351955656     
   1.8000000000000003        8.9600000000000009       -18.550360055662992     
   3.6000000000000005        8.9600000000000009       -18.477960981033981     
   5.4000000000000004        8.9600000000000009       -18.358916092657022     
   7.2000000000000011        8.9600000000000009       -18.194780830098896     
   9.0000000000000000        8.9600000000000009       -17.988624922195449     
   10.800000000000001        8.9600000000000009       -17.743224901508086     
   12.600000000000001        8.9600000000000009       -17.462721921383526     
   14.400000000000002        8.9600000000000009       -17.150615145631797     
   16.200000000000003        8.9600000000000009       -16.811621483035587     
   18.000000000000000        8.9600000000000009       -16.449782759938291     
   19.799999999999997        8.9600000000000009       -16.068742711739677     
   21.600000000000001        8.9600000000000009       -15.673506787543708     
   23.400000000000002        8.9600000000000009       -15.267017314310177     
   25.200000000000003        8.9600000000000009       -14.852747860232933     
   27.000000000000000        8.9600000000000009       -14.434320543478417     
   28.800000000000004        8.9600000000000009       -14.013709914564581     
   30.600000000000005        8.9600000000000009       -13.593565390006210     
   32.400000000000006        8.9600000000000009       -13.175939844232442     
   34.199999999999996        8.9600000000000009       -12.762383215128473     
   36.000000000000000        8.9600000000000009       -12.354230864785064     
   37.800000000000004        8.9600000000000009       -11.952741298439378     
   39.599999999999994        8.9600000000000009       -11.559063566157475     
   41.399999999999999        8.9600000000000009       -11.174234666438304     
   43.200000000000003        8.9600000000000009       -10.799048644833029     
   45.000000000000000        8.9600000000000009       -10.434690970196405     
   46.800000000000004        8.9600000000000009       -10.081783065978767     
   48.599999999999994        8.9600000000000009       -9.7415048278553691     
   50.400000000000006        8.9600000000000009       -9.4146312121852418     
   52.200000000000003        8.9600000000000009       -9.1020606262274129     
   54.000000000000000        8.9600000000000009       -8.8048417730962480     
   55.799999999999997        8.9600000000000009       -8.5235909167904982     
   57.600000000000009        8.9600000000000009       -8.2590964567141913     
   59.400000000000013        8.9600000000000009       -8.0119302531780292     
   61.200000000000010        8.9600000000000009       -7.7825192283059899     
   63.000000000000000        8.9600000000000009       -7.5711805885509937     
   64.800000000000011        8.9600000000000009       -7.3780578075123993     
   66.600000000000009        8.9600000000000009       -7.2031191642818300     
   68.399999999999991        8.9600000000000009       -7.0461672691087323     
   70.200000000000003        8.9600000000000009       -6.9069100458098633     
   72.000000000000000        8.9600000000000009       -6.7849727642470494     
   73.799999999999997        8.9600000000000009       -6.6797095676610700     
   75.600000000000009        8.9600000000000009       -6.5906364385017984     
   77.399999999999991        8.9600000000000009       -6.5170476745485040     
   79.199999999999989        8.9600000000000009       -6.4582393285620343     
   81.000000000000000        8.9600000000000009       -6.4134717707703466     
   82.799999999999997        8.9600000000000009       -6.3820588399947384     
   84.599999999999994        8.9600000000000009       -6.3632086800053704     
   86.400000000000006        8.9600000000000009       -6.3561877564093825     
   88.200000000000003        8.9600000000000009       -6.3602722052012917     
   90.000000000000000        8.9600000000000009       -6.3746516181460118     
   91.799999999999997        8.9600000000000009       -6.3985764042193090     
   93.600000000000009        8.9600000000000009       -6.4312926606474807     
   95.400000000000006        8.9600000000000009       -6.4719931410568448     
   97.199999999999989        8.9600000000000009       -6.5199170557629467     
   99.000000000000014        8.9600000000000009       -6.5743276304222755     
   100.80000000000001        8.9600000000000009       -6.6344685238135446     
   102.59999999999999        8.9600000000000009       -6.6996860186099578     
   104.40000000000001        8.9600000000000009       -6.7693469945279485     
   106.19999999999999        8.9600000000000009       -6.8429177798180900     
   108.00000000000000        8.9600000000000009       -6.9199520537357344     
   109.80000000000000        8.9600000000000009       -7.0001468064975372     
   111.59999999999999        8.9600000000000009       -7.0832630842308717     
   113.40000000000001        8.9600000000000009       -7.1692131337337068     
   115.20000000000002        8.9600000000000009       -7.2580333629949845     
   117.00000000000000        8.9600000000000009       -7.3498301077280299     
   118.80000000000003        8.9600000000000009       -7.4448049233416329     
   120.60000000000001        8.9600000000000009       -7.5432094415866082     
   122.40000000000002        8.9600000000000009       -7.6453486791012013     
   124.20000000000000        8.9600000000000009       -7.7514671628018412     
   126.00000000000000        8.9600000000000009       -7.8617912525020461     
   127.80000000000001        8.9600000000000009       -7.9764860920523128     
   129.60000000000002        8.9600000000000009       -8.0955566511334283     
   131.40000000000001        8.9600000000000009       -8.2189478917684244     
   133.20000000000002        8.9600000000000009       -8.3464295444836658     
   135.00000000000000        8.9600000000000009       -8.4775400408431612     
   136.79999999999998        8.9600000000000009       -8.6118193889352970     
   138.59999999999999        8.9600000000000009       -8.7484797693535352     
   140.40000000000001        8.9600000000000009       -8.8867277255514576     
   142.20000000000002        8.9600000000000009       -9.0256010871100756     
   144.00000000000000        8.9600000000000009       -9.1640661666978769     
   145.79999999999998        8.9600000000000009       -9.3010955574959251     
   147.59999999999999        8.9600000000000009       -9.4355994719525267     
   149.40000000000003        8.9600000000000009       -9.5664874215375981     
   151.20000000000002        8.9600000000000009       -9.6927720119476479     
   153.00000000000000        8.9600000000000009       -9.8135337420670972     
   154.79999999999998        8.9600000000000009       -9.9279842723785929     
   156.59999999999997        8.9600000000000009       -10.035414177262281     
   158.39999999999998        8.9600000000000009       -10.135282372439660     
   160.20000000000002        8.9600000000000009       -10.227169798202739     
   162.00000000000000        8.9600000000000009       -10.310818217260421     
   163.79999999999998        8.9600000000000009       -10.386026842450356     
   165.59999999999999        8.9600000000000009       -10.452788894084351     
   167.40000000000001        8.9600000000000009       -10.511146564823852     
   169.19999999999999        8.9600000000000009       -10.561192117127147     
   171.00000000000000        8.9600000000000009       -10.603112925152175     
   172.80000000000001        8.9600000000000009       -10.637055252712813     
   174.59999999999999        8.9600000000000009       -10.663244134994729     
   176.40000000000001        8.9600000000000009       -10.681796640682638     
   178.20000000000002        8.9600000000000009       -10.698508888164543     
   180.00000000000000        8.9600000000000009       -10.696565246442796     
   0.0000000000000000        9.0399999999999991       -17.560457264266500     
   1.8000000000000003        9.0399999999999991       -17.537686062642475     
   3.6000000000000005        9.0399999999999991       -17.469381734279729     
   5.4000000000000004        9.0399999999999991       -17.357067882125371     
   7.2000000000000011        9.0399999999999991       -17.202210235287517     
   9.0000000000000000        9.0399999999999991       -17.007701465744763     
   10.800000000000001        9.0399999999999991       -16.776158175212245     
   12.600000000000001        9.0399999999999991       -16.511483077263161     
   14.400000000000002        9.0399999999999991       -16.216974251125112     
   16.200000000000003        9.0399999999999991       -15.897077715478146     
   18.000000000000000        9.0399999999999991       -15.555603766637708     
   19.799999999999997        9.0399999999999991       -15.195987920061302     
   21.600000000000001        9.0399999999999991       -14.822949693333738     
   23.400000000000002        9.0399999999999991       -14.439264484431126     
   25.200000000000003        9.0399999999999991       -14.048208854014607     
   27.000000000000000        9.0399999999999991       -13.653199960299462     
   28.800000000000004        9.0399999999999991       -13.256101999300974     
   30.600000000000005        9.0399999999999991       -12.859415765396184     
   32.400000000000006        9.0399999999999991       -12.465079861186293     
   34.199999999999996        9.0399999999999991       -12.074558763607081     
   36.000000000000000        9.0399999999999991       -11.689114655948041     
   37.800000000000004        9.0399999999999991       -11.309937290249296     
   39.599999999999994        9.0399999999999991       -10.938113231911460     
   41.399999999999999        9.0399999999999991       -10.574623407687445     
   43.200000000000003        9.0399999999999991       -10.220219583240652     
   45.000000000000000        9.0399999999999991       -9.8760230566680676     
   46.800000000000004        9.0399999999999991       -9.5426230685236870     
   48.599999999999994        9.0399999999999991       -9.2211363064823058     
   50.400000000000006        9.0399999999999991       -8.9122977223358646     
   52.200000000000003        9.0399999999999991       -8.6169593607666588     
   54.000000000000000        9.0399999999999991       -8.3361159407621184     
   55.799999999999997        9.0399999999999991       -8.0703545554498248     
   57.600000000000009        9.0399999999999991       -7.8204256945438075     
   59.400000000000013        9.0399999999999991       -7.5868761239024964     
   61.200000000000010        9.0399999999999991       -7.3701164195351900     
   63.000000000000000        9.0399999999999991       -7.1704541747398496     
   64.800000000000011        9.0399999999999991       -6.9880333196446971     
   66.600000000000009        9.0399999999999991       -6.8228324893244885     
   68.399999999999991        9.0399999999999991       -6.6746737380254473     
   70.200000000000003        9.0399999999999991       -6.5432894796722056     
   72.000000000000000        9.0399999999999991       -6.4283336646139810     
   73.799999999999997        9.0399999999999991       -6.3292026255619742     
   75.600000000000009        9.0399999999999991       -6.2454454580439371     
   77.399999999999991        9.0399999999999991       -6.1763998895915631     
   79.199999999999989        9.0399999999999991       -6.1214040007404629     
   81.000000000000000        9.0399999999999991       -6.0797605011178026     
   82.799999999999997        9.0399999999999991       -6.0508213729030915     
   84.599999999999994        9.0399999999999991       -6.0338364331517003     
   86.400000000000006        9.0399999999999991       -6.0281092907057428     
   88.200000000000003        9.0399999999999991       -6.0329511288174160     
   90.000000000000000        9.0399999999999991       -6.0475892164215619     
   91.799999999999997        9.0399999999999991       -6.0713072376929551     
   93.600000000000009        9.0399999999999991       -6.1033834156407005     
   95.400000000000006        9.0399999999999991       -6.1430440637852142     
   97.199999999999989        9.0399999999999991       -6.1895586195342327     
   99.000000000000014        9.0399999999999991       -6.2422183775882631     
   100.80000000000001        9.0399999999999991       -6.3002954653091185     
   102.59999999999999        9.0399999999999991       -6.3631587735555621     
   104.40000000000001        9.0399999999999991       -6.4301966531591415     
   106.19999999999999        9.0399999999999991       -6.5008917768057897     
   108.00000000000000        9.0399999999999991       -6.5748101423498015     
   109.80000000000000        9.0399999999999991       -6.6516537626554904     
   111.59999999999999        9.0399999999999991       -6.7311872458152120     
   113.40000000000001        9.0399999999999991       -6.8133193791703901     
   115.20000000000002        9.0399999999999991       -6.8980780019814416     
   117.00000000000000        9.0399999999999991       -6.9855597968655596     
   118.80000000000003        9.0399999999999991       -7.0759534988210273     
   120.60000000000001        9.0399999999999991       -7.1694976191821675     
   122.40000000000002        9.0399999999999991       -7.2664830794373954     
   124.20000000000000        9.0399999999999991       -7.3671465460167864     
   126.00000000000000        9.0399999999999991       -7.4717090500632004     
   127.80000000000001        9.0399999999999991       -7.5803352478737152     
   129.60000000000002        9.0399999999999991       -7.6930399755257763     
   131.40000000000001        9.0399999999999991       -7.8097814991435675     
   133.20000000000002        9.0399999999999991       -7.9303528790498197     
   135.00000000000000        9.0399999999999991       -8.0543283501084613     
   136.79999999999998        9.0399999999999991       -8.1812823179170060     
   138.59999999999999        9.0399999999999991       -8.3104784091349480     
   140.40000000000001        9.0399999999999991       -8.4411730595128365     
   142.20000000000002        9.0399999999999991       -8.5724614282296976     
   144.00000000000000        9.0399999999999991       -8.7033690922948530     
   145.79999999999998        9.0399999999999991       -8.8329257596019399     
   147.59999999999999        9.0399999999999991       -8.9601003668461026     
   149.40000000000003        9.0399999999999991       -9.0838596985102384     
   151.20000000000002        9.0399999999999991       -9.2032670445207483     
   153.00000000000000        9.0399999999999991       -9.3174493202431599     
   154.79999999999998        9.0399999999999991       -9.4256570420764003     
   156.59999999999997        9.0399999999999991       -9.5272161842544527     
   158.39999999999998        9.0399999999999991       -9.6216121536453461     
   160.20000000000002        9.0399999999999991       -9.7084469528135138     
   162.00000000000000        9.0399999999999991       -9.7874767196087813     
   163.79999999999998        9.0399999999999991       -9.8585113657235315     
   165.59999999999999        9.0399999999999991       -9.9215481166957762     
   167.40000000000001        9.0399999999999991       -9.9766305528337114     
   169.19999999999999        9.0399999999999991       -10.023850168914255     
   171.00000000000000        9.0399999999999991       -10.063390253668178     
   172.80000000000001        9.0399999999999991       -10.095393864052436     
   174.59999999999999        9.0399999999999991       -10.120080216750576     
   176.40000000000001        9.0399999999999991       -10.137563580271912     
   178.20000000000002        9.0399999999999991       -10.153306701357634     
   180.00000000000000        9.0399999999999991       -10.151478759535792     
   0.0000000000000000        9.1200000000000010       -16.586509725099148     
   1.8000000000000003        9.1200000000000010       -16.565097908553572     
   3.6000000000000005        9.1200000000000010       -16.500871228908441     
   5.4000000000000004        9.1200000000000010       -16.395257123165401     
   7.2000000000000011        9.1200000000000010       -16.249629046785458     
   9.0000000000000000        9.1200000000000010       -16.066697480667283     
   10.800000000000001        9.1200000000000010       -15.848914704723851     
   12.600000000000001        9.1200000000000010       -15.599938483591513     
   14.400000000000002        9.1200000000000010       -15.322860773751229     
   16.200000000000003        9.1200000000000010       -15.021850065834744     
   18.000000000000000        9.1200000000000010       -14.700480181890541     
   19.799999999999997        9.1200000000000010       -14.361974656661452     
   21.600000000000001        9.1200000000000010       -14.010762078437285     
   23.400000000000002        9.1200000000000010       -13.649449740293726     
   25.200000000000003        9.1200000000000010       -13.281116080574515     
   27.000000000000000        9.1200000000000010       -12.908973141480409     
   28.800000000000004        9.1200000000000010       -12.534777367657954     
   30.600000000000005        9.1200000000000010       -12.160883815432110     
   32.400000000000006        9.1200000000000010       -11.789121293013936     
   34.199999999999996        9.1200000000000010       -11.420874473519097     
   36.000000000000000        9.1200000000000010       -11.057338791811645     
   37.800000000000004        9.1200000000000010       -10.699642282312650     
   39.599999999999994        9.1200000000000010       -10.348816524353586     
   41.399999999999999        9.1200000000000010       -10.005794098495718     
   43.200000000000003        9.1200000000000010       -9.6712919778001201     
   45.000000000000000        9.1200000000000010       -9.3463750001316654     
   46.800000000000004        9.1200000000000010       -9.0316068241731724     
   48.599999999999994        9.1200000000000010       -8.7280477954154279     
   50.400000000000006        9.1200000000000010       -8.4363984860249328     
   52.200000000000003        9.1200000000000010       -8.1574697473926445     
   54.000000000000000        9.1200000000000010       -7.8922072163729489     
   55.799999999999997        9.1200000000000010       -7.6411722597915031     
   57.600000000000009        9.1200000000000010       -7.4050808013460339     
   59.400000000000013        9.1200000000000010       -7.1844570189830650     
   61.200000000000010        9.1200000000000010       -6.9796970541825383     
   63.000000000000000        9.1200000000000010       -6.7911003730713855     
   64.800000000000011        9.1200000000000010       -6.6188123407811341     
   66.600000000000009        9.1200000000000010       -6.4628224588478913     
   68.399999999999991        9.1200000000000010       -6.3229723119330234     
   70.200000000000003        9.1200000000000010       -6.1990186421353943     
   72.000000000000000        9.1200000000000010       -6.0906436904086663     
   73.799999999999997        9.1200000000000010       -5.9972848652028015     
   75.600000000000009        9.1200000000000010       -5.9185235912930416     
   77.399999999999991        9.1200000000000010       -5.8537395902174802     
   79.199999999999989        9.1200000000000010       -5.8023114275790002     
   81.000000000000000        9.1200000000000010       -5.7635824092122450     
   82.799999999999997        9.1200000000000010       -5.7369409588972626     
   84.599999999999994        9.1200000000000010       -5.7216765326464110     
   86.400000000000006        9.1200000000000010       -5.7171279756294373     
   88.200000000000003        9.1200000000000010       -5.7226396656550316     
   90.000000000000000        9.1200000000000010       -5.7374745648901895     
   91.799999999999997        9.1200000000000010       -5.7609479370435777     
   93.600000000000009        9.1200000000000010       -5.7923686025701677     
   95.400000000000006        9.1200000000000010       -5.8309949713465228     
   97.199999999999989        9.1200000000000010       -5.8761255668046157     
   99.000000000000014        9.1200000000000010       -5.9270788677259194     
   100.80000000000001        9.1200000000000010       -5.9831546594082354     
   102.59999999999999        9.1200000000000010       -6.0437440011852885     
   104.40000000000001        9.1200000000000010       -6.1082562981241013     
   106.19999999999999        9.1200000000000010       -6.1761903207569473     
   108.00000000000000        9.1200000000000010       -6.2471241519799374     
   109.80000000000000        9.1200000000000010       -6.3207647424908808     
   111.59999999999999        9.1200000000000010       -6.3968798620765535     
   113.40000000000001        9.1200000000000010       -6.4753744582707267     
   115.20000000000002        9.1200000000000010       -6.5562672826044475     
   117.00000000000000        9.1200000000000010       -6.6396444799900642     
   118.80000000000003        9.1200000000000010       -6.7256808906450756     
   120.60000000000001        9.1200000000000010       -6.8146005425084848     
   122.40000000000002        9.1200000000000010       -6.9066786935482858     
   124.20000000000000        9.1200000000000010       -7.0021421829095392     
   126.00000000000000        9.1200000000000010       -7.1012045908369110     
   127.80000000000001        9.1200000000000010       -7.2040277870056411     
   129.60000000000002        9.1200000000000010       -7.3106339695494906     
   131.40000000000001        9.1200000000000010       -7.4209922048080745     
   133.20000000000002        9.1200000000000010       -7.5349163157594923     
   135.00000000000000        9.1200000000000010       -7.6520138204543269     
   136.79999999999998        9.1200000000000010       -7.7718911365317380     
   138.59999999999999        9.1200000000000010       -7.8938611344829548     
   140.40000000000001        9.1200000000000010       -8.0172281505793705     
   142.20000000000002        9.1200000000000010       -8.1411429840856844     
   144.00000000000000        9.1200000000000010       -8.2646891160861635     
   145.79999999999998        9.1200000000000010       -8.3869522430724057     
   147.59999999999999        9.1200000000000010       -8.5069593071155385     
   149.40000000000003        9.1200000000000010       -8.6237341191941148     
   151.20000000000002        9.1200000000000010       -8.7363906338904105     
   153.00000000000000        9.1200000000000010       -8.8441025885623912     
   154.79999999999998        9.1200000000000010       -8.9461597257915351     
   156.59999999999997        9.1200000000000010       -9.0419246902454375     
   158.39999999999998        9.1200000000000010       -9.1309103483797465     
   160.20000000000002        9.1200000000000010       -9.2127411181867895     
   162.00000000000000        9.1200000000000010       -9.2871892634236435     
   163.79999999999998        9.1200000000000010       -9.3540765419310219     
   165.59999999999999        9.1200000000000010       -9.4134062142761312     
   167.40000000000001        9.1200000000000010       -9.4652248424110326     
   169.19999999999999        9.1200000000000010       -9.5096246202795314     
   171.00000000000000        9.1200000000000010       -9.5467863997282976     
   172.80000000000001        9.1200000000000010       -9.5768511935113274     
   174.59999999999999        9.1200000000000010       -9.6000337629045216     
   176.40000000000001        9.1200000000000010       -9.6164462955900429     
   178.20000000000002        9.1200000000000010       -9.6312227496921423     
   180.00000000000000        9.1200000000000010       -9.6295063190840082     
   0.0000000000000000        9.1999999999999993       -15.661640236099483     
   1.8000000000000003        9.1999999999999993       -15.641559134924337     
   3.6000000000000005        9.1999999999999993       -15.581324128737705     
   5.4000000000000004        9.1999999999999993       -15.482265960450800     
   7.2000000000000011        9.1999999999999993       -15.345665406603064     
   9.0000000000000000        9.1999999999999993       -15.174049898046615     
   10.800000000000001        9.1999999999999993       -14.969706808536849     
   12.600000000000001        9.1999999999999993       -14.736048110933959     
   14.400000000000002        9.1999999999999993       -14.475959278659463     
   16.200000000000003        9.1999999999999993       -14.193330904454715     
   18.000000000000000        9.1999999999999993       -13.891500586944973     
   19.799999999999997        9.1999999999999993       -13.573480639403693     
   21.600000000000001        9.1999999999999993       -13.243409893560273     
   23.400000000000002        9.1999999999999993       -12.903729579215950     
   25.200000000000003        9.1999999999999993       -12.557322635960210     
   27.000000000000000        9.1999999999999993       -12.207199503385274     
   28.800000000000004        9.1999999999999993       -11.855012863570806     
   30.600000000000005        9.1999999999999993       -11.502976923706115     
   32.400000000000006        9.1999999999999993       -11.152816222196648     
   34.199999999999996        9.1999999999999993       -10.805841563820083     
   36.000000000000000        9.1999999999999993       -10.463187956905399     
   37.800000000000004        9.1999999999999993       -10.125928433913650     
   39.599999999999994        9.1999999999999993       -9.7950465524690546     
   41.399999999999999        9.1999999999999993       -9.4714335714089373     
   43.200000000000003        9.1999999999999993       -9.1557782596772572     
   45.000000000000000        9.1999999999999993       -8.8490961392365364     
   46.800000000000004        9.1999999999999993       -8.5519309887390040     
   48.599999999999994        9.1999999999999993       -8.2652932599100861     
   50.400000000000006        9.1999999999999993       -7.9898542026013057     
   52.200000000000003        9.1999999999999993       -7.7263882776988986     
   54.000000000000000        9.1999999999999993       -7.4757967556806983     
   55.799999999999997        9.1999999999999993       -7.2386184074719351     
   57.600000000000009        9.1999999999999993       -7.0155377858470755     
   59.400000000000013        9.1999999999999993       -6.8070587893481456     
   61.200000000000010        9.1999999999999993       -6.6135648101802991     
   63.000000000000000        9.1999999999999993       -6.4353484189923620     
   64.800000000000011        9.1999999999999993       -6.2725570754048094     
   66.600000000000009        9.1999999999999993       -6.1251912723727910     
   68.399999999999991        9.1999999999999993       -5.9931117676755861     
   70.200000000000003        9.1999999999999993       -5.8760990013173542     
   72.000000000000000        9.1999999999999993       -5.7738626347080082     
   73.799999999999997        9.1999999999999993       -5.6858795035161380     
   75.600000000000009        9.1999999999999993       -5.6117621372104676     
   77.399999999999991        9.1999999999999993       -5.5509303639585967     
   79.199999999999989        9.1999999999999993       -5.5028013068971342     
   81.000000000000000        9.1999999999999993       -5.4667568003004270     
   82.799999999999997        9.1999999999999993       -5.4422197652313216     
   84.599999999999994        9.1999999999999993       -5.4285170574270953     
   86.400000000000006        9.1999999999999993       -5.4250207153139014     
   88.200000000000003        9.1999999999999993       -5.4311063671561506     
   90.000000000000000        9.1999999999999993       -5.4460705980648125     
   91.799999999999997        9.1999999999999993       -5.4692584978173215     
   93.600000000000009        9.1999999999999993       -5.5000078981401419     
   95.400000000000006        9.1999999999999993       -5.5376077572524594     
   97.199999999999989        9.1999999999999993       -5.5813844555034011     
   99.000000000000014        9.1999999999999993       -5.6306826711103763     
   100.80000000000001        9.1999999999999993       -5.6848289087026123     
   102.59999999999999        9.1999999999999993       -5.7432358488881334     
   104.40000000000001        9.1999999999999993       -5.8053334217514774     
   106.19999999999999        9.1999999999999993       -5.8706361697778169     
   108.00000000000000        9.1999999999999993       -5.9387339829722183     
   109.80000000000000        9.1999999999999993       -6.0093386901501367     
   111.59999999999999        9.1999999999999993       -6.0822208790964183     
   113.40000000000001        9.1999999999999993       -6.1572814131846210     
   115.20000000000002        9.1999999999999993       -6.2345296417246949     
   117.00000000000000        9.1999999999999993       -6.3140405236428281     
   118.80000000000003        9.1999999999999993       -6.3959742128400867     
   120.60000000000001        9.1999999999999993       -6.4805391892100088     
   122.40000000000002        9.1999999999999993       -6.5679937957077046     
   124.20000000000000        9.1999999999999993       -6.6585533306160380     
   126.00000000000000        9.1999999999999993       -6.7524220240189656     
   127.80000000000001        9.1999999999999993       -6.8497568252384902     
   129.60000000000002        9.1999999999999993       -6.9505848298595057     
   131.40000000000001        9.1999999999999993       -7.0548833955875905     
   133.20000000000002        9.1999999999999993       -7.1624844132683760     
   135.00000000000000        9.1999999999999993       -7.2730258790824998     
   136.79999999999998        9.1999999999999993       -7.3861435762700651     
   138.59999999999999        9.1999999999999993       -7.5011969375622618     
   140.40000000000001        9.1999999999999993       -7.6175357564543491     
   142.20000000000002        9.1999999999999993       -7.7343642341987255     
   144.00000000000000        9.1999999999999993       -7.8508218183494174     
   145.79999999999998        9.1999999999999993       -7.9660485244546511     
   147.59999999999999        9.1999999999999993       -8.0791279978572845     
   149.40000000000003        9.1999999999999993       -8.1891402251740466     
   151.20000000000002        9.1999999999999993       -8.2952492708883092     
   153.00000000000000        9.1999999999999993       -8.3966755613800697     
   154.79999999999998        9.1999999999999993       -8.4927480082055542     
   156.59999999999997        9.1999999999999993       -8.5828666353746890     
   158.39999999999998        9.1999999999999993       -8.6665723288740306     
   160.20000000000002        9.1999999999999993       -8.7435128327963607     
   162.00000000000000        9.1999999999999993       -8.8134777982263977     
   163.79999999999998        9.1999999999999993       -8.8763016514955364     
   165.59999999999999        9.1999999999999993       -8.9319952092317738     
   167.40000000000001        9.1999999999999993       -8.9806092047007766     
   169.19999999999999        9.1999999999999993       -9.0222376243997697     
   171.00000000000000        9.1999999999999993       -9.0570601117259297     
   172.80000000000001        9.1999999999999993       -9.0852164909950943     
   174.59999999999999        9.1999999999999993       -9.1069180713586473     
   176.40000000000001        9.1999999999999993       -9.1222754792578336     
   178.20000000000002        9.1999999999999993       -9.1361030170832205     
   180.00000000000000        9.1999999999999993       -9.1344926404220068     
   0.0000000000000000        9.2800000000000011       -14.778559385889189     
   1.8000000000000003        9.2800000000000011       -14.759772432292413     
   3.6000000000000005        9.2800000000000011       -14.703419422574843     
   5.4000000000000004        9.2800000000000011       -14.610735585249399     
   7.2000000000000011        9.2800000000000011       -14.482910205580236     
   9.0000000000000000        9.2800000000000011       -14.322289976660784     
   10.800000000000001        9.2800000000000011       -14.130999555807046     
   12.600000000000001        9.2800000000000011       -13.912208403169950     
   14.400000000000002        9.2800000000000011       -13.668598459519435     
   16.200000000000003        9.2800000000000011       -13.403786455013460     
   18.000000000000000        9.2800000000000011       -13.120877513659321     
   19.799999999999997        9.2800000000000011       -12.822676381350734     
   21.600000000000001        9.2800000000000011       -12.513037220419021     
   23.400000000000002        9.2800000000000011       -12.194238887412864     
   25.200000000000003        9.2800000000000011       -11.868973292876987     
   27.000000000000000        9.2800000000000011       -11.540054341698990     
   28.800000000000004        9.2800000000000011       -11.209034798257152     
   30.600000000000005        9.2800000000000011       -10.877992943583342     
   32.400000000000006        9.2800000000000011       -10.548553773032317     
   34.199999999999996        9.2800000000000011       -10.221958720281226     
   36.000000000000000        9.2800000000000011       -9.8992868793748325     
   37.800000000000004        9.2800000000000011       -9.5815609339163945     
   39.599999999999994        9.2800000000000011       -9.2697211066409597     
   41.399999999999999        9.2800000000000011       -8.9646219510281764     
   43.200000000000003        9.2800000000000011       -8.6669281967275023     
   45.000000000000000        9.2800000000000011       -8.3776108468467889     
   46.800000000000004        9.2800000000000011       -8.0971973223093592     
   48.599999999999994        9.2800000000000011       -7.8266525764394137     
   50.400000000000006        9.2800000000000011       -7.5666218199809823     
   52.200000000000003        9.2800000000000011       -7.3178463602749764     
   54.000000000000000        9.2800000000000011       -7.0811863993509974     
   55.799999999999997        9.2800000000000011       -6.8571601718031721     
   57.600000000000009        9.2800000000000011       -6.6464230797541717     
   59.400000000000013        9.2800000000000011       -6.4494602849996641     
   61.200000000000010        9.2800000000000011       -6.2666435010137098     
   63.000000000000000        9.2800000000000011       -6.0982591246874147     
   64.800000000000011        9.2800000000000011       -5.9444569715349882     
   66.600000000000009        9.2800000000000011       -5.8052483530082384     
   68.399999999999991        9.2800000000000011       -5.6805126363621241     
   70.200000000000003        9.2800000000000011       -5.5700531801370516     
   72.000000000000000        9.2800000000000011       -5.4736061038411519     
   73.799999999999997        9.2800000000000011       -5.3906861047694772     
   75.600000000000009        9.2800000000000011       -5.3209356233943605     
   77.399999999999991        9.2800000000000011       -5.2638129115476584     
   79.199999999999989        9.2800000000000011       -5.2187719832235215     
   81.000000000000000        9.2800000000000011       -5.1852314736441532     
   82.799999999999997        9.2800000000000011       -5.1626472192374342     
   84.599999999999994        9.2800000000000011       -5.1503817050332765     
   86.400000000000006        9.2800000000000011       -5.1478385815780960     
   88.200000000000003        9.2800000000000011       -5.1544232487028516     
   90.000000000000000        9.2800000000000011       -5.1694643472931823     
   91.799999999999997        9.2800000000000011       -5.1923354752623885     
   93.600000000000009        9.2800000000000011       -5.2224022788009030     
   95.400000000000006        9.2800000000000011       -5.2589830771085957     
   97.199999999999989        9.2800000000000011       -5.3014311489573460     
   99.000000000000014        9.2800000000000011       -5.3491165829680032     
   100.80000000000001        9.2800000000000011       -5.4013918288069904     
   102.59999999999999        9.2800000000000011       -5.4576907123986986     
   104.40000000000001        9.2800000000000011       -5.5174632240163568     
   106.19999999999999        9.2800000000000011       -5.5802393847535203     
   108.00000000000000        9.2800000000000011       -5.6456206591105538     
   109.80000000000000        9.2800000000000011       -5.7133237291549452     
   111.59999999999999        9.2800000000000011       -5.7831217946788289     
   113.40000000000001        9.2800000000000011       -5.8549115578326640     
   115.20000000000002        9.2800000000000011       -5.9286928877127734     
   117.00000000000000        9.2800000000000011       -6.0045292622073960     
   118.80000000000003        9.2800000000000011       -6.0825657845006749     
   120.60000000000001        9.2800000000000011       -6.1629948370236054     
   122.40000000000002        9.2800000000000011       -6.2460571777056222     
   124.20000000000000        9.2800000000000011       -6.3319555160831911     
   126.00000000000000        9.2800000000000011       -6.4208835293245121     
   127.80000000000001        9.2800000000000011       -6.5129918338848007     
   129.60000000000002        9.2800000000000011       -6.6083106817897859     
   131.40000000000001        9.2800000000000011       -6.7068239171447228     
   133.20000000000002        9.2800000000000011       -6.8083794709412873     
   135.00000000000000        9.2800000000000011       -6.9126435957475065     
   136.79999999999998        9.2800000000000011       -7.0192793492660970     
   138.59999999999999        9.2800000000000011       -7.1276904499183473     
   140.40000000000001        9.2800000000000011       -7.2372700617038195     
   142.20000000000002        9.2800000000000011       -7.3472737760916544     
   144.00000000000000        9.2800000000000011       -7.4568951884620915     
   145.79999999999998        9.2800000000000011       -7.5653270300097173     
   147.59999999999999        9.2800000000000011       -7.6717082795884446     
   149.40000000000003        9.2800000000000011       -7.7751740383685624     
   151.20000000000002        9.2800000000000011       -7.8749376823677792     
   153.00000000000000        9.2800000000000011       -7.9702658309360990     
   154.79999999999998        9.2800000000000011       -8.0605262028736053     
   156.59999999999997        9.2800000000000011       -8.1451563008531647     
   158.39999999999998        9.2800000000000011       -8.2237251332460595     
   160.20000000000002        9.2800000000000011       -8.2959041063108341     
   162.00000000000000        9.2800000000000011       -8.3615008208737915     
   163.79999999999998        9.2800000000000011       -8.4203627330013582     
   165.59999999999999        9.2800000000000011       -8.4725089614440261     
   167.40000000000001        9.2800000000000011       -8.5179949921855727     
   169.19999999999999        9.2800000000000011       -8.5569171397923611     
   171.00000000000000        9.2800000000000011       -8.5894544442920573     
   172.80000000000001        9.2800000000000011       -8.6157459543062327     
   174.59999999999999        9.2800000000000011       -8.6360000131566323     
   176.40000000000001        9.2800000000000011       -8.6503259289710446     
   178.20000000000002        9.2800000000000011       -8.6632281539915645     
   180.00000000000000        9.2800000000000011       -8.6617190082521596     
   0.0000000000000000        9.3599999999999994       -13.946929168715096     
   1.8000000000000003        9.3599999999999994       -13.929379555887829     
   3.6000000000000005        9.3599999999999994       -13.876738152318252     
   5.4000000000000004        9.3599999999999994       -13.790147705051361     
   7.2000000000000011        9.3599999999999994       -13.670708957006957     
   9.0000000000000000        9.3599999999999994       -13.520593662681577     
   10.800000000000001        9.3599999999999994       -13.341769065446014     
   12.600000000000001        9.3599999999999994       -13.137170026479300     
   14.400000000000002        9.3599999999999994       -12.909281745561803     
   16.200000000000003        9.3599999999999994       -12.661456277654056     
   18.000000000000000        9.3599999999999994       -12.396574316071559     
   19.799999999999997        9.3599999999999994       -12.117240454696079     
   21.600000000000001        9.3599999999999994       -11.827034414312877     
   23.400000000000002        9.3599999999999994       -11.528079113046951     
   25.200000000000003        9.3599999999999994       -11.222883102468298     
   27.000000000000000        9.3599999999999994       -10.914072004213780     
   28.800000000000004        9.3599999999999994       -10.603103831834677     
   30.600000000000005        9.3599999999999994       -10.291927736368223     
   32.400000000000006        9.3599999999999994       -9.9820750093967998     
   34.199999999999996        9.3599999999999994       -9.6747227084163789     
   36.000000000000000        9.3599999999999994       -9.3708987222745357     
   37.800000000000004        9.3599999999999994       -9.0715800799602615     
   39.599999999999994        9.3599999999999994       -8.7776682328837321     
   41.399999999999999        9.3599999999999994       -8.4899853886927854     
   43.200000000000003        9.3599999999999994       -8.2091759643012576     
   45.000000000000000        9.3599999999999994       -7.9361711037098681     
   46.800000000000004        9.3599999999999994       -7.6714849164059649     
   48.599999999999994        9.3599999999999994       -7.4160412093880588     
   50.400000000000006        9.3599999999999994       -7.1704622081285514     
   52.200000000000003        9.3599999999999994       -6.9354592292452351     
   54.000000000000000        9.3599999999999994       -6.7118547757965956     
   55.799999999999997        9.3599999999999994       -6.5001484991722007     
   57.600000000000009        9.3599999999999994       -6.3009689044240753     
   59.400000000000013        9.3599999999999994       -6.1147839106269846     
   61.200000000000010        9.3599999999999994       -5.9419545216364051     
   63.000000000000000        9.3599999999999994       -5.7827615358783522     
   64.800000000000011        9.3599999999999994       -5.6373571585618638     
   66.600000000000009        9.3599999999999994       -5.5057630378684319     
   68.399999999999991        9.3599999999999994       -5.3878762059073857     
   70.200000000000003        9.3599999999999994       -5.2835217446830187     
   72.000000000000000        9.3599999999999994       -5.1924608310026246     
   73.799999999999997        9.3599999999999994       -5.1142439366337262     
   75.600000000000009        9.3599999999999994       -5.0485417937853052     
   77.399999999999991        9.3599999999999994       -4.9948489279274506     
   79.199999999999989        9.3599999999999994       -4.9526541621744435     
   81.000000000000000        9.3599999999999994       -4.9214108322025574     
   82.799999999999997        9.3599999999999994       -4.9006058072086871     
   84.599999999999994        9.3599999999999994       -4.8896351469086419     
   86.400000000000006        9.3599999999999994       -4.8879323135536996     
   88.200000000000003        9.3599999999999994       -4.8949308208960982     
   90.000000000000000        9.3599999999999994       -4.9099896175023154     
   91.799999999999997        9.3599999999999994       -4.9325093477860351     
   93.600000000000009        9.3599999999999994       -4.9618821387817382     
   95.400000000000006        9.3599999999999994       -4.9974543263369391     
   97.199999999999989        9.3599999999999994       -5.0386049834952935     
   99.000000000000014        9.3599999999999994       -5.0847286762838237     
   100.80000000000001        9.3599999999999994       -5.1352028619116901     
   102.59999999999999        9.3599999999999994       -5.1894819078828984     
   104.40000000000001        9.3599999999999994       -5.2470352726574374     
   106.19999999999999        9.3599999999999994       -5.3074080753175590     
   108.00000000000000        9.3599999999999994       -5.3702130711938905     
   109.80000000000000        9.3599999999999994       -5.4351717914694717     
   111.59999999999999        9.3599999999999994       -5.5020598846800395     
   113.40000000000001        9.3599999999999994       -5.5707699336199008     
   115.20000000000002        9.3599999999999994       -5.6412924292581863     
   117.00000000000000        9.3599999999999994       -5.7136792734158002     
   118.80000000000003        9.3599999999999994       -5.7880603931745771     
   120.60000000000001        9.3599999999999994       -5.8646117702441414     
   122.40000000000002        9.3599999999999994       -5.9435561664859948     
   124.20000000000000        9.3599999999999994       -6.0250828433877075     
   126.00000000000000        9.3599999999999994       -6.1093738793605823     
   127.80000000000001        9.3599999999999994       -6.1965722440863322     
   129.60000000000002        9.3599999999999994       -6.2867095792946310     
   131.40000000000001        9.3599999999999994       -6.3797743427984015     
   133.20000000000002        9.3599999999999994       -6.4756282911038401     
   135.00000000000000        9.3599999999999994       -6.5739633738414565     
   136.79999999999998        9.3599999999999994       -6.6744675187869653     
   138.59999999999999        9.3599999999999994       -6.7765859321628135     
   140.40000000000001        9.3599999999999994       -6.8797525682593639     
   142.20000000000002        9.3599999999999994       -6.9832718133880123     
   144.00000000000000        9.3599999999999994       -7.0863889846948709     
   145.79999999999998        9.3599999999999994       -7.1883473514719549     
   147.59999999999999        9.3599999999999994       -7.2883392511387806     
   149.40000000000003        9.3599999999999994       -7.3855532250302982     
   151.20000000000002        9.3599999999999994       -7.4792506205162717     
   153.00000000000000        9.3599999999999994       -7.5687432247335469     
   154.79999999999998        9.3599999999999994       -7.6534367760722049     
   156.59999999999997        9.3599999999999994       -7.7328058467100229     
   158.39999999999998        9.3599999999999994       -7.8064472982913085     
   160.20000000000002        9.3599999999999994       -7.8740561569590044     
   162.00000000000000        9.3599999999999994       -7.9354581456272211     
   163.79999999999998        9.3599999999999994       -7.9905138486283551     
   165.59999999999999        9.3599999999999994       -8.0392510617886597     
   167.40000000000001        9.3599999999999994       -8.0817303157549158     
   169.19999999999999        9.3599999999999994       -8.1180505276465791     
   171.00000000000000        9.3599999999999994       -8.1483904555968074     
   172.80000000000001        9.3599999999999994       -8.1728885786652601     
   174.59999999999999        9.3599999999999994       -8.1917505248453786     
   176.40000000000001        9.3599999999999994       -8.2050843945156355     
   178.20000000000002        9.3599999999999994       -8.2170989041461997     
   180.00000000000000        9.3599999999999994       -8.2156848926064470     
   0.0000000000000000        9.4400000000000013       -13.159718156190685     
   1.8000000000000003        9.4400000000000013       -13.143349345586589     
   3.6000000000000005        9.4400000000000013       -13.094249956995650     
   5.4000000000000004        9.4400000000000013       -13.013473880384177     
   7.2000000000000011        9.4400000000000013       -12.902036808481499     
   9.0000000000000000        9.4400000000000013       -12.761942442837205     
   10.800000000000001        9.4400000000000013       -12.595006849626236     
   12.600000000000001        9.4400000000000013       -12.403939590473474     
   14.400000000000002        9.4400000000000013       -12.191036998158161     
   16.200000000000003        9.4400000000000013       -11.959397069275719     
   18.000000000000000        9.4400000000000013       -11.711685192692054     
   19.799999999999997        9.4400000000000013       -11.450314067897123     
   21.600000000000001        9.4400000000000013       -11.178600326636863     
   23.400000000000002        9.4400000000000013       -10.898517707091059     
   25.200000000000003        9.4400000000000013       -10.612399401715242     
   27.000000000000000        9.4400000000000013       -10.322691151649394     
   28.800000000000004        9.4400000000000013       -10.030760954584055     
   30.600000000000005        9.4400000000000013       -9.7384351649969112     
   32.400000000000006        9.4400000000000013       -9.4471564227454277     
   34.199999999999996        9.4400000000000013       -9.1580413747855740     
   36.000000000000000        9.4400000000000013       -8.8720702301014551     
   37.800000000000004        9.4400000000000013       -8.5901777559736434     
   39.599999999999994        9.4400000000000013       -8.3132298033208123     
   41.399999999999999        9.4400000000000013       -8.0420191544544899     
   43.200000000000003        9.4400000000000013       -7.7771722391952531     
   45.000000000000000        9.4400000000000013       -7.5195835727045353     
   46.800000000000004        9.4400000000000013       -7.2697557632050973     
   48.599999999999994        9.4400000000000013       -7.0285745562775350     
   50.400000000000006        9.4400000000000013       -6.7966412021395071     
   52.200000000000003        9.4400000000000013       -6.5746392368702287     
   54.000000000000000        9.4400000000000013       -6.3633559373803710     
   55.799999999999997        9.4400000000000013       -6.1632736910181372     
   57.600000000000009        9.4400000000000013       -5.9749957497892625     
   59.400000000000013        9.4400000000000013       -5.7989738257672911     
   61.200000000000010        9.4400000000000013       -5.6355588313252447     
   63.000000000000000        9.4400000000000013       -5.4850262668618299     
   64.800000000000011        9.4400000000000013       -5.3475305757155978     
   66.600000000000009        9.4400000000000013       -5.2231031576087634     
   68.399999999999991        9.4400000000000013       -5.1116577354888033     
   70.200000000000003        9.4400000000000013       -5.0130399334471178     
   72.000000000000000        9.4400000000000013       -4.9270346382587968     
   73.799999999999997        9.4400000000000013       -4.8532261910538255     
   75.600000000000009        9.4400000000000013       -4.7913121205188531     
   77.399999999999991        9.4400000000000013       -4.7408213168992086     
   79.199999999999989        9.4400000000000013       -4.7012755926100720     
   81.000000000000000        9.4400000000000013       -4.6721611828812621     
   82.799999999999997        9.4400000000000013       -4.6529944010094617     
   84.599999999999994        9.4400000000000013       -4.6432031819063608     
   86.400000000000006        9.4400000000000013       -4.6422493325219101     
   88.200000000000003        9.4400000000000013       -4.6495931470464003     
   90.000000000000000        9.4400000000000013       -4.6646224814325512     
   91.799999999999997        9.4400000000000013       -4.6867638602145290     
   93.600000000000009        9.4400000000000013       -4.7154348215991977     
   95.400000000000006        9.4400000000000013       -4.7500086249115041     
   97.199999999999989        9.4400000000000013       -4.7898892249994862     
   99.000000000000014        9.4400000000000013       -4.8344948767439080     
   100.80000000000001        9.4400000000000013       -4.8832272388647713     
   102.59999999999999        9.4400000000000013       -4.9355606814447075     
   104.40000000000001        9.4400000000000013       -4.9909836025971108     
   106.19999999999999        9.4400000000000013       -5.0490558749119208     
   108.00000000000000        9.4400000000000013       -5.1094013000922391     
   109.80000000000000        9.4400000000000013       -5.1717462722802852     
   111.59999999999999        9.4400000000000013       -5.2358688097224038     
   113.40000000000001        9.4400000000000013       -5.3016575060130782     
   115.20000000000002        9.4400000000000013       -5.3690936984903317     
   117.00000000000000        9.4400000000000013       -5.4382178156907717     
   118.80000000000003        9.4400000000000013       -5.5091447232193032     
   120.60000000000001        9.4400000000000013       -5.5820339978191429     
   122.40000000000002        9.4400000000000013       -5.6570903364351528     
   124.20000000000000        9.4400000000000013       -5.7344891089531824     
   126.00000000000000        9.4400000000000013       -5.8144001938381455     
   127.80000000000001        9.4400000000000013       -5.8969580751641582     
   129.60000000000002        9.4400000000000013       -5.9821945215896024     
   131.40000000000001        9.4400000000000013       -6.0701012317540188     
   133.20000000000002        9.4400000000000013       -6.1605520726534087     
   135.00000000000000        9.4400000000000013       -6.2532626045521802     
   136.79999999999998        9.4400000000000013       -6.3479436676442687     
   138.59999999999999        9.4400000000000013       -6.4440795427133235     
   140.40000000000001        9.4400000000000013       -6.5411427362078030     
   142.20000000000002        9.4400000000000013       -6.6384841017144902     
   144.00000000000000        9.4400000000000013       -6.7353984474651236     
   145.79999999999998        9.4400000000000013       -6.8311775512846804     
   147.59999999999999        9.4400000000000013       -6.9250651942418928     
   149.40000000000003        9.4400000000000013       -7.0163016472279818     
   151.20000000000002        9.4400000000000013       -7.1041948140648481     
   153.00000000000000        9.4400000000000013       -7.1881004688316512     
   154.79999999999998        9.4400000000000013       -7.2674614428997879     
   156.59999999999997        9.4400000000000013       -7.3417886553367264     
   158.39999999999998        9.4400000000000013       -7.4107063124928434     
   160.20000000000002        9.4400000000000013       -7.4739327118007397     
   162.00000000000000        9.4400000000000013       -7.5313114989363248     
   163.79999999999998        9.4400000000000013       -7.5827162386109377     
   165.59999999999999        9.4400000000000013       -7.6281833741082927     
   167.40000000000001        9.4400000000000013       -7.6677784597969847     
   169.19999999999999        9.4400000000000013       -7.7016030071596386     
   171.00000000000000        9.4400000000000013       -7.7298355043758580     
   172.80000000000001        9.4400000000000013       -7.7526138505604729     
   174.59999999999999        9.4400000000000013       -7.7701409602493712     
   176.40000000000001        9.4400000000000013       -7.7825237056484093     
   178.20000000000002        9.4400000000000013       -7.7936886041982962     
   180.00000000000000        9.4400000000000013       -7.7923643716540800     
   0.0000000000000000        9.5199999999999996       -12.415057504975575     
   1.8000000000000003        9.5199999999999996       -12.399810507195987     
   3.6000000000000005        9.5199999999999996       -12.354076187842423     
   5.4000000000000004        9.5199999999999996       -12.278823700450387     
   7.2000000000000011        9.5199999999999996       -12.174987643010848     
   9.0000000000000000        9.5199999999999996       -12.044411471855765     
   10.800000000000001        9.5199999999999996       -11.888767120116990     
   12.600000000000001        9.5199999999999996       -11.710549349065271     
   14.400000000000002        9.5199999999999996       -11.511874463641798     
   16.200000000000003        9.5199999999999996       -11.295598303606930     
   18.000000000000000        9.5199999999999996       -11.064181102294892     
   19.799999999999997        9.5199999999999996       -10.819852771337793     
   21.600000000000001        9.5199999999999996       -10.565679354437000     
   23.400000000000002        9.5199999999999996       -10.303492659152328     
   25.200000000000003        9.5199999999999996       -10.035459069937822     
   27.000000000000000        9.5199999999999996       -9.7638533203861151     
   28.800000000000004        9.5199999999999996       -9.4899581038673535     
   30.600000000000005        9.5199999999999996       -9.2154833445338014     
   32.400000000000006        9.5199999999999996       -8.9417878756362903     
   34.199999999999996        9.5199999999999996       -8.6699315075588697     
   36.000000000000000        9.5199999999999996       -8.4008497968896041     
   37.800000000000004        9.5199999999999996       -8.1354380728164539     
   39.599999999999994        9.5199999999999996       -7.8745291264443882     
   41.399999999999999        9.5199999999999996       -7.6188885681351719     
   43.200000000000003        9.5199999999999996       -7.3691264934599889     
   45.000000000000000        9.5199999999999996       -7.1261033723324134     
   46.800000000000004        9.5199999999999996       -6.8903115181277084     
   48.599999999999994        9.5199999999999996       -6.6626011379813566     
   50.400000000000006        9.5199999999999996       -6.4435540303634324     
   52.200000000000003        9.5199999999999996       -6.2338277348799824     
   54.000000000000000        9.5199999999999996       -6.0341763926796883     
   55.799999999999997        9.5199999999999996       -5.8450661571012121     
   57.600000000000009        9.5199999999999996       -5.6670764107260920     
   59.400000000000013        9.5199999999999996       -5.5006434900888559     
   61.200000000000010        9.5199999999999996       -5.3461086702990883     
   63.000000000000000        9.5199999999999996       -5.2037423177179187     
   64.800000000000011        9.5199999999999996       -5.0737008543608875     
   66.600000000000009        9.5199999999999996       -4.9560247635025094     
   68.399999999999991        9.5199999999999996       -4.8506434247694141     
   70.200000000000003        9.5199999999999996       -4.7574217766290747     
   72.000000000000000        9.5199999999999996       -4.6761670360032612     
   73.799999999999997        9.5199999999999996       -4.6064955207588492     
   75.600000000000009        9.5199999999999996       -4.5481300594696270     
   77.399999999999991        9.5199999999999996       -4.5006320422890420     
   79.199999999999989        9.5199999999999996       -4.4635545102258680     
   81.000000000000000        9.5199999999999996       -4.4364148775749639     
   82.799999999999997        9.5199999999999996       -4.4187573996469656     
   84.599999999999994        9.5199999999999996       -4.4100403020799916     
   86.400000000000006        9.5199999999999996       -4.4097523827768184     
   88.200000000000003        9.5199999999999996       -4.4173794967056201     
   90.000000000000000        9.5199999999999996       -4.4323371304879720     
   91.799999999999997        9.5199999999999996       -4.4540766271340839     
   93.600000000000009        9.5199999999999996       -4.4820399577738899     
   95.400000000000006        9.5199999999999996       -4.5156262952073263     
   97.199999999999989        9.5199999999999996       -4.5542636218371602     
   99.000000000000014        9.5199999999999996       -4.5973931304671778     
   100.80000000000001        9.5199999999999996       -4.6444399055438845     
   102.59999999999999        9.5199999999999996       -4.6948977863201575     
   104.40000000000001        9.5199999999999996       -4.7482735887012071     
   106.19999999999999        9.5199999999999996       -4.8041415953852535     
   108.00000000000000        9.5199999999999996       -4.8621364191969434     
   109.80000000000000        9.5199999999999996       -4.9219893418836564     
   111.59999999999999        9.5199999999999996       -4.9834807189583374     
   113.40000000000001        9.5199999999999996       -5.0464953455535522     
   115.20000000000002        9.5199999999999996       -5.1110057164948772     
   117.00000000000000        9.5199999999999996       -5.1770410159798042     
   118.80000000000003        9.5199999999999996       -5.2447013154481654     
   120.60000000000001        9.5199999999999996       -5.3141299649044331     
   122.40000000000002        9.5199999999999996       -5.3855137331543661     
   124.20000000000000        9.5199999999999996       -5.4590138855222508     
   126.00000000000000        9.5199999999999996       -5.5347877394049885     
   127.80000000000001        9.5199999999999996       -5.6129607005385047     
   129.60000000000002        9.5199999999999996       -5.6935636426570726     
   131.40000000000001        9.5199999999999996       -5.7765903648069701     
   133.20000000000002        9.5199999999999996       -5.8619253429340850     
   135.00000000000000        9.5199999999999996       -5.9493058378071950     
   136.79999999999998        9.5199999999999996       -6.0384638109639655     
   138.59999999999999        9.5199999999999996       -6.1289203069390688     
   140.40000000000001        9.5199999999999996       -6.2201842308290844     
   142.20000000000002        9.5199999999999996       -6.3116506086537658     
   144.00000000000000        9.5199999999999996       -6.4026615012860209     
   145.79999999999998        9.5199999999999996       -6.4925551382164342     
   147.59999999999999        9.5199999999999996       -6.5806247533321915     
   149.40000000000003        9.5199999999999996       -6.6661605127251331     
   151.20000000000002        9.5199999999999996       -6.7485153304689804     
   153.00000000000000        9.5199999999999996       -6.8270876200235717     
   154.79999999999998        9.5199999999999996       -6.9013562359963485     
   156.59999999999997        9.5199999999999996       -6.9708674891447888     
   158.39999999999998        9.5199999999999996       -7.0352722458088985     
   160.20000000000002        9.5199999999999996       -7.0943115222652846     
   162.00000000000000        9.5199999999999996       -7.1478464582353061     
   163.79999999999998        9.5199999999999996       -7.1957632970948682     
   165.59999999999999        9.5199999999999996       -7.2381068680907825     
   167.40000000000001        9.5199999999999996       -7.2749475511705501     
   169.19999999999999        9.5199999999999996       -7.3063892865800506     
   171.00000000000000        9.5199999999999996       -7.3326101365046465     
   172.80000000000001        9.5199999999999996       -7.3537472923026739     
   174.59999999999999        9.5199999999999996       -7.3700008249721138     
   176.40000000000001        9.5199999999999996       -7.3814762878738511     
   178.20000000000002        9.5199999999999996       -7.3918318777357461     
   180.00000000000000        9.5199999999999996       -7.3905922425850124     
   0.0000000000000000        9.5999999999999996       -11.716509192732707     
   1.8000000000000003        9.5999999999999996       -11.702315660090569     
   3.6000000000000005        9.5999999999999996       -11.659741390340168     
   5.4000000000000004        9.5999999999999996       -11.589675860545750     
   7.2000000000000011        9.5999999999999996       -11.492977419587934     
   9.0000000000000000        9.5999999999999996       -11.371338850091815     
   10.800000000000001        9.5999999999999996       -11.226296566060793     
   12.600000000000001        9.5999999999999996       -11.060143364113692     
   14.400000000000002        9.5999999999999996       -10.874826288122703     
   16.200000000000003        9.5999999999999996       -10.672973504894134     
   18.000000000000000        9.5999999999999996       -10.456852379183127     
   19.799999999999997        9.5999999999999996       -10.228520999301271     
   21.600000000000001        9.5999999999999996       -9.9908098576059139     
   23.400000000000002        9.5999999999999996       -9.7454173967699536     
   25.200000000000003        9.5999999999999996       -9.4943532727284747     
   27.000000000000000        9.5999999999999996       -9.2397315807948264     
   28.800000000000004        9.5999999999999996       -8.9827549759013916     
   30.600000000000005        9.5999999999999996       -8.7250241238219512     
   32.400000000000006        9.5999999999999996       -8.4678193056057136     
   34.199999999999996        9.5999999999999996       -8.2121471608118330     
   36.000000000000000        9.5999999999999996       -7.9589015529435923     
   37.800000000000004        9.5999999999999996       -7.7089410410834036     
   39.599999999999994        9.5999999999999996       -7.4630676538154876     
   41.399999999999999        9.5999999999999996       -7.2220217723770386     
   43.200000000000003        9.5999999999999996       -6.9863984224965643     
   45.000000000000000        9.5999999999999996       -6.7570263611106132     
   46.800000000000004        9.5999999999999996       -6.5343884319178143     
   48.599999999999994        9.5999999999999996       -6.3193016434524676     
   50.400000000000006        9.5999999999999996       -6.1123296275107375     
   52.200000000000003        9.5999999999999996       -5.9141055582092052     
   54.000000000000000        9.5999999999999996       -5.7253524545399186     
   55.799999999999997        9.5999999999999996       -5.5465211416043436     
   57.600000000000009        9.5999999999999996       -5.3781684606182196     
   59.400000000000013        9.5999999999999996       -5.2207161302442850     
   61.200000000000010        9.5999999999999996       -5.0744961578768528     
   63.000000000000000        9.5999999999999996       -4.9397738435077212     
   64.800000000000011        9.5999999999999996       -4.8167072048793758     
   66.600000000000009        9.5999999999999996       -4.7053449887813050     
   68.399999999999991        9.5999999999999996       -4.6056310196924191     
   70.200000000000003        9.5999999999999996       -4.5174481328067611     
   72.000000000000000        9.5999999999999996       -4.4406242982224127     
   73.799999999999997        9.5999999999999996       -4.3748056964364030     
   75.600000000000009        9.5999999999999996       -4.3197387736759634     
   77.399999999999991        9.5999999999999996       -4.2750153631984134     
   79.199999999999989        9.5999999999999996       -4.2402178072816694     
   81.000000000000000        9.5999999999999996       -4.2148928350903354     
   82.799999999999997        9.5999999999999996       -4.1986110296982000     
   84.599999999999994        9.5999999999999996       -4.1908592250251600     
   86.400000000000006        9.5999999999999996       -4.1911517843703647     
   88.200000000000003        9.5999999999999996       -4.1989988483272001     
   90.000000000000000        9.5999999999999996       -4.2138422031090119     
   91.799999999999997        9.5999999999999996       -4.2351569034997381     
   93.600000000000009        9.5999999999999996       -4.2624083283237448     
   95.400000000000006        9.5999999999999996       -4.2950204956467539     
   97.199999999999989        9.5999999999999996       -4.3324444999141383     
   99.000000000000014        9.5999999999999996       -4.3741436541948007     
   100.80000000000001        9.5999999999999996       -4.4195656173983977     
   102.59999999999999        9.5999999999999996       -4.4682230972803554     
   104.40000000000001        9.5999999999999996       -4.5196407422982601     
   106.19999999999999        9.5999999999999996       -4.5734068567381883     
   108.00000000000000        9.5999999999999996       -4.6291666066506183     
   109.80000000000000        9.5999999999999996       -4.6866561983279142     
   111.59999999999999        9.5999999999999996       -4.7456583325743518     
   113.40000000000001        9.5999999999999996       -4.8060542792809029     
   115.20000000000002        9.5999999999999996       -4.8678081250892244     
   117.00000000000000        9.5999999999999996       -4.9309381904005081     
   118.80000000000003        9.5999999999999996       -4.9955302022783901     
   120.60000000000001        9.5999999999999996       -5.0617116627837841     
   122.40000000000002        9.5999999999999996       -5.1296517676234430     
   124.20000000000000        9.5999999999999996       -5.1994976635693533     
   126.00000000000000        9.5999999999999996       -5.2713939357655253     
   127.80000000000001        9.5999999999999996       -5.3454564858749887     
   129.60000000000002        9.5999999999999996       -5.4217143788902886     
   131.40000000000001        9.5999999999999996       -5.5001624586930209     
   133.20000000000002        9.5999999999999996       -5.5806943291270743     
   135.00000000000000        9.5999999999999996       -5.6630669732644332     
   136.79999999999998        9.5999999999999996       -5.7470316195304116     
   138.59999999999999        9.5999999999999996       -5.8321435723358421     
   140.40000000000001        9.5999999999999996       -5.9179457898717303     
   142.20000000000002        9.5999999999999996       -6.0038749134858280     
   144.00000000000000        9.5999999999999996       -6.0893177220030568     
   145.79999999999998        9.5999999999999996       -6.1736565456907684     
   147.59999999999999        9.5999999999999996       -6.2562317461738264     
   149.40000000000003        9.5999999999999996       -6.3363811891324273     
   151.20000000000002        9.5999999999999996       -6.4135009203210194     
   153.00000000000000        9.5999999999999996       -6.4870303046236000     
   154.79999999999998        9.5999999999999996       -6.5564828672969053     
   156.59999999999997        9.5999999999999996       -6.6214390065903084     
   158.39999999999998        9.5999999999999996       -6.6815753037864223     
   160.20000000000002        9.5999999999999996       -6.7366546757094676     
   162.00000000000000        9.5999999999999996       -6.7865550590205563     
   163.79999999999998        9.5999999999999996       -6.8311748912614769     
   165.59999999999999        9.5999999999999996       -6.8705668854171300     
   167.40000000000001        9.5999999999999996       -6.9048058674435477     
   169.19999999999999        9.5999999999999996       -6.9339978833868319     
   171.00000000000000        9.5999999999999996       -6.9583202520134178     
   172.80000000000001        9.5999999999999996       -6.9779092151086788     
   174.59999999999999        9.5999999999999996       -6.9929617463517824     
   176.40000000000001        9.5999999999999996       -7.0035819213705848     
   178.20000000000002        9.5999999999999996       -7.0131755340100348     
   180.00000000000000        9.5999999999999996       -7.0120148420241195     
   0.0000000000000000        9.6799999999999997       -11.056551086461660     
   1.8000000000000003        9.6799999999999997       -11.043351079850000     
   3.6000000000000005        9.6799999999999997       -11.003757061420492     
   5.4000000000000004        9.6799999999999997       -10.938583435303606     
   7.2000000000000011        9.6799999999999997       -10.848616703511668     
   9.0000000000000000        9.6799999999999997       -10.735407674318520     
   10.800000000000001        9.6799999999999997       -10.600365059786590     
   12.600000000000001        9.6799999999999997       -10.445591338607965     
   14.400000000000002        9.6799999999999997       -10.272874041269279     
   16.200000000000003        9.6799999999999997       -10.084626767343886     
   18.000000000000000        9.6799999999999997       -9.8829350953626491     
   19.799999999999997        9.6799999999999997       -9.6696951462367533     
   21.600000000000001        9.6799999999999997       -9.4475153689692970     
   23.400000000000002        9.6799999999999997       -9.2179684498508667     
   25.200000000000003        9.6799999999999997       -8.9829162554091280     
   27.000000000000000        9.6799999999999997       -8.7443213874894532     
   28.800000000000004        9.6799999999999997       -8.5033109679569208     
   30.600000000000005        9.6799999999999997       -8.2613825745702449     
   32.400000000000006        9.6799999999999997       -8.0197423346735057     
   34.199999999999996        9.6799999999999997       -7.7793466549419881     
   36.000000000000000        9.6799999999999997       -7.5410499816855676     
   37.800000000000004        9.6799999999999997       -7.3056760923413746     
   39.599999999999994        9.6799999999999997       -7.0739978916036561     
   41.399999999999999        9.6799999999999997       -6.8467318470653877     
   43.200000000000003        9.6799999999999997       -6.6244586456006642     
   45.000000000000000        9.6799999999999997       -6.4079769928771508     
   46.800000000000004        9.6799999999999997       -6.1977606548723490     
   48.599999999999994        9.6799999999999997       -5.9945951559938893     
   50.400000000000006        9.6799999999999997       -5.7990268112803252     
   52.200000000000003        9.6799999999999997       -5.6116656086048842     
   54.000000000000000        9.6799999999999997       -5.4332049761238776     
   55.799999999999997        9.6799999999999997       -5.2640810407778842     
   57.600000000000009        9.6799999999999997       -5.1048291103912193     
   59.400000000000013        9.6799999999999997       -4.9558568337983084     
   61.200000000000010        9.6799999999999997       -4.8174871866809372     
   63.000000000000000        9.6799999999999997       -4.6899803936997291     
   64.800000000000011        9.6799999999999997       -4.5734956870506602     
   66.600000000000009        9.6799999999999997       -4.4680893330261018     
   68.399999999999991        9.6799999999999997       -4.3737185316375848     
   70.200000000000003        9.6799999999999997       -4.2902827751262578     
   72.000000000000000        9.6799999999999997       -4.2176294165937813     
   73.799999999999997        9.6799999999999997       -4.1554326901459895     
   75.600000000000009        9.6799999999999997       -4.1034612133749748     
   77.399999999999991        9.6799999999999997       -4.0613355172674472     
   79.199999999999989        9.6799999999999997       -4.0286656181023250     
   81.000000000000000        9.6799999999999997       -4.0050259970284730     
   82.799999999999997        9.6799999999999997       -3.9900122189220601     
   84.599999999999994        9.6799999999999997       -3.9831383354540639     
   86.400000000000006        9.6799999999999997       -3.9839431036052710     
   88.200000000000003        9.6799999999999997       -3.9919599064332956     
   90.000000000000000        9.6799999999999997       -4.0066557430534875     
   91.799999999999997        9.6799999999999997       -4.0275284753278777     
   93.600000000000009        9.6799999999999997       -4.0540660473734773     
   95.400000000000006        9.6799999999999997       -4.0857164387257434     
   97.199999999999989        9.6799999999999997       -4.1219530897057757     
   99.000000000000014        9.6799999999999997       -4.1622607405816190     
   100.80000000000001        9.6799999999999997       -4.2061088999732155     
   102.59999999999999        9.6799999999999997       -4.2530286217800910     
   104.40000000000001        9.6799999999999997       -4.3025618805532044     
   106.19999999999999        9.6799999999999997       -4.3543106634379765     
   108.00000000000000        9.6799999999999997       -4.4079304702812285     
   109.80000000000000        9.6799999999999997       -4.4631624687748834     
   111.59999999999999        9.6799999999999997       -4.5197917410518720     
   113.40000000000001        9.6799999999999997       -4.5776963061115810     
   115.20000000000002        9.6799999999999997       -4.6368322730618363     
   117.00000000000000        9.6799999999999997       -4.6972075089539080     
   118.80000000000003        9.6799999999999997       -4.7588938843068247     
   120.60000000000001        9.6799999999999997       -4.8220034997324213     
   122.40000000000002        9.6799999999999997       -4.8866884194853384     
   124.20000000000000        9.6799999999999997       -4.9530818120447258     
   126.00000000000000        9.6799999999999997       -5.0213155417046513     
   127.80000000000001        9.6799999999999997       -5.0914958023050865     
   129.60000000000002        9.6799999999999997       -5.1636492221253221     
   131.40000000000001        9.6799999999999997       -5.2377709340660177     
   133.20000000000002        9.6799999999999997       -5.3137625340844235     
   135.00000000000000        9.6799999999999997       -5.3913991374281283     
   136.79999999999998        9.6799999999999997       -5.4704497484872858     
   138.59999999999999        9.6799999999999997       -5.5505018361644076     
   140.40000000000001        9.6799999999999997       -5.6311304392870962     
   142.20000000000002        9.6799999999999997       -5.7118116231382245     
   144.00000000000000        9.6799999999999997       -5.7919746837384496     
   145.79999999999998        9.6799999999999997       -5.8710439949432489     
   147.59999999999999        9.6799999999999997       -5.9484049778258852     
   149.40000000000003        9.6799999999999997       -6.0234412096719323     
   151.20000000000002        9.6799999999999997       -6.0955901484221844     
   153.00000000000000        9.6799999999999997       -6.1643305342168366     
   154.79999999999998        9.6799999999999997       -6.2292092909170229     
   156.59999999999997        9.6799999999999997       -6.2898396246047072     
   158.39999999999998        9.6799999999999997       -6.3459228979620317     
   160.20000000000002        9.6799999999999997       -6.3972430926829675     
   162.00000000000000        9.6799999999999997       -6.4436942038453493     
   163.79999999999998        9.6799999999999997       -6.4851863518375437     
   165.59999999999999        9.6799999999999997       -6.5217795737189013     
   167.40000000000001        9.6799999999999997       -6.5535527206002016     
   169.19999999999999        9.6799999999999997       -6.5806135861529356     
   171.00000000000000        9.6799999999999997       -6.6031383923861409     
   172.80000000000001        9.6799999999999997       -6.6212621689317377     
   174.59999999999999        9.6799999999999997       -6.6351785162686960     
   176.40000000000001        9.6799999999999997       -6.6449898653688360     
   178.20000000000002        9.6799999999999997       -6.6538635044487329     
   180.00000000000000        9.6799999999999997       -6.6527770061129292     
   0.0000000000000000        9.7599999999999998       -10.440004136315899     
   1.8000000000000003        9.7599999999999998       -10.427727770286550     
   3.6000000000000005        9.7599999999999998       -10.390904367736747     
   5.4000000000000004        9.7599999999999998       -10.330278770071153     
   7.2000000000000011        9.7599999999999998       -10.246570896487706     
   9.0000000000000000        9.7599999999999998       -10.141199986350969     
   10.800000000000001        9.7599999999999998       -10.015456390250167     
   12.600000000000001        9.7599999999999998       -9.8712661837349014     
   14.400000000000002        9.7599999999999998       -9.7102690117723007     
   16.200000000000003        9.7599999999999998       -9.5346795342870116     
   18.000000000000000        9.7599999999999998       -9.3464147288942296     
   19.799999999999997        9.7599999999999998       -9.1472204470903336     
   21.600000000000001        9.7599999999999998       -8.9394991200934317     
   23.400000000000002        9.7599999999999998       -8.7247066317748683     
   25.200000000000003        9.7599999999999998       -8.5045675671940746     
   27.000000000000000        9.7599999999999998       -8.2809037407396993     
   28.800000000000004        9.7599999999999998       -8.0547718969429329     
   30.600000000000005        9.7599999999999998       -7.8275736167840781     
   32.400000000000006        9.7599999999999998       -7.6004458216173658     
   34.199999999999996        9.7599999999999998       -7.3742978721425816     
   36.000000000000000        9.7599999999999998       -7.1499471759788378     
   37.800000000000004        9.7599999999999998       -6.9281847449556953     
   39.599999999999994        9.7599999999999998       -6.7097559469917849     
   41.399999999999999        9.7599999999999998       -6.4953545361438376     
   43.200000000000003        9.7599999999999998       -6.2855473884922475     
   45.000000000000000        9.7599999999999998       -6.0811047671764671     
   46.800000000000004        9.7599999999999998       -5.8824915339617156     
   48.599999999999994        9.7599999999999998       -5.6904634402215741     
   50.400000000000006        9.7599999999999998       -5.5055502398265164     
   52.200000000000003        9.7599999999999998       -5.3283398968422748     
   54.000000000000000        9.7599999999999998       -5.1594978363216226     
   55.799999999999997        9.7599999999999998       -4.9994460845649860     
   57.600000000000009        9.7599999999999998       -4.8486994610002814     
   59.400000000000013        9.7599999999999998       -4.7076520879913124     
   61.200000000000010        9.7599999999999998       -4.5766181132454822     
   63.000000000000000        9.7599999999999998       -4.4558526209596243     
   64.800000000000011        9.7599999999999998       -4.3455155777248624     
   66.600000000000009        9.7599999999999998       -4.2456698833721065     
   68.399999999999991        9.7599999999999998       -4.1562848631105576     
   70.200000000000003        9.7599999999999998       -4.0772752252053772     
   72.000000000000000        9.7599999999999998       -4.0085061196912308     
   73.799999999999997        9.7599999999999998       -3.9496777628971320     
   75.600000000000009        9.7599999999999998       -3.9005792811255069     
   77.399999999999991        9.7599999999999998       -3.8608579156991021     
   79.199999999999989        9.7599999999999998       -3.8301495103190293     
   81.000000000000000        9.7599999999999998       -3.8080545334950964     
   82.799999999999997        9.7599999999999998       -3.7941920175721795     
   84.599999999999994        9.7599999999999998       -3.7881016778487258     
   86.400000000000006        9.7599999999999998       -3.7893453598369651     
   88.200000000000003        9.7599999999999998       -3.7974785302280534     
   90.000000000000000        9.7599999999999998       -3.8119921955743581     
   91.799999999999997        9.7599999999999998       -3.8324060183391033     
   93.600000000000009        9.7599999999999998       -3.8582295657029873     
   95.400000000000006        9.7599999999999998       -3.8889337848176968     
   97.199999999999989        9.7599999999999998       -3.9240135909742371     
   99.000000000000014        9.7599999999999998       -3.9629743550090120     
   100.80000000000001        9.7599999999999998       -4.0053066005482618     
   102.59999999999999        9.7599999999999998       -4.0505591142581361     
   104.40000000000001        9.7599999999999998       -4.0982906055821973     
   106.19999999999999        9.7599999999999998       -4.1481163462194921     
   108.00000000000000        9.7599999999999998       -4.1997019169390448     
   109.80000000000000        9.7599999999999998       -4.2527934926840407     
   111.59999999999999        9.7599999999999998       -4.3071786068783142     
   113.40000000000001        9.7599999999999998       -4.3627323829749463     
   115.20000000000002        9.7599999999999998       -4.4194035063539969     
   117.00000000000000        9.7599999999999998       -4.4771899480998654     
   118.80000000000003        9.7599999999999998       -4.5361503871775550     
   120.60000000000001        9.7599999999999998       -4.5963821605288881     
   122.40000000000002        9.7599999999999998       -4.6580208493772988     
   124.20000000000000        9.7599999999999998       -4.7211859617483665     
   126.00000000000000        9.7599999999999998       -4.7859968172305321     
   127.80000000000001        9.7599999999999998       -4.8525498341765312     
   129.60000000000002        9.7599999999999998       -4.9208686432060054     
   131.40000000000001        9.7599999999999998       -4.9909479518540403     
   133.20000000000002        9.7599999999999998       -5.0626961812755162     
   135.00000000000000        9.7599999999999998       -5.1359048603748700     
   136.79999999999998        9.7599999999999998       -5.2103591571381225     
   138.59999999999999        9.7599999999999998       -5.2856763478127267     
   140.40000000000001        9.7599999999999998       -5.3614613215954003     
   142.20000000000002        9.7599999999999998       -5.4372270459167176     
   144.00000000000000        9.7599999999999998       -5.5124427708749835     
   145.79999999999998        9.7599999999999998       -5.5865725000889475     
   147.59999999999999        9.7599999999999998       -5.6590442526347813     
   149.40000000000003        9.7599999999999998       -5.7292849169134898     
   151.20000000000002        9.7599999999999998       -5.7967712676993983     
   153.00000000000000        9.7599999999999998       -5.8610194705878946     
   154.79999999999998        9.7599999999999998       -5.9216082642974257     
   156.59999999999997        9.7599999999999998       -5.9781820260001934     
   158.39999999999998        9.7599999999999998       -6.0304656993509376     
   160.20000000000002        9.7599999999999998       -6.0782632361438189     
   162.00000000000000        9.7599999999999998       -6.1214837057511842     
   163.79999999999998        9.7599999999999998       -6.1600482306299815     
   165.59999999999999        9.7599999999999998       -6.1940234131243512     
   167.40000000000001        9.7599999999999998       -6.2234915627762328     
   169.19999999999999        9.7599999999999998       -6.2485617411634307     
   171.00000000000000        9.7599999999999998       -6.2694086038383103     
   172.80000000000001        9.7599999999999998       -6.2861656245655970     
   174.59999999999999        9.7599999999999998       -6.2990226726099037     
   176.40000000000001        9.7599999999999998       -6.3080803212821639     
   178.20000000000002        9.7599999999999998       -6.3162835435626308     
   180.00000000000000        9.7599999999999998       -6.3152658888965014     
   0.0000000000000000        9.8399999999999999       -9.8576116542183172     
   1.8000000000000003        9.8399999999999999       -9.8462025790077288     
   3.6000000000000005        9.8399999999999999       -9.8119807592040651     
   5.4000000000000004        9.8399999999999999       -9.7556259933786595     
   7.2000000000000011        9.8399999999999999       -9.6777959331602705     
   9.0000000000000000        9.8399999999999999       -9.5797867805437882     
   10.800000000000001        9.8399999999999999       -9.4627781778645215     
   12.600000000000001        9.8399999999999999       -9.3285311980117349     
   14.400000000000002        9.8399999999999999       -9.1785471177435110     
   16.200000000000003        9.8399999999999999       -9.0148544452079307     
   18.000000000000000        9.8399999999999999       -8.8392123309187678     
   19.799999999999997        9.8399999999999999       -8.6532259005876053     
   21.600000000000001        9.8399999999999999       -8.4591046381122137     
   23.400000000000002        9.8399999999999999       -8.2581948893086601     
   25.200000000000003        9.8399999999999999       -8.0520924764615582     
   27.000000000000000        9.8399999999999999       -7.8424870823205444     
   28.800000000000004        9.8399999999999999       -7.6303691785884649     
   30.600000000000005        9.8399999999999999       -7.4170500114039735     
   32.400000000000006        9.8399999999999999       -7.2036011878183439     
   34.199999999999996        9.8399999999999999       -6.9908874632639995     
   36.000000000000000        9.8399999999999999       -6.7796909759003094     
   37.800000000000004        9.8399999999999999       -6.5707714342513910     
   39.599999999999994        9.8399999999999999       -6.3648477747036214     
   41.399999999999999        9.8399999999999999       -6.1625918256594145     
   43.200000000000003        9.8399999999999999       -5.9645569037671873     
   45.000000000000000        9.8399999999999999       -5.7714859502571274     
   46.800000000000004        9.8399999999999999       -5.5838349108030831     
   48.599999999999994        9.8399999999999999       -5.4023309896709168     
   50.400000000000006        9.8399999999999999       -5.2274878637358144     
   52.200000000000003        9.8399999999999999       -5.0598722981682904     
   54.000000000000000        9.8399999999999999       -4.9001228911360375     
   55.799999999999997        9.8399999999999999       -4.7486479788805314     
   57.600000000000009        9.8399999999999999       -4.6059426677864828     
   59.400000000000013        9.8399999999999999       -4.4723879432969760     
   61.200000000000010        9.8399999999999999       -4.3482892538267572     
   63.000000000000000        9.8399999999999999       -4.2338964638774490     
   64.800000000000011        9.8399999999999999       -4.1293698706732984     
   66.600000000000009        9.8399999999999999       -4.0347782852919085     
   68.399999999999991        9.8399999999999999       -3.9501021495775168     
   70.200000000000003        9.8399999999999999       -3.8752702292762158     
   72.000000000000000        9.8399999999999999       -3.8101641991371142     
   73.799999999999997        9.8399999999999999       -3.7545086074881611     
   75.600000000000009        9.8399999999999999       -3.7081117607445129     
   77.399999999999991        9.8399999999999999       -3.6706460321615269     
   79.199999999999989        9.8399999999999999       -3.6417716291178035     
   81.000000000000000        9.8399999999999999       -3.6211136129307868     
   82.799999999999997        9.8399999999999999       -3.6083132887782572     
   84.599999999999994        9.8399999999999999       -3.6029348147778837     
   86.400000000000006        9.8399999999999999       -3.6045621011796944     
   88.200000000000003        9.8399999999999999       -3.6127717900847274     
   90.000000000000000        9.8399999999999999       -3.6270779514248548     
   91.799999999999997        9.8399999999999999       -3.6470212571827516     
   93.600000000000009        9.8399999999999999       -3.6721321534445743     
   95.400000000000006        9.8399999999999999       -3.7019037672401365     
   97.199999999999989        9.8399999999999999       -3.7358517924262844     
   99.000000000000014        9.8399999999999999       -3.7735015879582940     
   100.80000000000001        9.8399999999999999       -3.8143640192168893     
   102.59999999999999        9.8399999999999999       -3.8580051031253482     
   104.40000000000001        9.8399999999999999       -3.9039998024115583     
   106.19999999999999        9.8399999999999999       -3.9519763467730424     
   108.00000000000000        9.8399999999999999       -4.0016101935224322     
   109.80000000000000        9.8399999999999999       -4.0526525625313203     
   111.59999999999999        9.8399999999999999       -4.1048935117840379     
   113.40000000000001        9.8399999999999999       -4.1582055783327121     
   115.20000000000002        9.8399999999999999       -4.2125305039397292     
   117.00000000000000        9.8399999999999999       -4.2678568639776282     
   118.80000000000003        9.8399999999999999       -4.3242307442768899     
   120.60000000000001        9.8399999999999999       -4.3817353078973760     
   122.40000000000002        9.8399999999999999       -4.4404902618739674     
   124.20000000000000        9.8399999999999999       -4.5006018084499031     
   126.00000000000000        9.8399999999999999       -4.5621769680776456     
   127.80000000000001        9.8399999999999999       -4.6253024364872086     
   129.60000000000002        9.8399999999999999       -4.6899985012410284     
   131.40000000000001        9.8399999999999999       -4.7562589721414197     
   133.20000000000002        9.8399999999999999       -4.8239982507988142     
   135.00000000000000        9.8399999999999999       -4.8930229745167670     
   136.79999999999998        9.8399999999999999       -4.9631332490473321     
   138.59999999999999        9.8399999999999999       -5.0339743035728066     
   140.40000000000001        9.8399999999999999       -5.1051791148393830     
   142.20000000000002        9.8399999999999999       -5.1762955300860023     
   144.00000000000000        9.8399999999999999       -5.2468306778483926     
   145.79999999999998        9.8399999999999999       -5.3162862245353040     
   147.59999999999999        9.8399999999999999       -5.3841307594644272     
   149.40000000000003        9.8399999999999999       -5.4498324832670599     
   151.20000000000002        9.8399999999999999       -5.5129057306304272     
   153.00000000000000        9.8399999999999999       -5.5729024407645937     
   154.79999999999998        9.8399999999999999       -5.6294318185723515     
   156.59999999999997        9.8399999999999999       -5.6821679965605840     
   158.39999999999998        9.8399999999999999       -5.7308584569212426     
   160.20000000000002        9.8399999999999999       -5.7753261617691320     
   162.00000000000000        9.8399999999999999       -5.8154943862858781     
   163.79999999999998        9.8399999999999999       -5.8512946539365167     
   165.59999999999999        9.8399999999999999       -5.8827994611956251     
   167.40000000000001        9.8399999999999999       -5.9100940781635209     
   169.19999999999999        9.8399999999999999       -5.9332884158725552     
   171.00000000000000        9.8399999999999999       -5.9525551583366418     
   172.80000000000001        9.8399999999999999       -5.9680259301688077     
   174.59999999999999        9.8399999999999999       -5.9798865676775028     
   176.40000000000001        9.8399999999999999       -5.9882356085154100     
   178.20000000000002        9.8399999999999999       -5.9958087831201814     
   180.00000000000000        9.8399999999999999       -5.9948557646934848     
   0.0000000000000000        9.9199999999999999       -9.3152532290710912     
   1.8000000000000003        9.9199999999999999       -9.3046441331716814     
   3.6000000000000005        9.9199999999999999       -9.2728219802576941     
   5.4000000000000004        9.9199999999999999       -9.2204069951120484     
   7.2000000000000011        9.9199999999999999       -9.1479997807833744     
   9.0000000000000000        9.9199999999999999       -9.0567838216492351     
   10.800000000000001        9.9199999999999999       -8.9478373045606556     
   12.600000000000001        9.9199999999999999       -8.8227700823173230     
   14.400000000000002        9.9199999999999999       -8.6829565609399033     
   16.200000000000003        9.9199999999999999       -8.5302545424777403     
   18.000000000000000        9.9199999999999999       -8.3662783494485620     
   19.799999999999997        9.9199999999999999       -8.1925038832652834     
   21.600000000000001        9.9199999999999999       -8.0109634289352076     
   23.400000000000002        9.9199999999999999       -7.8229025123175724     
   25.200000000000003        9.9199999999999999       -7.6297984104985153     
   27.000000000000000        9.9199999999999999       -7.4332190353182517     
   28.800000000000004        9.9199999999999999       -7.2340934404519182     
   30.600000000000005        9.9199999999999999       -7.0336492493631599     
   32.400000000000006        9.9199999999999999       -6.8328973141505953     
   34.199999999999996        9.9199999999999999       -6.6326605826646645     
   36.000000000000000        9.9199999999999999       -6.4336879013391588     
   37.800000000000004        9.9199999999999999       -6.2367092732367571     
   39.599999999999994        9.9199999999999999       -6.0424183645290750     
   41.399999999999999        9.9199999999999999       -5.8514658556573069     
   43.200000000000003        9.9199999999999999       -5.6643916459447166     
   45.000000000000000        9.9199999999999999       -5.4819125337366943     
   46.800000000000004        9.9199999999999999       -5.3044753979509967     
   48.599999999999994        9.9199999999999999       -5.1327802225320278     
   50.400000000000006        9.9199999999999999       -4.9673250748094198     
   52.200000000000003        9.9199999999999999       -4.8086564076963541     
   54.000000000000000        9.9199999999999999       -4.6573873070756502     
   55.799999999999997        9.9199999999999999       -4.5139128492240683     
   57.600000000000009        9.9199999999999999       -4.3787092973893582     
   59.400000000000013        9.9199999999999999       -4.2521449262062863     
   61.200000000000010        9.9199999999999999       -4.1345166110209162     
   63.000000000000000        9.9199999999999999       -4.0260688823928623     
   64.800000000000011        9.9199999999999999       -3.9269618749409823     
   66.600000000000009        9.9199999999999999       -3.8372694445695812     
   68.399999999999991        9.9199999999999999       -3.7569819474029145     
   70.200000000000003        9.9199999999999999       -3.6860408277728141     
   72.000000000000000        9.9199999999999999       -3.6243427725451278     
   73.799999999999997        9.9199999999999999       -3.5716347085207736     
   75.600000000000009        9.9199999999999999       -3.5277425451956166     
   77.399999999999991        9.9199999999999999       -3.4923619217637891     
   79.199999999999989        9.9199999999999999       -3.4651756803092106     
   81.000000000000000        9.9199999999999999       -3.4458318304184941     
   82.799999999999997        9.9199999999999999       -3.4339925418203636     
   84.599999999999994        9.9199999999999999       -3.4292449801357106     
   86.400000000000006        9.9199999999999999       -3.4311939162399980     
   88.200000000000003        9.9199999999999999       -3.4394360985381751     
   90.000000000000000        9.9199999999999999       -3.4535075492294927     
   91.799999999999997        9.9199999999999999       -3.4729690140286347     
   93.600000000000009        9.9199999999999999       -3.4973709331163545     
   95.400000000000006        9.9199999999999999       -3.5262276744782977     
   97.199999999999989        9.9199999999999999       -3.5590748733616744     
   99.000000000000014        9.9199999999999999       -3.5954570986493164     
   100.80000000000001        9.9199999999999999       -3.6349047432072434     
   102.59999999999999        9.9199999999999999       -3.6770004371770830     
   104.40000000000001        9.9199999999999999       -3.7213348089774594     
   106.19999999999999        9.9199999999999999       -3.7675486450594584     
   108.00000000000000        9.9199999999999999       -3.8153270309090965     
   109.80000000000000        9.9199999999999999       -3.8644262751979319     
   111.59999999999999        9.9199999999999999       -3.9146390659118611     
   113.40000000000001        9.9199999999999999       -3.9658357489543774     
   115.20000000000002        9.9199999999999999       -4.0179517355053536     
   117.00000000000000        9.9199999999999999       -4.0709668623809385     
   118.80000000000003        9.9199999999999999       -4.1249154103999288     
   120.60000000000001        9.9199999999999999       -4.1798671619603596     
   122.40000000000002        9.9199999999999999       -4.2359267781955552     
   124.20000000000000        9.9199999999999999       -4.2931876934688491     
   126.00000000000000        9.9199999999999999       -4.3517450422664554     
   127.80000000000001        9.9199999999999999       -4.4116759843687730     
   129.60000000000002        9.9199999999999999       -4.4729971727921640     
   131.40000000000001        9.9199999999999999       -4.5357010720341142     
   133.20000000000002        9.9199999999999999       -4.5997071611532601     
   135.00000000000000        9.9199999999999999       -4.6648357120331152     
   136.79999999999998        9.9199999999999999       -4.7309003818949797     
   138.59999999999999        9.9199999999999999       -4.7975721797437831     
   140.40000000000001        9.9199999999999999       -4.8645100933557668     
   142.20000000000002        9.9199999999999999       -4.9312944330469444     
   144.00000000000000        9.9199999999999999       -4.9974677014063102     
   145.79999999999998        9.9199999999999999       -5.0625668391916436     
   147.59999999999999        9.9199999999999999       -5.1260985185773729     
   149.40000000000003        9.9199999999999999       -5.1875697768302720     
   151.20000000000002        9.9199999999999999       -5.2465303185724119     
   153.00000000000000        9.9199999999999999       -5.3025657799941923     
   154.79999999999998        9.9199999999999999       -5.3553141278856886     
   156.59999999999997        9.9199999999999999       -5.4044774428260629     
   158.39999999999998        9.9199999999999999       -5.4498244099188877     
   160.20000000000002        9.9199999999999999       -5.4911957657814927     
   162.00000000000000        9.9199999999999999       -5.5285278723315869     
   163.79999999999998        9.9199999999999999       -5.5617618784181113     
   165.59999999999999        9.9199999999999999       -5.5909753163234948     
   167.40000000000001        9.9199999999999999       -5.6162557854410498     
   169.19999999999999        9.9199999999999999       -5.6377135211203608     
   171.00000000000000        9.9199999999999999       -5.6555187363167407     
   172.80000000000001        9.9199999999999999       -5.6698008485721392     
   174.59999999999999        9.9199999999999999       -5.6807413000265141     
   176.40000000000001        9.9199999999999999       -5.6884363805939406     
   178.20000000000002        9.9199999999999999       -5.6954282487002796     
   180.00000000000000        9.9199999999999999       -5.6945349457475229     
   0.0000000000000000        10.000000000000000       -8.8057027089465869     
   1.8000000000000003        10.000000000000000       -8.7958377227638636     
   3.6000000000000005        10.000000000000000       -8.7662476430958076     
   5.4000000000000004        10.000000000000000       -8.7174976993148885     
   7.2000000000000011        10.000000000000000       -8.6501358136017128     
   9.0000000000000000        10.000000000000000       -8.5652413900104527     
   10.800000000000001        10.000000000000000       -8.4637989016803470     
   12.600000000000001        10.000000000000000       -8.3472785128326290     
   14.400000000000002        10.000000000000000       -8.2169373737620415     
   16.200000000000003        10.000000000000000       -8.0744754956663165     
   18.000000000000000        10.000000000000000       -7.9213732349148422     
   19.799999999999997        10.000000000000000       -7.7589868717216754     
   21.600000000000001        10.000000000000000       -7.5891846393513456     
   23.400000000000002        10.000000000000000       -7.4131185025891186     
   25.200000000000003        10.000000000000000       -7.2321556973845125     
   27.000000000000000        10.000000000000000       -7.0477509759344112     
   28.800000000000004        10.000000000000000       -6.8607759763619161     
   30.600000000000005        10.000000000000000       -6.6723802417770708     
   32.400000000000006        10.000000000000000       -6.4835176033398678     
   34.199999999999996        10.000000000000000       -6.2949714571900826     
   36.000000000000000        10.000000000000000       -6.1074589233578980     
   37.800000000000004        10.000000000000000       -5.9216815421007958     
   39.599999999999994        10.000000000000000       -5.7383085842539456     
   41.399999999999999        10.000000000000000       -5.5579701364696446     
   43.200000000000003        10.000000000000000       -5.3811927106773041     
   45.000000000000000        10.000000000000000       -5.2086678525227432     
   46.800000000000004        10.000000000000000       -5.0408331741047032     
   48.599999999999994        10.000000000000000       -4.8783624651989852     
   50.400000000000006        10.000000000000000       -4.7217385119372155     
   52.200000000000003        10.000000000000000       -4.5714881385898449     
   54.000000000000000        10.000000000000000       -4.4281999628340980     
   55.799999999999997        10.000000000000000       -4.2922561279521672     
   57.600000000000009        10.000000000000000       -4.1641147487834234     
   59.400000000000013        10.000000000000000       -4.0441317251567392     
   61.200000000000010        10.000000000000000       -3.9325954529647382     
   63.000000000000000        10.000000000000000       -3.8297450271248072     
   64.800000000000011        10.000000000000000       -3.7357400078722054     
   66.600000000000009        10.000000000000000       -3.6506585779704577     
   68.399999999999991        10.000000000000000       -3.5745000137131875     
   70.200000000000003        10.000000000000000       -3.5072172981582606     
   72.000000000000000        10.000000000000000       -3.4487208798664737     
   73.799999999999997        10.000000000000000       -3.3987784523596218     
   75.600000000000009        10.000000000000000       -3.3572322242510544     
   77.399999999999991        10.000000000000000       -3.3237995608326356     
   79.199999999999989        10.000000000000000       -3.2981845119768791     
   81.000000000000000        10.000000000000000       -3.2800566787788537     
   82.799999999999997        10.000000000000000       -3.2690979326979179     
   84.599999999999994        10.000000000000000       -3.2649172629404530     
   86.400000000000006        10.000000000000000       -3.2671393060233904     
   88.200000000000003        10.000000000000000       -3.2753800312674484     
   90.000000000000000        10.000000000000000       -3.2891964925976911     
   91.799999999999997        10.000000000000000       -3.3081687297570586     
   93.600000000000009        10.000000000000000       -3.3318664362248143     
   95.400000000000006        10.000000000000000       -3.3598244338195831     
   97.199999999999989        10.000000000000000       -3.3915975921633978     
   99.000000000000014        10.000000000000000       -3.4267490288801721     
   100.80000000000001        10.000000000000000       -3.4648279742600274     
   102.59999999999999        10.000000000000000       -3.5054331417888487     
   104.40000000000001        10.000000000000000       -3.5481703241015303     
   106.19999999999999        10.000000000000000       -3.5926925195594532     
   108.00000000000000        10.000000000000000       -3.6386942298231273     
   109.80000000000000        10.000000000000000       -3.6859368863603117     
   111.59999999999999        10.000000000000000       -3.7342159066087315     
   113.40000000000001        10.000000000000000       -3.7833997921877001     
   115.20000000000002        10.000000000000000       -3.8334181619476047     
   117.00000000000000        10.000000000000000       -3.8842427039331531     
   118.80000000000003        10.000000000000000       -3.9358966029271376     
   120.60000000000001        10.000000000000000       -3.9884369852883630     
   122.40000000000002        10.000000000000000       -4.0419542292042010     
   124.20000000000000        10.000000000000000       -4.0965295321942028     
   126.00000000000000        10.000000000000000       -4.1522465741897276     
   127.80000000000001        10.000000000000000       -4.2091732246638234     
   129.60000000000002        10.000000000000000       -4.2673223479035745     
   131.40000000000001        10.000000000000000       -4.3266847756712696     
   133.20000000000002        10.000000000000000       -4.3871843899275449     
   135.00000000000000        10.000000000000000       -4.4486539319231246     
   136.79999999999998        10.000000000000000       -4.5109195121506405     
   138.59999999999999        10.000000000000000       -4.5736761394070786     
   140.40000000000001        10.000000000000000       -4.6366071028645912     
   142.20000000000002        10.000000000000000       -4.6993231603835852     
   144.00000000000000        10.000000000000000       -4.7614000820522211     
   145.79999999999998        10.000000000000000       -4.8224080621973107     
   147.59999999999999        10.000000000000000       -4.8818897332670446     
   149.40000000000003        10.000000000000000       -4.9393888401477080     
   151.20000000000002        10.000000000000000       -4.9944885637619736     
   153.00000000000000        10.000000000000000       -5.0468064301180950     
   154.79999999999998        10.000000000000000       -5.0960076778565373     
   156.59999999999997        10.000000000000000       -5.1418207469632531     
   158.39999999999998        10.000000000000000       -5.1840343476529824     
   160.20000000000002        10.000000000000000       -5.2225058995870786     
   162.00000000000000        10.000000000000000       -5.2571838660990542     
   163.79999999999998        10.000000000000000       -5.2880183371509304     
   165.59999999999999        10.000000000000000       -5.3150911350418246     
   167.40000000000001        10.000000000000000       -5.3384916450253455     
   169.19999999999999        10.000000000000000       -5.3583299800568858     
   171.00000000000000        10.000000000000000       -5.3747734660723889     
   172.80000000000001        10.000000000000000       -5.3879490184680447     
   174.59999999999999        10.000000000000000       -5.3980333946267649     
   176.40000000000001        10.000000000000000       -5.4051204664001240     
   178.20000000000002        10.000000000000000       -5.4115718879460788     
   180.00000000000000        10.000000000000000       -5.4107342819565947     
   0.0000000000000000        10.080000000000000       -8.3263648857684238     
   1.8000000000000003        10.080000000000000       -8.3171921961633277     
   3.6000000000000005        10.080000000000000       -8.2896787641813034     
   5.4000000000000004        10.080000000000000       -8.2443390899510494     
   7.2000000000000011        10.080000000000000       -8.1816724839741717     
   9.0000000000000000        10.080000000000000       -8.1026623173675372     
   10.800000000000001        10.080000000000000       -8.0082065613291302     
   12.600000000000001        10.080000000000000       -7.8996464334177210     
   14.400000000000002        10.080000000000000       -7.7781307825124051     
   16.200000000000003        10.080000000000000       -7.6452138559595220     
   18.000000000000000        10.080000000000000       -7.5022521549113419     
   19.799999999999997        10.080000000000000       -7.3504912738130788     
   21.600000000000001        10.080000000000000       -7.1916476262518874     
   23.400000000000002        10.080000000000000       -7.0267863596802274     
   25.200000000000003        10.080000000000000       -6.8571725676896920     
   27.000000000000000        10.080000000000000       -6.6841558349235051     
   28.800000000000004        10.080000000000000       -6.5085540816089562     
   30.600000000000005        10.080000000000000       -6.3314438951748162     
   32.400000000000006        10.080000000000000       -6.1537255222554528     
   34.199999999999996        10.080000000000000       -5.9761448645252573     
   36.000000000000000        10.080000000000000       -5.7993887272407481     
   37.800000000000004        10.080000000000000       -5.6241312964615133     
   39.599999999999994        10.080000000000000       -5.4510182124981510     
   41.399999999999999        10.080000000000000       -5.2806594346230211     
   43.200000000000003        10.080000000000000       -5.1135680696318957     
   45.000000000000000        10.080000000000000       -4.9504111906846067     
   46.800000000000004        10.080000000000000       -4.7916169196269864     
   48.599999999999994        10.080000000000000       -4.6378337662872307     
   50.400000000000006        10.080000000000000       -4.4895295112266602     
   52.200000000000003        10.080000000000000       -4.3472119595045289     
   54.000000000000000        10.080000000000000       -4.2114462076279668     
   55.799999999999997        10.080000000000000       -4.0826017569921076     
   57.600000000000009        10.080000000000000       -3.9611192080235549     
   59.400000000000013        10.080000000000000       -3.8473423921849239     
   61.200000000000010        10.080000000000000       -3.7415513109585343     
   63.000000000000000        10.080000000000000       -3.6439795296558799     
   64.800000000000011        10.080000000000000       -3.5547856546245300     
   66.600000000000009        10.080000000000000       -3.4740515333940287     
   68.399999999999991        10.080000000000000       -3.4017844450117911     
   70.200000000000003        10.080000000000000       -3.3379478584530915     
   72.000000000000000        10.080000000000000       -3.2824648281389250     
   73.799999999999997        10.080000000000000       -3.2351223245774934     
   75.600000000000009        10.080000000000000       -3.1957776483759073     
   77.399999999999991        10.080000000000000       -3.1641684658519291     
   79.199999999999989        10.080000000000000       -3.1400187130904311     
   81.000000000000000        10.080000000000000       -3.1230183253242685     
   82.799999999999997        10.080000000000000       -3.1128677963991302     
   84.599999999999994        10.080000000000000       -3.1091968398921814     
   86.400000000000006        10.080000000000000       -3.1116490317742707     
   88.200000000000003        10.080000000000000       -3.1198587357081258     
   90.000000000000000        10.080000000000000       -3.1334031772918940     
   91.799999999999997        10.080000000000000       -3.1518809578879412     
   93.600000000000009        10.080000000000000       -3.1748803256192799     
   95.400000000000006        10.080000000000000       -3.2019558135097967     
   97.199999999999989        10.080000000000000       -3.2326808547271302     
   99.000000000000014        10.080000000000000       -3.2666364855985495     
   100.80000000000001        10.080000000000000       -3.3033901181992786     
   102.59999999999999        10.080000000000000       -3.3425560406707535     
   104.40000000000001        10.080000000000000       -3.3837547309418072     
   106.19999999999999        10.080000000000000       -3.4266510678878941     
   108.00000000000000        10.080000000000000       -3.4709487662099896     
   109.80000000000000        10.080000000000000       -3.5164144085525129     
   111.59999999999999        10.080000000000000       -3.5628462418557487     
   113.40000000000001        10.080000000000000       -3.6101112587582049     
   115.20000000000002        10.080000000000000       -3.6581338069775695     
   117.00000000000000        10.080000000000000       -3.7068780060390925     
   118.80000000000003        10.080000000000000       -3.7563566436014533     
   120.60000000000001        10.080000000000000       -3.8066149120031501     
   122.40000000000002        10.080000000000000       -3.8577296710725322     
   124.20000000000000        10.080000000000000       -3.9097704373750024     
   126.00000000000000        10.080000000000000       -3.9628099025622725     
   127.80000000000001        10.080000000000000       -4.0169069411212552     
   129.60000000000002        10.080000000000000       -4.0720705501523833     
   131.40000000000001        10.080000000000000       -4.1282897235745182     
   133.20000000000002        10.080000000000000       -4.1854921744613813     
   135.00000000000000        10.080000000000000       -4.2435220728755541     
   136.79999999999998        10.080000000000000       -4.3022169997865074     
   138.59999999999999        10.080000000000000       -4.3612943256343586     
   140.40000000000001        10.080000000000000       -4.4204600605556950     
   142.20000000000002        10.080000000000000       -4.4793535274073113     
   144.00000000000000        10.080000000000000       -4.5375817827592728     
   145.79999999999998        10.080000000000000       -4.5947463650362943     
   147.59999999999999        10.080000000000000       -4.6504238482149054     
   149.40000000000003        10.080000000000000       -4.7041926483724330     
   151.20000000000002        10.080000000000000       -4.7556676039175985     
   153.00000000000000        10.080000000000000       -4.8044963873792259     
   154.79999999999998        10.080000000000000       -4.8503700664487139     
   156.59999999999997        10.080000000000000       -4.8930418991372981     
   158.39999999999998        10.080000000000000       -4.9323194751689954     
   160.20000000000002        10.080000000000000       -4.9680758363044326     
   162.00000000000000        10.080000000000000       -5.0002705942664925     
   163.79999999999998        10.080000000000000       -5.0288621169167982     
   165.59999999999999        10.080000000000000       -5.0539358062747946     
   167.40000000000001        10.080000000000000       -5.0755823205004367     
   169.19999999999999        10.080000000000000       -5.0939112335661738     
   171.00000000000000        10.080000000000000       -5.1090866051231032     
   172.80000000000001        10.080000000000000       -5.1212325818594513     
   174.59999999999999        10.080000000000000       -5.1305209809869030     
   176.40000000000001        10.080000000000000       -5.1370431064934525     
   178.20000000000002        10.080000000000000       -5.1429922860909834     
   180.00000000000000        10.080000000000000       -5.1422066911634836     
   0.0000000000000000        10.160000000000000       -7.8790842403449117     
   1.8000000000000003        10.160000000000000       -7.8705486518669936     
   3.6000000000000005        10.160000000000000       -7.8449462958652498     
   5.4000000000000004        10.160000000000000       -7.8027455007082898     
   7.2000000000000011        10.160000000000000       -7.7444013118581321     
   9.0000000000000000        10.160000000000000       -7.6708096638727481     
   10.800000000000001        10.160000000000000       -7.5827897290129052     
   12.600000000000001        10.160000000000000       -7.4815652517310642     
   14.400000000000002        10.160000000000000       -7.3681863422777907     
   16.200000000000003        10.160000000000000       -7.2440743279802495     
   18.000000000000000        10.160000000000000       -7.1104726500140165     
   19.799999999999997        10.160000000000000       -6.9685257548798489     
   21.600000000000001        10.160000000000000       -6.8198112925281853     
   23.400000000000002        10.160000000000000       -6.6653147848184267     
   25.200000000000003        10.160000000000000       -6.5062076052770026     
   27.000000000000000        10.160000000000000       -6.3437426886783648     
   28.800000000000004        10.160000000000000       -6.1786881671293372     
   30.600000000000005        10.160000000000000       -6.0120531215262041     
   32.400000000000006        10.160000000000000       -5.8446878572991778     
   34.199999999999996        10.160000000000000       -5.6773029503288761     
   36.000000000000000        10.160000000000000       -5.5105563686388495     
   37.800000000000004        10.160000000000000       -5.3450960964481089     
   39.599999999999994        10.160000000000000       -5.1815449280796537     
   41.399999999999999        10.160000000000000       -5.0204931617536541     
   43.200000000000003        10.160000000000000       -4.8624404514630681     
   45.000000000000000        10.160000000000000       -4.7080302009086177     
   46.800000000000004        10.160000000000000       -4.5576807810134339     
   48.599999999999994        10.160000000000000       -4.4120163739941267     
   50.400000000000006        10.160000000000000       -4.2714900331511449     
   52.200000000000003        10.160000000000000       -4.1365911818070309     
   54.000000000000000        10.160000000000000       -4.0078623954347368     
   55.799999999999997        10.160000000000000       -3.8856608411763429     
   57.600000000000009        10.160000000000000       -3.7704102797903851     
   59.400000000000013        10.160000000000000       -3.6624428036684602     
   61.200000000000010        10.160000000000000       -3.5620301155285579     
   63.000000000000000        10.160000000000000       -3.4694001572730433     
   64.800000000000011        10.160000000000000       -3.3847101842276661     
   66.600000000000009        10.160000000000000       -3.3080450106857544     
   68.399999999999991        10.160000000000000       -3.2394189480137685     
   70.200000000000003        10.160000000000000       -3.1788048353421927     
   72.000000000000000        10.160000000000000       -3.1261371060553858     
   73.799999999999997        10.160000000000000       -3.0812204239510446     
   75.600000000000009        10.160000000000000       -3.0439258965977416     
   77.399999999999991        10.160000000000000       -3.0140099727042373     
   79.199999999999989        10.160000000000000       -2.9912150641405977     
   81.000000000000000        10.160000000000000       -2.9752500963049515     
   82.799999999999997        10.160000000000000       -2.9658330288221793     
   84.599999999999994        10.160000000000000       -2.9626131200995260     
   86.400000000000006        10.160000000000000       -2.9652518879307546     
   88.200000000000003        10.160000000000000       -2.9734011963433882     
   90.000000000000000        10.160000000000000       -2.9866575112520541     
   91.799999999999997        10.160000000000000       -3.0046371975254500     
   93.600000000000009        10.160000000000000       -3.0269462934058566     
   95.400000000000006        10.160000000000000       -3.0531582306591174     
   97.199999999999989        10.160000000000000       -3.0828642680544691     
   99.000000000000014        10.160000000000000       -3.1156626648949541     
   100.80000000000001        10.160000000000000       -3.1511382937205505     
   102.59999999999999        10.160000000000000       -3.1889204518547776     
   104.40000000000001        10.160000000000000       -3.2286437730245976     
   106.19999999999999        10.160000000000000       -3.2699846476257832     
   108.00000000000000        10.160000000000000       -3.3126557772693928     
   109.80000000000000        10.160000000000000       -3.3564289208557145     
   111.59999999999999        10.160000000000000       -3.4011052686186161     
   113.40000000000001        10.160000000000000       -3.4465506757187598     
   115.20000000000002        10.160000000000000       -3.4926847980184172     
   117.00000000000000        10.160000000000000       -3.5394648412762129     
   118.80000000000003        10.160000000000000       -3.5868939864476825     
   120.60000000000001        10.160000000000000       -3.6350063164467148     
   122.40000000000002        10.160000000000000       -3.6838660505540726     
   124.20000000000000        10.160000000000000       -3.7335316865083659     
   126.00000000000000        10.160000000000000       -3.7840654972690655     
   127.80000000000001        10.160000000000000       -3.8355177509399101     
   129.60000000000002        10.160000000000000       -3.8878935638026895     
   131.40000000000001        10.160000000000000       -3.9411799396601390     
   133.20000000000002        10.160000000000000       -3.9953078704839835     
   135.00000000000000        10.160000000000000       -4.0501318873495693     
   136.79999999999998        10.160000000000000       -4.1055000303741283     
   138.59999999999999        10.160000000000000       -4.1611502953171149     
   140.40000000000001        10.160000000000000       -4.2168097298046900     
   142.20000000000002        10.160000000000000       -4.2721441952431407     
   144.00000000000000        10.160000000000000       -4.3267898874621684     
   145.79999999999998        10.160000000000000       -4.3803776089672475     
   147.59999999999999        10.160000000000000       -4.4325156623572450     
   149.40000000000003        10.160000000000000       -4.4828148907289798     
   151.20000000000002        10.160000000000000       -4.5309197774746481     
   153.00000000000000        10.160000000000000       -4.5765062055391263     
   154.79999999999998        10.160000000000000       -4.6192894630398067     
   156.59999999999997        10.160000000000000       -4.6590459075484576     
   158.39999999999998        10.160000000000000       -4.6956007278436420     
   160.20000000000002        10.160000000000000       -4.7288414046786338     
   162.00000000000000        10.160000000000000       -4.7587376432316821     
   163.79999999999998        10.160000000000000       -4.7852553532334978     
   165.59999999999999        10.160000000000000       -4.8084827462518867     
   167.40000000000001        10.160000000000000       -4.8285112032201312     
   169.19999999999999        10.160000000000000       -4.8454493191838504     
   171.00000000000000        10.160000000000000       -4.8594574988481734     
   172.80000000000001        10.160000000000000       -4.8706568501419687     
   174.59999999999999        10.160000000000000       -4.8792140013288439     
   176.40000000000001        10.160000000000000       -4.8852175421665054     
   178.20000000000002        10.160000000000000       -4.8907055238974415     
   180.00000000000000        10.160000000000000       -4.8899680496974929     
   0.0000000000000000        10.240000000000000       -7.4577035726075485     
   1.8000000000000003        10.240000000000000       -7.4497604528302057     
   3.6000000000000005        10.240000000000000       -7.4259352873436617     
   5.4000000000000004        10.240000000000000       -7.3866539211477713     
   7.2000000000000011        10.240000000000000       -7.3323306523333649     
   9.0000000000000000        10.240000000000000       -7.2637809359151850     
   10.800000000000001        10.240000000000000       -7.1817513790950080     
   12.600000000000001        10.240000000000000       -7.0873575385635084     
   14.400000000000002        10.240000000000000       -6.9815585246776246     
   16.200000000000003        10.240000000000000       -6.8656531386251558     
   18.000000000000000        10.240000000000000       -6.7407804971719294     
   19.799999999999997        10.240000000000000       -6.6079916164054051     
   21.600000000000001        10.240000000000000       -6.4687359467438128     
   23.400000000000002        10.240000000000000       -6.3239252020336378     
   25.200000000000003        10.240000000000000       -6.1746438483441102     
   27.000000000000000        10.240000000000000       -6.0220550592091371     
   28.800000000000004        10.240000000000000       -5.8668803538470398     
   30.600000000000005        10.240000000000000       -5.7100657101009595     
   32.400000000000006        10.240000000000000       -5.5524144333993419     
   34.199999999999996        10.240000000000000       -5.3946035210902403     
   36.000000000000000        10.240000000000000       -5.2372632914592154     
   37.800000000000004        10.240000000000000       -5.0810164508694680     
   39.599999999999994        10.240000000000000       -4.9264635739854228     
   41.399999999999999        10.240000000000000       -4.7741756672430116     
   43.200000000000003        10.240000000000000       -4.6246388864220078     
   45.000000000000000        10.240000000000000       -4.4784736090335819     
   46.800000000000004        10.240000000000000       -4.3360882403862853     
   48.599999999999994        10.240000000000000       -4.1980834024259259     
   50.400000000000006        10.240000000000000       -4.0648976459629553     
   52.200000000000003        10.240000000000000       -3.9370025295962452     
   54.000000000000000        10.240000000000000       -3.8149189198256810     
   55.799999999999997        10.240000000000000       -3.6989919036783201     
   57.600000000000009        10.240000000000000       -3.5896289544731057     
   59.400000000000013        10.240000000000000       -3.4871506995527839     
   61.200000000000010        10.240000000000000       -3.3918206285623356     
   63.000000000000000        10.240000000000000       -3.3038609926880711     
   64.800000000000011        10.240000000000000       -3.2234273833689220     
   66.600000000000009        10.240000000000000       -3.1506070247585245     
   68.399999999999991        10.240000000000000       -3.0854204821772222     
   70.200000000000003        10.240000000000000       -3.0278490676800631     
   72.000000000000000        10.240000000000000       -2.9778376049592592     
   73.799999999999997        10.240000000000000       -2.9352071715177859     
   75.600000000000009        10.240000000000000       -2.8998416425456144     
   77.399999999999991        10.240000000000000       -2.8715150183214790     
   79.199999999999989        10.240000000000000       -2.8499870412218020     
   81.000000000000000        10.240000000000000       -2.8349845331748842     
   82.799999999999997        10.240000000000000       -2.8262419756067603     
   84.599999999999994        10.240000000000000       -2.8234272069719073     
   86.400000000000006        10.240000000000000       -2.8262188674258675     
   88.200000000000003        10.240000000000000       -2.8342855837496876     
   90.000000000000000        10.240000000000000       -2.8472422925661083     
   91.799999999999997        10.240000000000000       -2.8647224587373357     
   93.600000000000009        10.240000000000000       -2.8863492726603397     
   95.400000000000006        10.240000000000000       -2.9117143873076774     
   97.199999999999989        10.240000000000000       -2.9404262688476468     
   99.000000000000014        10.240000000000000       -2.9720998150087694     
   100.80000000000001        10.240000000000000       -3.0063367550142819     
   102.59999999999999        10.240000000000000       -3.0427809178082201     
   104.40000000000001        10.240000000000000       -3.0810806478696362     
   106.19999999999999        10.240000000000000       -3.1209235348457995     
   108.00000000000000        10.240000000000000       -3.1620310754716012     
   109.80000000000000        10.240000000000000       -3.2041802201463878     
   111.59999999999999        10.240000000000000       -3.2471751985609036     
   113.40000000000001        10.240000000000000       -3.2908810385868947     
   115.20000000000002        10.240000000000000       -3.3352131898446591     
   117.00000000000000        10.240000000000000       -3.3801225002260216     
   118.80000000000003        10.240000000000000       -3.4256032165351975     
   120.60000000000001        10.240000000000000       -3.4716790194699376     
   122.40000000000002        10.240000000000000       -3.5184022438201965     
   124.20000000000000        10.240000000000000       -3.5658209547420019     
   126.00000000000000        10.240000000000000       -3.6139875199637417     
   127.80000000000001        10.240000000000000       -3.6629439689349939     
   129.60000000000002        10.240000000000000       -3.7126915761697994     
   131.40000000000001        10.240000000000000       -3.7632152793754048     
   133.20000000000002        10.240000000000000       -3.8144489427146229     
   135.00000000000000        10.240000000000000       -3.8662566221882706     
   136.79999999999998        10.240000000000000       -3.9184960227854626     
   138.59999999999999        10.240000000000000       -3.9709243646294037     
   140.40000000000001        10.240000000000000       -4.0232883681249501     
   142.20000000000002        10.240000000000000       -4.0752787753116619     
   144.00000000000000        10.240000000000000       -4.1265591539201409     
   145.79999999999998        10.240000000000000       -4.1767878508368579     
   147.59999999999999        10.240000000000000       -4.2256030581097752     
   149.40000000000003        10.240000000000000       -4.2726461727147500     
   151.20000000000002        10.240000000000000       -4.3175896374923690     
   153.00000000000000        10.240000000000000       -4.3601359198532590     
   154.79999999999998        10.240000000000000       -4.4000231727239738     
   156.59999999999997        10.240000000000000       -4.4370494073686437     
   158.39999999999998        10.240000000000000       -4.4710563318844052     
   160.20000000000002        10.240000000000000       -4.5019448716238717     
   162.00000000000000        10.240000000000000       -4.5296939459120127     
   163.79999999999998        10.240000000000000       -4.5542763912168560     
   165.59999999999999        10.240000000000000       -4.5757826009489087     
   167.40000000000001        10.240000000000000       -4.5943042355551391     
   169.19999999999999        10.240000000000000       -4.6099485625743872     
   171.00000000000000        10.240000000000000       -4.6228720342401965     
   172.80000000000001        10.240000000000000       -4.6331925156119711     
   174.59999999999999        10.240000000000000       -4.6410712670641230     
   176.40000000000001        10.240000000000000       -4.6465940582341592     
   178.20000000000002        10.240000000000000       -4.6516542796355216     
   180.00000000000000        10.240000000000000       -4.6509618008188438     
   0.0000000000000000        10.320000000000000       -7.0651154863050305     
   1.8000000000000003        10.320000000000000       -7.0577153234708749     
   3.6000000000000005        10.320000000000000       -7.0355188263710868     
   5.4000000000000004        10.320000000000000       -6.9989134441316940     
   7.2000000000000011        10.320000000000000       -6.9482766259388438     
   9.0000000000000000        10.320000000000000       -6.8843510573693099     
   10.800000000000001        10.320000000000000       -6.8078176896120572     
   12.600000000000001        10.320000000000000       -6.7196941827396257     
   14.400000000000002        10.320000000000000       -6.6208572248644924     
   16.200000000000003        10.320000000000000       -6.5124946119220812     
   18.000000000000000        10.320000000000000       -6.3956508200098243     
   19.799999999999997        10.320000000000000       -6.2712919908629061     
   21.600000000000001        10.320000000000000       -6.1407510874330944     
   23.400000000000002        10.320000000000000       -6.0048724673319036     
   25.200000000000003        10.320000000000000       -5.8646612445931874     
   27.000000000000000        10.320000000000000       -5.7211984722068561     
   28.800000000000004        10.320000000000000       -5.5751625812832906     
   30.600000000000005        10.320000000000000       -5.4274413337889040     
   32.400000000000006        10.320000000000000       -5.2787943019227184     
   34.199999999999996        10.320000000000000       -5.1298668481041139     
   36.000000000000000        10.320000000000000       -4.9812629643871613     
   37.800000000000004        10.320000000000000       -4.8335811112549099     
   39.599999999999994        10.320000000000000       -4.6874003463498815     
   41.399999999999999        10.320000000000000       -4.5432728026624600     
   43.200000000000003        10.320000000000000       -4.4016710967527333     
   45.000000000000000        10.320000000000000       -4.2631933041632895     
   46.800000000000004        10.320000000000000       -4.1282376372943821     
   48.599999999999994        10.320000000000000       -3.9973820216942517     
   50.400000000000006        10.320000000000000       -3.8710507679192467     
   52.200000000000003        10.320000000000000       -3.7496981573713621     
   54.000000000000000        10.320000000000000       -3.6338242639513014     
   55.799999999999997        10.320000000000000       -3.5237623913290377     
   57.600000000000009        10.320000000000000       -3.4199043541138905     
   59.400000000000013        10.320000000000000       -3.3225596343011969     
   61.200000000000010        10.320000000000000       -3.2319836187381581     
   63.000000000000000        10.320000000000000       -3.1483928078275789     
   64.800000000000011        10.320000000000000       -3.0719407952701849     
   66.600000000000009        10.320000000000000       -3.0027166086218284     
   68.399999999999991        10.320000000000000       -2.9407462126934809     
   70.200000000000003        10.320000000000000       -2.8860184039515526     
   72.000000000000000        10.320000000000000       -2.8384873040326761     
   73.799999999999997        10.320000000000000       -2.7979889843458552     
   75.600000000000009        10.320000000000000       -2.7644189335694929     
   77.399999999999991        10.320000000000000       -2.7375673321697169     
   79.199999999999989        10.320000000000000       -2.7172099737318831     
   81.000000000000000        10.320000000000000       -2.7030903514798004     
   82.799999999999997        10.320000000000000       -2.6949584070733450     
   84.599999999999994        10.320000000000000       -2.6924994705763670     
   86.400000000000006        10.320000000000000       -2.6954083752174833     
   88.200000000000003        10.320000000000000       -2.7033696695695353     
   90.000000000000000        10.320000000000000       -2.7160158818199545     
   91.799999999999997        10.320000000000000       -2.7329968139040126     
   93.600000000000009        10.320000000000000       -2.7539520720786466     
   95.400000000000006        10.320000000000000       -2.7784907493771684     
   97.199999999999989        10.320000000000000       -2.8062378035947875     
   99.000000000000014        10.320000000000000       -2.8368240923860686     
   100.80000000000001        10.320000000000000       -2.8698675037551111     
   102.59999999999999        10.320000000000000       -2.9050258414601573     
   104.40000000000001        10.320000000000000       -2.9419606442418371     
   106.19999999999999        10.320000000000000       -2.9803703358568576     
   108.00000000000000        10.320000000000000       -3.0199849828010334     
   109.80000000000000        10.320000000000000       -3.0605867363507699     
   111.59999999999999        10.320000000000000       -3.1019829754210075     
   113.40000000000001        10.320000000000000       -3.1440382547163295     
   115.20000000000002        10.320000000000000       -3.1866643751070516     
   117.00000000000000        10.320000000000000       -3.2298064726941140     
   118.80000000000003        10.320000000000000       -3.2734506437201150     
   120.60000000000001        10.320000000000000       -3.3176109967331371     
   122.40000000000002        10.320000000000000       -3.3623288729751653     
   124.20000000000000        10.320000000000000       -3.4076426125366868     
   126.00000000000000        10.320000000000000       -3.4535953069211978     
   127.80000000000001        10.320000000000000       -3.5002212147360625     
   129.60000000000002        10.320000000000000       -3.5475178675515364     
   131.40000000000001        10.320000000000000       -3.5954681046430772     
   133.20000000000002        10.320000000000000       -3.6440082542670034     
   135.00000000000000        10.320000000000000       -3.6930109981148314     
   136.79999999999998        10.320000000000000       -3.7423428486075547     
   138.59999999999999        10.320000000000000       -3.7917786957601893     
   140.40000000000001        10.320000000000000       -3.8410834108906671     
   142.20000000000002        10.320000000000000       -3.8899707510945816     
   144.00000000000000        10.320000000000000       -3.9381296554736700     
   145.79999999999998        10.320000000000000       -3.9852440599268197     
   147.59999999999999        10.320000000000000       -4.0309799445053525     
   149.40000000000003        10.320000000000000       -4.0750071116169710     
   151.20000000000002        10.320000000000000       -4.1170240239719496     
   153.00000000000000        10.320000000000000       -4.1567578584431413     
   154.79999999999998        10.320000000000000       -4.1939680640317034     
   156.59999999999997        10.320000000000000       -4.2284726378793369     
   158.39999999999998        10.320000000000000       -4.2601285591489582     
   160.20000000000002        10.320000000000000       -4.2888490534418482     
   162.00000000000000        10.320000000000000       -4.3146212527172523     
   163.79999999999998        10.320000000000000       -4.3374242173826252     
   165.59999999999999        10.320000000000000       -4.3573498271438504     
   167.40000000000001        10.320000000000000       -4.3744895375335160     
   169.19999999999999        10.320000000000000       -4.3889489155666022     
   171.00000000000000        10.320000000000000       -4.4008801569191540     
   172.80000000000001        10.320000000000000       -4.4103976786755243     
   174.59999999999999        10.320000000000000       -4.4176572065189630     
   176.40000000000001        10.320000000000000       -4.4227415901533931     
   178.20000000000002        10.320000000000000       -4.4274114140120426     
   180.00000000000000        10.320000000000000       -4.4267604795472408     
   0.0000000000000000        10.400000000000000       -6.6945733927383433     
   1.8000000000000003        10.400000000000000       -6.6876784272134504     
   3.6000000000000005        10.400000000000000       -6.6669973296849694     
   5.4000000000000004        10.400000000000000       -6.6328822638130402     
   7.2000000000000011        10.400000000000000       -6.5856767967005316     
   9.0000000000000000        10.400000000000000       -6.5260567119575548     
   10.800000000000001        10.400000000000000       -6.4546425631328219     
   12.600000000000001        10.400000000000000       -6.3723619462634860     
   14.400000000000002        10.400000000000000       -6.2800156566038989     
   16.200000000000003        10.400000000000000       -6.1786892549997949     
   18.000000000000000        10.400000000000000       -6.0693399500212948     
   19.799999999999997        10.400000000000000       -5.9528555249450807     
   21.600000000000001        10.400000000000000       -5.8304613749073546     
   23.400000000000002        10.400000000000000       -5.7029394181962028     
   25.200000000000003        10.400000000000000       -5.5712211752271381     
   27.000000000000000        10.400000000000000       -5.4363114037221951     
   28.800000000000004        10.400000000000000       -5.2988481392863855     
   30.600000000000005        10.400000000000000       -5.1596646596936848     
   32.400000000000006        10.400000000000000       -5.0194793031485769     
   34.199999999999996        10.400000000000000       -4.8789072897550030     
   36.000000000000000        10.400000000000000       -4.7385273066258309     
   37.800000000000004        10.400000000000000       -4.5989143686079244     
   39.599999999999994        10.400000000000000       -4.4606265665682150     
   41.399999999999999        10.400000000000000       -4.3241974943698755     
   43.200000000000003        10.400000000000000       -4.1900862135789012     
   45.000000000000000        10.400000000000000       -4.0588690666316429     
   46.800000000000004        10.400000000000000       -3.9309339151891471     
   48.599999999999994        10.400000000000000       -3.8068366641809250     
   50.400000000000006        10.400000000000000       -3.6869875996597781     
   52.200000000000003        10.400000000000000       -3.5718241898971037     
   54.000000000000000        10.400000000000000       -3.4618264318405823     
   55.799999999999997        10.400000000000000       -3.3573160868229786     
   57.600000000000009        10.400000000000000       -3.2586698057658898     
   59.400000000000013        10.400000000000000       -3.1661861834927021     
   61.200000000000010        10.400000000000000       -3.0801126015447671     
   63.000000000000000        10.400000000000000       -3.0006597762694760     
   64.800000000000011        10.400000000000000       -2.9279790600676785     
   66.600000000000009        10.400000000000000       -2.8621608306127815     
   68.399999999999991        10.400000000000000       -2.8032358076744179     
   70.200000000000003        10.400000000000000       -2.7511995235406213     
   72.000000000000000        10.400000000000000       -2.7060145680092274     
   73.799999999999997        10.400000000000000       -2.6675309226603088     
   75.600000000000009        10.400000000000000       -2.6356548082831526     
   77.399999999999991        10.400000000000000       -2.6101915341705579     
   79.199999999999989        10.400000000000000       -2.5909319617606177     
   81.000000000000000        10.400000000000000       -2.5776353107953427     
   82.799999999999997        10.400000000000000       -2.5700661614760736     
   84.599999999999994        10.400000000000000       -2.5679264900491288     
   86.400000000000006        10.400000000000000       -2.5709265973326767     
   88.200000000000003        10.400000000000000       -2.5787662937554354     
   90.000000000000000        10.400000000000000       -2.5910950078136428     
   91.799999999999997        10.400000000000000       -2.6075782751045886     
   93.600000000000009        10.400000000000000       -2.6278715335272977     
   95.400000000000006        10.400000000000000       -2.6516006970693637     
   97.199999999999989        10.400000000000000       -2.6784066459180194     
   99.000000000000014        10.400000000000000       -2.7079356570593105     
   100.80000000000001        10.400000000000000       -2.7398212233239887     
   102.59999999999999        10.400000000000000       -2.7737346781166172     
   104.40000000000001        10.400000000000000       -2.8093503430721083     
   106.19999999999999        10.400000000000000       -2.8463771832039324     
   108.00000000000000        10.400000000000000       -2.8845536529179494     
   109.80000000000000        10.400000000000000       -2.9236671053170094     
   111.59999999999999        10.400000000000000       -2.9635281533348046     
   113.40000000000001        10.400000000000000       -3.0040011546242442     
   115.20000000000002        10.400000000000000       -3.0449946986289294     
   117.00000000000000        10.400000000000000       -3.0864487217748664     
   118.80000000000003        10.400000000000000       -3.1283417923307812     
   120.60000000000001        10.400000000000000       -3.1706791101919682     
   122.40000000000002        10.400000000000000       -3.2134917375402448     
   124.20000000000000        10.400000000000000       -3.2568088672258333     
   126.00000000000000        10.400000000000000       -3.3006648339396976     
   127.80000000000001        10.400000000000000       -3.3450865221330606     
   129.60000000000002        10.400000000000000       -3.3900678325241458     
   131.40000000000001        10.400000000000000       -3.4355895154971110     
   133.20000000000002        10.400000000000000       -3.4815900801044997     
   135.00000000000000        10.400000000000000       -3.5279501655536092     
   136.79999999999998        10.400000000000000       -3.5745444521685790     
   138.59999999999999        10.400000000000000       -3.6211643121427795     
   140.40000000000001        10.400000000000000       -3.6675915995951933     
   142.20000000000002        10.400000000000000       -3.7135616437841312     
   144.00000000000000        10.400000000000000       -3.7587872001518723     
   145.79999999999998        10.400000000000000       -3.8029762677523746     
   147.59999999999999        10.400000000000000       -3.8458209683193703     
   149.40000000000003        10.400000000000000       -3.8870178215485756     
   151.20000000000002        10.400000000000000       -3.9262897819043672     
   153.00000000000000        10.400000000000000       -3.9633872563589323     
   154.79999999999998        10.400000000000000       -3.9980897485335070     
   156.59999999999997        10.400000000000000       -4.0302339266178793     
   158.39999999999998        10.400000000000000       -4.0596910548926193     
   160.20000000000002        10.400000000000000       -4.0863857596574551     
   162.00000000000000        10.400000000000000       -4.1103126063100461     
   163.79999999999998        10.400000000000000       -4.1314563307669951     
   165.59999999999999        10.400000000000000       -4.1499097726993259     
   167.40000000000001        10.400000000000000       -4.1657638212750729     
   169.19999999999999        10.400000000000000       -4.1791220708159047     
   171.00000000000000        10.400000000000000       -4.1901322498987588     
   172.80000000000001        10.400000000000000       -4.1989051884317936     
   174.59999999999999        10.400000000000000       -4.2055909751497511     
   176.40000000000001        10.400000000000000       -4.2102694775399065     
   178.20000000000002        10.400000000000000       -4.2145775704265533     
   180.00000000000000        10.400000000000000       -4.2139655553145214     
   0.0000000000000000        10.480000000000000       -6.3497323305801174     
   1.8000000000000003        10.480000000000000       -6.3432988451852816     
   3.6000000000000005        10.480000000000000       -6.3240020075000158     
   5.4000000000000004        10.480000000000000       -6.2921622823390804     
   7.2000000000000011        10.480000000000000       -6.2480927763010694     
   9.0000000000000000        10.480000000000000       -6.1924091376488226     
   10.800000000000001        10.480000000000000       -6.1256775875181830     
   12.600000000000001        10.480000000000000       -6.0487446926023409     
   14.400000000000002        10.480000000000000       -5.9623428887061127     
   16.200000000000003        10.480000000000000       -5.8674656210436531     
   18.000000000000000        10.480000000000000       -5.7649913412325171     
   19.799999999999997        10.480000000000000       -5.6557369980214744     
   21.600000000000001        10.480000000000000       -5.5408307189422272     
   23.400000000000002        10.480000000000000       -5.4209976680599317     
   25.200000000000003        10.480000000000000       -5.2971024312325792     
   27.000000000000000        10.480000000000000       -5.1700802113883260     
   28.800000000000004        10.480000000000000       -5.0405317757595718     
   30.600000000000005        10.480000000000000       -4.9092402483826234     
   32.400000000000006        10.480000000000000       -4.7768856443167245     
   34.199999999999996        10.480000000000000       -4.6440547921661466     
   36.000000000000000        10.480000000000000       -4.5113022826604823     
   37.800000000000004        10.480000000000000       -4.3791806403375881     
   39.599999999999994        10.480000000000000       -4.2482276574806468     
   41.399999999999999        10.480000000000000       -4.1189588085640612     
   43.200000000000003        10.480000000000000       -3.9918196145107117     
   45.000000000000000        10.480000000000000       -3.8673653774633823     
   46.800000000000004        10.480000000000000       -3.7459734567965146     
   48.599999999999994        10.480000000000000       -3.6281785525690422     
   50.400000000000006        10.480000000000000       -3.5143772060147733     
   52.200000000000003        10.480000000000000       -3.4049906390314004     
   54.000000000000000        10.480000000000000       -3.3004796302820458     
   55.799999999999997        10.480000000000000       -3.2011547030110012     
   57.600000000000009        10.480000000000000       -3.1073779437710840     
   59.400000000000013        10.480000000000000       -3.0194373825898899     
   61.200000000000010        10.480000000000000       -2.9375725299562170     
   63.000000000000000        10.480000000000000       -2.8619882993450063     
   64.800000000000011        10.480000000000000       -2.7928335369177799     
   66.600000000000009        10.480000000000000       -2.7301994596576642     
   68.399999999999991        10.480000000000000       -2.6741208066610556     
   70.200000000000003        10.480000000000000       -2.6245989871465860     
   72.000000000000000        10.480000000000000       -2.5816041031735497     
   73.799999999999997        10.480000000000000       -2.5449987897134498     
   75.600000000000009        10.480000000000000       -2.5146989773170096     
   77.399999999999991        10.480000000000000       -2.4905238780355039     
   79.199999999999989        10.480000000000000       -2.4722782705420752     
   81.000000000000000        10.480000000000000       -2.4597359911054255     
   82.799999999999997        10.480000000000000       -2.4526752885680017     
   84.599999999999994        10.480000000000000       -2.4508137828814736     
   86.400000000000006        10.480000000000000       -2.4538763769633936     
   88.200000000000003        10.480000000000000       -2.4615773509773753     
   90.000000000000000        10.480000000000000       -2.4735822019799416     
   91.799999999999997        10.480000000000000       -2.4895714684604378     
   93.600000000000009        10.480000000000000       -2.5092157100507881     
   95.400000000000006        10.480000000000000       -2.5321569104440598     
   97.199999999999989        10.480000000000000       -2.5580511791671623     
   99.000000000000014        10.480000000000000       -2.5865595532610781     
   100.80000000000001        10.480000000000000       -2.6173304576186176     
   102.59999999999999        10.480000000000000       -2.6500482106039156     
   104.40000000000001        10.480000000000000       -2.6843994152868644     
   106.19999999999999        10.480000000000000       -2.7201032180740121     
   108.00000000000000        10.480000000000000       -2.7569062358380712     
   109.80000000000000        10.480000000000000       -2.7946010149446865     
   111.59999999999999        10.480000000000000       -2.8330015001754600     
   113.40000000000001        10.480000000000000       -2.8719721781149579     
   115.20000000000002        10.480000000000000       -2.9114189473505405     
   117.00000000000000        10.480000000000000       -2.9512771610004540     
   118.80000000000003        10.480000000000000       -2.9915186108419936     
   120.60000000000001        10.480000000000000       -3.0321403939013019     
   122.40000000000002        10.480000000000000       -3.0731641639269887     
   124.20000000000000        10.480000000000000       -3.1146106828568949     
   126.00000000000000        10.480000000000000       -3.1565061790599502     
   127.80000000000001        10.480000000000000       -3.1988706713581636     
   129.60000000000002        10.480000000000000       -3.2416946043664026     
   131.40000000000001        10.480000000000000       -3.2849566922585698     
   133.20000000000002        10.480000000000000       -3.3285973303157514     
   135.00000000000000        10.480000000000000       -3.3725043617653232     
   136.79999999999998        10.480000000000000       -3.4165599102373170     
   138.59999999999999        10.480000000000000       -3.4605704495752425     
   140.40000000000001        10.480000000000000       -3.5043334520473963     
   142.20000000000002        10.480000000000000       -3.5476041201937281     
   144.00000000000000        10.480000000000000       -3.5901171854484670     
   145.79999999999998        10.480000000000000       -3.6316028967409433     
   147.59999999999999        10.480000000000000       -3.6717775535403496     
   149.40000000000003        10.480000000000000       -3.7103623734572060     
   151.20000000000002        10.480000000000000       -3.7471029698464107     
   153.00000000000000        10.480000000000000       -3.7817712035336695     
   154.79999999999998        10.480000000000000       -3.8141651373821621     
   156.59999999999997        10.480000000000000       -3.8441385352849893     
   158.39999999999998        10.480000000000000       -3.8715757629398140     
   160.20000000000002        10.480000000000000       -3.8964117740075901     
   162.00000000000000        10.480000000000000       -3.9186476493652935     
   163.79999999999998        10.480000000000000       -3.9382731520108791     
   165.59999999999999        10.480000000000000       -3.9553814828565437     
   167.40000000000001        10.480000000000000       -3.9700625609058080     
   169.19999999999999        10.480000000000000       -3.9824177127443647     
   171.00000000000000        10.480000000000000       -3.9925899886146881     
   172.80000000000001        10.480000000000000       -4.0006864958964714     
   174.59999999999999        10.480000000000000       -4.0068516045446723     
   176.40000000000001        10.480000000000000       -4.0111621479244084     
   178.20000000000002        10.480000000000000       -4.0151418952955105     
   180.00000000000000        10.480000000000000       -4.0145657634270853     
   0.0000000000000000        10.559999999999999       -6.0255908640983664     
   1.8000000000000003        10.559999999999999       -6.0195839553815587     
   3.6000000000000005        10.559999999999999       -6.0015666767488547     
   5.4000000000000004        10.559999999999999       -5.9718306426164300     
   7.2000000000000011        10.559999999999999       -5.9306612169973949     
   9.0000000000000000        10.559999999999999       -5.8786192876037084     
   10.800000000000001        10.559999999999999       -5.8162215619059419     
   12.600000000000001        10.559999999999999       -5.7442407554592583     
   14.400000000000002        10.559999999999999       -5.6633469320074816     
   16.200000000000003        10.559999999999999       -5.5744494645808862     
   18.000000000000000        10.559999999999999       -5.4783548156432040     
   19.799999999999997        10.559999999999999       -5.3758150855679858     
   21.600000000000001        10.559999999999999       -5.2678693299784074     
   23.400000000000002        10.559999999999999       -5.1551904897138963     
   25.200000000000003        10.559999999999999       -5.0385815243750800     
   27.000000000000000        10.559999999999999       -4.9189134596129751     
   28.800000000000004        10.559999999999999       -4.7967523011570217     
   30.600000000000005        10.559999999999999       -4.6728344872728114     
   32.400000000000006        10.559999999999999       -4.5478040520992140     
   34.199999999999996        10.559999999999999       -4.4222208544750599     
   36.000000000000000        10.559999999999999       -4.2966163811252969     
   37.800000000000004        10.559999999999999       -4.1715214592544214     
   39.599999999999994        10.559999999999999       -4.0474541486111457     
   41.399999999999999        10.559999999999999       -3.9249121734290275     
   43.200000000000003        10.559999999999999       -3.8043275592039731     
   45.000000000000000        10.559999999999999       -3.6862351560757141     
   46.800000000000004        10.559999999999999       -3.5710017318383005     
   48.599999999999994        10.559999999999999       -3.4591414665655922     
   50.400000000000006        10.559999999999999       -3.3510374096273998     
   52.200000000000003        10.559999999999999       -3.2470950179089719     
   54.000000000000000        10.559999999999999       -3.1477565664803806     
   55.799999999999997        10.559999999999999       -3.0533216072671183     
   57.600000000000009        10.559999999999999       -2.9641381655535426     
   59.400000000000013        10.559999999999999       -2.8804839856488273     
   61.200000000000010        10.559999999999999       -2.8025908337043401     
   63.000000000000000        10.559999999999999       -2.7306578231564052     
   64.800000000000011        10.559999999999999       -2.6648310977147371     
   66.600000000000009        10.559999999999999       -2.6052023183127848     
   68.399999999999991        10.559999999999999       -2.5518096654073141     
   70.200000000000003        10.559999999999999       -2.5046597463109705     
   72.000000000000000        10.559999999999999       -2.4637294164149024     
   73.799999999999997        10.559999999999999       -2.4288929586226118     
   75.600000000000009        10.559999999999999       -2.4000751953712207     
   77.399999999999991        10.559999999999999       -2.3771082546027396     
   79.199999999999989        10.559999999999999       -2.3598099027294070     
   81.000000000000000        10.559999999999999       -2.3479676918871464     
   82.799999999999997        10.559999999999999       -2.3413727487173190     
   84.599999999999994        10.559999999999999       -2.3397575153924155     
   86.400000000000006        10.559999999999999       -2.3428607832909782     
   88.200000000000003        10.559999999999999       -2.3504106451275737     
   90.000000000000000        10.559999999999999       -2.3620879746763075     
   91.799999999999997        10.559999999999999       -2.3775877016980491     
   93.600000000000009        10.559999999999999       -2.3965949115482892     
   95.400000000000006        10.559999999999999       -2.4187670278007811     
   97.199999999999989        10.559999999999999       -2.4437748065891682     
   99.000000000000014        10.559999999999999       -2.4712934899336325     
   100.80000000000001        10.559999999999999       -2.5009858705694357     
   102.59999999999999        10.559999999999999       -2.5325487919156151     
   104.40000000000001        10.559999999999999       -2.5656807163997706     
   106.19999999999999        10.559999999999999       -2.6001106664952580     
   108.00000000000000        10.559999999999999       -2.6355932283316963     
   109.80000000000000        10.559999999999999       -2.6719261258371398     
   111.59999999999999        10.559999999999999       -2.7089267121807623     
   113.40000000000001        10.559999999999999       -2.7464598669641873     
   115.20000000000002        10.559999999999999       -2.7844292236589725     
   117.00000000000000        10.559999999999999       -2.8227660614785690     
   118.80000000000003        10.559999999999999       -2.8614360186682108     
   120.60000000000001        10.559999999999999       -2.9004287611027553     
   122.40000000000002        10.559999999999999       -2.9397572621128436     
   124.20000000000000        10.559999999999999       -2.9794344605202312     
   126.00000000000000        10.559999999999999       -3.0194790349660425     
   127.80000000000001        10.559999999999999       -3.0599045819212556     
   129.60000000000002        10.559999999999999       -3.1006982632509543     
   131.40000000000001        10.559999999999999       -3.1418368301418202     
   133.20000000000002        10.559999999999999       -3.1832623535797975     
   135.00000000000000        10.559999999999999       -3.2248692934323389     
   136.79999999999998        10.559999999999999       -3.2665466488835877     
   138.59999999999999        10.559999999999999       -3.3081148874353179     
   140.40000000000001        10.559999999999999       -3.3493859987942050     
   142.20000000000002        10.559999999999999       -3.3901336787457175     
   144.00000000000000        10.559999999999999       -3.4301131327554839     
   145.79999999999998        10.559999999999999       -3.4690753740542482     
   147.59999999999999        10.559999999999999       -3.5067592655137765     
   149.40000000000003        10.559999999999999       -3.5429090590416528     
   151.20000000000002        10.559999999999999       -3.5772915133110543     
   153.00000000000000        10.559999999999999       -3.6096984753053167     
   154.79999999999998        10.559999999999999       -3.6399453277990763     
   156.59999999999997        10.559999999999999       -3.6679016325901950     
   158.39999999999998        10.559999999999999       -3.6934638797790145     
   160.20000000000002        10.559999999999999       -3.7165764703378037     
   162.00000000000000        10.559999999999999       -3.7372462580895367     
   163.79999999999998        10.559999999999999       -3.7554675066245604     
   165.59999999999999        10.559999999999999       -3.7713333120805768     
   167.40000000000001        10.559999999999999       -3.7849323154087315     
   169.19999999999999        10.559999999999999       -3.7963633585108947     
   171.00000000000000        10.559999999999999       -3.8057646735573862     
   172.80000000000001        10.559999999999999       -3.8132395600471010     
   174.59999999999999        10.559999999999999       -3.8189266354951776     
   176.40000000000001        10.559999999999999       -3.8228996751657420     
   178.20000000000002        10.559999999999999       -3.8265778653777689     
   180.00000000000000        10.559999999999999       -3.8260351914044266     
   0.0000000000000000        10.640000000000001       -5.7202440503126004     
   1.8000000000000003        10.640000000000001       -5.7146323129108429     
   3.6000000000000005        10.640000000000001       -5.6978003859786837     
   5.4000000000000004        10.640000000000001       -5.6700135821537359     
   7.2000000000000011        10.640000000000001       -5.6315319552146441     
   9.0000000000000000        10.640000000000001       -5.5828664421598502     
   10.800000000000001        10.640000000000001       -5.5244885500505001     
   12.600000000000001        10.640000000000001       -5.4571035687451559     
   14.400000000000002        10.640000000000001       -5.3813245513059051     
   16.200000000000003        10.640000000000001       -5.2979840017318294     
   18.000000000000000        10.640000000000001       -5.2078224571225133     
   19.799999999999997        10.640000000000001       -5.1115325357494266     
   21.600000000000001        10.640000000000001       -5.0100715690104707     
   23.400000000000002        10.640000000000001       -4.9040643438267120     
   25.200000000000003        10.640000000000001       -4.7942569619803495     
   27.000000000000000        10.640000000000001       -4.6814611066087934     
   28.800000000000004        10.640000000000001       -4.5662102873352932     
   30.600000000000005        10.640000000000001       -4.4491973872168034     
   32.400000000000006        10.640000000000001       -4.3310325844464792     
   34.199999999999996        10.640000000000001       -4.2122500702560899     
   36.000000000000000        10.640000000000001       -4.0933591466105925     
   37.800000000000004        10.640000000000001       -3.9748696858323429     
   39.599999999999994        10.640000000000001       -3.8572805555673253     
   41.399999999999999        10.640000000000001       -3.7410720943849047     
   43.200000000000003        10.640000000000001       -3.6266629050875219     
   45.000000000000000        10.640000000000001       -3.5145679483866306     
   46.800000000000004        10.640000000000001       -3.4051433499359218     
   48.599999999999994        10.640000000000001       -3.2988834174772412     
   50.400000000000006        10.640000000000001       -3.1961579635935418     
   52.200000000000003        10.640000000000001       -3.0973571398170190     
   54.000000000000000        10.640000000000001       -3.0029053872860572     
   55.799999999999997        10.640000000000001       -2.9130915481314599     
   57.600000000000009        10.640000000000001       -2.8282500611116683     
   59.400000000000013        10.640000000000001       -2.7486486551844784     
   61.200000000000010        10.640000000000001       -2.6745114833889980     
   63.000000000000000        10.640000000000001       -2.6060318773393956     
   64.800000000000011        10.640000000000001       -2.5433531151136797     
   66.600000000000009        10.640000000000001       -2.4865669566985806     
   68.399999999999991        10.640000000000001       -2.4357145119796502     
   70.200000000000003        10.640000000000001       -2.3908069815603668     
   72.000000000000000        10.640000000000001       -2.3518272950354060     
   73.799999999999997        10.640000000000001       -2.3186604767091326     
   75.600000000000009        10.640000000000001       -2.2912395036972990     
   77.399999999999991        10.640000000000001       -2.2694085249601152     
   79.199999999999989        10.640000000000001       -2.2529974489466338     
   81.000000000000000        10.640000000000001       -2.2418067207802772     
   82.799999999999997        10.640000000000001       -2.2356396191413377     
   84.599999999999994        10.640000000000001       -2.2342426510103648     
   86.400000000000006        10.640000000000001       -2.2373678346165673     
   88.200000000000003        10.640000000000001       -2.2447564626373260     
   90.000000000000000        10.640000000000001       -2.2561041391460801     
   91.799999999999997        10.640000000000001       -2.2711196107374381     
   93.600000000000009        10.640000000000001       -2.2895019272868913     
   95.400000000000006        10.640000000000001       -2.3109233599229548     
   97.199999999999989        10.640000000000001       -2.3350687621035915     
   99.000000000000014        10.640000000000001       -2.3616270571059057     
   100.80000000000001        10.640000000000001       -2.3902748748663103     
   102.59999999999999        10.640000000000001       -2.4207211489531733     
   104.40000000000001        10.640000000000001       -2.4526758029357514     
   106.19999999999999        10.640000000000001       -2.4858774452598293     
   108.00000000000000        10.640000000000001       -2.5200884459533892     
   109.80000000000000        10.640000000000001       -2.5551116844344959     
   111.59999999999999        10.640000000000001       -2.5907679888729325     
   113.40000000000001        10.640000000000001       -2.6269228715773711     
   115.20000000000002        10.640000000000001       -2.6634780910088725     
   117.00000000000000        10.640000000000001       -2.7003613234427628     
   118.80000000000003        10.640000000000001       -2.7375326311879564     
   120.60000000000001        10.640000000000001       -2.7749748746359617     
   122.40000000000002        10.640000000000001       -2.8126930265391943     
   124.20000000000000        10.640000000000001       -2.8506927765392835     
   126.00000000000000        10.640000000000001       -2.8889857824561953     
   127.80000000000001        10.640000000000001       -2.9275796453402303     
   129.60000000000002        10.640000000000001       -2.9664584256542605     
   131.40000000000001        10.640000000000001       -3.0055970007309356     
   133.20000000000002        10.640000000000001       -3.0449389459875320     
   135.00000000000000        10.640000000000001       -3.0843848194538337     
   136.79999999999998        10.640000000000001       -3.1238299922850032     
   138.59999999999999        10.640000000000001       -3.1631079231946888     
   140.40000000000001        10.640000000000001       -3.2020441191842162     
   142.20000000000002        10.640000000000001       -3.2404295082078778     
   144.00000000000000        10.640000000000001       -3.2780383920982983     
   145.79999999999998        10.640000000000001       -3.3146411814155838     
   147.59999999999999        10.640000000000001       -3.3499978132462718     
   149.40000000000003        10.640000000000001       -3.3838740366771889     
   151.20000000000002        10.640000000000001       -3.4160563545864107     
   153.00000000000000        10.640000000000001       -3.4463552411912293     
   154.79999999999998        10.640000000000001       -3.4746022488307808     
   156.59999999999997        10.640000000000001       -3.5006815395137978     
   158.39999999999998        10.640000000000001       -3.5245008246551910     
   160.20000000000002        10.640000000000001       -3.5460131441284259     
   162.00000000000000        10.640000000000001       -3.5652304511508102     
   163.79999999999998        10.640000000000001       -3.5821510306683142     
   165.59999999999999        10.640000000000001       -3.5968674667751297     
   167.40000000000001        10.640000000000001       -3.6094668588378571     
   169.19999999999999        10.640000000000001       -3.6200453854752284     
   171.00000000000000        10.640000000000001       -3.6287363600597597     
   172.80000000000001        10.640000000000001       -3.6356392169054237     
   174.59999999999999        10.640000000000001       -3.6408868176580902     
   176.40000000000001        10.640000000000001       -3.6445498726846708     
   178.20000000000002        10.640000000000001       -3.6479506970229032     
   180.00000000000000        10.640000000000001       -3.6474392950127217     
   0.0000000000000000        10.719999999999999       -5.4348775048660665     
   1.8000000000000003        10.719999999999999       -5.4296279377706833     
   3.6000000000000005        10.719999999999999       -5.4138823688720823     
   5.4000000000000004        10.719999999999999       -5.3878824674912753     
   7.2000000000000011        10.719999999999999       -5.3518655150680017     
   9.0000000000000000        10.719999999999999       -5.3062975161032320     
   10.800000000000001        10.719999999999999       -5.2516092787670177     
   12.600000000000001        10.719999999999999       -5.1884453734369016     
   14.400000000000002        10.719999999999999       -5.1173674407235765     
   16.200000000000003        10.719999999999999       -5.0391386379009244     
   18.000000000000000        10.719999999999999       -4.9544399133120303     
   19.799999999999997        10.719999999999999       -4.8639100147127605     
   21.600000000000001        10.719999999999999       -4.7684322337799889     
   23.400000000000002        10.719999999999999       -4.6685874691805900     
   25.200000000000003        10.719999999999999       -4.5650699648443913     
   27.000000000000000        10.719999999999999       -4.4586371366251898     
   28.800000000000004        10.719999999999999       -4.3497923919925006     
   30.600000000000005        10.719999999999999       -4.2391883624367086     
   32.400000000000006        10.719999999999999       -4.1274036272388557     
   34.199999999999996        10.719999999999999       -4.0149481098747186     
   36.000000000000000        10.719999999999999       -3.9023099297017141     
   37.800000000000004        10.719999999999999       -3.7899788241117993     
   39.599999999999994        10.719999999999999       -3.6784350792337284     
   41.399999999999999        10.719999999999999       -3.5681420754891184     
   43.200000000000003        10.719999999999999       -3.4595051132081536     
   45.000000000000000        10.719999999999999       -3.3530199001375744     
   46.800000000000004        10.719999999999999       -3.2490319070754721     
   48.599999999999994        10.719999999999999       -3.1480162924635562     
   50.400000000000006        10.719999999999999       -3.0503299370607864     
   52.200000000000003        10.719999999999999       -2.9563482055522647     
   54.000000000000000        10.719999999999999       -2.8664784442275506     
   55.799999999999997        10.719999999999999       -2.7809990885751663     
   57.600000000000009        10.719999999999999       -2.7002315187030814     
   59.400000000000013        10.719999999999999       -2.6244337574794114     
   61.200000000000010        10.719999999999999       -2.5538225050997108     
   63.000000000000000        10.719999999999999       -2.4885853508177243     
   64.800000000000011        10.719999999999999       -2.4288625529037282     
   66.600000000000009        10.719999999999999       -2.3747456219820751     
   68.399999999999991        10.719999999999999       -2.3262780699085077     
   70.200000000000003        10.719999999999999       -2.2834750628519469     
   72.000000000000000        10.719999999999999       -2.2463248959230100     
   73.799999999999997        10.719999999999999       -2.2147223799146656     
   75.600000000000009        10.719999999999999       -2.1886078705037137     
   77.399999999999991        10.719999999999999       -2.1678365885666793     
   79.199999999999989        10.719999999999999       -2.1522496840368164     
   81.000000000000000        10.719999999999999       -2.1416596144316324     
   82.799999999999997        10.719999999999999       -2.1358810298187869     
   84.599999999999994        10.719999999999999       -2.1346736827545025     
   86.400000000000006        10.719999999999999       -2.1378020982421888     
   88.200000000000003        10.719999999999999       -2.1450200981316536     
   90.000000000000000        10.719999999999999       -2.1560373070141101     
   91.799999999999997        10.719999999999999       -2.1705756540441485     
   93.600000000000009        10.719999999999999       -2.1883475322831432     
   95.400000000000006        10.719999999999999       -2.2090394054703895     
   97.199999999999989        10.719999999999999       -2.2323496156494231     
   99.000000000000014        10.719999999999999       -2.2579801864018614     
   100.80000000000001        10.719999999999999       -2.2856209982055846     
   102.59999999999999        10.719999999999999       -2.3149925912060239     
   104.40000000000001        10.719999999999999       -2.3458159082673546     
   106.19999999999999        10.719999999999999       -2.3778388193711364     
   108.00000000000000        10.719999999999999       -2.4108312687028164     
   109.80000000000000        10.719999999999999       -2.4446012573706732     
   111.59999999999999        10.719999999999999       -2.4789731546011611     
   113.40000000000001        10.719999999999999       -2.5138133585385036     
   115.20000000000002        10.719999999999999       -2.5490221696821225     
   117.00000000000000        10.719999999999999       -2.5845241699188723     
   118.80000000000003        10.719999999999999       -2.6202744714605606     
   120.60000000000001        10.719999999999999       -2.6562498104809151     
   122.40000000000002        10.719999999999999       -2.6924479014501093     
   124.20000000000000        10.719999999999999       -2.7288678184662025     
   126.00000000000000        10.719999999999999       -2.7655147860546836     
   127.80000000000001        10.719999999999999       -2.8023908901699417     
   129.60000000000002        10.719999999999999       -2.8394773089700447     
   131.40000000000001        10.719999999999999       -2.8767471656205159     
   133.20000000000002        10.719999999999999       -2.9141453800609876     
   135.00000000000000        10.719999999999999       -2.9515780743145110     
   136.79999999999998        10.719999999999999       -2.9889464696499188     
   138.59999999999999        10.719999999999999       -3.0260959552135254     
   140.40000000000001        10.719999999999999       -3.0628644919162769     
   142.20000000000002        10.719999999999999       -3.0990588912523531     
   144.00000000000000        10.719999999999999       -3.1344710723775875     
   145.79999999999998        10.719999999999999       -3.1688893706558181     
   147.59999999999999        10.719999999999999       -3.2020931892889628     
   149.40000000000003        10.719999999999999       -3.2338681122809958     
   151.20000000000002        10.719999999999999       -3.2640188686408349     
   153.00000000000000        10.719999999999999       -3.2923730875810362     
   154.79999999999998        10.719999999999999       -3.3187772414051770     
   156.59999999999997        10.719999999999999       -3.3431288003592696     
   158.39999999999998        10.719999999999999       -3.3653457213253972     
   160.20000000000002        10.719999999999999       -3.3853888160003716     
   162.00000000000000        10.719999999999999       -3.4032744253295046     
   163.79999999999998        10.719999999999999       -3.4190043471741727     
   165.59999999999999        10.719999999999999       -3.4326702428146474     
   167.40000000000001        10.719999999999999       -3.4443574114222950     
   169.19999999999999        10.719999999999999       -3.4541592024798682     
   171.00000000000000        10.719999999999999       -3.4622039367722897     
   172.80000000000001        10.719999999999999       -3.4685871480410229     
   174.59999999999999        10.719999999999999       -3.4734359723138355     
   176.40000000000001        10.719999999999999       -3.4768180665205750     
   178.20000000000002        10.719999999999999       -3.4799670267861589     
   180.00000000000000        10.719999999999999       -3.4794845926044209     
   0.0000000000000000        10.800000000000001       -5.1653910578424478     
   1.8000000000000003        10.800000000000001       -5.1604777490539977     
   3.6000000000000005        10.800000000000001       -5.1457408096880703     
   5.4000000000000004        10.800000000000001       -5.1214003367323047     
   7.2000000000000011        10.800000000000001       -5.0876728169471717     
   9.0000000000000000        10.800000000000001       -5.0449832325108810     
   10.800000000000001        10.800000000000001       -4.9937252014408315     
   12.600000000000001        10.800000000000001       -4.9344878021044121     
   14.400000000000002        10.800000000000001       -4.8677856286211227     
   16.200000000000003        10.800000000000001       -4.7943183588387219     
   18.000000000000000        10.800000000000001       -4.7147122982963836     
   19.799999999999997        10.800000000000001       -4.6295567075391739     
   21.600000000000001        10.800000000000001       -4.5396668418045110     
   23.400000000000002        10.800000000000001       -4.4455830521719761     
   25.200000000000003        10.800000000000001       -4.3479516416681951     
   27.000000000000000        10.800000000000001       -4.2474797395781962     
   28.800000000000004        10.800000000000001       -4.1446425422070812     
   30.600000000000005        10.800000000000001       -4.0400550352368620     
   32.400000000000006        10.800000000000001       -3.9342659914366709     
   34.199999999999996        10.800000000000001       -3.8277621920960843     
   36.000000000000000        10.800000000000001       -3.7210113911635117     
   37.800000000000004        10.800000000000001       -3.6144838682092497     
   39.599999999999994        10.800000000000001       -3.5086418429695065     
   41.399999999999999        10.800000000000001       -3.4039321104906506     
   43.200000000000003        10.800000000000001       -3.3007467995343065     
   45.000000000000000        10.800000000000001       -3.1995629023270706     
   46.800000000000004        10.800000000000001       -3.1007152583564790     
   48.599999999999994        10.800000000000001       -3.0046604796376863     
   50.400000000000006        10.800000000000001       -2.9117427849975375     
   52.200000000000003        10.800000000000001       -2.8223231885565001     
   54.000000000000000        10.800000000000001       -2.7367925510612743     
   55.799999999999997        10.800000000000001       -2.6554191624553791     
   57.600000000000009        10.800000000000001       -2.5785117822474479     
   59.400000000000013        10.800000000000001       -2.5063189903957102     
   61.200000000000010        10.800000000000001       -2.4390501781435856     
   63.000000000000000        10.800000000000001       -2.3768872397418517     
   64.800000000000011        10.800000000000001       -2.3199673065183202     
   66.600000000000009        10.800000000000001       -2.2683813774413895     
   68.399999999999991        10.800000000000001       -2.2221749606446979     
   70.200000000000003        10.800000000000001       -2.1813667013298015     
   72.000000000000000        10.800000000000001       -2.1459497077630565     
   73.799999999999997        10.800000000000001       -2.1158278256680263     
   75.600000000000009        10.800000000000001       -2.0909481789116882     
   77.399999999999991        10.800000000000001       -2.0711763081857923     
   79.199999999999989        10.800000000000001       -2.0563638884485362     
   81.000000000000000        10.800000000000001       -2.0463346855972868     
   82.799999999999997        10.800000000000001       -2.0409140938884787     
   84.599999999999994        10.800000000000001       -2.0398744496547070     
   86.400000000000006        10.800000000000001       -2.0429921995560525     
   88.200000000000003        10.800000000000001       -2.0500331464389006     
   90.000000000000000        10.800000000000001       -2.0607203538306420     
   91.799999999999997        10.800000000000001       -2.0747884111178170     
   93.600000000000009        10.800000000000001       -2.0919625416430527     
   95.400000000000006        10.800000000000001       -2.1119428617185290     
   97.199999999999989        10.800000000000001       -2.1344406990540454     
   99.000000000000014        10.800000000000001       -2.1591706972030869     
   100.80000000000001        10.800000000000001       -2.1858355035399017     
   102.59999999999999        10.800000000000001       -2.2141668641139489     
   104.40000000000001        10.800000000000001       -2.2438963755579837     
   106.19999999999999        10.800000000000001       -2.2747808989877840     
   108.00000000000000        10.800000000000001       -2.3065977759141183     
   109.80000000000000        10.800000000000001       -2.3391600937921537     
   111.59999999999999        10.800000000000001       -2.3722958109028487     
   113.40000000000001        10.800000000000001       -2.4058724100479632     
   115.20000000000002        10.800000000000001       -2.4397890656686800     
   117.00000000000000        10.800000000000001       -2.4739676738470804     
   118.80000000000003        10.800000000000001       -2.5083589012770844     
   120.60000000000001        10.800000000000001       -2.5429339116508163     
   122.40000000000002        10.800000000000001       -2.5776837638470198     
   124.20000000000000        10.800000000000001       -2.6126014357335001     
   126.00000000000000        10.800000000000001       -2.6476862025425922     
   127.80000000000001        10.800000000000001       -2.6829350349220182     
   129.60000000000002        10.800000000000001       -2.7183264210852536     
   131.40000000000001        10.800000000000001       -2.7538318424627923     
   133.20000000000002        10.800000000000001       -2.7893974520322322     
   135.00000000000000        10.800000000000001       -2.8249345235823449     
   136.79999999999998        10.800000000000001       -2.8603497233905673     
   138.59999999999999        10.800000000000001       -2.8954995320912862     
   140.40000000000001        10.800000000000001       -2.9302335197587670     
   142.20000000000002        10.800000000000001       -2.9643733046819989     
   144.00000000000000        10.800000000000001       -2.9977272384615863     
   145.79999999999998        10.800000000000001       -3.0301003980319239     
   147.59999999999999        10.800000000000001       -3.0612903579515165     
   149.40000000000003        10.800000000000001       -3.0911011973205094     
   151.20000000000002        10.800000000000001       -3.1193546456759695     
   153.00000000000000        10.800000000000001       -3.1458942990147380     
   154.79999999999998        10.800000000000001       -3.1705805386434109     
   156.59999999999997        10.800000000000001       -3.1933231050964035     
   158.39999999999998        10.800000000000001       -3.2140494155184447     
   160.20000000000002        10.800000000000001       -3.2327273608768410     
   162.00000000000000        10.800000000000001       -3.2493771098956841     
   163.79999999999998        10.800000000000001       -3.2640035716594014     
   165.59999999999999        10.800000000000001       -3.2766971769302820     
   167.40000000000001        10.800000000000001       -3.2875412368752093     
   169.19999999999999        10.800000000000001       -3.2966261593652595     
   171.00000000000000        10.800000000000001       -3.3040752402342468     
   172.80000000000001        10.800000000000001       -3.3099801045753598     
   174.59999999999999        10.800000000000001       -3.3144622132036985     
   176.40000000000001        10.800000000000001       -3.3175861932368234     
   178.20000000000002        10.800000000000001       -3.3205033576829037     
   180.00000000000000        10.800000000000001       -3.3200480749996268     
   0.0000000000000000        10.879999999999999       -4.9136463030146489     
   1.8000000000000003        10.879999999999999       -4.9090407174279926     
   3.6000000000000005        10.879999999999999       -4.8952268107335453     
   5.4000000000000004        10.879999999999999       -4.8724053664088887     
   7.2000000000000011        10.879999999999999       -4.8407742343725930     
   9.0000000000000000        10.879999999999999       -4.8007216405220721     
   10.800000000000001        10.879999999999999       -4.7526078423606046     
   12.600000000000001        10.879999999999999       -4.6969721321616049     
   14.400000000000002        10.879999999999999       -4.6342868259971510     
   16.200000000000003        10.879999999999999       -4.5651945315265934     
   18.000000000000000        10.879999999999999       -4.4902723189341804     
   19.799999999999997        10.879999999999999       -4.4100647582141610     
   21.600000000000001        10.879999999999999       -4.3253256386255297     
   23.400000000000002        10.879999999999999       -4.2365584309806552     
   25.200000000000003        10.879999999999999       -4.1443657989807940     
   27.000000000000000        10.879999999999999       -4.0494089633677444     
   28.800000000000004        10.879999999999999       -3.9521370067625190     
   30.600000000000005        10.879999999999999       -3.8531301543186847     
   32.400000000000006        10.879999999999999       -3.7529093730911502     
   34.199999999999996        10.879999999999999       -3.6519395769137999     
   36.000000000000000        10.879999999999999       -3.5506690946391481     
   37.800000000000004        10.879999999999999       -3.4495495379871333     
   39.599999999999994        10.879999999999999       -3.3490256750531100     
   41.399999999999999        10.879999999999999       -3.2495281752896443     
   43.200000000000003        10.879999999999999       -3.1514361884658788     
   45.000000000000000        10.879999999999999       -3.0552086330631369     
   46.800000000000004        10.879999999999999       -2.9611697874678189     
   48.599999999999994        10.879999999999999       -2.8697584275131161     
   50.400000000000006        10.879999999999999       -2.7813064472831179     
   52.200000000000003        10.879999999999999       -2.6961610289647457     
   54.000000000000000        10.879999999999999       -2.6146972566068563     
   55.799999999999997        10.879999999999999       -2.5371735921045890     
   57.600000000000009        10.879999999999999       -2.4638866873458602     
   59.400000000000013        10.879999999999999       -2.3950759955198295     
   61.200000000000010        10.879999999999999       -2.3309437806746920     
   63.000000000000000        10.879999999999999       -2.2716663153370855     
   64.800000000000011        10.879999999999999       -2.2173775038824615     
   66.600000000000009        10.879999999999999       -2.1681675593618506     
   68.399999999999991        10.879999999999999       -2.1240835504179918     
   70.200000000000003        10.879999999999999       -2.0851470738319979     
   72.000000000000000        10.879999999999999       -2.0513554482380525     
   73.799999999999997        10.879999999999999       -2.0226207245738332     
   75.600000000000009        10.879999999999999       -1.9988961218111212     
   77.399999999999991        10.879999999999999       -1.9800566636620054     
   79.199999999999989        10.879999999999999       -1.9659637494068662     
   81.000000000000000        10.879999999999999       -1.9564516621758119     
   82.799999999999997        10.879999999999999       -1.9513558317678148     
   84.599999999999994        10.879999999999999       -1.9504604259504092     
   86.400000000000006        10.879999999999999       -1.9535531436730316     
   88.200000000000003        10.879999999999999       -1.9604111378591134     
   90.000000000000000        10.879999999999999       -1.9707702396295614     
   91.799999999999997        10.879999999999999       -1.9843770925402033     
   93.600000000000009        10.879999999999999       -2.0009691536162522     
   95.400000000000006        10.879999999999999       -2.0202595642723904     
   97.199999999999989        10.879999999999999       -2.0419720524236959     
   99.000000000000014        10.879999999999999       -2.0658333220118306     
   100.80000000000001        10.879999999999999       -2.0915582254572178     
   102.59999999999999        10.879999999999999       -2.1188892468699647     
   104.40000000000001        10.879999999999999       -2.1475682103655762     
   106.19999999999999        10.879999999999999       -2.1773606502894904     
   108.00000000000000        10.879999999999999       -2.2080510948590972     
   109.80000000000000        10.879999999999999       -2.2394576671610378     
   111.59999999999999        10.879999999999999       -2.2714119614261796     
   113.40000000000001        10.879999999999999       -2.3037827628616001     
   115.20000000000002        10.879999999999999       -2.3364684893574372     
   117.00000000000000        10.879999999999999       -2.3693888108599048     
   118.80000000000003        10.879999999999999       -2.4024905185639081     
   120.60000000000001        10.879999999999999       -2.4357398299350237     
   122.40000000000002        10.879999999999999       -2.4691218342090773     
   124.20000000000000        10.879999999999999       -2.5026240094685548     
   126.00000000000000        10.879999999999999       -2.5362402402759656     
   127.80000000000001        10.879999999999999       -2.5699628478229135     
   129.60000000000002        10.879999999999999       -2.6037678651386473     
   131.40000000000001        10.879999999999999       -2.6376252764405410     
   133.20000000000002        10.879999999999999       -2.6714823605815807     
   135.00000000000000        10.879999999999999       -2.7052550968092568     
   136.79999999999998        10.879999999999999       -2.7388551548377293     
   138.59999999999999        10.879999999999999       -2.7721491751862000     
   140.40000000000001        10.879999999999999       -2.8049973946146505     
   142.20000000000002        10.879999999999999       -2.8372350310060592     
   144.00000000000000        10.879999999999999       -2.8686855355295746     
   145.79999999999998        10.879999999999999       -2.8991693915514558     
   147.59999999999999        10.879999999999999       -2.9285008813508937     
   149.40000000000003        10.879999999999999       -2.9565010632521327     
   151.20000000000002        10.879999999999999       -2.9830072784795627     
   153.00000000000000        10.879999999999999       -3.0078777441907629     
   154.79999999999998        10.879999999999999       -3.0309856029435789     
   156.59999999999997        10.879999999999999       -3.0522516966107669     
   158.39999999999998        10.879999999999999       -3.0716120168494414     
   160.20000000000002        10.879999999999999       -3.0890407592212417     
   162.00000000000000        10.879999999999999       -3.1045613046210230     
   163.79999999999998        10.879999999999999       -3.1181812296461575     
   165.59999999999999        10.879999999999999       -3.1299894160414437     
   167.40000000000001        10.879999999999999       -3.1400670004329361     
   169.19999999999999        10.879999999999999       -3.1485013483127413     
   171.00000000000000        10.879999999999999       -3.1554107275728502     
   172.80000000000001        10.879999999999999       -3.1608828707989618     
   174.59999999999999        10.879999999999999       -3.1650336526648726     
   176.40000000000001        10.879999999999999       -3.1679247148884193     
   178.20000000000002        10.879999999999999       -3.1706322129467872     
   180.00000000000000        10.879999999999999       -3.1702020707046077     
   0.0000000000000000        10.960000000000001       -4.6753024992981587     
   1.8000000000000003        10.960000000000001       -4.6709833822863942     
   3.6000000000000005        10.960000000000001       -4.6580287508249762     
   5.4000000000000004        10.960000000000001       -4.6366217413924184     
   7.2000000000000011        10.960000000000001       -4.6069431596648052     
   9.0000000000000000        10.960000000000001       -4.5693476235475874     
   10.800000000000001        10.960000000000001       -4.5241648574177518     
   12.600000000000001        10.960000000000001       -4.4718885803430997     
   14.400000000000002        10.960000000000001       -4.4129523532021402     
   16.200000000000003        10.960000000000001       -4.3479464492911637     
   18.000000000000000        10.960000000000001       -4.2774027024819903     
   19.799999999999997        10.960000000000001       -4.2018245427773708     
   21.600000000000001        10.960000000000001       -4.1219091577949358     
   23.400000000000002        10.960000000000001       -4.0381258612719879     
   25.200000000000003        10.960000000000001       -3.9510368729504428     
   27.000000000000000        10.960000000000001       -3.8612607619148296     
   28.800000000000004        10.960000000000001       -3.7692220705099677     
   30.600000000000005        10.960000000000001       -3.6754684240723665     
   32.400000000000006        10.960000000000001       -3.5804944940679229     
   34.199999999999996        10.960000000000001       -3.4847443022444424     
   36.000000000000000        10.960000000000001       -3.3886474824204385     
   37.800000000000004        10.960000000000001       -3.2926375994139643     
   39.599999999999994        10.960000000000001       -3.1971424624131810     
   41.399999999999999        10.960000000000001       -3.1025769938650858     
   43.200000000000003        10.960000000000001       -3.0093075434422483     
   45.000000000000000        10.960000000000001       -2.9177754704282801     
   46.800000000000004        10.960000000000001       -2.8282945767352792     
   48.599999999999994        10.960000000000001       -2.7412863648389325     
   50.400000000000006        10.960000000000001       -2.6570706843209990     
   52.200000000000003        10.960000000000001       -2.5759812994684768     
   54.000000000000000        10.960000000000001       -2.4983780730668532     
   55.799999999999997        10.960000000000001       -2.4245098971071735     
   57.600000000000009        10.960000000000001       -2.3546617200369018     
   59.400000000000013        10.960000000000001       -2.2890641227251294     
   61.200000000000010        10.960000000000001       -2.2279123941861396     
   63.000000000000000        10.960000000000001       -2.1713772550235260     
   64.800000000000011        10.960000000000001       -2.1195893211232284     
   66.600000000000009        10.960000000000001       -2.0726378258718476     
   68.399999999999991        10.960000000000001       -2.0305710818149438     
   70.200000000000003        10.960000000000001       -1.9934132505370215     
   72.000000000000000        10.960000000000001       -1.9611654161407419     
   73.799999999999997        10.960000000000001       -1.9337472154068922     
   75.600000000000009        10.960000000000001       -1.9111174605974068     
   77.399999999999991        10.960000000000001       -1.8931600291899169     
   79.199999999999989        10.960000000000001       -1.8797454401606566     
   81.000000000000000        10.960000000000001       -1.8707178933808422     
   82.799999999999997        10.960000000000001       -1.8659223136670464     
   84.599999999999994        10.960000000000001       -1.8651541231019775     
   86.400000000000006        10.960000000000001       -1.8682117565674239     
   88.200000000000003        10.960000000000001       -1.8748832277480241     
   90.000000000000000        10.960000000000001       -1.8849166132896817     
   91.799999999999997        10.960000000000001       -1.8980701375237174     
   93.600000000000009        10.960000000000001       -1.9140930241674226     
   95.400000000000006        10.960000000000001       -1.9327109490137448     
   97.199999999999989        10.960000000000001       -1.9536595815849183     
   99.000000000000014        10.960000000000001       -1.9766772476096106     
   100.80000000000001        10.960000000000001       -2.0014905651883490     
   102.59999999999999        10.960000000000001       -2.0278523890482485     
   104.40000000000001        10.960000000000001       -2.0555144362337607     
   106.19999999999999        10.960000000000001       -2.0842506630201383     
   108.00000000000000        10.960000000000001       -2.1138526158515618     
   109.80000000000000        10.960000000000001       -2.1441434069011458     
   111.59999999999999        10.960000000000001       -2.1749582964399861     
   113.40000000000001        10.960000000000001       -2.2061675326946690     
   115.20000000000002        10.960000000000001       -2.2376690541837814     
   117.00000000000000        10.960000000000001       -2.2693806529134721     
   118.80000000000003        10.960000000000001       -2.3012456781094595     
   120.60000000000001        10.960000000000001       -2.3332258793369256     
   122.40000000000002        10.960000000000001       -2.3653009013892237     
   124.20000000000000        10.960000000000001       -2.3974531826789631     
   126.00000000000000        10.960000000000001       -2.4296716497709783     
   127.80000000000001        10.960000000000001       -2.4619443379596673     
   129.60000000000002        10.960000000000001       -2.4942450147838158     
   131.40000000000001        10.960000000000001       -2.5265422882332094     
   133.20000000000002        10.960000000000001       -2.5587844931752390     
   135.00000000000000        10.960000000000001       -2.5908919865978750     
   136.79999999999998        10.960000000000001       -2.6227811153083906     
   138.59999999999999        10.960000000000001       -2.6543279803230191     
   140.40000000000001        10.960000000000001       -2.6854027745520090     
   142.20000000000002        10.960000000000001       -2.7158534016875837     
   144.00000000000000        10.960000000000001       -2.7455174007374596     
   145.79999999999998        10.960000000000001       -2.7742296453573396     
   147.59999999999999        10.960000000000001       -2.8018200100492758     
   149.40000000000003        10.960000000000001       -2.8281253764113954     
   151.20000000000002        10.960000000000001       -2.8529976368957222     
   153.00000000000000        10.960000000000001       -2.8763086031349157     
   154.79999999999998        10.960000000000001       -2.8979433013205336     
   156.59999999999997        10.960000000000001       -2.9178327875994010     
   158.39999999999998        10.960000000000001       -2.9359209550176737     
   160.20000000000002        10.960000000000001       -2.9521877196878434     
   162.00000000000000        10.960000000000001       -2.9666592181831852     
   163.79999999999998        10.960000000000001       -2.9793453640927821     
   165.59999999999999        10.960000000000001       -2.9903332681885693     
   167.40000000000001        10.960000000000001       -2.9997017685270633     
   169.19999999999999        10.960000000000001       -3.0075351298831183     
   171.00000000000000        10.960000000000001       -3.0139466132922905     
   172.80000000000001        10.960000000000001       -3.0190200886642886     
   174.59999999999999        10.960000000000001       -3.0228659346014473     
   176.40000000000001        10.960000000000001       -3.0255428534945397     
   178.20000000000002        10.960000000000001       -3.0280571749061300     
   180.00000000000000        10.960000000000001       -3.0276506665472529     
   0.0000000000000000        11.039999999999999       -4.4526977629352906     
   1.8000000000000003        11.039999999999999       -4.4486405703011833     
   3.6000000000000005        11.039999999999999       -4.4364715891268780     
   5.4000000000000004        11.039999999999999       -4.4163582105653081     
   7.2000000000000011        11.039999999999999       -4.3884660142349610     
   9.0000000000000000        11.039999999999999       -4.3531196038805868     
   10.800000000000001        11.039999999999999       -4.3106213999344973     
   12.600000000000001        11.039999999999999       -4.2614243602063917     
   14.400000000000002        11.039999999999999       -4.2059273172399969     
   16.200000000000003        11.039999999999999       -4.1446736244523601     
   18.000000000000000        11.039999999999999       -4.0781544564657040     
   19.799999999999997        11.039999999999999       -4.0068361716698782     
   21.600000000000001        11.039999999999999       -3.9313649309292753     
   23.400000000000002        11.039999999999999       -3.8521790235685329     
   25.200000000000003        11.039999999999999       -3.7698039029276278     
   27.000000000000000        11.039999999999999       -3.6848192415623653     
   28.800000000000004        11.039999999999999       -3.5976268742886321     
   30.600000000000005        11.039999999999999       -3.5087443383045156     
   32.400000000000006        11.039999999999999       -3.4186417816032075     
   34.199999999999996        11.039999999999999       -3.3277434970659221     
   36.000000000000000        11.039999999999999       -3.2364613087992691     
   37.800000000000004        11.039999999999999       -3.1452114981051893     
   39.599999999999994        11.039999999999999       -3.0544055338317850     
   41.399999999999999        11.039999999999999       -2.9644430799609260     
   43.200000000000003        11.039999999999999       -2.8756779430128852     
   45.000000000000000        11.039999999999999       -2.7885345690697512     
   46.800000000000004        11.039999999999999       -2.7033164270844208     
   48.599999999999994        11.039999999999999       -2.6204284439084362     
   50.400000000000006        11.039999999999999       -2.5401787892748282     
   52.200000000000003        11.039999999999999       -2.4628883267424575     
   54.000000000000000        11.039999999999999       -2.3889023778336407     
   55.799999999999997        11.039999999999999       -2.3184605930952693     
   57.600000000000009        11.039999999999999       -2.2518367152211956     
   59.400000000000013        11.039999999999999       -2.1892527731370519     
   61.200000000000010        11.039999999999999       -2.1308972800081709     
   63.000000000000000        11.039999999999999       -2.0769355064319157     
   64.800000000000011        11.039999999999999       -2.0274947269212702     
   66.600000000000009        11.039999999999999       -1.9826629863057050     
   68.399999999999991        11.039999999999999       -1.9424894867391653     
   70.200000000000003        11.039999999999999       -1.9070005167218049     
   72.000000000000000        11.039999999999999       -1.8762004180708787     
   73.799999999999997        11.039999999999999       -1.8500156965847991     
   75.600000000000009        11.039999999999999       -1.8284101780710471     
   77.399999999999991        11.039999999999999       -1.8112758591661458     
   79.199999999999989        11.039999999999999       -1.7984916692460273     
   81.000000000000000        11.039999999999999       -1.7899110162310443     
   82.799999999999997        11.039999999999999       -1.7853876784592295     
   84.599999999999994        11.039999999999999       -1.7847276428690959     
   86.400000000000006        11.039999999999999       -1.7877394595427323     
   88.200000000000003        11.039999999999999       -1.7942214111927939     
   90.000000000000000        11.039999999999999       -1.8039331866854824     
   91.799999999999997        11.039999999999999       -1.8166440141355926     
   93.600000000000009        11.039999999999999       -1.8321143134556412     
   95.400000000000006        11.039999999999999       -1.8500816958276423     
   97.199999999999989        11.039999999999999       -1.8702932116752218     
   99.000000000000014        11.039999999999999       -1.8924982718961232     
   100.80000000000001        11.039999999999999       -1.9164347239404902     
   102.59999999999999        11.039999999999999       -1.9418653425292203     
   104.40000000000001        11.039999999999999       -1.9685513275095319     
   106.19999999999999        11.039999999999999       -1.9962747464930084     
   108.00000000000000        11.039999999999999       -2.0248339530300701     
   109.80000000000000        11.039999999999999       -2.0540569818400245     
   111.59999999999999        11.039999999999999       -2.0837827862766605     
   113.40000000000001        11.039999999999999       -2.1138832596651111     
   115.20000000000002        11.039999999999999       -2.1442561824309232     
   117.00000000000000        11.039999999999999       -2.1748178769385622     
   118.80000000000003        11.039999999999999       -2.2055087613757243     
   120.60000000000001        11.039999999999999       -2.2362866838543480     
   122.40000000000002        11.039999999999999       -2.2671264684261487     
   124.20000000000000        11.039999999999999       -2.2980060644858877     
   126.00000000000000        11.039999999999999       -2.3289099605338470     
   127.80000000000001        11.039999999999999       -2.3598223461139458     
   129.60000000000002        11.039999999999999       -2.3907149605243667     
   131.40000000000001        11.039999999999999       -2.4215551915137659     
   133.20000000000002        11.039999999999999       -2.4522923613184084     
   135.00000000000000        11.039999999999999       -2.4828508316954845     
   136.79999999999998        11.039999999999999       -2.5131512522762978     
   138.59999999999999        11.039999999999999       -2.5430783695400412     
   140.40000000000001        11.039999999999999       -2.5725115006502874     
   142.20000000000002        11.039999999999999       -2.6013101609310585     
   144.00000000000000        11.039999999999999       -2.6293247845236363     
   145.79999999999998        11.039999999999999       -2.6564034340705591     
   147.59999999999999        11.039999999999999       -2.6823902558580310     
   149.40000000000003        11.039999999999999       -2.7071365859622536     
   151.20000000000002        11.039999999999999       -2.7305076106939512     
   153.00000000000000        11.039999999999999       -2.7523875201740364     
   154.79999999999998        11.039999999999999       -2.7726721823372973     
   156.59999999999997        11.039999999999999       -2.7913018239856706     
   158.39999999999998        11.039999999999999       -2.8082274463787629     
   160.20000000000002        11.039999999999999       -2.8234340044766864     
   162.00000000000000        11.039999999999999       -2.8369498682890648     
   163.79999999999998        11.039999999999999       -2.8487869081781878     
   165.59999999999999        11.039999999999999       -2.8590302299655028     
   167.40000000000001        11.039999999999999       -2.8677562512364099     
   169.19999999999999        11.039999999999999       -2.8750460921873273     
   171.00000000000000        11.039999999999999       -2.8810080636240594     
   172.80000000000001        11.039999999999999       -2.8857222317820983     
   174.59999999999999        11.039999999999999       -2.8892936156717788     
   176.40000000000001        11.039999999999999       -2.8917780493224527     
   178.20000000000002        11.039999999999999       -2.8941182211149106     
   180.00000000000000        11.039999999999999       -2.8937335937601736     
   0.0000000000000000        11.120000000000001       -4.2426913110867766     
   1.8000000000000003        11.120000000000001       -4.2388767384912889     
   3.6000000000000005        11.120000000000001       -4.2274355007721471     
   5.4000000000000004        11.120000000000001       -4.2085207205208857     
   7.2000000000000011        11.120000000000001       -4.1822841639459840     
   9.0000000000000000        11.120000000000001       -4.1490232125392739     
   10.800000000000001        11.120000000000001       -4.1090154928141676     
   12.600000000000001        11.120000000000001       -4.0626769419388991     
   14.400000000000002        11.120000000000001       -4.0103747970203729     
   16.200000000000003        11.120000000000001       -3.9526097050066533     
   18.000000000000000        11.120000000000001       -3.8898357471769427     
   19.799999999999997        11.120000000000001       -3.8224853837894242     
   21.600000000000001        11.120000000000001       -3.7511580985173367     
   23.400000000000002        11.120000000000001       -3.6762636101939163     
   25.200000000000003        11.120000000000001       -3.5982934879560187     
   27.000000000000000        11.120000000000001       -3.5177914564794897     
   28.800000000000004        11.120000000000001       -3.4351380977237413     
   30.600000000000005        11.120000000000001       -3.3508228500257666     
   32.400000000000006        11.120000000000001       -3.2652927552495119     
   34.199999999999996        11.120000000000001       -3.1789533230122711     
   36.000000000000000        11.120000000000001       -3.0921992992027714     
   37.800000000000004        11.120000000000001       -3.0054303205615516     
   39.599999999999994        11.120000000000001       -2.9190420433217321     
   41.399999999999999        11.120000000000001       -2.8334192999122525     
   43.200000000000003        11.120000000000001       -2.7489035975950804     
   45.000000000000000        11.120000000000001       -2.6659030203083773     
   46.800000000000004        11.120000000000001       -2.5847108548488347     
   48.599999999999994        11.120000000000001       -2.5057160407753094     
   50.400000000000006        11.120000000000001       -2.4292153886788599     
   52.200000000000003        11.120000000000001       -2.3555173003764351     
   54.000000000000000        11.120000000000001       -2.2849531227692190     
   55.799999999999997        11.120000000000001       -2.2177535482684232     
   57.600000000000009        11.120000000000001       -2.1541815307031920     
   59.400000000000013        11.120000000000001       -2.0944508208488517     
   61.200000000000010        11.120000000000001       -2.0387433319751644     
   63.000000000000000        11.120000000000001       -1.9872189823696103     
   64.800000000000011        11.120000000000001       -1.9400016785684036     
   66.600000000000009        11.120000000000001       -1.8971781248306752     
   68.399999999999991        11.120000000000001       -1.8587981436868601     
   70.200000000000003        11.120000000000001       -1.8248898135133376     
   72.000000000000000        11.120000000000001       -1.7954603396396045     
   73.799999999999997        11.120000000000001       -1.7704425320134491     
   75.600000000000009        11.120000000000001       -1.7498047740851488     
   77.399999999999991        11.120000000000001       -1.7334465976189934     
   79.199999999999989        11.120000000000001       -1.7212547757092462     
   81.000000000000000        11.120000000000001       -1.7130913546910187     
   82.799999999999997        11.120000000000001       -1.7088184479667343     
   84.599999999999994        11.120000000000001       -1.7082520464296571     
   86.400000000000006        11.120000000000001       -1.7112103073385989     
   88.200000000000003        11.120000000000001       -1.7175012953863267     
   90.000000000000000        11.120000000000001       -1.7268957887911047     
   91.799999999999997        11.120000000000001       -1.7391735409749767     
   93.600000000000009        11.120000000000001       -1.7541056939341664     
   95.400000000000006        11.120000000000001       -1.7714412967834858     
   97.199999999999989        11.120000000000001       -1.7909383144797113     
   99.000000000000014        11.120000000000001       -1.8123567964681482     
   100.80000000000001        11.120000000000001       -1.8354453740277235     
   102.59999999999999        11.120000000000001       -1.8599763659327688     
   104.40000000000001        11.120000000000001       -1.8857201126811913     
   106.19999999999999        11.120000000000001       -1.9124665320450192     
   108.00000000000000        11.120000000000001       -1.9400206047371484     
   109.80000000000000        11.120000000000001       -1.9682152247688789     
   111.59999999999999        11.120000000000001       -1.9968930528384776     
   113.40000000000001        11.120000000000001       -2.0259277669450442     
   115.20000000000002        11.120000000000001       -2.0552172420304413     
   117.00000000000000        11.120000000000001       -2.0846766557406378     
   118.80000000000003        11.120000000000001       -2.1142439040392911     
   120.60000000000001        11.120000000000001       -2.1438733889959232     
   122.40000000000002        11.120000000000001       -2.1735356167711242     
   124.20000000000000        11.120000000000001       -2.2032044948176761     
   126.00000000000000        11.120000000000001       -2.2328604972611905     
   127.80000000000001        11.120000000000001       -2.2624843288861567     
   129.60000000000002        11.120000000000001       -2.2920459006340566     
   131.40000000000001        11.120000000000001       -2.3215115145188867     
   133.20000000000002        11.120000000000001       -2.3508314348139918     
   135.00000000000000        11.120000000000001       -2.3799337384956947     
   136.79999999999998        11.120000000000001       -2.4087430851577394     
   138.59999999999999        11.120000000000001       -2.4371522198659266     
   140.40000000000001        11.120000000000001       -2.4650489207975355     
   142.20000000000002        11.120000000000001       -2.4923034555021735     
   144.00000000000000        11.120000000000001       -2.5187781965946767     
   145.79999999999998        11.120000000000001       -2.5443334296088653     
   147.59999999999999        11.120000000000001       -2.5688265096597269     
   149.40000000000003        11.120000000000001       -2.5921221253006972     
   151.20000000000002        11.120000000000001       -2.6140977432418264     
   153.00000000000000        11.120000000000001       -2.6346489532400823     
   154.79999999999998        11.120000000000001       -2.6536816243878429     
   156.59999999999997        11.120000000000001       -2.6711443199337386     
   158.39999999999998        11.120000000000001       -2.6869945143647445     
   160.20000000000002        11.120000000000001       -2.7012216610581712     
   162.00000000000000        11.120000000000001       -2.7138559580913140     
   163.79999999999998        11.120000000000001       -2.7249109357396724     
   165.59999999999999        11.120000000000001       -2.7344695298121953     
   167.40000000000001        11.120000000000001       -2.7426056593557000     
   169.19999999999999        11.120000000000001       -2.7493972848652288     
   171.00000000000000        11.120000000000001       -2.7549478377284249     
   172.80000000000001        11.120000000000001       -2.7593336468287299     
   174.59999999999999        11.120000000000001       -2.7626545051036144     
   176.40000000000001        11.120000000000001       -2.7649634483438561     
   178.20000000000002        11.120000000000001       -2.7671444071294236     
   180.00000000000000        11.120000000000001       -2.7667802706274145     
   0.0000000000000000        11.199999999999999       -4.0440608075054900     
   1.8000000000000003        11.199999999999999       -4.0404716974130164     
   3.6000000000000005        11.199999999999999       -4.0297067361795600     
   5.4000000000000004        11.199999999999999       -4.0119060749353483     
   7.2000000000000011        11.199999999999999       -3.9872089078553161     
   9.0000000000000000        11.199999999999999       -3.9558878473135310     
   10.800000000000001        11.199999999999999       -3.9181979325175402     
   12.600000000000001        11.199999999999999       -3.8745213687039839     
   14.400000000000002        11.199999999999999       -3.8251965540807826     
   16.200000000000003        11.199999999999999       -3.7706851371488654     
   18.000000000000000        11.199999999999999       -3.7114072474561888     
   19.799999999999997        11.199999999999999       -3.6477642462070685     
   21.600000000000001        11.199999999999999       -3.5803127770729617     
   23.400000000000002        11.199999999999999       -3.5094361613109619     
   25.200000000000003        11.199999999999999       -3.4355946371884776     
   27.000000000000000        11.199999999999999       -3.3592985983374297     
   28.800000000000004        11.199999999999999       -3.2809086775443363     
   30.600000000000005        11.199999999999999       -3.2008879936290335     
   32.400000000000006        11.199999999999999       -3.1196617612841240     
   34.199999999999996        11.199999999999999       -3.0376175723799790     
   36.000000000000000        11.199999999999999       -2.9551337734373222     
   37.800000000000004        11.199999999999999       -2.8725939559705558     
   39.599999999999994        11.199999999999999       -2.7903784662363544     
   41.399999999999999        11.199999999999999       -2.7088577193133005     
   43.200000000000003        11.199999999999999       -2.6283611740130355     
   45.000000000000000        11.199999999999999       -2.5492810768694372     
   46.800000000000004        11.199999999999999       -2.4719006973783704     
   48.599999999999994        11.199999999999999       -2.3965935428320915     
   50.400000000000006        11.199999999999999       -2.3236453772135572     
   52.200000000000003        11.199999999999999       -2.2533525568705786     
   54.000000000000000        11.199999999999999       -2.1860329834618240     
   55.799999999999997        11.199999999999999       -2.1219086632459385     
   57.600000000000009        11.199999999999999       -2.0612321522856485     
   59.400000000000013        11.199999999999999       -2.0042091841746932     
   61.200000000000010        11.199999999999999       -1.9510152442682029     
   63.000000000000000        11.199999999999999       -1.9018049995726578     
   64.800000000000011        11.199999999999999       -1.8566989771654863     
   66.600000000000009        11.199999999999999       -1.8157824156337656     
   68.399999999999991        11.199999999999999       -1.7791055263219799     
   70.200000000000003        11.199999999999999       -1.7466978840235678     
   72.000000000000000        11.199999999999999       -1.7185692115612798     
   73.799999999999997        11.199999999999999       -1.6946581203058126     
   75.600000000000009        11.199999999999999       -1.6749371464397975     
   77.399999999999991        11.199999999999999       -1.6593128329513380     
   79.199999999999989        11.199999999999999       -1.6476792861117615     
   81.000000000000000        11.199999999999999       -1.6399066747318785     
   82.799999999999997        11.199999999999999       -1.6358649754803243     
   84.599999999999994        11.199999999999999       -1.6353796698418983     
   86.400000000000006        11.199999999999999       -1.6382780549349290     
   88.200000000000003        11.199999999999999       -1.6443775272721417     
   90.000000000000000        11.199999999999999       -1.6534594698668821     
   91.799999999999997        11.199999999999999       -1.6653137164353633     
   93.600000000000009        11.199999999999999       -1.6797216893141678     
   95.400000000000006        11.199999999999999       -1.6964434122667127     
   97.199999999999989        11.199999999999999       -1.7152473299176398     
   99.000000000000014        11.199999999999999       -1.7359037135758424     
   100.80000000000001        11.199999999999999       -1.7581715632829120     
   102.59999999999999        11.199999999999999       -1.7818323903864381     
   104.40000000000001        11.199999999999999       -1.8066653560534216     
   106.19999999999999        11.199999999999999       -1.8324679823101977     
   108.00000000000000        11.199999999999999       -1.8590517056320790     
   109.80000000000000        11.199999999999999       -1.8862542139474949     
   111.59999999999999        11.199999999999999       -1.9139218817916637     
   113.40000000000001        11.199999999999999       -1.9419302923156805     
   115.20000000000002        11.199999999999999       -1.9701776386314733     
   117.00000000000000        11.199999999999999       -1.9985782445489337     
   118.80000000000003        11.199999999999999       -2.0270678516771277     
   120.60000000000001        11.199999999999999       -2.0555978275748199     
   122.40000000000002        11.199999999999999       -2.0841348160440627     
   124.20000000000000        11.199999999999999       -2.1126490898839703     
   126.00000000000000        11.199999999999999       -2.1411174959627153     
   127.80000000000001        11.199999999999999       -2.1695175857713447     
   129.60000000000002        11.199999999999999       -2.1978176291027784     
   131.40000000000001        11.199999999999999       -2.2259829702416791     
   133.20000000000002        11.199999999999999       -2.2539647813530803     
   135.00000000000000        11.199999999999999       -2.2816945998862517     
   136.79999999999998        11.199999999999999       -2.3091008359123735     
   138.59999999999999        11.199999999999999       -2.3360836536421052     
   140.40000000000001        11.199999999999999       -2.3625386959012245     
   142.20000000000002        11.199999999999999       -2.3883462076595596     
   144.00000000000000        11.199999999999999       -2.4133796358104482     
   145.79999999999998        11.199999999999999       -2.4375106141816638     
   147.59999999999999        11.199999999999999       -2.4606087438096971     
   149.40000000000003        11.199999999999999       -2.4825510675370133     
   151.20000000000002        11.199999999999999       -2.5032264136693292     
   153.00000000000000        11.199999999999999       -2.5225408852880182     
   154.79999999999998        11.199999999999999       -2.5404095901037467     
   156.59999999999997        11.199999999999999       -2.5567886773231780     
   158.39999999999998        11.199999999999999       -2.5716415226611438     
   160.20000000000002        11.199999999999999       -2.5849615953705971     
   162.00000000000000        11.199999999999999       -2.5967805666259980     
   163.79999999999998        11.199999999999999       -2.6071133652454068     
   165.59999999999999        11.199999999999999       -2.6160406260731919     
   167.40000000000001        11.199999999999999       -2.6236337148181614     
   169.19999999999999        11.199999999999999       -2.6299674345181074     
   171.00000000000000        11.199999999999999       -2.6351404211140821     
   172.80000000000001        11.199999999999999       -2.6392253409788169     
   174.59999999999999        11.199999999999999       -2.6423169004207940     
   176.40000000000001        11.199999999999999       -2.6444654106622560     
   178.20000000000002        11.199999999999999       -2.6465003972313621     
   180.00000000000000        11.199999999999999       -2.6461555062910755     
   0.0000000000000000        11.280000000000001       -3.8576500149857895     
   1.8000000000000003        11.280000000000001       -3.8542682762240204     
   3.6000000000000005        11.280000000000001       -3.8441253240795525     
   5.4000000000000004        11.280000000000001       -3.8273496864827448     
   7.2000000000000011        11.280000000000001       -3.8040692766691580     
   9.0000000000000000        11.280000000000001       -3.7745344889254415     
   10.800000000000001        11.280000000000001       -3.7389800712950350     
   12.600000000000001        11.280000000000001       -3.6977579195568788     
   14.400000000000002        11.280000000000001       -3.6511804643833639     
   16.200000000000003        11.280000000000001       -3.5996742192972158     
   18.000000000000000        11.280000000000001       -3.5436286397865211     
   19.799999999999997        11.280000000000001       -3.4834169123666898     
   21.600000000000001        11.280000000000001       -3.4195568506462770     
   23.400000000000002        11.280000000000001       -3.3524076592743155     
   25.200000000000003        11.280000000000001       -3.2824009274509844     
   27.000000000000000        11.280000000000001       -3.2100164721207216     
   28.800000000000004        11.280000000000001       -3.1355963651162111     
   30.600000000000005        11.280000000000001       -3.0595792961477253     
   32.400000000000006        11.280000000000001       -2.9823700255227363     
   34.199999999999996        11.280000000000001       -2.9043391715518201     
   36.000000000000000        11.280000000000001       -2.8258494333089694     
   37.800000000000004        11.280000000000001       -2.7472690285881045     
   39.599999999999994        11.280000000000001       -2.6689635659193098     
   41.399999999999999        11.280000000000001       -2.5912895234746722     
   43.200000000000003        11.280000000000001       -2.5145646188279263     
   45.000000000000000        11.280000000000001       -2.4391658582955182     
   46.800000000000004        11.280000000000001       -2.3653667065533428     
   48.599999999999994        11.280000000000001       -2.2935258641123064     
   50.400000000000006        11.280000000000001       -2.2239184123005837     
   52.200000000000003        11.280000000000001       -2.1568291335708243     
   54.000000000000000        11.280000000000001       -2.0925630747110420     
   55.799999999999997        11.280000000000001       -2.0313338678028838     
   57.600000000000009        11.280000000000001       -1.9733841092071081     
   59.400000000000013        11.280000000000001       -1.9189118125093050     
   61.200000000000010        11.280000000000001       -1.8680862359765071     
   63.000000000000000        11.280000000000001       -1.8210569196309092     
   64.800000000000011        11.280000000000001       -1.7779410142493641     
   66.600000000000009        11.280000000000001       -1.7388221734491642     
   68.399999999999991        11.280000000000001       -1.7037507630344619     
   70.200000000000003        11.280000000000001       -1.6727575526047893     
   72.000000000000000        11.280000000000001       -1.6458544232970560     
   73.799999999999997        11.280000000000001       -1.6229852572367034     
   75.600000000000009        11.280000000000001       -1.6041263170647129     
   77.399999999999991        11.280000000000001       -1.5891905988627144     
   79.199999999999989        11.280000000000001       -1.5780789954779861     
   81.000000000000000        11.280000000000001       -1.5706692424355069     
   82.799999999999997        11.280000000000001       -1.5668386687773694     
   84.599999999999994        11.280000000000001       -1.5664216870274092     
   86.400000000000006        11.280000000000001       -1.5692542219715864     
   88.200000000000003        11.280000000000001       -1.5751625059747811     
   90.000000000000000        11.280000000000001       -1.5839379913633822     
   91.799999999999997        11.280000000000001       -1.5953800984751199     
   93.600000000000009        11.280000000000001       -1.6092800389846413     
   95.400000000000006        11.280000000000001       -1.6254082965490000     
   97.199999999999989        11.280000000000001       -1.6435433116475475     
   99.000000000000014        11.280000000000001       -1.6634651135717289     
   100.80000000000001        11.280000000000001       -1.6849426096634712     
   102.59999999999999        11.280000000000001       -1.7077661115872835     
   104.40000000000001        11.280000000000001       -1.7317232438484473     
   106.19999999999999        11.280000000000001       -1.7566188560432885     
   108.00000000000000        11.280000000000001       -1.7822706450311276     
   109.80000000000000        11.280000000000001       -1.8085210118499710     
   111.59999999999999        11.280000000000001       -1.8352200433303700     
   113.40000000000001        11.280000000000001       -1.8622453495365079     
   115.20000000000002        11.280000000000001       -1.8894956755019288     
   117.00000000000000        11.280000000000001       -1.9168847993330180     
   118.80000000000003        11.280000000000001       -1.9443467004655852     
   120.60000000000001        11.280000000000001       -1.9718301528341589     
   122.40000000000002        11.280000000000001       -1.9992984273324175     
   124.20000000000000        11.280000000000001       -2.0267186023215129     
   126.00000000000000        11.280000000000001       -2.0540643171184696     
   127.80000000000001        11.280000000000001       -2.0813103310860801     
   129.60000000000002        11.280000000000001       -2.1084234808033200     
   131.40000000000001        11.280000000000001       -2.1353682970740659     
   133.20000000000002        11.280000000000001       -2.1620968306418429     
   135.00000000000000        11.280000000000001       -2.1885438135604693     
   136.79999999999998        11.280000000000001       -2.2146411333355922     
   138.59999999999999        11.280000000000001       -2.2402957570388788     
   140.40000000000001        11.280000000000001       -2.2654105551915089     
   142.20000000000002        11.280000000000001       -2.2898749205081703     
   144.00000000000000        11.280000000000001       -2.3135724469098533     
   145.79999999999998        11.280000000000001       -2.3363851759507490     
   147.59999999999999        11.280000000000001       -2.3581939185237402     
   149.40000000000003        11.280000000000001       -2.3788869980550111     
   151.20000000000002        11.280000000000001       -2.3983636152519763     
   153.00000000000000        11.280000000000001       -2.4165394338268347     
   154.79999999999998        11.280000000000001       -2.4333379787820437     
   156.59999999999997        11.280000000000001       -2.4487221847767136     
   158.39999999999998        11.280000000000001       -2.4626607177532009     
   160.20000000000002        11.280000000000001       -2.4751505527517215     
   162.00000000000000        11.280000000000001       -2.4862244675457146     
   163.79999999999998        11.280000000000001       -2.4958985178353990     
   165.59999999999999        11.280000000000001       -2.5042509195846985     
   167.40000000000001        11.280000000000001       -2.5113504458101388     
   169.19999999999999        11.280000000000001       -2.5172687640597191     
   171.00000000000000        11.280000000000001       -2.5220998293748860     
   172.80000000000001        11.280000000000001       -2.5259127441225604     
   174.59999999999999        11.280000000000001       -2.5287973004768256     
   176.40000000000001        11.280000000000001       -2.5308011766664902     
   178.20000000000002        11.280000000000001       -2.5327040947545321     
   180.00000000000000        11.280000000000001       -2.5323771236691344     
   0.0000000000000000        11.359999999999999       -3.6808622287967250     
   1.8000000000000003        11.359999999999999       -3.6776738678067447     
   3.6000000000000005        11.359999999999999       -3.6681109489426218     
   5.4000000000000004        11.359999999999999       -3.6522914050347217     
   7.2000000000000011        11.359999999999999       -3.6303328534693575     
   9.0000000000000000        11.359999999999999       -3.6024654165795984     
   10.800000000000001        11.359999999999999       -3.5689053040645220     
   12.600000000000001        11.359999999999999       -3.5299767151360362     
   14.400000000000002        11.359999999999999       -3.4859683071642675     
   16.200000000000003        11.359999999999999       -3.4372744118334806     
   18.000000000000000        11.359999999999999       -3.3842563193008872     
   19.799999999999997        11.359999999999999       -3.3272612828285344     
   21.600000000000001        11.359999999999999       -3.2667713602238395     
   23.400000000000002        11.359999999999999       -3.2031233961171841     
   25.200000000000003        11.359999999999999       -3.1367223970637244     
   27.000000000000000        11.359999999999999       -3.0680197301276775     
   28.800000000000004        11.359999999999999       -2.9973399903439577     
   30.600000000000005        11.359999999999999       -2.9250989114073094     
   32.400000000000006        11.359999999999999       -2.8516818795581749     
   34.199999999999996        11.359999999999999       -2.7774432939252116     
   36.000000000000000        11.359999999999999       -2.7027308152590188     
   37.800000000000004        11.359999999999999       -2.6278978371533550     
   39.599999999999994        11.359999999999999       -2.5532957052020930     
   41.399999999999999        11.359999999999999       -2.4792673655310904     
   43.200000000000003        11.359999999999999       -2.4061190646041530     
   45.000000000000000        11.359999999999999       -2.3342130637900458     
   46.800000000000004        11.359999999999999       -2.2638132166393667     
   48.599999999999994        11.359999999999999       -2.1952639312356537     
   50.400000000000006        11.359999999999999       -2.1288299138513391     
   52.200000000000003        11.359999999999999       -2.0647847625353450     
   54.000000000000000        11.359999999999999       -2.0034211502250767     
   55.799999999999997        11.359999999999999       -1.9449445951929583     
   57.600000000000009        11.359999999999999       -1.8895880923730457     
   59.400000000000013        11.359999999999999       -1.8375421818573736     
   61.200000000000010        11.359999999999999       -1.7889700649243248     
   63.000000000000000        11.359999999999999       -1.7440162642375345     
   64.800000000000011        11.359999999999999       -1.7027945683276637     
   66.600000000000009        11.359999999999999       -1.6653869631970393     
   68.399999999999991        11.359999999999999       -1.6318437953757947     
   70.200000000000003        11.359999999999999       -1.6021968020354653     
   72.000000000000000        11.359999999999999       -1.5764597492668062     
   73.799999999999997        11.359999999999999       -1.5545813792206233     
   75.600000000000009        11.359999999999999       -1.5365413519962272     
   77.399999999999991        11.359999999999999       -1.5222586809425147     
   79.199999999999989        11.359999999999999       -1.5116406166414402     
   81.000000000000000        11.359999999999999       -1.5045720227749884     
   82.799999999999997        11.359999999999999       -1.5009371756431851     
   84.599999999999994        11.359999999999999       -1.5005789723713687     
   86.400000000000006        11.359999999999999       -1.5033415547035445     
   88.200000000000003        11.359999999999999       -1.5090595912743772     
   90.000000000000000        11.359999999999999       -1.5175341710846157     
   91.799999999999997        11.359999999999999       -1.5285739008799732     
   93.600000000000009        11.359999999999999       -1.5419793829231745     
   95.400000000000006        11.359999999999999       -1.5575311428183463     
   97.199999999999989        11.359999999999999       -1.5750172236175788     
   99.000000000000014        11.359999999999999       -1.5942270352863901     
   100.80000000000001        11.359999999999999       -1.6149390175087390     
   102.59999999999999        11.359999999999999       -1.6369519624597435     
   104.40000000000001        11.359999999999999       -1.6600616664059249     
   106.19999999999999        11.359999999999999       -1.6840800791793016     
   108.00000000000000        11.359999999999999       -1.7088309955656968     
   109.80000000000000        11.359999999999999       -1.7341614579018623     
   111.59999999999999        11.359999999999999       -1.7599252573080628     
   113.40000000000001        11.359999999999999       -1.7860021203940604     
   115.20000000000002        11.359999999999999       -1.8122915226718241     
   117.00000000000000        11.359999999999999       -1.8387069351510621     
   118.80000000000003        11.359999999999999       -1.8651808807855665     
   120.60000000000001        11.359999999999999       -1.8916598851800961     
   122.40000000000002        11.359999999999999       -1.9181042307391643     
   124.20000000000000        11.359999999999999       -1.9444781489506529     
   126.00000000000000        11.359999999999999       -1.9707524038541362     
   127.80000000000001        11.359999999999999       -1.9968992498149460     
   129.60000000000002        11.359999999999999       -2.0228842581004298     
   131.40000000000001        11.359999999999999       -2.0486712637929703     
   133.20000000000002        11.359999999999999       -2.0742131779691340     
   135.00000000000000        11.359999999999999       -2.0994477233949684     
   136.79999999999998        11.359999999999999       -2.1243100539625437     
   138.59999999999999        11.359999999999999       -2.1487134591237815     
   140.40000000000001        11.359999999999999       -2.1725675385853136     
   142.20000000000002        11.359999999999999       -2.1957701821214948     
   144.00000000000000        11.359999999999999       -2.2182144022480275     
   145.79999999999998        11.359999999999999       -2.2397919078455555     
   147.59999999999999        11.359999999999999       -2.2603939038520386     
   149.40000000000003        11.359999999999999       -2.2799191492027870     
   151.20000000000002        11.359999999999999       -2.2982764378733114     
   153.00000000000000        11.359999999999999       -2.3153902450476691     
   154.79999999999998        11.359999999999999       -2.3311918659613937     
   156.59999999999997        11.359999999999999       -2.3456503960013806     
   158.39999999999998        11.359999999999999       -2.3587393138671979     
   160.20000000000002        11.359999999999999       -2.3704587058318123     
   162.00000000000000        11.359999999999999       -2.3808421794281966     
   163.79999999999998        11.359999999999999       -2.3899067106382712     
   165.59999999999999        11.359999999999999       -2.3977280209053076     
   167.40000000000001        11.359999999999999       -2.4043722741858917     
   169.19999999999999        11.359999999999999       -2.4099080343599191     
   171.00000000000000        11.359999999999999       -2.4144246836622929     
   172.80000000000001        11.359999999999999       -2.4179878512906701     
   174.59999999999999        11.359999999999999       -2.4206825676468893     
   176.40000000000001        11.359999999999999       -2.4225539591278125     
   178.20000000000002        11.359999999999999       -2.4243355103499988     
   180.00000000000000        11.359999999999999       -2.4240254238033034     
   0.0000000000000000        11.440000000000001       -3.5149527019508078     
   1.8000000000000003        11.440000000000001       -3.5119422138590073     
   3.6000000000000005        11.440000000000001       -3.5029128192175416     
   5.4000000000000004        11.440000000000001       -3.4879729762277627     
   7.2000000000000011        11.440000000000001       -3.4672310807696149     
   9.0000000000000000        11.440000000000001       -3.4408991053336222     
   10.800000000000001        11.440000000000001       -3.4091766340452310     
   12.600000000000001        11.440000000000001       -3.3723630212032605     
   14.400000000000002        11.440000000000001       -3.3307255482878375     
   16.200000000000003        11.440000000000001       -3.2846295927097513     
   18.000000000000000        11.440000000000001       -3.2344110254452030     
   19.799999999999997        11.440000000000001       -3.1803936240560127     
   21.600000000000001        11.440000000000001       -3.1230270622086085     
   23.400000000000002        11.440000000000001       -3.0626277610542343     
   25.200000000000003        11.440000000000001       -2.9995764240730907     
   27.000000000000000        11.440000000000001       -2.9342983203153206     
   28.800000000000004        11.440000000000001       -2.8671017823738456     
   30.600000000000005        11.440000000000001       -2.7983812338550247     
   32.400000000000006        11.440000000000001       -2.7285039072623887     
   34.199999999999996        11.440000000000001       -2.6578088487713822     
   36.000000000000000        11.440000000000001       -2.5866293904590036     
   37.800000000000004        11.440000000000001       -2.5153047485962801     
   39.599999999999994        11.440000000000001       -2.4441725724813028     
   41.399999999999999        11.440000000000001       -2.3735627666958949     
   43.200000000000003        11.440000000000001       -2.3037704468580418     
   45.000000000000000        11.440000000000001       -2.2351437201522080     
   46.800000000000004        11.440000000000001       -2.1679370805450655     
   48.599999999999994        11.440000000000001       -2.1024812520128133     
   50.400000000000006        11.440000000000001       -2.0390309393650941     
   52.200000000000003        11.440000000000001       -1.9778490188577080     
   54.000000000000000        11.440000000000001       -1.9192163531347071     
   55.799999999999997        11.440000000000001       -1.8633306590465251     
   57.600000000000009        11.440000000000001       -1.8104157514532182     
   59.400000000000013        11.440000000000001       -1.7606549909949043     
   61.200000000000010        11.440000000000001       -1.7142057289855432     
   63.000000000000000        11.440000000000001       -1.6712076091793047     
   64.800000000000011        11.440000000000001       -1.6317710881078231     
   66.600000000000009        11.440000000000001       -1.5959764048201812     
   68.399999999999991        11.440000000000001       -1.5638737037251154     
   70.200000000000003        11.440000000000001       -1.5354954456293322     
   72.000000000000000        11.440000000000001       -1.5108569845689446     
   73.799999999999997        11.440000000000001       -1.4899114675951526     
   75.600000000000009        11.440000000000001       -1.4726415889696507     
   77.399999999999991        11.440000000000001       -1.4589718915770420     
   79.199999999999989        11.440000000000001       -1.4488155013210722     
   81.000000000000000        11.440000000000001       -1.4420639135516169     
   82.799999999999997        11.440000000000001       -1.4386078908051743     
   84.599999999999994        11.440000000000001       -1.4382983033377255     
   86.400000000000006        11.440000000000001       -1.4409870368214948     
   88.200000000000003        11.440000000000001       -1.4465167336579001     
   90.000000000000000        11.440000000000001       -1.4546976172088595     
   91.799999999999997        11.440000000000001       -1.4653470143449630     
   93.600000000000009        11.440000000000001       -1.4782744524758968     
   95.400000000000006        11.440000000000001       -1.4932700113498827     
   97.199999999999989        11.440000000000001       -1.5101308770194741     
   99.000000000000014        11.440000000000001       -1.5286553989152742     
   100.80000000000001        11.440000000000001       -1.5486311109700599     
   102.59999999999999        11.440000000000001       -1.5698649108970988     
   104.40000000000001        11.440000000000001       -1.5921604244345848     
   106.19999999999999        11.440000000000001       -1.6153364327927706     
   108.00000000000000        11.440000000000001       -1.6392226340733245     
   109.80000000000000        11.440000000000001       -1.6636706201732296     
   111.59999999999999        11.440000000000001       -1.6885378683839605     
   113.40000000000001        11.440000000000001       -1.7137063146348135     
   115.20000000000002        11.440000000000001       -1.7390763589337497     
   117.00000000000000        11.440000000000001       -1.7645614287298257     
   118.80000000000003        11.440000000000001       -1.7900929308230975     
   120.60000000000001        11.440000000000001       -1.8156155290001865     
   122.40000000000002        11.440000000000001       -1.8410869488889268     
   124.20000000000000        11.440000000000001       -1.8664689675206536     
   126.00000000000000        11.440000000000001       -1.8917298498548991     
   127.80000000000001        11.440000000000001       -1.9168396716674638     
   129.60000000000002        11.440000000000001       -1.9417629325474162     
   131.40000000000001        11.440000000000001       -1.9664629089308201     
   133.20000000000002        11.440000000000001       -1.9908933567020006     
   135.00000000000000        11.440000000000001       -2.0149947652216245     
   136.79999999999998        11.440000000000001       -2.0387053207644397     
   138.59999999999999        11.440000000000001       -2.0619440984154038     
   140.40000000000001        11.440000000000001       -2.0846268679145838     
   142.20000000000002        11.440000000000001       -2.1066592849414514     
   144.00000000000000        11.440000000000001       -2.1279429607927258     
   145.79999999999998        11.440000000000001       -2.1483784366638479     
   147.59999999999999        11.440000000000001       -2.1678663913955196     
   149.40000000000003        11.440000000000001       -2.1863150669343083     
   151.20000000000002        11.440000000000001       -2.2036419717444597     
   153.00000000000000        11.440000000000001       -2.2197795491588872     
   154.79999999999998        11.440000000000001       -2.2346661348289740     
   156.59999999999997        11.440000000000001       -2.2482762877292637     
   158.39999999999998        11.440000000000001       -2.2605877657317093     
   160.20000000000002        11.440000000000001       -2.2716033305458221     
   162.00000000000000        11.440000000000001       -2.2813571221186102     
   163.79999999999998        11.440000000000001       -2.2898668130013715     
   165.59999999999999        11.440000000000001       -2.2972055662603159     
   167.40000000000001        11.440000000000001       -2.3034369364800091     
   169.19999999999999        11.440000000000001       -2.3086264377183103     
   171.00000000000000        11.440000000000001       -2.3128590233414910     
   172.80000000000001        11.440000000000001       -2.3161969681270178     
   174.59999999999999        11.440000000000001       -2.3187207327994517     
   176.40000000000001        11.440000000000001       -2.3204729945358999     
   178.20000000000002        11.440000000000001       -2.3221449566630032     
   180.00000000000000        11.440000000000001       -2.3218505947292867     
   0.0000000000000000        11.520000000000000       -3.3579366804127151     
   1.8000000000000003        11.520000000000000       -3.3550916456499520     
   3.6000000000000005        11.520000000000000       -3.3465585211208175     
   5.4000000000000004        11.520000000000000       -3.3324371723640400     
   7.2000000000000011        11.520000000000000       -3.3128276200418854     
   9.0000000000000000        11.520000000000000       -3.2879253581503618     
   10.800000000000001        11.520000000000000       -3.2579148529460347     
   12.600000000000001        11.520000000000000       -3.2230728618534585     
   14.400000000000002        11.520000000000000       -3.1836471826699611     
   16.200000000000003        11.520000000000000       -3.1399767867785227     
   18.000000000000000        11.520000000000000       -3.0923742977566318     
   19.799999999999997        11.520000000000000       -3.0411419643800603     
   21.600000000000001        11.520000000000000       -2.9866997480857851     
   23.400000000000002        11.520000000000000       -2.9293451896147582     
   25.200000000000003        11.520000000000000       -2.8694365069952008     
   27.000000000000000        11.520000000000000       -2.8073747512876799     
   28.800000000000004        11.520000000000000       -2.7434529762876068     
   30.600000000000005        11.520000000000000       -2.6780456253757721     
   32.400000000000006        11.520000000000000       -2.6115027742648635     
   34.199999999999996        11.520000000000000       -2.5441488353418791     
   36.000000000000000        11.520000000000000       -2.4763034093798035     
   37.800000000000004        11.520000000000000       -2.4082920851268845     
   39.599999999999994        11.520000000000000       -2.3404393032369457     
   41.399999999999999        11.520000000000000       -2.2730623545157944     
   43.200000000000003        11.520000000000000       -2.2064455303499675     
   45.000000000000000        11.520000000000000       -2.1409232918558603     
   46.800000000000004        11.520000000000000       -2.0767410055707649     
   48.599999999999994        11.520000000000000       -2.0142162305221718     
   50.400000000000006        11.520000000000000       -1.9535939964910665     
   52.200000000000003        11.520000000000000       -1.8951268542398234     
   54.000000000000000        11.520000000000000       -1.8390843328835618     
   55.799999999999997        11.520000000000000       -1.7856566178730393     
   57.600000000000009        11.520000000000000       -1.7350587017093375     
   59.400000000000013        11.520000000000000       -1.6874670184446485     
   61.200000000000010        11.520000000000000       -1.6430332506632328     
   63.000000000000000        11.520000000000000       -1.6018922882403528     
   64.800000000000011        11.520000000000000       -1.5641512921851106     
   66.600000000000009        11.520000000000000       -1.5298887012992795     
   68.399999999999991        11.520000000000000       -1.4991543195558645     
   70.200000000000003        11.520000000000000       -1.4719811426805836     
   72.000000000000000        11.520000000000000       -1.4483858798307152     
   73.799999999999997        11.520000000000000       -1.4283257185920510     
   75.600000000000009        11.520000000000000       -1.4117860976651189     
   77.399999999999991        11.520000000000000       -1.3986966950363962     
   79.199999999999989        11.520000000000000       -1.3889761197545381     
   81.000000000000000        11.520000000000000       -1.3825220926324491     
   82.799999999999997        11.520000000000000       -1.3792314833338435     
   84.599999999999994        11.520000000000000       -1.3789627118266357     
   86.400000000000006        11.520000000000000       -1.3815750141264762     
   88.200000000000003        11.520000000000000       -1.3869186197403325     
   90.000000000000000        11.520000000000000       -1.3948124651582465     
   91.799999999999997        11.520000000000000       -1.4050822050831295     
   93.600000000000009        11.520000000000000       -1.4175458997866577     
   95.400000000000006        11.520000000000000       -1.4320027720124875     
   97.199999999999989        11.520000000000000       -1.4482587630120445     
   99.000000000000014        11.520000000000000       -1.4661207891120513     
   100.80000000000001        11.520000000000000       -1.4853851087753689     
   102.59999999999999        11.520000000000000       -1.5058664077443937     
   104.40000000000001        11.520000000000000       -1.5273758509730206     
   106.19999999999999        11.520000000000000       -1.5497388214139101     
   108.00000000000000        11.520000000000000       -1.5727907521828892     
   109.80000000000000        11.520000000000000       -1.5963877007757228     
   111.59999999999999        11.520000000000000       -1.6203908079369218     
   113.40000000000001        11.520000000000000       -1.6446842871725611     
   115.20000000000002        11.520000000000000       -1.6691696144668904     
   117.00000000000000        11.520000000000000       -1.6937603832202071     
   118.80000000000003        11.520000000000000       -1.7183871570438312     
   120.60000000000001        11.520000000000000       -1.7429930496894912     
   122.40000000000002        11.520000000000000       -1.7675335794552935     
   124.20000000000000        11.520000000000000       -1.7919683881666881     
   126.00000000000000        11.520000000000000       -1.8162635485681913     
   127.80000000000001        11.520000000000000       -1.8403872250638860     
   129.60000000000002        11.520000000000000       -1.8643030060384729     
   131.40000000000001        11.520000000000000       -1.8879737237050047     
   133.20000000000002        11.520000000000000       -1.9113539695861659     
   135.00000000000000        11.520000000000000       -1.9343868213252524     
   136.79999999999998        11.520000000000000       -1.9570133097691698     
   138.59999999999999        11.520000000000000       -1.9791578623753479     
   140.40000000000001        11.520000000000000       -2.0007419657951502     
   142.20000000000002        11.520000000000000       -2.0216784482761634     
   144.00000000000000        11.520000000000000       -2.0418768537063174     
   145.79999999999998        11.520000000000000       -2.0612458757368470     
   147.59999999999999        11.520000000000000       -2.0796949180216679     
   149.40000000000003        11.520000000000000       -2.0971409307521838     
   151.20000000000002        11.520000000000000       -2.1135094216590367     
   153.00000000000000        11.520000000000000       -2.1287401173010396     
   154.79999999999998        11.520000000000000       -2.1427777998817277     
   156.59999999999997        11.520000000000000       -2.1556019309209558     
   158.39999999999998        11.520000000000000       -2.1671941174309013     
   160.20000000000002        11.520000000000000       -2.1775594496197628     
   162.00000000000000        11.520000000000000       -2.1867323702166082     
   163.79999999999998        11.520000000000000       -2.1947310740167318     
   165.59999999999999        11.520000000000000       -2.2016261313808512     
   167.40000000000001        11.520000000000000       -2.2074785021441725     
   169.19999999999999        11.520000000000000       -2.2123507090434136     
   171.00000000000000        11.520000000000000       -2.2163234116686823     
   172.80000000000001        11.520000000000000       -2.2194556402809917     
   174.59999999999999        11.520000000000000       -2.2218234587101686     
   176.40000000000001        11.520000000000000       -2.2234671874060794     
   178.20000000000002        11.520000000000000       -2.2250389189877682     
   180.00000000000000        11.520000000000000       -2.2247593416819758     
   0.0000000000000000        11.600000000000000       -3.2091324776432653     
   1.8000000000000003        11.600000000000000       -3.2064416392316186     
   3.6000000000000005        11.600000000000000       -3.1983710181659450     
   5.4000000000000004        11.600000000000000       -3.1850126737043563     
   7.2000000000000011        11.600000000000000       -3.1664590064008848     
   9.0000000000000000        11.600000000000000       -3.1428905227818835     
   10.800000000000001        11.600000000000000       -3.1144779173210027     
   12.600000000000001        11.600000000000000       -3.0814773578647685     
   14.400000000000002        11.600000000000000       -3.0441188500228500     
   16.200000000000003        11.600000000000000       -3.0027172377968618     
   18.000000000000000        11.600000000000000       -2.9575638424617199     
   19.799999999999997        11.600000000000000       -2.9089411305659190     
   21.600000000000001        11.600000000000000       -2.8572417489658641     
   23.400000000000002        11.600000000000000       -2.8027457498183423     
   25.200000000000003        11.600000000000000       -2.7457905061994130     
   27.000000000000000        11.600000000000000       -2.6867545520062137     
   28.800000000000004        11.600000000000000       -2.6259165629740280     
   30.600000000000005        11.600000000000000       -2.5636322172458148     
   32.400000000000006        11.600000000000000       -2.5002353536722959     
   34.199999999999996        11.600000000000000       -2.4360364239065722     
   36.000000000000000        11.600000000000000       -2.3713418631108985     
   37.800000000000004        11.600000000000000       -2.3064641573519187     
   39.599999999999994        11.600000000000000       -2.2417150089179136     
   41.399999999999999        11.600000000000000       -2.1773995117527027     
   43.200000000000003        11.600000000000000       -2.1137914394206665     
   45.000000000000000        11.600000000000000       -2.0512120967161058     
   46.800000000000004        11.600000000000000       -1.9898979588003347     
   48.599999999999994        11.600000000000000       -1.9301539169520214     
   50.400000000000006        11.600000000000000       -1.8722156444926479     
   52.200000000000003        11.600000000000000       -1.8163257473760701     
   54.000000000000000        11.600000000000000       -1.7627428744720113     
   55.799999999999997        11.600000000000000       -1.7116499410880162     
   57.600000000000009        11.600000000000000       -1.6632534584572323     
   59.400000000000013        11.600000000000000       -1.6177231777119014     
   61.200000000000010        11.600000000000000       -1.5752052898595397     
   63.000000000000000        11.600000000000000       -1.5358300560653890     
   64.800000000000011        11.600000000000000       -1.4997013851744605     
   66.600000000000009        11.600000000000000       -1.4668958760977602     
   68.399999999999991        11.600000000000000       -1.4374628739348161     
   70.200000000000003        11.600000000000000       -1.4114357440098191     
   72.000000000000000        11.600000000000000       -1.3888323439936090     
   73.799999999999997        11.600000000000000       -1.3696135721001172     
   75.600000000000009        11.600000000000000       -1.3537673501488114     
   77.399999999999991        11.600000000000000       -1.3412281307940943     
   79.199999999999989        11.600000000000000       -1.3319196461713390     
   81.000000000000000        11.600000000000000       -1.3257454674787716     
   82.799999999999997        11.600000000000000       -1.3226082198913007     
   84.599999999999994        11.600000000000000       -1.3223734780297063     
   86.400000000000006        11.600000000000000       -1.3249074594283339     
   88.200000000000003        11.600000000000000       -1.3300676168784684     
   90.000000000000000        11.600000000000000       -1.3376812025641112     
   91.799999999999997        11.600000000000000       -1.3475818278788345     
   93.600000000000009        11.600000000000000       -1.3595957142465780     
   95.400000000000006        11.600000000000000       -1.3735308377649205     
   97.199999999999989        11.600000000000000       -1.3892015270038083     
   99.000000000000014        11.600000000000000       -1.4064229115251385     
   100.80000000000001        11.600000000000000       -1.4249996234817299     
   102.59999999999999        11.600000000000000       -1.4447538344873132     
   104.40000000000001        11.600000000000000       -1.4655039720767629     
   106.19999999999999        11.600000000000000       -1.4870818007043529     
   108.00000000000000        11.600000000000000       -1.5093283253265284     
   109.80000000000000        11.600000000000000       -1.5321039838620667     
   111.59999999999999        11.600000000000000       -1.5552735526191914     
   113.40000000000001        11.600000000000000       -1.5787235789673300     
   115.20000000000002        11.600000000000000       -1.6023567482606953     
   117.00000000000000        11.600000000000000       -1.6260870077030500     
   118.80000000000003        11.600000000000000       -1.6498443246248080     
   120.60000000000001        11.600000000000000       -1.6735705462932700     
   122.40000000000002        11.600000000000000       -1.6972193025223810     
   124.20000000000000        11.600000000000000       -1.7207483924836375     
   126.00000000000000        11.600000000000000       -1.7441219785465332     
   127.80000000000001        11.600000000000000       -1.7673065598827766     
   129.60000000000002        11.600000000000000       -1.7902649628714478     
   131.40000000000001        11.600000000000000       -1.8129596824059142     
   133.20000000000002        11.600000000000000       -1.8353461395760442     
   135.00000000000000        11.600000000000000       -1.8573698394878673     
   136.79999999999998        11.600000000000000       -1.8789744868476317     
   138.59999999999999        11.600000000000000       -1.9000894662755590     
   140.40000000000001        11.600000000000000       -1.9206415666021255     
   142.20000000000002        11.600000000000000       -1.9405502450855834     
   144.00000000000000        11.600000000000000       -1.9597323672808644     
   145.79999999999998        11.600000000000000       -1.9781041548212490     
   147.59999999999999        11.600000000000000       -1.9955830482935317     
   149.40000000000003        11.600000000000000       -2.0120939953250825     
   151.20000000000002        11.600000000000000       -2.0275698464452967     
   153.00000000000000        11.600000000000000       -2.0419569840454144     
   154.79999999999998        11.600000000000000       -2.0552060919989792     
   156.59999999999997        11.600000000000000       -2.0673010248354502     
   158.39999999999998        11.600000000000000       -2.0782268476550030     
   160.20000000000002        11.600000000000000       -2.0879906672870989     
   162.00000000000000        11.600000000000000       -2.0966270288346975     
   163.79999999999998        11.600000000000000       -2.1041544958357261     
   165.59999999999999        11.600000000000000       -2.1106410290774047     
   167.40000000000001        11.600000000000000       -2.1161450193760105     
   169.19999999999999        11.600000000000000       -2.1207260639539736     
   171.00000000000000        11.600000000000000       -2.1244606673848692     
   172.80000000000001        11.600000000000000       -2.1274047271781544     
   174.59999999999999        11.600000000000000       -2.1296300823390366     
   176.40000000000001        11.600000000000000       -2.1311747888384200     
   178.20000000000002        11.600000000000000       -2.1326547017737094     
   180.00000000000000        11.600000000000000       -2.1323890478316052     
   0.0000000000000000        11.680000000000000       -3.0688228415090126     
   1.8000000000000003        11.680000000000000       -3.0662747904724608     
   3.6000000000000005        11.680000000000000       -3.0586324504194371     
   5.4000000000000004        11.680000000000000       -3.0459808564988533     
   7.2000000000000011        11.680000000000000       -3.0284055408461401     
   9.0000000000000000        11.680000000000000       -3.0060735064987871     
   10.800000000000001        11.680000000000000       -2.9791430170875017     
   12.600000000000001        11.680000000000000       -2.9478516507768391     
   14.400000000000002        11.680000000000000       -2.9124133084727784     
   16.200000000000003        11.680000000000000       -2.8731209808480975     
   18.000000000000000        11.680000000000000       -2.8302466316104020     
   19.799999999999997        11.680000000000000       -2.7840546946118896     
   21.600000000000001        11.680000000000000       -2.7349129046659026     
   23.400000000000002        11.680000000000000       -2.6830852282330651     
   25.200000000000003        11.680000000000000       -2.6288898481544507     
   27.000000000000000        11.680000000000000       -2.5726845013123070     
   28.800000000000004        11.680000000000000       -2.5147344087340802     
   30.600000000000005        11.680000000000000       -2.4553777256743499     
   32.400000000000006        11.680000000000000       -2.3949330050470694     
   34.199999999999996        11.680000000000000       -2.3336974440676608     
   36.000000000000000        11.680000000000000       -2.2719649132195134     
   37.800000000000004        11.680000000000000       -2.2100353579859200     
   39.599999999999994        11.680000000000000       -2.1482082510912583     
   41.399999999999999        11.680000000000000       -2.0867769453607661     
   43.200000000000003        11.680000000000000       -2.0260050394822180     
   45.000000000000000        11.680000000000000       -1.9662012114644123     
   46.800000000000004        11.680000000000000       -1.9075933134445655     
   48.599999999999994        11.680000000000000       -1.8504741031108833     
   50.400000000000006        11.680000000000000       -1.7950702459439312     
   52.200000000000003        11.680000000000000       -1.7416148132811380     
   54.000000000000000        11.680000000000000       -1.6903560571356375     
   55.799999999999997        11.680000000000000       -1.6414699061769389     
   57.600000000000009        11.680000000000000       -1.5951547551963334     
   59.400000000000013        11.680000000000000       -1.5515739357995340     
   61.200000000000010        11.680000000000000       -1.5108683416135138     
   63.000000000000000        11.680000000000000       -1.4731637454487099     
   64.800000000000011        11.680000000000000       -1.4385608597016977     
   66.600000000000009        11.680000000000000       -1.4071344131620123     
   68.399999999999991        11.680000000000000       -1.3789331800310554     
   70.200000000000003        11.680000000000000       -1.3539907343602078     
   72.000000000000000        11.680000000000000       -1.3323258781618075     
   73.799999999999997        11.680000000000000       -1.3139028865335036     
   75.600000000000009        11.680000000000000       -1.2987119012665191     
   77.399999999999991        11.680000000000000       -1.2866917813085756     
   79.199999999999989        11.680000000000000       -1.2777710119952166     
   81.000000000000000        11.680000000000000       -1.2718586271775483     
   82.799999999999997        11.680000000000000       -1.2688626423414640     
   84.599999999999994        11.680000000000000       -1.2686553737761774     
   86.400000000000006        11.680000000000000       -1.2711096332142928     
   88.200000000000003        11.680000000000000       -1.2760897130233881     
   90.000000000000000        11.680000000000000       -1.2834307606789506     
   91.799999999999997        11.680000000000000       -1.2929739505720959     
   93.600000000000009        11.680000000000000       -1.3045532703356484     
   95.400000000000006        11.680000000000000       -1.3179850353112330     
   97.199999999999989        11.680000000000000       -1.3330915699965371     
   99.000000000000014        11.680000000000000       -1.3496958406486714     
   100.80000000000001        11.680000000000000       -1.3676104796313300     
   102.59999999999999        11.680000000000000       -1.3866648218132740     
   104.40000000000001        11.680000000000000       -1.4066842614082866     
   106.19999999999999        11.680000000000000       -1.4275067072076686     
   108.00000000000000        11.680000000000000       -1.4489785582660097     
   109.80000000000000        11.680000000000000       -1.4709645359220456     
   111.59999999999999        11.680000000000000       -1.4933330149861690     
   113.40000000000001        11.680000000000000       -1.5159729268048074     
   115.20000000000002        11.680000000000000       -1.5387882961544095     
   117.00000000000000        11.680000000000000       -1.5616936112903004     
   118.80000000000003        11.680000000000000       -1.5846184920285578     
   120.60000000000001        11.680000000000000       -1.6075038066415051     
   122.40000000000002        11.680000000000000       -1.6303016209700116     
   124.20000000000000        11.680000000000000       -1.6529681906278795     
   126.00000000000000        11.680000000000000       -1.6754660564451875     
   127.80000000000001        11.680000000000000       -1.6977603053280825     
   129.60000000000002        11.680000000000000       -1.7198131563084309     
   131.40000000000001        11.680000000000000       -1.7415868781987396     
   133.20000000000002        11.680000000000000       -1.7630377175207423     
   135.00000000000000        11.680000000000000       -1.7841134445469127     
   136.79999999999998        11.680000000000000       -1.8047602641028273     
   138.59999999999999        11.680000000000000       -1.8249121148947081     
   140.40000000000001        11.680000000000000       -1.8445006634304255     
   142.20000000000002        11.680000000000000       -1.8634514392742640     
   144.00000000000000        11.680000000000000       -1.8816880033720516     
   145.79999999999998        11.680000000000000       -1.8991334641106272     
   147.59999999999999        11.680000000000000       -1.9157125930042451     
   149.40000000000003        11.680000000000000       -1.9313576064192508     
   151.20000000000002        11.680000000000000       -1.9460080244336886     
   153.00000000000000        11.680000000000000       -1.9596162433405366     
   154.79999999999998        11.680000000000000       -1.9721382901948477     
   156.59999999999997        11.680000000000000       -1.9835618962672428     
   158.39999999999998        11.680000000000000       -1.9938751879727461     
   160.20000000000002        11.680000000000000       -2.0030869764758732     
   162.00000000000000        11.680000000000000       -2.0112317155496804     
   163.79999999999998        11.680000000000000       -2.0183281874881520     
   165.59999999999999        11.680000000000000       -2.0244417427807511     
   167.40000000000001        11.680000000000000       -2.0296282435104329     
   169.19999999999999        11.680000000000000       -2.0339444425154731     
   171.00000000000000        11.680000000000000       -2.0374628482427792     
   172.80000000000001        11.680000000000000       -2.0402363522837175     
   174.59999999999999        11.680000000000000       -2.0423327603804537     
   176.40000000000001        11.680000000000000       -2.0437879668547336     
   178.20000000000002        11.680000000000000       -2.0451844984212828     
   180.00000000000000        11.680000000000000       -2.0449318842315378     
   0.0000000000000000        11.760000000000000       -2.9354997686999935     
   1.8000000000000003        11.760000000000000       -2.9330853058935151     
   3.6000000000000005        11.760000000000000       -2.9258436531354808     
   5.4000000000000004        11.760000000000000       -2.9138534402986114     
   7.2000000000000011        11.760000000000000       -2.8971939263233852     
   9.0000000000000000        11.760000000000000       -2.8760197856083236     
   10.800000000000001        11.760000000000000       -2.8504779135337786     
   12.600000000000001        11.760000000000000       -2.8207888835696537     
   14.400000000000002        11.760000000000000       -2.7871518311150472     
   16.200000000000003        11.760000000000000       -2.7498396988718521     
   18.000000000000000        11.760000000000000       -2.7091066397825307     
   19.799999999999997        11.760000000000000       -2.6652004492120525     
   21.600000000000001        11.760000000000000       -2.6184658651773960     
   23.400000000000002        11.760000000000000       -2.5691518934350701     
   25.200000000000003        11.760000000000000       -2.5175588544749652     
   27.000000000000000        11.760000000000000       -2.4640250722326007     
   28.800000000000004        11.760000000000000       -2.4088030658843693     
   30.600000000000005        11.760000000000000       -2.3522144782655983     
   32.400000000000006        11.760000000000000       -2.2945633579249276     
   34.199999999999996        11.760000000000000       -2.2361342364152446     
   36.000000000000000        11.760000000000000       -2.1772089261068484     
   37.800000000000004        11.760000000000000       -2.1180753091991034     
   39.599999999999994        11.760000000000000       -2.0590210647693112     
   41.399999999999999        11.760000000000000       -2.0003281984703789     
   43.200000000000003        11.760000000000000       -1.9422504364614621     
   45.000000000000000        11.760000000000000       -1.8850842833743302     
   46.800000000000004        11.760000000000000       -1.8290492078829896     
   48.599999999999994        11.760000000000000       -1.7744262888624964     
   50.400000000000006        11.760000000000000       -1.7214334855363511     
   52.200000000000003        11.760000000000000       -1.6702946847522004     
   54.000000000000000        11.760000000000000       -1.6212481505064480     
   55.799999999999997        11.760000000000000       -1.5744630683143042     
   57.600000000000009        11.760000000000000       -1.5301300259119932     
   59.400000000000013        11.760000000000000       -1.4884061608472858     
   61.200000000000010        11.760000000000000       -1.4494272376376802     
   63.000000000000000        11.760000000000000       -1.4133146646986472     
   64.800000000000011        11.760000000000000       -1.3801660123429731     
   66.600000000000009        11.760000000000000       -1.3500541228764580     
   68.399999999999991        11.760000000000000       -1.3230271157714542     
   70.200000000000003        11.760000000000000       -1.2991186495535176     
   72.000000000000000        11.760000000000000       -1.2783483102717494     
   73.799999999999997        11.760000000000000       -1.2606834814671983     
   75.600000000000009        11.760000000000000       -1.2461163142696725     
   77.399999999999991        11.760000000000000       -1.2345897746382803     
   79.199999999999989        11.760000000000000       -1.2260367991025583     
   81.000000000000000        11.760000000000000       -1.2203715656761702     
   82.799999999999997        11.760000000000000       -1.2175071788407834     
   84.599999999999994        11.760000000000000       -1.2173223536974220     
   86.400000000000006        11.760000000000000       -1.2196961732703309     
   88.200000000000003        11.760000000000000       -1.2244994483363372     
   90.000000000000000        11.760000000000000       -1.2315748687829098     
   91.799999999999997        11.760000000000000       -1.2407708406980440     
   93.600000000000009        11.760000000000000       -1.2519287850600922     
   95.400000000000006        11.760000000000000       -1.2648730073107561     
   97.199999999999989        11.760000000000000       -1.2794334975653425     
   99.000000000000014        11.760000000000000       -1.2954407407670221     
   100.80000000000001        11.760000000000000       -1.3127150540574868     
   102.59999999999999        11.760000000000000       -1.3310926623348880     
   104.40000000000001        11.760000000000000       -1.3504056754141620     
   106.19999999999999        11.760000000000000       -1.3704979439183653     
   108.00000000000000        11.760000000000000       -1.3912211076006025     
   109.80000000000000        11.760000000000000       -1.4124440842088699     
   111.59999999999999        11.760000000000000       -1.4340388097728882     
   113.40000000000001        11.760000000000000       -1.4558966340418136     
   115.20000000000002        11.760000000000000       -1.4779230214379266     
   117.00000000000000        11.760000000000000       -1.5000331491225365     
   118.80000000000003        11.760000000000000       -1.5221564881177114     
   120.60000000000001        11.760000000000000       -1.5442331588552698     
   122.40000000000002        11.760000000000000       -1.5662139251574092     
   124.20000000000000        11.760000000000000       -1.5880537415370046     
   126.00000000000000        11.760000000000000       -1.6097137619539383     
   127.80000000000001        11.760000000000000       -1.6311578670842588     
   129.60000000000002        11.760000000000000       -1.6523477954543906     
   131.40000000000001        11.760000000000000       -1.6732456812479259     
   133.20000000000002        11.760000000000000       -1.6938085943043359     
   135.00000000000000        11.760000000000000       -1.7139864396051772     
   136.79999999999998        11.760000000000000       -1.7337277813128613     
   138.59999999999999        11.760000000000000       -1.7529707854499406     
   140.40000000000001        11.760000000000000       -1.7716516509172988     
   142.20000000000002        11.760000000000000       -1.7897015266502452     
   144.00000000000000        11.760000000000000       -1.8070501590871302     
   145.79999999999998        11.760000000000000       -1.8236270205144445     
   147.59999999999999        11.760000000000000       -1.8393636380527338     
   149.40000000000003        11.760000000000000       -1.8541989037390552     
   151.20000000000002        11.760000000000000       -1.8680784590962562     
   153.00000000000000        11.760000000000000       -1.8809601929583564     
   154.79999999999998        11.760000000000000       -1.8928050212174521     
   156.59999999999997        11.760000000000000       -1.9036041367012642     
   158.39999999999998        11.760000000000000       -1.9133484076206042     
   160.20000000000002        11.760000000000000       -1.9220481013499231     
   162.00000000000000        11.760000000000000       -1.9297374321081664     
   163.79999999999998        11.760000000000000       -1.9364352848067750     
   165.59999999999999        11.760000000000000       -1.9422044122227464     
   167.40000000000001        11.760000000000000       -1.9470981915215824     
   169.19999999999999        11.760000000000000       -1.9511706079975986     
   171.00000000000000        11.760000000000000       -1.9544903164105216     
   172.80000000000001        11.760000000000000       -1.9571073153119303     
   174.59999999999999        11.760000000000000       -1.9590855450073186     
   176.40000000000001        11.760000000000000       -1.9604588283465767     
   178.20000000000002        11.760000000000000       -1.9617787054585891     
   180.00000000000000        11.760000000000000       -1.9615384098902475     
   0.0000000000000000        11.840000000000000       -2.8097876724975634     
   1.8000000000000003        11.840000000000000       -2.8074969852881932     
   3.6000000000000005        11.840000000000000       -2.8006265860153241     
   5.4000000000000004        11.840000000000000       -2.7892493457342842     
   7.2000000000000011        11.840000000000000       -2.7734388725816430     
   9.0000000000000000        11.840000000000000       -2.7533387405118344     
   10.800000000000001        11.840000000000000       -2.7290855886532293     
   12.600000000000001        11.840000000000000       -2.7008846447240544     
   14.400000000000002        11.840000000000000       -2.6689216824194788     
   16.200000000000003        11.840000000000000       -2.6334514896931549     
   18.000000000000000        11.840000000000000       -2.5947120341864895     
   19.799999999999997        11.840000000000000       -2.5529359410068326     
   21.600000000000001        11.840000000000000       -2.5084469690679678     
   23.400000000000002        11.840000000000000       -2.4614803563361365     
   25.200000000000003        11.840000000000000       -2.4123199701033782     
   27.000000000000000        11.840000000000000       -2.3612861943938674     
   28.800000000000004        11.840000000000000       -2.3086196592286274     
   30.600000000000005        11.840000000000000       -2.2546265829758378     
   32.400000000000006        11.840000000000000       -2.1995973606129966     
   34.199999999999996        11.840000000000000       -2.1438045082952106     
   36.000000000000000        11.840000000000000       -2.0875183460123465     
   37.800000000000004        11.840000000000000       -2.0310152295443755     
   39.599999999999994        11.840000000000000       -1.9745715388675735     
   41.399999999999999        11.840000000000000       -1.9184583831622453     
   43.200000000000003        11.840000000000000       -1.8629199682936077     
   45.000000000000000        11.840000000000000       -1.8082411395760938     
   46.800000000000004        11.840000000000000       -1.7546332644163034     
   48.599999999999994        11.840000000000000       -1.7023662556594008     
   50.400000000000006        11.840000000000000       -1.6516497115055815     
   52.200000000000003        11.840000000000000       -1.6026987300520934     
   54.000000000000000        11.840000000000000       -1.5557420452942947     
   55.799999999999997        11.840000000000000       -1.5109423764158663     
   57.600000000000009        11.840000000000000       -1.4684828516133852     
   59.400000000000013        11.840000000000000       -1.4285146699439508     
   61.200000000000010        11.840000000000000       -1.3911686597806376     
   63.000000000000000        11.840000000000000       -1.3565620098366380     
   64.800000000000011        11.840000000000000       -1.3247892172760651     
   66.600000000000009        11.840000000000000       -1.2959212298027116     
   68.399999999999991        11.840000000000000       -1.2700054303594215     
   70.200000000000003        11.840000000000000       -1.2470754358652472     
   72.000000000000000        11.840000000000000       -1.2271514505888168     
   73.799999999999997        11.840000000000000       -1.2102036811537880     
   75.600000000000009        11.840000000000000       -1.1962260653726464     
   77.399999999999991        11.840000000000000       -1.1851653546257257     
   79.199999999999989        11.840000000000000       -1.1769586104125016     
   81.000000000000000        11.840000000000000       -1.1715248086856587     
   82.799999999999997        11.840000000000000       -1.1687818138776387     
   84.599999999999994        11.840000000000000       -1.1686143630510157     
   86.400000000000006        11.840000000000000       -1.1709074540884956     
   88.200000000000003        11.840000000000000       -1.1755380602344627     
   90.000000000000000        11.840000000000000       -1.1823560215321718     
   91.799999999999997        11.840000000000000       -1.1912166065687124     
   93.600000000000009        11.840000000000000       -1.2019682981420847     
   95.400000000000006        11.840000000000000       -1.2144430019035735     
   97.199999999999989        11.840000000000000       -1.2284780043591883     
   99.000000000000014        11.840000000000000       -1.2439109533767130     
   100.80000000000001        11.840000000000000       -1.2605694979174611     
   102.59999999999999        11.840000000000000       -1.2782964463252924     
   104.40000000000001        11.840000000000000       -1.2969303416699716     
   106.19999999999999        11.840000000000000       -1.3163207472027132     
   108.00000000000000        11.840000000000000       -1.3363243678350272     
   109.80000000000000        11.840000000000000       -1.3568142144085340     
   111.59999999999999        11.840000000000000       -1.3776657353759330     
   113.40000000000001        11.840000000000000       -1.3987727281319606     
   115.20000000000002        11.840000000000000       -1.4200421976117283     
   117.00000000000000        11.840000000000000       -1.4413901631949875     
   118.80000000000003        11.840000000000000       -1.4627461560535338     
   120.60000000000001        11.840000000000000       -1.4840497936497217     
   122.40000000000002        11.840000000000000       -1.5052508165464527     
   124.20000000000000        11.840000000000000       -1.5263031372793248     
   126.00000000000000        11.840000000000000       -1.5471667743302147     
   127.80000000000001        11.840000000000000       -1.5678046233754981     
   129.60000000000002        11.840000000000000       -1.5881780794322764     
   131.40000000000001        11.840000000000000       -1.6082492409432327     
   133.20000000000002        11.840000000000000       -1.6279759997313470     
   135.00000000000000        11.840000000000000       -1.6473102566156606     
   136.79999999999998        11.840000000000000       -1.6662027839878513     
   138.59999999999999        11.840000000000000       -1.6845956249293996     
   140.40000000000001        11.840000000000000       -1.7024291393856072     
   142.20000000000002        11.840000000000000       -1.7196396085907530     
   144.00000000000000        11.840000000000000       -1.7361624158519999     
   145.79999999999998        11.840000000000000       -1.7519328339692053     
   147.59999999999999        11.840000000000000       -1.7668885262611551     
   149.40000000000003        11.840000000000000       -1.7809744228698901     
   151.20000000000002        11.840000000000000       -1.7941416974040474     
   153.00000000000000        11.840000000000000       -1.8063531721336727     
   154.79999999999998        11.840000000000000       -1.8175741637146061     
   156.59999999999997        11.840000000000000       -1.8277988861357763     
   158.39999999999998        11.840000000000000       -1.8370206099909197     
   160.20000000000002        11.840000000000000       -1.8452507992260554     
   162.00000000000000        11.840000000000000       -1.8525232801259781     
   163.79999999999998        11.840000000000000       -1.8588569222810556     
   165.59999999999999        11.840000000000000       -1.8643119094660341     
   167.40000000000001        11.840000000000000       -1.8689391937020787     
   169.19999999999999        11.840000000000000       -1.8727900877307573     
   171.00000000000000        11.840000000000000       -1.8759295607407815     
   172.80000000000001        11.840000000000000       -1.8784048505974937     
   174.59999999999999        11.840000000000000       -1.8802762261546346     
   176.40000000000001        11.840000000000000       -1.8815755431078709     
   178.20000000000002        11.840000000000000       -1.8828258465316188     
   180.00000000000000        11.840000000000000       -1.8825970902407161     
   0.0000000000000000        11.920000000000000       -2.6900322771642919     
   1.8000000000000003        11.920000000000000       -2.6878578348967874     
   3.6000000000000005        11.920000000000000       -2.6813361003717167     
   5.4000000000000004        11.920000000000000       -2.6705346720006609     
   7.2000000000000011        11.920000000000000       -2.6555219756329791     
   9.0000000000000000        11.920000000000000       -2.6364314091193832     
   10.800000000000001        11.920000000000000       -2.6133901930884926     
   12.600000000000001        11.920000000000000       -2.5865894595075836     
   14.400000000000002        11.920000000000000       -2.5562026796973134     
   16.200000000000003        11.920000000000000       -2.5224679160868013     
   18.000000000000000        11.920000000000000       -2.4856081806126742     
   19.799999999999997        11.920000000000000       -2.4458420410881372     
   21.600000000000001        11.920000000000000       -2.4034738073617996     
   23.400000000000002        11.920000000000000       -2.3587258599283341     
   25.200000000000003        11.920000000000000       -2.3118666890197401     
   27.000000000000000        11.920000000000000       -2.2631998667937627     
   28.800000000000004        11.920000000000000       -2.2129547648401959     
   30.600000000000005        11.920000000000000       -2.1614230193663988     
   32.400000000000006        11.920000000000000       -2.1088820371849986     
   34.199999999999996        11.920000000000000       -2.0555928342977787     
   36.000000000000000        11.920000000000000       -2.0018146909851264     
   37.800000000000004        11.920000000000000       -1.9478128688325647     
   39.599999999999994        11.920000000000000       -1.8938528497872027     
   41.399999999999999        11.920000000000000       -1.8401952146455014     
   43.200000000000003        11.920000000000000       -1.7870749409420297     
   45.000000000000000        11.920000000000000       -1.7347656313241093     
   46.800000000000004        11.920000000000000       -1.6834707878975217     
   48.599999999999994        11.920000000000000       -1.6334495711420851     
   50.400000000000006        11.920000000000000       -1.5849035002964811     
   52.200000000000003        11.920000000000000       -1.5380392045998796     
   54.000000000000000        11.920000000000000       -1.4930762554761308     
   55.799999999999997        11.920000000000000       -1.4501711306567078     
   57.600000000000009        11.920000000000000       -1.4094997782250565     
   59.400000000000013        11.920000000000000       -1.3712076658500745     
   61.200000000000010        11.920000000000000       -1.3354208436768358     
   63.000000000000000        11.920000000000000       -1.3022524008716150     
   64.800000000000011        11.920000000000000       -1.2717938223779355     
   66.600000000000009        11.920000000000000       -1.2441141619400349     
   68.399999999999991        11.920000000000000       -1.2192600088386285     
   70.200000000000003        11.920000000000000       -1.1972648464436344     
   72.000000000000000        11.920000000000000       -1.1781493738904536     
   73.799999999999997        11.920000000000000       -1.1618864027432316     
   75.600000000000009        11.920000000000000       -1.1484714882526577     
   77.399999999999991        11.920000000000000       -1.1378549188658942     
   79.199999999999989        11.920000000000000       -1.1299776278858271     
   81.000000000000000        11.920000000000000       -1.1247631189262892     
   82.799999999999997        11.920000000000000       -1.1221337584448705     
   84.599999999999994        11.920000000000000       -1.1219800082911064     
   86.400000000000006        11.920000000000000       -1.1241924990665666     
   88.200000000000003        11.920000000000000       -1.1286540837183507     
   90.000000000000000        11.920000000000000       -1.1352214399736336     
   91.799999999999997        11.920000000000000       -1.1437564041664057     
   93.600000000000009        11.920000000000000       -1.1541142238790099     
   95.400000000000006        11.920000000000000       -1.1661340930857944     
   97.199999999999989        11.920000000000000       -1.1796602990602132     
   99.000000000000014        11.920000000000000       -1.1945373675353370     
   100.80000000000001        11.920000000000000       -1.2105999963792904     
   102.59999999999999        11.920000000000000       -1.2276973310283432     
   104.40000000000001        11.920000000000000       -1.2456741204449191     
   106.19999999999999        11.920000000000000       -1.2643854548590152     
   108.00000000000000        11.920000000000000       -1.2836929607522971     
   109.80000000000000        11.920000000000000       -1.3034736548786576     
   111.59999999999999        11.920000000000000       -1.3236064537643040     
   113.40000000000001        11.920000000000000       -1.3439876190660973     
   115.20000000000002        11.920000000000000       -1.3645257687968755     
   117.00000000000000        11.920000000000000       -1.3851378784977459     
   118.80000000000003        11.920000000000000       -1.4057536970777056     
   120.60000000000001        11.920000000000000       -1.4263125251191000     
   122.40000000000002        11.920000000000000       -1.4467632927407608     
   124.20000000000000        11.920000000000000       -1.4670590691061547     
   126.00000000000000        11.920000000000000       -1.4871589303216954     
   127.80000000000001        11.920000000000000       -1.5070249573302776     
   129.60000000000002        11.920000000000000       -1.5266183075357187     
   131.40000000000001        11.920000000000000       -1.5459011200800199     
   133.20000000000002        11.920000000000000       -1.5648321081205936     
   135.00000000000000        11.920000000000000       -1.5833650618417314     
   136.79999999999998        11.920000000000000       -1.6014528451380012     
   138.59999999999999        11.920000000000000       -1.6190411083300755     
   140.40000000000001        11.920000000000000       -1.6360740854774882     
   142.20000000000002        11.920000000000000       -1.6524928139202844     
   144.00000000000000        11.920000000000000       -1.6682378899583161     
   145.79999999999998        11.920000000000000       -1.6832499510691814     
   147.59999999999999        11.920000000000000       -1.6974723180343188     
   149.40000000000003        11.920000000000000       -1.7108554670787051     
   151.20000000000002        11.920000000000000       -1.7233556490141981     
   153.00000000000000        11.920000000000000       -1.7349401891459251     
   154.79999999999998        11.920000000000000       -1.7455784285812417     
   156.59999999999997        11.920000000000000       -1.7552672670525256     
   158.39999999999998        11.920000000000000       -1.7640021186749675     
   160.20000000000002        11.920000000000000       -1.7717954488694041     
   162.00000000000000        11.920000000000000       -1.7786805895417506     
   163.79999999999998        11.920000000000000       -1.7846763090376057     
   165.59999999999999        11.920000000000000       -1.7898402553624750     
   167.40000000000001        11.920000000000000       -1.7942210107431089     
   169.19999999999999        11.920000000000000       -1.7978672976698207     
   171.00000000000000        11.920000000000000       -1.8008405403572489     
   172.80000000000001        11.920000000000000       -1.8031853260858024     
   174.59999999999999        11.920000000000000       -1.8049584117581821     
   176.40000000000001        11.920000000000000       -1.8061897717405253     
   178.20000000000002        11.920000000000000       -1.8073758622626821     
   180.00000000000000        11.920000000000000       -1.8071580396922609     
   0.0000000000000000        12.000000000000000       -2.5771099479576027     
   1.8000000000000003        12.000000000000000       -2.5750432956841736     
   3.6000000000000005        12.000000000000000       -2.5688448648012114     
   5.4000000000000004        12.000000000000000       -2.5585775144540559     
   7.2000000000000011        12.000000000000000       -2.5443050027780889     
   9.0000000000000000        12.000000000000000       -2.5261515664618202     
   10.800000000000001        12.000000000000000       -2.5042359286012665     
   12.600000000000001        12.000000000000000       -2.4787364998250849     
   14.400000000000002        12.000000000000000       -2.4498156158532818     
   16.200000000000003        12.000000000000000       -2.4176961885041948     
   18.000000000000000        12.000000000000000       -2.3825876321421937     
   19.799999999999997        12.000000000000000       -2.3446956895296993     
   21.600000000000001        12.000000000000000       -2.3043069161835983     
   23.400000000000002        12.000000000000000       -2.2616318506896009     
   25.200000000000003        12.000000000000000       -2.2169248077877630     
   27.000000000000000        12.000000000000000       -2.1704738112271049     
   28.800000000000004        12.000000000000000       -2.1224976911106492     
   30.600000000000005        12.000000000000000       -2.0732744564035288     
   32.400000000000006        12.000000000000000       -2.0230692884561323     
   34.199999999999996        12.000000000000000       -1.9721323019025268     
   36.000000000000000        12.000000000000000       -1.9207122687232734     
   37.800000000000004        12.000000000000000       -1.8690638668983675     
   39.599999999999994        12.000000000000000       -1.8174421576090722     
   41.399999999999999        12.000000000000000       -1.7660976343259744     
   43.200000000000003        12.000000000000000       -1.7152564011330254     
   45.000000000000000        12.000000000000000       -1.6651813134900106     
   46.800000000000004        12.000000000000000       -1.6160682973824436     
   48.599999999999994        12.000000000000000       -1.5681662505234648     
   50.400000000000006        12.000000000000000       -1.5216689512531711     
   52.200000000000003        12.000000000000000       -1.4767749393240308     
   54.000000000000000        12.000000000000000       -1.4336950560117803     
   55.799999999999997        12.000000000000000       -1.3925798056110703     
   57.600000000000009        12.000000000000000       -1.3535982857295299     
   59.400000000000013        12.000000000000000       -1.3168904789030693     
   61.200000000000010        12.000000000000000       -1.2825778466750730     
   63.000000000000000        12.000000000000000       -1.2507695250279092     
   64.800000000000011        12.000000000000000       -1.2215540652198829     
   66.600000000000009        12.000000000000000       -1.1949986364760325     
   68.399999999999991        12.000000000000000       -1.1711489774819104     
   70.200000000000003        12.000000000000000       -1.1500383410354966     
   72.000000000000000        12.000000000000000       -1.1316877877330023     
   73.799999999999997        12.000000000000000       -1.1160724904505583     
   75.600000000000009        12.000000000000000       -1.1031894341418191     
   77.399999999999991        12.000000000000000       -1.0929921637833151     
   79.199999999999989        12.000000000000000       -1.0854251969728290     
   81.000000000000000        12.000000000000000       -1.0804162560534221     
   82.799999999999997        12.000000000000000       -1.0778919134042853     
   84.599999999999994        12.000000000000000       -1.0777480122605434     
   86.400000000000006        12.000000000000000       -1.0798804886202045     
   88.200000000000003        12.000000000000000       -1.0841777458402337     
   90.000000000000000        12.000000000000000       -1.0905029343451034     
   91.799999999999997        12.000000000000000       -1.0987241131441707     
   93.600000000000009        12.000000000000000       -1.1087029463247939     
   95.400000000000006        12.000000000000000       -1.1202855502361144     
   97.199999999999989        12.000000000000000       -1.1333228657173584     
   99.000000000000014        12.000000000000000       -1.1476659612813618     
   100.80000000000001        12.000000000000000       -1.1631562509528703     
   102.59999999999999        12.000000000000000       -1.1796489267464008     
   104.40000000000001        12.000000000000000       -1.1969946747284008     
   106.19999999999999        12.000000000000000       -1.2150538912521656     
   108.00000000000000        12.000000000000000       -1.2336929517495552     
   109.80000000000000        12.000000000000000       -1.2527927707512907     
   111.59999999999999        12.000000000000000       -1.2722356739268874     
   113.40000000000001        12.000000000000000       -1.2919203979818246     
   115.20000000000002        12.000000000000000       -1.3117572487370106     
   117.00000000000000        12.000000000000000       -1.3316642804005667     
   118.80000000000003        12.000000000000000       -1.3515716322433524     
   120.60000000000001        12.000000000000000       -1.3714184937001281     
   122.40000000000002        12.000000000000000       -1.3911532210331554     
   124.20000000000000        12.000000000000000       -1.4107282617645280     
   126.00000000000000        12.000000000000000       -1.4301019657373826     
   127.80000000000001        12.000000000000000       -1.4492357900757629     
   129.60000000000002        12.000000000000000       -1.4680907737097597     
   131.40000000000001        12.000000000000000       -1.4866291823643119     
   133.20000000000002        12.000000000000000       -1.5048105498401643     
   135.00000000000000        12.000000000000000       -1.5225904361324074     
   136.79999999999998        12.000000000000000       -1.5399236645307859     
   138.59999999999999        12.000000000000000       -1.5567591887239631     
   140.40000000000001        12.000000000000000       -1.5730447927263969     
   142.20000000000002        12.000000000000000       -1.5887258453362563     
   144.00000000000000        12.000000000000000       -1.6037476772969095     
   145.79999999999998        12.000000000000000       -1.6180557980821120     
   147.59999999999999        12.000000000000000       -1.6315986454031723     
   149.40000000000003        12.000000000000000       -1.6443316870534952     
   151.20000000000002        12.000000000000000       -1.6562157383586129     
   153.00000000000000        12.000000000000000       -1.6672221440408741     
   154.79999999999998        12.000000000000000       -1.6773238460983622     
   156.59999999999997        12.000000000000000       -1.6865200577446366     
   158.39999999999998        12.000000000000000       -1.6948080488771766     
   160.20000000000002        12.000000000000000       -1.7022010732817301     
   162.00000000000000        12.000000000000000       -1.7087318587671871     
   163.79999999999998        12.000000000000000       -1.7144189820784850     
   165.59999999999999        12.000000000000000       -1.7193176068602600     
   167.40000000000001        12.000000000000000       -1.7234740195095213     
   169.19999999999999        12.000000000000000       -1.7269344562907214     
   171.00000000000000        12.000000000000000       -1.7297569684652330     
   172.80000000000001        12.000000000000000       -1.7319836267445532     
   174.59999999999999        12.000000000000000       -1.7336678680404545     
   176.40000000000001        12.000000000000000       -1.7348378887319063     
   178.20000000000002        12.000000000000000       -1.7359656872348184     
   180.00000000000000        12.000000000000000       -1.7357581090629806     
