   0.0000000000000000        4.0000000000000000        32358.890803198447     
   1.8000000000000003        4.0000000000000000        32329.441067744458     
   3.6000000000000005        4.0000000000000000        32241.118059098964     
   5.4000000000000004        4.0000000000000000        32094.325885664704     
   7.2000000000000011        4.0000000000000000        31889.513431484866     
   9.0000000000000000        4.0000000000000000        31627.516432026077     
   10.800000000000001        4.0000000000000000        31309.190881969796     
   12.600000000000001        4.0000000000000000        30935.800869252387     
   14.400000000000002        4.0000000000000000        30508.584363333801     
   16.200000000000003        4.0000000000000000        30029.227677251911     
   18.000000000000000        4.0000000000000000        29499.427785472308     
   19.799999999999997        4.0000000000000000        28920.946206439654     
   21.600000000000001        4.0000000000000000        28296.193825060684     
   23.400000000000002        4.0000000000000000        27627.183974589199     
   25.200000000000003        4.0000000000000000        26916.341472617038     
   27.000000000000000        4.0000000000000000        26166.475640691424     
   28.800000000000004        4.0000000000000000        25379.996554801590     
   30.600000000000005        4.0000000000000000        24559.886634890594     
   32.400000000000006        4.0000000000000000        23709.159414338050     
   34.199999999999996        4.0000000000000000        22830.818030727896     
   36.000000000000000        4.0000000000000000        21927.956228120369     
   37.800000000000004        4.0000000000000000        21003.820476360001     
   39.599999999999994        4.0000000000000000        20061.761612850896     
   41.399999999999999        4.0000000000000000        19105.184836456327     
   43.200000000000003        4.0000000000000000        18137.342294803988     
   45.000000000000000        4.0000000000000000        17161.943192576444     
   46.800000000000004        4.0000000000000000        16182.098984679957     
   48.599999999999994        4.0000000000000000        15201.559936622409     
   50.400000000000006        4.0000000000000000        14223.585325889529     
   52.200000000000003        4.0000000000000000        13251.574681312493     
   54.000000000000000        4.0000000000000000        12289.182976428026     
   55.799999999999997        4.0000000000000000        11339.483377995102     
   57.600000000000009        4.0000000000000000        10405.881507046552     
   59.400000000000013        4.0000000000000000        9491.5626210138071     
   61.200000000000010        4.0000000000000000        8599.6106364328625     
   63.000000000000000        4.0000000000000000        7733.0881091005049     
   64.800000000000011        4.0000000000000000        6894.9280471710463     
   66.600000000000009        4.0000000000000000        6087.9110790072828     
   68.399999999999991        4.0000000000000000        5314.6480693677277     
   70.200000000000003        4.0000000000000000        4577.6992909024757     
   72.000000000000000        4.0000000000000000        3879.5815614185931     
   73.799999999999997        4.0000000000000000        3222.1959262411501     
   75.600000000000009        4.0000000000000000        2607.9147880513710     
   77.399999999999991        4.0000000000000000        2038.4886241443728     
   79.199999999999989        4.0000000000000000        1515.5884964819425     
   81.000000000000000        4.0000000000000000        1040.6480570367348     
   82.799999999999997        4.0000000000000000        615.16583743735646     
   84.599999999999994        4.0000000000000000        240.07141168802627     
   86.400000000000006        4.0000000000000000       -83.662451908523508     
   88.200000000000003        4.0000000000000000       -355.16905137831782     
   90.000000000000000        4.0000000000000000       -574.18396840978494     
   91.799999999999997        4.0000000000000000       -740.32773997973163     
   93.600000000000009        4.0000000000000000       -853.38868511827059     
   95.400000000000006        4.0000000000000000       -913.68372386452211     
   97.199999999999989        4.0000000000000000       -921.48952916202506     
   99.000000000000014        4.0000000000000000       -877.18995414535675     
   100.80000000000001        4.0000000000000000       -781.77041503396140     
   102.59999999999999        4.0000000000000000       -635.92943863168512     
   104.40000000000001        4.0000000000000000       -440.94616386841881     
   106.19999999999999        4.0000000000000000       -198.12529695002104     
   108.00000000000000        4.0000000000000000        90.931672452584280     
   109.80000000000000        4.0000000000000000        424.85572574669914     
   111.59999999999999        4.0000000000000000        801.45899629453834     
   113.40000000000001        4.0000000000000000        1218.7915342797714     
   115.20000000000002        4.0000000000000000        1674.8555779352391     
   117.00000000000000        4.0000000000000000        2167.1692234624670     
   118.80000000000003        4.0000000000000000        2693.2901885997630     
   120.60000000000001        4.0000000000000000        3250.6184378801436     
   122.40000000000002        4.0000000000000000        3836.6331108246495     
   124.20000000000000        4.0000000000000000        4448.3571119247745     
   126.00000000000000        4.0000000000000000        5082.9200873997461     
   127.80000000000001        4.0000000000000000        5737.4390917186183     
   129.60000000000002        4.0000000000000000        6408.7134026769709     
   131.40000000000001        4.0000000000000000        7093.8109355409906     
   133.20000000000002        4.0000000000000000        7789.6186564610252     
   135.00000000000000        4.0000000000000000        8492.7271063754488     
   136.79999999999998        4.0000000000000000        9200.2998591680553     
   138.59999999999999        4.0000000000000000        9908.8443821478977     
   140.40000000000001        4.0000000000000000        10615.333888043839     
   142.20000000000002        4.0000000000000000        11316.546494410333     
   144.00000000000000        4.0000000000000000        12009.312572449780     
   145.79999999999998        4.0000000000000000        12690.721927228093     
   147.59999999999999        4.0000000000000000        13357.744731229301     
   149.40000000000003        4.0000000000000000        14007.279668780502     
   151.20000000000002        4.0000000000000000        14636.520461900891     
   153.00000000000000        4.0000000000000000        15242.640249105189     
   154.79999999999998        4.0000000000000000        15823.261759709250     
   156.59999999999997        4.0000000000000000        16375.497397824325     
   158.39999999999998        4.0000000000000000        16897.121735746376     
   160.20000000000002        4.0000000000000000        17385.854137922943     
   162.00000000000000        4.0000000000000000        17839.385599045519     
   163.79999999999998        4.0000000000000000        18256.070549165015     
   165.59999999999999        4.0000000000000000        18633.829404886637     
   167.40000000000001        4.0000000000000000        18971.064610092322     
   169.19999999999999        4.0000000000000000        19266.392230627524     
   171.00000000000000        4.0000000000000000        19518.436275707016     
   172.80000000000001        4.0000000000000000        19726.211859051917     
   174.59999999999999        4.0000000000000000        19888.701648101716     
   176.40000000000001        4.0000000000000000        20005.325676176144     
   178.20000000000002        4.0000000000000000        20101.928051671606     
   180.00000000000000        4.0000000000000000        20098.903269789298     
   0.0000000000000000        4.0800000000000001        28202.270269468601     
   1.8000000000000003        4.0800000000000001        28176.602603225299     
   3.6000000000000005        4.0800000000000001        28099.622442314419     
   5.4000000000000004        4.0800000000000001        27971.681496366014     
   7.2000000000000011        4.0800000000000001        27793.170521295324     
   9.0000000000000000        4.0800000000000001        27564.816922850907     
   10.800000000000001        4.0800000000000001        27287.365823387245     
   12.600000000000001        4.0800000000000001        26961.917474627666     
   14.400000000000002        4.0800000000000001        26589.549495698855     
   16.200000000000003        4.0800000000000001        26171.729651541333     
   18.000000000000000        4.0800000000000001        25709.935071523731     
   19.799999999999997        4.0800000000000001        25205.699126160638     
   21.600000000000001        4.0800000000000001        24661.120218136693     
   23.400000000000002        4.0800000000000001        24077.950969210942     
   25.200000000000003        4.0800000000000001        23458.302075407690     
   27.000000000000000        4.0800000000000001        22804.618833148412     
   28.800000000000004        4.0800000000000001        22118.999280927383     
   30.600000000000005        4.0800000000000001        21404.039474791251     
   32.400000000000006        4.0800000000000001        20662.362619849460     
   34.199999999999996        4.0800000000000001        19896.582956072878     
   36.000000000000000        4.0800000000000001        19109.393628124497     
   37.800000000000004        4.0800000000000001        18303.620727180070     
   39.599999999999994        4.0800000000000001        17482.181217916645     
   41.399999999999999        4.0800000000000001        16648.039431786252     
   43.200000000000003        4.0800000000000001        15804.026617473170     
   45.000000000000000        4.0800000000000001        14953.371729384518     
   46.800000000000004        4.0800000000000001        14098.783750413018     
   48.599999999999994        4.0800000000000001        13243.527489660242     
   50.400000000000006        4.0800000000000001        12390.440662682198     
   52.200000000000003        4.0800000000000001        11542.483063623420     
   54.000000000000000        4.0800000000000001        10702.836780517775     
   55.799999999999997        4.0800000000000001        9874.1777895220239     
   57.600000000000009        4.0800000000000001        9059.4713539573295     
   59.400000000000013        4.0800000000000001        8261.4910738797607     
   61.200000000000010        4.0800000000000001        7482.9224326700742     
   63.000000000000000        4.0800000000000001        6726.4323768027261     
   64.800000000000011        4.0800000000000001        5994.5751914131743     
   66.600000000000009        4.0800000000000001        5289.7726339195542     
   68.399999999999991        4.0800000000000001        4614.2988076213833     
   70.200000000000003        4.0800000000000001        3970.3838375172636     
   72.000000000000000        4.0800000000000001        3360.2200770123118     
   73.799999999999997        4.0800000000000001        2785.4641924784028     
   75.600000000000009        4.0800000000000001        2248.1829566272972     
   77.399999999999991        4.0800000000000001        1749.9020966564949     
   79.199999999999989        4.0800000000000001        1292.0782717891279     
   81.000000000000000        4.0800000000000001        875.96161611092612     
   82.799999999999997        4.0800000000000001        502.85872582744560     
   84.599999999999994        4.0800000000000001        173.58122198069032     
   86.400000000000006        4.0800000000000001       -111.02168409658043     
   88.200000000000003        4.0800000000000001       -350.19304945648219     
   90.000000000000000        4.0800000000000001       -543.69990836744819     
   91.799999999999997        4.0800000000000001       -691.20920403610398     
   93.600000000000009        4.0800000000000001       -792.53384899772482     
   95.400000000000006        4.0800000000000001       -847.94663822098209     
   97.199999999999989        4.0800000000000001       -857.68535772818905     
   99.000000000000014        4.0800000000000001       -822.08104828466185     
   100.80000000000001        4.0800000000000001       -741.98811827053487     
   102.59999999999999        4.0800000000000001       -618.01139846583828     
   104.40000000000001        4.0800000000000001       -451.26086576813395     
   106.19999999999999        4.0800000000000001       -242.86876050036699     
   108.00000000000000        4.0800000000000001        5.7744544059132750     
   109.80000000000000        4.0800000000000001        293.48053874074958     
   111.59999999999999        4.0800000000000001        618.34883124556563     
   113.40000000000001        4.0800000000000001        978.68562565243201     
   115.20000000000002        4.0800000000000001        1372.7555857516058     
   117.00000000000000        4.0800000000000001        1798.4021383037543     
   118.80000000000003        4.0800000000000001        2253.5031414098812     
   120.60000000000001        4.0800000000000001        2735.7991671362170     
   122.40000000000002        4.0800000000000001        3243.0996249961804     
   124.20000000000000        4.0800000000000001        3772.8169561015197     
   126.00000000000000        4.0800000000000001        4322.4564169293499     
   127.80000000000001        4.0800000000000001        4889.5122575346031     
   129.60000000000002        4.0800000000000001        5471.2022102276160     
   131.40000000000001        4.0800000000000001        6064.9776638728799     
   133.20000000000002        4.0800000000000001        6668.1325241389786     
   135.00000000000000        4.0800000000000001        7277.7027478266427     
   136.79999999999998        4.0800000000000001        7891.2227638481709     
   138.59999999999999        4.0800000000000001        8505.6561275194272     
   140.40000000000001        4.0800000000000001        9118.3715227127395     
   142.20000000000002        4.0800000000000001        9726.5678327621008     
   144.00000000000000        4.0800000000000001        10327.489330503488     
   145.79999999999998        4.0800000000000001        10918.605921950388     
   147.59999999999999        4.0800000000000001        11497.283359141822     
   149.40000000000003        4.0800000000000001        12060.825123827741     
   151.20000000000002        4.0800000000000001        12606.791301061268     
   153.00000000000000        4.0800000000000001        13132.723989238300     
   154.79999999999998        4.0800000000000001        13636.556347348265     
   156.59999999999997        4.0800000000000001        14115.777472749076     
   158.39999999999998        4.0800000000000001        14568.452461753572     
   160.20000000000002        4.0800000000000001        14992.598295814549     
   162.00000000000000        4.0800000000000001        15386.207189390629     
   163.79999999999998        4.0800000000000001        15747.848455014522     
   165.59999999999999        4.0800000000000001        16075.713728815477     
   167.40000000000001        4.0800000000000001        16368.413919323666     
   169.19999999999999        4.0800000000000001        16624.745695777587     
   171.00000000000000        4.0800000000000001        16843.512548369508     
   172.80000000000001        4.0800000000000001        17023.858135433424     
   174.59999999999999        4.0800000000000001        17164.897796433099     
   176.40000000000001        4.0800000000000001        17266.127285174127     
   178.20000000000002        4.0800000000000001        17350.031042662991     
   180.00000000000000        4.0800000000000001        17347.352919439385     
   0.0000000000000000        4.1600000000000001        24516.766306116209     
   1.8000000000000003        4.1600000000000001        24494.449524048381     
   3.6000000000000005        4.1600000000000001        24427.519037789047     
   5.4000000000000004        4.1600000000000001        24316.280246163864     
   7.2000000000000011        4.1600000000000001        24161.072513353905     
   9.0000000000000000        4.1600000000000001        23962.527493588936     
   10.800000000000001        4.1600000000000001        23721.292291505066     
   12.600000000000001        4.1600000000000001        23438.322341761817     
   14.400000000000002        4.1600000000000001        23114.553504926182     
   16.200000000000003        4.1600000000000001        22751.260365594811     
   18.000000000000000        4.1600000000000001        22349.725707230275     
   19.799999999999997        4.1600000000000001        21911.281201336111     
   21.600000000000001        4.1600000000000001        21437.749045930163     
   23.400000000000002        4.1600000000000001        20930.651363758028     
   25.200000000000003        4.1600000000000001        20391.821159599873     
   27.000000000000000        4.1600000000000001        19823.381943685494     
   28.800000000000004        4.1600000000000001        19227.155866290363     
   30.600000000000005        4.1600000000000001        18605.397430028068     
   32.400000000000006        4.1600000000000001        17960.384767033807     
   34.199999999999996        4.1600000000000001        17294.388290100640     
   36.000000000000000        4.1600000000000001        16609.746963973899     
   37.800000000000004        4.1600000000000001        15908.915213304786     
   39.599999999999994        4.1600000000000001        15194.426401257932     
   41.399999999999999        4.1600000000000001        14468.855063572420     
   43.200000000000003        4.1600000000000001        13734.660273904103     
   45.000000000000000        4.1600000000000001        12994.646375657479     
   46.800000000000004        4.1600000000000001        12251.166421212209     
   48.599999999999994        4.1600000000000001        11507.055980806075     
   50.400000000000006        4.1600000000000001        10764.779950059088     
   52.200000000000003        4.1600000000000001        10026.909238910455     
   54.000000000000000        4.1600000000000001        9296.2077584450180     
   55.799999999999997        4.1600000000000001        8575.0001506864955     
   57.600000000000009        4.1600000000000001        7865.8622064837318     
   59.400000000000013        4.1600000000000001        7171.2033906016786     
   61.200000000000010        4.1600000000000001        6493.3567199904028     
   63.000000000000000        4.1600000000000001        5834.6391582454398     
   64.800000000000011        4.1600000000000001        5197.2699120382167     
   66.600000000000009        4.1600000000000001        4583.3531847488703     
   68.399999999999991        4.1600000000000001        3994.8650444461132     
   70.200000000000003        4.1600000000000001        3433.7434141556823     
   72.000000000000000        4.1600000000000001        2901.8934572774588     
   73.799999999999997        4.1600000000000001        2400.7553764951263     
   75.600000000000009        4.1600000000000001        1932.1253761311336     
   77.399999999999991        4.1600000000000001        1497.3300441986266     
   79.199999999999989        4.1600000000000001        1097.6360346221481     
   81.000000000000000        4.1600000000000001        734.13074989432880     
   82.799999999999997        4.1600000000000001        407.95061619169883     
   84.599999999999994        4.1600000000000001        119.80242431281113     
   86.400000000000006        4.1600000000000001       -129.57439683303892     
   88.200000000000003        4.1600000000000001       -339.52050200385838     
   90.000000000000000        4.1600000000000001       -509.83136240891508     
   91.799999999999997        4.1600000000000001       -640.21556625410722     
   93.600000000000009        4.1600000000000001       -730.50840557141601     
   95.400000000000006        4.1600000000000001       -780.94436034266892     
   97.199999999999989        4.1600000000000001       -791.72752675980792     
   99.000000000000014        4.1600000000000001       -763.14295453484010     
   100.80000000000001        4.1600000000000001       -695.92999435731690     
   102.59999999999999        4.1600000000000001       -590.61137074072940     
   104.40000000000001        4.1600000000000001       -448.14829711969924     
   106.19999999999999        4.1600000000000001       -269.52132780764441     
   108.00000000000000        4.1600000000000001       -55.935176746101206     
   109.80000000000000        4.1600000000000001        191.58095456449428     
   111.59999999999999        4.1600000000000001        471.37944874606364     
   113.40000000000001        4.1600000000000001        781.99230420886124     
   115.20000000000002        4.1600000000000001        1121.9153571243100     
   117.00000000000000        4.1600000000000001        1489.2787739953646     
   118.80000000000003        4.1600000000000001        1882.2425773654095     
   120.60000000000001        4.1600000000000001        2298.8475902058381     
   122.40000000000002        4.1600000000000001        2737.1943525388660     
   124.20000000000000        4.1600000000000001        3195.0387921633146     
   126.00000000000000        4.1600000000000001        3670.2173632346703     
   127.80000000000001        4.1600000000000001        4160.5569253037393     
   129.60000000000002        4.1600000000000001        4663.6442731668030     
   131.40000000000001        4.1600000000000001        5177.2689748901821     
   133.20000000000002        4.1600000000000001        5699.0838541637277     
   135.00000000000000        4.1600000000000001        6226.5177826762520     
   136.79999999999998        4.1600000000000001        6757.4322645270904     
   138.59999999999999        4.1600000000000001        7289.1932245726020     
   140.40000000000001        4.1600000000000001        7819.5181930798526     
   142.20000000000002        4.1600000000000001        8345.9772560908114     
   144.00000000000000        4.1600000000000001        8866.1798425048310     
   145.79999999999998        4.1600000000000001        9377.9311771854846     
   147.59999999999999        4.1600000000000001        9878.9460188094017     
   149.40000000000003        4.1600000000000001        10366.885014295185     
   151.20000000000002        4.1600000000000001        10839.631485177655     
   153.00000000000000        4.1600000000000001        11295.053077722840     
   154.79999999999998        4.1600000000000001        11731.356821672856     
   156.59999999999997        4.1600000000000001        12146.364229076164     
   158.39999999999998        4.1600000000000001        12538.396722985035     
   160.20000000000002        4.1600000000000001        12905.733895254485     
   162.00000000000000        4.1600000000000001        13246.633772007906     
   163.79999999999998        4.1600000000000001        13559.855241806439     
   165.59999999999999        4.1600000000000001        13843.829294645468     
   167.40000000000001        4.1600000000000001        14097.350786215389     
   169.19999999999999        4.1600000000000001        14319.375745232617     
   171.00000000000000        4.1600000000000001        14508.866050197754     
   172.80000000000001        4.1600000000000001        14665.078779884117     
   174.59999999999999        4.1600000000000001        14787.246360037079     
   176.40000000000001        4.1600000000000001        14874.931350337449     
   178.20000000000002        4.1600000000000001        14947.650804274144     
   180.00000000000000        4.1600000000000001        14945.289331225194     
   0.0000000000000000        4.2400000000000002        21250.216820489535     
   1.8000000000000003        4.2400000000000002        21230.868126827456     
   3.6000000000000005        4.2400000000000002        21172.839267284635     
   5.4000000000000004        4.2400000000000002        21076.394709894943     
   7.2000000000000011        4.2400000000000002        20941.828383807635     
   9.0000000000000000        4.2400000000000002        20769.687308971741     
   10.800000000000001        4.2400000000000002        20560.531937852706     
   12.600000000000001        4.2400000000000002        20315.189698952308     
   14.400000000000002        4.2400000000000002        20034.471132265589     
   16.200000000000003        4.2400000000000002        19719.480065017429     
   18.000000000000000        4.2400000000000002        19371.327477985826     
   19.799999999999997        4.2400000000000002        18991.166729349716     
   21.600000000000001        4.2400000000000002        18580.575877401898     
   23.400000000000002        4.2400000000000002        18140.873261689667     
   25.200000000000003        4.2400000000000002        17673.646403714778     
   27.000000000000000        4.2400000000000002        17180.734366377405     
   28.800000000000004        4.2400000000000002        16663.715379613084     
   30.600000000000005        4.2400000000000002        16124.542009043096     
   32.400000000000006        4.2400000000000002        15565.187326728159     
   34.199999999999996        4.2400000000000002        14987.617771785342     
   36.000000000000000        4.2400000000000002        14393.859176951784     
   37.800000000000004        4.2400000000000002        13786.037375467695     
   39.599999999999994        4.2400000000000002        13166.346583728326     
   41.399999999999999        4.2400000000000002        12537.016706494893     
   43.200000000000003        4.2400000000000002        11900.177738266852     
   45.000000000000000        4.2400000000000002        11258.258614334034     
   46.800000000000004        4.2400000000000002        10613.297632632737     
   48.599999999999994        4.2400000000000002        9967.7508441096597     
   50.400000000000006        4.2400000000000002        9323.7534488393703     
   52.200000000000003        4.2400000000000002        8683.5324608640076     
   54.000000000000000        4.2400000000000002        8049.4820106849347     
   55.799999999999997        4.2400000000000002        7423.6159920846158     
   57.600000000000009        4.2400000000000002        6808.1657504696532     
   59.400000000000013        4.2400000000000002        6205.2186763665959     
   61.200000000000010        4.2400000000000002        5616.7960108780344     
   63.000000000000000        4.2400000000000002        5044.9051271873486     
   64.800000000000011        4.2400000000000002        4491.4687987933939     
   66.600000000000009        4.2400000000000002        3958.3102678536807     
   68.399999999999991        4.2400000000000002        3447.1418752622831     
   70.200000000000003        4.2400000000000002        2959.6429629260815     
   72.000000000000000        4.2400000000000002        2497.4645342079257     
   73.799999999999997        4.2400000000000002        2061.8550988608713     
   75.600000000000009        4.2400000000000002        1654.3713725123662     
   77.399999999999991        4.2400000000000002        1276.1635434213031     
   79.199999999999989        4.2400000000000002        928.32992967858081     
   81.000000000000000        4.2400000000000002        611.81368528084386     
   82.799999999999997        4.2400000000000002        327.60041448027914     
   84.599999999999994        4.2400000000000002        76.303798297517460     
   86.400000000000006        4.2400000000000002       -141.43422044198087     
   88.200000000000003        4.2400000000000002       -325.04102133996003     
   90.000000000000000        4.2400000000000002       -474.33771170353157     
   91.799999999999997        4.2400000000000002       -589.07018303821678     
   93.600000000000009        4.2400000000000002       -669.09401343924037     
   95.400000000000006        4.2400000000000002       -714.61035694634666     
   97.199999999999989        4.2400000000000002       -725.79406819206179     
   99.000000000000014        4.2400000000000002       -702.89008811500935     
   100.80000000000001        4.2400000000000002       -646.53664996558018     
   102.59999999999999        4.2400000000000002       -557.18446429460801     
   104.40000000000001        4.2400000000000002       -435.66384915937124     
   106.19999999999999        4.2400000000000002       -282.82187845599947     
   108.00000000000000        4.2400000000000002       -99.699693797126656     
   109.80000000000000        4.2400000000000002        112.81348697261956     
   111.59999999999999        4.2400000000000002        353.29307001755706     
   113.40000000000001        4.2400000000000002        620.46993406282127     
   115.20000000000002        4.2400000000000002        913.04363121569850     
   117.00000000000000        4.2400000000000002        1229.3971330832815     
   118.80000000000003        4.2400000000000002        1567.9392328790036     
   120.60000000000001        4.2400000000000002        1926.9755074256620     
   122.40000000000002        4.2400000000000002        2304.8632023862365     
   124.20000000000000        4.2400000000000002        2699.6612057496404     
   126.00000000000000        4.2400000000000002        3109.4980856930069     
   127.80000000000001        4.2400000000000002        3532.4940720004033     
   129.60000000000002        4.2400000000000002        3966.5615382318647     
   131.40000000000001        4.2400000000000002        4409.7883619632348     
   133.20000000000002        4.2400000000000002        4860.1440053910383     
   135.00000000000000        4.2400000000000002        5315.4040189424486     
   136.79999999999998        4.2400000000000002        5773.7184403317406     
   138.59999999999999        4.2400000000000002        6232.8082471159814     
   140.40000000000001        4.2400000000000002        6690.6987570875644     
   142.20000000000002        4.2400000000000002        7145.2876033794892     
   144.00000000000000        4.2400000000000002        7594.5064335209136     
   145.79999999999998        4.2400000000000002        8036.4563486322886     
   147.59999999999999        4.2400000000000002        8469.1600872551007     
   149.40000000000003        4.2400000000000002        8890.5934960775066     
   151.20000000000002        4.2400000000000002        9298.9251409104982     
   153.00000000000000        4.2400000000000002        9692.3099679625320     
   154.79999999999998        4.2400000000000002        10069.196674740273     
   156.59999999999997        4.2400000000000002        10427.700167479063     
   158.39999999999998        4.2400000000000002        10766.368069592421     
   160.20000000000002        4.2400000000000002        11083.711738604768     
   162.00000000000000        4.2400000000000002        11378.223809125837     
   163.79999999999998        4.2400000000000002        11648.830454513971     
   165.59999999999999        4.2400000000000002        11894.173933857424     
   167.40000000000001        4.2400000000000002        12113.211446780089     
   169.19999999999999        4.2400000000000002        12305.039663379743     
   171.00000000000000        4.2400000000000002        12468.760261593339     
   172.80000000000001        4.2400000000000002        12603.730415463666     
   174.59999999999999        4.2400000000000002        12709.285900129078     
   176.40000000000001        4.2400000000000002        12785.048228087282     
   178.20000000000002        4.2400000000000002        12847.913316002083     
   180.00000000000000        4.2400000000000002        12845.839789637903     
   0.0000000000000000        4.3200000000000003        18403.837585384117     
   1.8000000000000003        4.3200000000000003        18387.073693960854     
   3.6000000000000005        4.3200000000000003        18336.796942656565     
   5.4000000000000004        4.3200000000000003        18253.236231965991     
   7.2000000000000011        4.3200000000000003        18136.645997675601     
   9.0000000000000000        4.3200000000000003        17987.499709719163     
   10.800000000000001        4.3200000000000003        17806.282504076335     
   12.600000000000001        4.3200000000000003        17593.710564940709     
   14.400000000000002        4.3200000000000003        17350.485506398894     
   16.200000000000003        4.3200000000000003        17077.562756394669     
   18.000000000000000        4.3200000000000003        16775.903974921494     
   19.799999999999997        4.3200000000000003        16446.507531626721     
   21.600000000000001        4.3200000000000003        16090.739315911887     
   23.400000000000002        4.3200000000000003        15709.740532728909     
   25.200000000000003        4.3200000000000003        15304.885341416699     
   27.000000000000000        4.3200000000000003        14877.765591418120     
   28.800000000000004        4.3200000000000003        14429.747482055849     
   30.600000000000005        4.3200000000000003        13962.521151199977     
   32.400000000000006        4.3200000000000003        13477.794518524157     
   34.199999999999996        4.3200000000000003        12977.269802064122     
   36.000000000000000        4.3200000000000003        12462.700647982203     
   37.800000000000004        4.3200000000000003        11935.927265532631     
   39.599999999999994        4.3200000000000003        11398.849068884010     
   41.399999999999999        4.3200000000000003        10853.396386634751     
   43.200000000000003        4.3200000000000003        10301.413132193273     
   45.000000000000000        4.3200000000000003        9745.0019147855091     
   46.800000000000004        4.3200000000000003        9185.9273706229833     
   48.599999999999994        4.3200000000000003        8626.3156339238722     
   50.400000000000006        4.3200000000000003        8068.0152477580405     
   52.200000000000003        4.3200000000000003        7512.9542275191625     
   54.000000000000000        4.3200000000000003        6963.2052164994284     
   55.799999999999997        4.3200000000000003        6420.5118792106659     
   57.600000000000009        4.3200000000000003        5886.8060591558224     
   59.400000000000013        4.3200000000000003        5363.8950652674321     
   61.200000000000010        4.3200000000000003        4853.5289931065854     
   63.000000000000000        4.3200000000000003        4357.4459610542490     
   64.800000000000011        4.3200000000000003        3877.3109073900864     
   66.600000000000009        4.3200000000000003        3414.7026692374543     
   68.399999999999991        4.3200000000000003        2971.1041433336213     
   70.200000000000003        4.3200000000000003        2547.9696909000513     
   72.000000000000000        4.3200000000000003        2146.7291688928672     
   73.799999999999997        4.3200000000000003        1768.4641853947578     
   75.600000000000009        4.3200000000000003        1414.5230417828443     
   77.399999999999991        4.3200000000000003        1085.9022976790038     
   79.199999999999989        4.3200000000000003        783.55364212696804     
   81.000000000000000        4.3200000000000003        508.29451562697614     
   82.799999999999997        4.3200000000000003        260.97909759333834     
   84.599999999999994        4.3200000000000003        42.139762081435038     
   86.400000000000006        4.3200000000000003       -147.66665742231362     
   88.200000000000003        4.3200000000000003       -307.94330559623359     
   90.000000000000000        4.3200000000000003       -438.53400322049765     
   91.799999999999997        4.3200000000000003       -539.21748809376822     
   93.600000000000009        4.3200000000000003       -609.86740599371933     
   95.400000000000006        4.3200000000000003       -650.65641887812399     
   97.199999999999989        4.3200000000000003       -661.73443548940668     
   99.000000000000014        4.3200000000000003       -643.31201191808850     
   100.80000000000001        4.3200000000000003       -595.94001184716490     
   102.59999999999999        4.3200000000000003       -520.00704894714272     
   104.40000000000001        4.3200000000000003       -416.23020620811030     
   106.19999999999999        4.3200000000000003       -285.34107439634636     
   108.00000000000000        4.3200000000000003       -128.23917517046584     
   109.80000000000000        4.3200000000000003        54.307411953949213     
   111.59999999999999        4.3200000000000003        261.06735179108409     
   113.40000000000001        4.3200000000000003        490.94381933365548     
   115.20000000000002        4.3200000000000003        742.81286765691448     
   117.00000000000000        4.3200000000000003        1015.2766064185989     
   118.80000000000003        4.3200000000000003        1306.9594692037576     
   120.60000000000001        4.3200000000000003        1616.3965602152957     
   122.40000000000002        4.3200000000000003        1942.1676698467995     
   124.20000000000000        4.3200000000000003        2282.5944077599343     
   126.00000000000000        4.3200000000000003        2636.0586520349261     
   127.80000000000001        4.3200000000000003        3000.9350412668300     
   129.60000000000002        4.3200000000000003        3375.4183376244982     
   131.40000000000001        4.3200000000000003        3757.8551339924570     
   133.20000000000002        4.3200000000000003        4146.4895347019428     
   135.00000000000000        4.3200000000000003        4539.3978300947783     
   136.79999999999998        4.3200000000000003        4934.9803113795460     
   138.59999999999999        4.3200000000000003        5331.2659880785613     
   140.40000000000001        4.3200000000000003        5726.5471728431567     
   142.20000000000002        4.3200000000000003        6119.0056644619963     
   144.00000000000000        4.3200000000000003        6506.8526595204130     
   145.79999999999998        4.3200000000000003        6888.4459423519638     
   147.59999999999999        4.3200000000000003        7262.0754575284973     
   149.40000000000003        4.3200000000000003        7625.9905395915866     
   151.20000000000002        4.3200000000000003        7978.6072393162121     
   153.00000000000000        4.3200000000000003        8318.3297852936939     
   154.79999999999998        4.3200000000000003        8643.8165405674517     
   156.59999999999997        4.3200000000000003        8953.4370113006626     
   158.39999999999998        4.3200000000000003        9245.9350791894831     
   160.20000000000002        4.3200000000000003        9520.0232062131909     
   162.00000000000000        4.3200000000000003        9774.3976134324548     
   163.79999999999998        4.3200000000000003        10008.129606741515     
   165.59999999999999        4.3200000000000003        10220.044789358933     
   167.40000000000001        4.3200000000000003        10409.241229592753     
   169.19999999999999        4.3200000000000003        10574.937632356072     
   171.00000000000000        4.3200000000000003        10716.356993020274     
   172.80000000000001        4.3200000000000003        10832.943335893995     
   174.59999999999999        4.3200000000000003        10924.122126395801     
   176.40000000000001        4.3200000000000003        10989.566025153548     
   178.20000000000002        4.3200000000000003        11043.894588492729     
   180.00000000000000        4.3200000000000003        11042.078296587209     
   0.0000000000000000        4.4000000000000004        15884.869314332067     
   1.8000000000000003        4.4000000000000004        15870.391963459100     
   3.6000000000000005        4.4000000000000004        15826.972800063973     
   5.4000000000000004        4.4000000000000004        15754.809315053913     
   7.2000000000000011        4.4000000000000004        15654.121059560513     
   9.0000000000000000        4.4000000000000004        15525.316547862545     
   10.800000000000001        4.4000000000000004        15368.814391298805     
   12.600000000000001        4.4000000000000004        15185.232526850243     
   14.400000000000002        4.4000000000000004        14975.176358145280     
   16.200000000000003        4.4000000000000004        14739.470250618138     
   18.000000000000000        4.4000000000000004        14478.943978835810     
   19.799999999999997        4.4000000000000004        14194.459014757424     
   21.600000000000001        4.4000000000000004        13887.193868640723     
   23.400000000000002        4.4000000000000004        13558.133281206123     
   25.200000000000003        4.4000000000000004        13208.462960978857     
   27.000000000000000        4.4000000000000004        12839.556417618867     
   28.800000000000004        4.4000000000000004        12452.592557053815     
   30.600000000000005        4.4000000000000004        12049.029730324750     
   32.400000000000006        4.4000000000000004        11630.341656673010     
   34.199999999999996        4.4000000000000004        11197.997167287624     
   36.000000000000000        4.4000000000000004        10753.509482181747     
   37.800000000000004        4.4000000000000004        10298.466515361224     
   39.599999999999994        4.4000000000000004        9834.5072763201370     
   41.399999999999999        4.4000000000000004        9363.2974673444278     
   43.200000000000003        4.4000000000000004        8886.4282798197673     
   45.000000000000000        4.4000000000000004        8405.7140700397722     
   46.800000000000004        4.4000000000000004        7922.6777000107531     
   48.599999999999994        4.4000000000000004        7439.1538674838903     
   50.400000000000006        4.4000000000000004        6956.7378569360017     
   52.200000000000003        4.4000000000000004        6477.0935249129070     
   54.000000000000000        4.4000000000000004        6002.0094993323901     
   55.799999999999997        4.4000000000000004        5532.9906677946883     
   57.600000000000009        4.4000000000000004        5071.7042526703208     
   59.400000000000013        4.4000000000000004        4619.7100782022335     
   61.200000000000010        4.4000000000000004        4178.5186376920328     
   63.000000000000000        4.4000000000000004        3749.6301111793709     
   64.800000000000011        4.4000000000000004        3334.4815737334993     
   66.600000000000009        4.4000000000000004        2934.4358493943496     
   68.399999999999991        4.4000000000000004        2550.7730233354910     
   70.200000000000003        4.4000000000000004        2184.7485811387683     
   72.000000000000000        4.4000000000000004        1837.5968849526644     
   73.799999999999997        4.4000000000000004        1510.2519256046535     
   75.600000000000009        4.4000000000000004        1203.8777417486672     
   77.399999999999991        4.4000000000000004        919.33498584581093     
   79.199999999999989        4.4000000000000004        657.44561575010039     
   81.000000000000000        4.4000000000000004        418.91580041933094     
   82.799999999999997        4.4000000000000004        204.48340458179791     
   84.599999999999994        4.4000000000000004        14.608724240834817     
   86.400000000000006        4.4000000000000004       -150.22684269029742     
   88.200000000000003        4.4000000000000004       -289.59362937078731     
   90.000000000000000        4.4000000000000004       -403.35581795402641     
   91.799999999999997        4.4000000000000004       -491.32145198419539     
   93.600000000000009        4.4000000000000004       -553.38043816265554     
   95.400000000000006        4.4000000000000004       -589.68060157026730     
   97.199999999999989        4.4000000000000004       -600.35014361697858     
   99.000000000000014        4.4000000000000004       -585.56958053211201     
   100.80000000000001        4.4000000000000004       -545.81296621797310     
   102.59999999999999        4.4000000000000004       -481.41441078650496     
   104.40000000000001        4.4000000000000004       -392.99135304171841     
   106.19999999999999        4.4000000000000004       -281.17375309362114     
   108.00000000000000        4.4000000000000004       -146.73642898103162     
   109.80000000000000        4.4000000000000004        9.6591673698908380     
   111.59999999999999        4.4000000000000004        186.95199074963057     
   113.40000000000001        4.4000000000000004        384.19700632809145     
   115.20000000000002        4.4000000000000004        600.42577239231696     
   117.00000000000000        4.4000000000000004        834.43354272514466     
   118.80000000000003        4.4000000000000004        1085.0348118821707     
   120.60000000000001        4.4000000000000004        1350.9670073200314     
   122.40000000000002        4.4000000000000004        1631.0060839591306     
   124.20000000000000        4.4000000000000004        1923.7052844781119     
   126.00000000000000        4.4000000000000004        2227.6698176368591     
   127.80000000000001        4.4000000000000004        2541.4986282225927     
   129.60000000000002        4.4000000000000004        2863.6354876540981     
   131.40000000000001        4.4000000000000004        3192.6551080821159     
   133.20000000000002        4.4000000000000004        3527.0437777019133     
   135.00000000000000        4.4000000000000004        3865.1430132755700     
   136.79999999999998        4.4000000000000004        4205.5737756790404     
   138.59999999999999        4.4000000000000004        4546.6367511017061     
   140.40000000000001        4.4000000000000004        4886.8597132904051     
   142.20000000000002        4.4000000000000004        5224.6750858661690     
   144.00000000000000        4.4000000000000004        5558.5406228295487     
   145.79999999999998        4.4000000000000004        5887.0404904163370     
   147.59999999999999        4.4000000000000004        6208.7003113610572     
   149.40000000000003        4.4000000000000004        6522.0106513543624     
   151.20000000000002        4.4000000000000004        6825.6058483237921     
   153.00000000000000        4.4000000000000004        7118.1100130252198     
   154.79999999999998        4.4000000000000004        7398.3664301824138     
   156.59999999999997        4.4000000000000004        7664.9691992012322     
   158.39999999999998        4.4000000000000004        7916.8353067631924     
   160.20000000000002        4.4000000000000004        8152.8546064867805     
   162.00000000000000        4.4000000000000004        8371.9029110268930     
   163.79999999999998        4.4000000000000004        8573.1795308704659     
   165.59999999999999        4.4000000000000004        8755.6718118860917     
   167.40000000000001        4.4000000000000004        8918.6020821368911     
   169.19999999999999        4.4000000000000004        9061.2966914854696     
   171.00000000000000        4.4000000000000004        9183.0856566270631     
   172.80000000000001        4.4000000000000004        9283.4896092823292     
   174.59999999999999        4.4000000000000004        9362.0131388226800     
   176.40000000000001        4.4000000000000004        9418.3740190985391     
   178.20000000000002        4.4000000000000004        9465.1824783243628     
   180.00000000000000        4.4000000000000004        9463.5982234950625     
   0.0000000000000000        4.4800000000000004        13708.169206707049     
   1.8000000000000003        4.4800000000000004        13695.666990585722     
   3.6000000000000005        4.4800000000000004        13658.171474241935     
   5.4000000000000004        4.4800000000000004        13595.853065222189     
   7.2000000000000011        4.4800000000000004        13508.901227475486     
   9.0000000000000000        4.4800000000000004        13397.668462864254     
   10.800000000000001        4.4800000000000004        13262.516009278557     
   12.600000000000001        4.4800000000000004        13103.977081696612     
   14.400000000000002        4.4800000000000004        12922.574108369656     
   16.200000000000003        4.4800000000000004        12719.018433795207     
   18.000000000000000        4.4800000000000004        12494.026093772296     
   19.799999999999997        4.4800000000000004        12248.340493190251     
   21.600000000000001        4.4800000000000004        11982.978559855605     
   23.400000000000002        4.4800000000000004        11698.790087377432     
   25.200000000000003        4.4800000000000004        11396.798261595664     
   27.000000000000000        4.4800000000000004        11078.188301824142     
   28.800000000000004        4.4800000000000004        10743.977572615691     
   30.600000000000005        4.4800000000000004        10395.424529504206     
   32.400000000000006        4.4800000000000004        10033.800908295882     
   34.199999999999996        4.4800000000000004        9660.3742502748573     
   36.000000000000000        4.4800000000000004        9276.4504112938848     
   37.800000000000004        4.4800000000000004        8883.3997045850447     
   39.599999999999994        4.4800000000000004        8482.6365426518023     
   41.399999999999999        4.4800000000000004        8075.5983853909529     
   43.200000000000003        4.4800000000000004        7663.6584345416140     
   45.000000000000000        4.4800000000000004        7248.3824281312591     
   46.800000000000004        4.4800000000000004        6831.0846606387313     
   48.599999999999994        4.4800000000000004        6413.3484550883531     
   50.400000000000006        4.4800000000000004        5996.5506183577972     
   52.200000000000003        4.4800000000000004        5582.1271292424190     
   54.000000000000000        4.4800000000000004        5171.6216190989007     
   55.799999999999997        4.4800000000000004        4766.3329618274647     
   57.600000000000009        4.4800000000000004        4367.7000872958206     
   59.400000000000013        4.4800000000000004        3977.0692911171145     
   61.200000000000010        4.4800000000000004        3595.7443265928805     
   63.000000000000000        4.4800000000000004        3225.0200632692945     
   64.800000000000011        4.4800000000000004        2866.1369445893133     
   66.600000000000009        4.4800000000000004        2520.2713718428240     
   68.399999999999991        4.4800000000000004        2188.5283812643966     
   70.200000000000003        4.4800000000000004        1871.9917981031458     
   72.000000000000000        4.4800000000000004        1571.7272346385703     
   73.799999999999997        4.4800000000000004        1288.5411915995496     
   75.600000000000009        4.4800000000000004        1023.4386322714372     
   77.399999999999991        4.4800000000000004        777.16280601622748     
   79.199999999999989        4.4800000000000004        550.42358807625260     
   81.000000000000000        4.4800000000000004        343.83097211782570     
   82.799999999999997        4.4800000000000004        158.02229953038750     
   84.599999999999994        4.4800000000000004       -6.6045335193825849     
   86.400000000000006        4.4800000000000004       -149.63342371422550     
   88.200000000000003        4.4800000000000004       -270.69289197323042     
   90.000000000000000        4.4800000000000004       -369.66495130182693     
   91.799999999999997        4.4800000000000004       -446.38318499161278     
   93.600000000000009        4.4800000000000004       -500.75179694448343     
   95.400000000000006        4.4800000000000004       -532.89748944166195     
   97.199999999999989        4.4800000000000004       -542.93003770138557     
   99.000000000000014        4.4800000000000004       -531.00434961979408     
   100.80000000000001        4.4800000000000004       -497.52856147314606     
   102.59999999999999        4.4800000000000004       -442.79008874737110     
   104.40000000000001        4.4800000000000004       -367.32076996482465     
   106.19999999999999        4.4800000000000004       -271.66325099589631     
   108.00000000000000        4.4800000000000004       -156.48514823075448     
   109.80000000000000        4.4800000000000004       -22.356288109981506     
   111.59999999999999        4.4800000000000004        129.80877916895179     
   113.40000000000001        4.4800000000000004        299.19557293517391     
   115.20000000000002        4.4800000000000004        484.96941067157150     
   117.00000000000000        4.4800000000000004        686.09174760086557     
   118.80000000000003        4.4800000000000004        901.54062631748161     
   120.60000000000001        4.4800000000000004        1130.2275944758421     
   122.40000000000002        4.4800000000000004        1371.0974236398545     
   124.20000000000000        4.4800000000000004        1622.9027458131177     
   126.00000000000000        4.4800000000000004        1884.4410085579850     
   127.80000000000001        4.4800000000000004        2154.5042411954382     
   129.60000000000002        4.4800000000000004        2431.7505949810502     
   131.40000000000001        4.4800000000000004        2714.9511635300637     
   133.20000000000002        4.4800000000000004        3002.8007435980680     
   135.00000000000000        4.4800000000000004        3293.8692253776444     
   136.79999999999998        4.4800000000000004        3586.9675484756617     
   138.59999999999999        4.4800000000000004        3880.6303439604890     
   140.40000000000001        4.4800000000000004        4173.5881249153863     
   142.20000000000002        4.4800000000000004        4464.4891296769711     
   144.00000000000000        4.4800000000000004        4752.0034283476125     
   145.79999999999998        4.4800000000000004        5034.9101222273403     
   147.59999999999999        4.4800000000000004        5311.9377881928194     
   149.40000000000003        4.4800000000000004        5581.7847392126951     
   151.20000000000002        4.4800000000000004        5843.2732939470570     
   153.00000000000000        4.4800000000000004        6095.2169261794052     
   154.79999999999998        4.4800000000000004        6336.6181611123529     
   156.59999999999997        4.4800000000000004        6566.2645370818955     
   158.39999999999998        4.4800000000000004        6783.2221131114165     
   160.20000000000002        4.4800000000000004        6986.5335177272082     
   162.00000000000000        4.4800000000000004        7175.2292427645971     
   163.79999999999998        4.4800000000000004        7348.6188265214460     
   165.59999999999999        4.4800000000000004        7505.8289279314085     
   167.40000000000001        4.4800000000000004        7646.1888924063414     
   169.19999999999999        4.4800000000000004        7769.1177764652921     
   171.00000000000000        4.4800000000000004        7874.0377746684171     
   172.80000000000001        4.4800000000000004        7960.5354934115785     
   174.59999999999999        4.4800000000000004        8028.1836743749973     
   176.40000000000001        4.4800000000000004        8076.7389407341670     
   178.20000000000002        4.4800000000000004        8117.0797795315430     
   180.00000000000000        4.4800000000000004        8115.7000065531520     
   0.0000000000000000        4.5600000000000005        11783.446565591417     
   1.8000000000000003        4.5600000000000005        11772.690463822535     
   3.6000000000000005        4.5600000000000005        11740.431736792285     
   5.4000000000000004        4.5600000000000005        11686.816881248036     
   7.2000000000000011        4.5600000000000005        11612.008793471692     
   9.0000000000000000        4.5600000000000005        11516.310521922162     
   10.800000000000001        4.5600000000000005        11400.032644067494     
   12.600000000000001        4.5600000000000005        11263.633572648165     
   14.400000000000002        4.5600000000000005        11107.562469325272     
   16.200000000000003        4.5600000000000005        10932.430890065971     
   18.000000000000000        4.5600000000000005        10738.854442905144     
   19.799999999999997        4.5600000000000005        10527.472279426842     
   21.600000000000001        4.5600000000000005        10299.158664788121     
   23.400000000000002        4.5600000000000005        10054.644230931510     
   25.200000000000003        4.5600000000000005        9794.8086602045296     
   27.000000000000000        4.5600000000000005        9520.6709222152967     
   28.800000000000004        4.5600000000000005        9233.1057332902892     
   30.600000000000005        4.5600000000000005        8933.1950467160314     
   32.400000000000006        4.5600000000000005        8622.0322482085649     
   34.199999999999996        4.5600000000000005        8300.7071359373695     
   36.000000000000000        4.5600000000000005        7970.3424569245453     
   37.800000000000004        4.5600000000000005        7632.1163765428228     
   39.599999999999994        4.5600000000000005        7287.2449802684932     
   41.399999999999999        4.5600000000000005        6936.9641791197218     
   43.200000000000003        4.5600000000000005        6582.4546697780288     
   45.000000000000000        4.5600000000000005        6225.0626500383723     
   46.800000000000004        4.5600000000000005        5865.9182159032553     
   48.599999999999994        4.5600000000000005        5506.3827090116638     
   50.400000000000006        4.5600000000000005        5147.6399835829852     
   52.200000000000003        4.5600000000000005        4790.9247659099665     
   54.000000000000000        4.5600000000000005        4437.5643231785516     
   55.799999999999997        4.5600000000000005        4088.6755651240410     
   57.600000000000009        4.5600000000000005        3745.4957922154736     
   59.400000000000013        4.5600000000000005        3409.1826969378790     
   61.200000000000010        4.5600000000000005        3080.8574174817795     
   63.000000000000000        4.5600000000000005        2761.6334668592976     
   64.800000000000011        4.5600000000000005        2452.5775885113635     
   66.600000000000009        4.5600000000000005        2154.7014907041489     
   68.399999999999991        4.5600000000000005        1868.9555518859740     
   70.200000000000003        4.5600000000000005        1596.2719277264218     
   72.000000000000000        4.5600000000000005        1337.5671273275775     
   73.799999999999997        4.5600000000000005        1093.5349593128130     
   75.600000000000009        4.5600000000000005        865.03981801931104     
   77.399999999999991        4.5600000000000005        652.72115932962379     
   79.199999999999989        4.5600000000000005        457.18975903802902     
   81.000000000000000        4.5600000000000005        278.97054879502684     
   82.799999999999997        4.5600000000000005        118.61196957516313     
   84.599999999999994        4.5600000000000005       -23.543338577920167     
   86.400000000000006        4.5600000000000005       -147.13708392895114     
   88.200000000000003        4.5600000000000005       -251.84932752385794     
   90.000000000000000        4.5600000000000005       -337.57800659728082     
   91.799999999999997        4.5600000000000005       -404.17943220370398     
   93.600000000000009        4.5600000000000005       -451.57061409881726     
   95.400000000000006        4.5600000000000005       -479.85980094302477     
   97.199999999999989        4.5600000000000005       -489.14069380582987     
   99.000000000000014        4.5600000000000005       -479.54578740766692     
   100.80000000000001        4.5600000000000005       -451.42522986136191     
   102.59999999999999        4.5600000000000005       -405.02541248042962     
   104.40000000000001        4.5600000000000005       -340.80281301533751     
   106.19999999999999        4.5600000000000005       -259.22320265229700     
   108.00000000000000        4.5600000000000005       -160.85977034958250     
   109.80000000000000        4.5600000000000005       -46.201659931676204     
   111.59999999999999        4.5600000000000005        83.965686967682586     
   113.40000000000001        4.5600000000000005        228.94283192825446     
   115.20000000000002        4.5600000000000005        388.01296540714179     
   117.00000000000000        4.5600000000000005        560.28404927197539     
   118.80000000000003        4.5600000000000005        744.87829356682528     
   120.60000000000001        4.5600000000000005        940.86074634916383     
   122.40000000000002        4.5600000000000005        1147.3250018760764     
   124.20000000000000        4.5600000000000005        1363.1994992272625     
   126.00000000000000        4.5600000000000005        1587.4511856420697     
   127.80000000000001        4.5600000000000005        1819.0423398256007     
   129.60000000000002        4.5600000000000005        2056.8201596811291     
   131.40000000000001        4.5600000000000005        2299.7289049518295     
   133.20000000000002        4.5600000000000005        2546.6472448405484     
   135.00000000000000        4.5600000000000005        2796.3464772822872     
   136.79999999999998        4.5600000000000005        3047.8050691153571     
   138.59999999999999        4.5600000000000005        3299.7639843580346     
   140.40000000000001        4.5600000000000005        3551.1325334572730     
   142.20000000000002        4.5600000000000005        3800.7492959892534     
   144.00000000000000        4.5600000000000005        4047.4716002107261     
   145.79999999999998        4.5600000000000005        4290.2504709216446     
   147.59999999999999        4.5600000000000005        4527.9934903741951     
   149.40000000000003        4.5600000000000005        4759.5822118973165     
   151.20000000000002        4.5600000000000005        4984.0047548897292     
   153.00000000000000        4.5600000000000005        5200.2416188806365     
   154.79999999999998        4.5600000000000005        5407.4357758797851     
   156.59999999999997        4.5600000000000005        5604.5453975292075     
   158.39999999999998        4.5600000000000005        5790.7680265654999     
   160.20000000000002        4.5600000000000005        5965.2810482858295     
   162.00000000000000        4.5600000000000005        6127.2513973734694     
   163.79999999999998        4.5600000000000005        6276.0858307723083     
   165.59999999999999        4.5600000000000005        6411.0339003549689     
   167.40000000000001        4.5600000000000005        6531.5193481398528     
   169.19999999999999        4.5600000000000005        6637.0430033310895     
   171.00000000000000        4.5600000000000005        6727.1083722663388     
   172.80000000000001        4.5600000000000005        6801.3602537671695     
   174.59999999999999        4.5600000000000005        6859.4315096086775     
   176.40000000000001        4.5600000000000005        6901.1130280996376     
   178.20000000000002        4.5600000000000005        6935.7549642585527     
   180.00000000000000        4.5600000000000005        6934.5586475181008     
   0.0000000000000000        4.6399999999999997        10133.475440170789     
   1.8000000000000003        4.6399999999999997        10124.215977211388     
   3.6000000000000005        4.6399999999999997        10096.445834584174     
   5.4000000000000004        4.6399999999999997        10050.291044601294     
   7.2000000000000011        4.6399999999999997        9985.8917605829447     
   9.0000000000000000        4.6399999999999997        9903.5087033419550     
   10.800000000000001        4.6399999999999997        9803.4090845795945     
   12.600000000000001        4.6399999999999997        9685.9872920296493     
   14.400000000000002        4.6399999999999997        9551.6297706819241     
   16.200000000000003        4.6399999999999997        9400.8626644169562     
   18.000000000000000        4.6399999999999997        9234.2156169430073     
   19.799999999999997        4.6399999999999997        9052.2385373784200     
   21.600000000000001        4.6399999999999997        8855.6835832426841     
   23.400000000000002        4.6399999999999997        8645.1793791565578     
   25.200000000000003        4.6399999999999997        8421.4827701142131     
   27.000000000000000        4.6399999999999997        8185.4704234814908     
   28.800000000000004        4.6399999999999997        7937.8949398346249     
   30.600000000000005        4.6399999999999997        7679.6871890338898     
   32.400000000000006        4.6399999999999997        7411.7878876526629     
   34.199999999999996        4.6399999999999997        7135.1346792300374     
   36.000000000000000        4.6399999999999997        6850.6935610127293     
   37.800000000000004        4.6399999999999997        6559.4782109615371     
   39.599999999999994        4.6399999999999997        6262.5349362682573     
   41.399999999999999        4.6399999999999997        5960.9271089373597     
   43.200000000000003        4.6399999999999997        5655.6706195261968     
   45.000000000000000        4.6399999999999997        5347.9237264589019     
   46.800000000000004        4.6399999999999997        5038.6588178572438     
   48.599999999999994        4.6399999999999997        4729.0471995854341     
   50.400000000000006        4.6399999999999997        4420.1075209108376     
   52.200000000000003        4.6399999999999997        4112.9021988415434     
   54.000000000000000        4.6399999999999997        3808.5732594370688     
   55.799999999999997        4.6399999999999997        3508.0817977542047     
   57.600000000000009        4.6399999999999997        3212.4924723568997     
   59.400000000000013        4.6399999999999997        2922.8014749281269     
   61.200000000000010        4.6399999999999997        2639.9735627486552     
   63.000000000000000        4.6399999999999997        2364.9669418378362     
   64.800000000000011        4.6399999999999997        2098.6995962809769     
   66.600000000000009        4.6399999999999997        1842.0421781113139     
   68.399999999999991        4.6399999999999997        1595.8125925178915     
   70.200000000000003        4.6399999999999997        1360.8130761779314     
   72.000000000000000        4.6399999999999997        1137.8324127671378     
   73.799999999999997        4.6399999999999997        927.46783395297052     
   75.600000000000009        4.6399999999999997        730.46330625033715     
   77.399999999999991        4.6399999999999997        547.36931826906630     
   79.199999999999989        4.6399999999999997        378.71169298432960     
   81.000000000000000        4.6399999999999997        224.94241730274371     
   82.799999999999997        4.6399999999999997        86.533702595821524     
   84.599999999999994        4.6399999999999997       -36.219258247394919     
   86.400000000000006        4.6399999999999997       -143.00780758274186     
   88.200000000000003        4.6399999999999997       -233.55627572237836     
   90.000000000000000        4.6399999999999997       -307.77639945493274     
   91.799999999999997        4.6399999999999997       -365.54411011186266     
   93.600000000000009        4.6399999999999997       -406.78754934886774     
   95.400000000000006        4.6399999999999997       -431.59935449302293     
   97.199999999999989        4.6399999999999997       -440.05965061521874     
   99.000000000000014        4.6399999999999997       -432.28193276117554     
   100.80000000000001        4.6399999999999997       -408.56691361416961     
   102.59999999999999        4.6399999999999997       -369.12606120033706     
   104.40000000000001        4.6399999999999997       -314.35155334841625     
   106.19999999999999        4.6399999999999997       -244.64356493488049     
   108.00000000000000        4.6399999999999997       -160.49467053038939     
   109.80000000000000        4.6399999999999997       -62.325156971295655     
   111.59999999999999        4.6399999999999997        49.189822102989410     
   113.40000000000001        4.6399999999999997        173.44908415103009     
   115.20000000000002        4.6399999999999997        309.83649928372961     
   117.00000000000000        4.6399999999999997        457.58520785731707     
   118.80000000000003        4.6399999999999997        615.94059953741566     
   120.60000000000001        4.6399999999999997        784.09888903156832     
   122.40000000000002        4.6399999999999997        961.28083804730329     
   124.20000000000000        4.6399999999999997        1146.5651415729594     
   126.00000000000000        4.6399999999999997        1339.0636096270155     
   127.80000000000001        4.6399999999999997        1537.8840281946677     
   129.60000000000002        4.6399999999999997        1742.0351871213261     
   131.40000000000001        4.6399999999999997        1950.6093554076365     
   133.20000000000002        4.6399999999999997        2162.6423744982039     
   135.00000000000000        4.6399999999999997        2377.0777200016464     
   136.79999999999998        4.6399999999999997        2593.0370548161409     
   138.59999999999999        4.6399999999999997        2809.4377419463117     
   140.40000000000001        4.6399999999999997        3025.3419376583242     
   142.20000000000002        4.6399999999999997        3239.7509475010243     
   144.00000000000000        4.6399999999999997        3451.6821923342050     
   145.79999999999998        4.6399999999999997        3660.2336748556172     
   147.59999999999999        4.6399999999999997        3864.4660183710312     
   149.40000000000003        4.6399999999999997        4063.4174449509669     
   151.20000000000002        4.6399999999999997        4256.2178274920452     
   153.00000000000000        4.6399999999999997        4441.9904718041153     
   154.79999999999998        4.6399999999999997        4619.9984222561216     
   156.59999999999997        4.6399999999999997        4789.3457528922063     
   158.39999999999998        4.6399999999999997        4949.3424206600594     
   160.20000000000002        4.6399999999999997        5099.2810303116139     
   162.00000000000000        4.6399999999999997        5238.4451836038534     
   163.79999999999998        4.6399999999999997        5366.3247527335643     
   165.59999999999999        4.6399999999999997        5482.2743749259489     
   167.40000000000001        4.6399999999999997        5585.7985037296912     
   169.19999999999999        4.6399999999999997        5676.4678852443085     
   171.00000000000000        4.6399999999999997        5753.8555537921966     
   172.80000000000001        4.6399999999999997        5817.6560625856237     
   174.59999999999999        4.6399999999999997        5867.5536824165738     
   176.40000000000001        4.6399999999999997        5903.3685967062665     
   178.20000000000002        4.6399999999999997        5933.1434302942898     
   180.00000000000000        4.6399999999999997        5932.1068694087980     
   0.0000000000000000        4.7199999999999998        8693.1842906477832     
   1.8000000000000003        4.7199999999999998        8685.2312375436286     
   3.6000000000000005        4.7199999999999998        8661.3791615787377     
   5.4000000000000004        4.7199999999999998        8621.7362520839888     
   7.2000000000000011        4.7199999999999998        8566.4228296324691     
   9.0000000000000000        4.7199999999999998        8495.6627080118851     
   10.800000000000001        4.7199999999999998        8409.6852833263874     
   12.600000000000001        4.7199999999999998        8308.8291168520955     
   14.400000000000002        4.7199999999999998        8193.4259638213880     
   16.200000000000003        4.7199999999999998        8063.9274927546667     
   18.000000000000000        4.7199999999999998        7920.7883870231326     
   19.799999999999997        4.7199999999999998        7764.4807344939218     
   21.600000000000001        4.7199999999999998        7595.6502216872686     
   23.400000000000002        4.7199999999999998        7414.8365186851370     
   25.200000000000003        4.7199999999999998        7222.6893564326356     
   27.000000000000000        4.7199999999999998        7019.9613186770821     
   28.800000000000004        4.7199999999999998        6807.2985140852961     
   30.600000000000005        4.7199999999999998        6585.5000682493001     
   32.400000000000006        4.7199999999999998        6355.3735680367317     
   34.199999999999996        4.7199999999999998        6117.7239725186591     
   36.000000000000000        4.7199999999999998        5873.3805860556895     
   37.800000000000004        4.7199999999999998        5623.2136462873423     
   39.599999999999994        4.7199999999999998        5368.1214053831545     
   41.399999999999999        4.7199999999999998        5109.0167710373325     
   43.200000000000003        4.7199999999999998        4846.7719068081733     
   45.000000000000000        4.7199999999999998        4582.3811777383553     
   46.800000000000004        4.7199999999999998        4316.6794264318032     
   48.599999999999994        4.7199999999999998        4050.6722327070315     
   50.400000000000006        4.7199999999999998        3785.2341604461326     
   52.200000000000003        4.7199999999999998        3521.2773464629349     
   54.000000000000000        4.7199999999999998        3259.7822624865657     
   55.799999999999997        4.7199999999999998        3001.5740958451274     
   57.600000000000009        4.7199999999999998        2747.5669280996067     
   59.400000000000013        4.7199999999999998        2498.6160827145250     
   61.200000000000010        4.7199999999999998        2255.5499093828116     
   63.000000000000000        4.7199999999999998        2019.1911406840254     
   64.800000000000011        4.7199999999999998        1790.3279925584452     
   66.600000000000009        4.7199999999999998        1569.7080614459373     
   68.399999999999991        4.7199999999999998        1358.0336765017614     
   70.200000000000003        4.7199999999999998        1155.9937232502305     
   72.000000000000000        4.7199999999999998        964.26554480695700     
   73.799999999999997        4.7199999999999998        783.36208087037539     
   75.600000000000009        4.7199999999999998        613.92221575979625     
   77.399999999999991        4.7199999999999998        456.41877672107535     
   79.199999999999989        4.7199999999999998        311.30342354132017     
   81.000000000000000        4.7199999999999998        178.96444568906963     
   82.799999999999997        4.7199999999999998        59.807493222383073     
   84.599999999999994        4.7199999999999998       -45.913715298612715     
   86.400000000000006        4.7199999999999998       -137.93390322208688     
   88.200000000000003        4.7199999999999998       -216.01610607680686     
   90.000000000000000        4.7199999999999998       -280.08420786719898     
   91.799999999999997        4.7199999999999998       -330.03136075986959     
   93.600000000000009        4.7199999999999998       -365.79552854371741     
   95.400000000000006        4.7199999999999998       -387.45586042635023     
   97.199999999999989        4.7199999999999998       -395.08076717741847     
   99.000000000000014        4.7199999999999998       -388.76730176406681     
   100.80000000000001        4.7199999999999998       -368.77320568347977     
   102.59999999999999        4.7199999999999998       -335.27962437028691     
   104.40000000000001        4.7199999999999998       -288.62280688013902     
   106.19999999999999        4.7199999999999998       -229.14586853170954     
   108.00000000000000        4.7199999999999998       -157.27123323780461     
   109.80000000000000        4.7199999999999998       -73.359284203067773     
   111.59999999999999        4.7199999999999998        22.010842122959048     
   113.40000000000001        4.7199999999999998        128.32349413641532     
   115.20000000000002        4.7199999999999998        245.05018689388226     
   117.00000000000000        4.7199999999999998        371.53306104111346     
   118.80000000000003        4.7199999999999998        507.12476586141258     
   120.60000000000001        4.7199999999999998        651.13573909405375     
   122.40000000000002        4.7199999999999998        802.89748147150226     
   124.20000000000000        4.7199999999999998        961.61955344726880     
   126.00000000000000        4.7199999999999998        1126.5399317133465     
   127.80000000000001        4.7199999999999998        1296.8931327993273     
   129.60000000000002        4.7199999999999998        1471.8286991296768     
   131.40000000000001        4.7199999999999998        1650.5678155405917     
   133.20000000000002        4.7199999999999998        1832.2832284088963     
   135.00000000000000        4.7199999999999998        2016.0683998990007     
   136.79999999999998        4.7199999999999998        2201.1697208612763     
   138.59999999999999        4.7199999999999998        2386.6582254826476     
   140.40000000000001        4.7199999999999998        2571.7292143572540     
   142.20000000000002        4.7199999999999998        2755.5257519851275     
   144.00000000000000        4.7199999999999998        2937.2047257473196     
   145.79999999999998        4.7199999999999998        3115.9921766871839     
   147.59999999999999        4.7199999999999998        3291.0820543002847     
   149.40000000000003        4.7199999999999998        3461.6490719383464     
   151.20000000000002        4.7199999999999998        3626.9465964078977     
   153.00000000000000        4.7199999999999998        3786.2223482882691     
   154.79999999999998        4.7199999999999998        3938.8439744926363     
   156.59999999999997        4.7199999999999998        4084.0426691212278     
   158.39999999999998        4.7199999999999998        4221.2263233434087     
   160.20000000000002        4.7199999999999998        4349.7879246989542     
   162.00000000000000        4.7199999999999998        4469.1127230009970     
   163.79999999999998        4.7199999999999998        4578.7629973416797     
   165.59999999999999        4.7199999999999998        4678.1849451461412     
   167.40000000000001        4.7199999999999998        4766.9533388699565     
   169.19999999999999        4.7199999999999998        4844.6998382493521     
   171.00000000000000        4.7199999999999998        4911.0580559150967     
   172.80000000000001        4.7199999999999998        4965.7658918622092     
   174.59999999999999        4.7199999999999998        5008.5524095839037     
   176.40000000000001        4.7199999999999998        5039.2633138351302     
   178.20000000000002        4.7199999999999998        5064.8015409656509     
   180.00000000000000        4.7199999999999998        5063.9061261205688     
   0.0000000000000000        4.7999999999999998        7434.3157820312135     
   1.8000000000000003        4.7999999999999998        7427.5046520310352     
   3.6000000000000005        4.7999999999999998        7407.0773287502434     
   5.4000000000000004        4.7999999999999998        7373.1264208800094     
   7.2000000000000011        4.7999999999999998        7325.7549284553670     
   9.0000000000000000        4.7999999999999998        7265.1544366031576     
   10.800000000000001        4.7999999999999998        7191.5213167285165     
   12.600000000000001        4.7999999999999998        7105.1453797060840     
   14.400000000000002        4.7999999999999998        7006.3106198056475     
   16.200000000000003        4.7999999999999998        6895.4036696313178     
   18.000000000000000        4.7999999999999998        6772.8137504514871     
   19.799999999999997        4.7999999999999998        6638.9449877610923     
   21.600000000000001        4.7999999999999998        6494.3500927497025     
   23.400000000000002        4.7999999999999998        6339.4910486641775     
   25.200000000000003        4.7999999999999998        6174.9240443148283     
   27.000000000000000        4.7999999999999998        6001.2933048246086     
   28.800000000000004        4.7999999999999998        5819.1519345258193     
   30.600000000000005        4.7999999999999998        5629.1840076897552     
   32.400000000000006        4.7999999999999998        5432.0808478759818     
   34.199999999999996        4.7999999999999998        5228.5315370184762     
   36.000000000000000        4.7999999999999998        5019.2460006796337     
   37.800000000000004        4.7999999999999998        4804.9692050273443     
   39.599999999999994        4.7999999999999998        4586.4700999382203     
   41.399999999999999        4.7999999999999998        4364.5301852926268     
   43.200000000000003        4.7999999999999998        4139.8960960204140     
   45.000000000000000        4.7999999999999998        3913.4190618325470     
   46.800000000000004        4.7999999999999998        3685.8137886080372     
   48.599999999999994        4.7999999999999998        3457.9411168042793     
   50.400000000000006        4.7999999999999998        3230.5497604608227     
   52.200000000000003        4.7999999999999998        3004.4205967806338     
   54.000000000000000        4.7999999999999998        2780.3929941149668     
   55.799999999999997        4.7999999999999998        2559.1734231824794     
   57.600000000000009        4.7999999999999998        2341.5444414798112     
   59.400000000000013        4.7999999999999998        2128.2383221875543     
   61.200000000000010        4.7999999999999998        1919.9642571236889     
   63.000000000000000        4.7999999999999998        1717.4266349884758     
   64.800000000000011        4.7999999999999998        1521.3003069558990     
   66.600000000000009        4.7999999999999998        1332.2253631920464     
   68.399999999999991        4.7999999999999998        1150.8031547231178     
   70.200000000000003        4.7999999999999998        977.62353002862847     
   72.000000000000000        4.7999999999999998        813.26646198606159     
   73.799999999999997        4.7999999999999998        658.17121880439072     
   75.600000000000009        4.7999999999999998        512.88486330078217     
   77.399999999999991        4.7999999999999998        377.81233779764989     
   79.199999999999989        4.7999999999999998        253.34047021538663     
   81.000000000000000        4.7999999999999998        139.80185374074881     
   82.799999999999997        4.7999999999999998        37.543941545332700     
   84.599999999999994        4.7999999999999998       -53.215845125563874     
   86.400000000000006        4.7999999999999998       -132.25019174771637     
   88.200000000000003        4.7999999999999998       -199.35601446891656     
   90.000000000000000        4.7999999999999998       -254.46789392460369     
   91.799999999999997        4.7999999999999998       -297.49410808936682     
   93.600000000000009        4.7999999999999998       -328.38128776182339     
   95.400000000000006        4.7999999999999998       -347.19690006333826     
   97.199999999999989        4.7999999999999998       -353.99922197348587     
   99.000000000000014        4.7999999999999998       -348.87104521739002     
   100.80000000000001        4.7999999999999998       -332.03269073741444     
   102.59999999999999        4.7999999999999998       -303.63892472202360     
   104.40000000000001        4.7999999999999998       -263.97726316813987     
   106.19999999999999        4.7999999999999998       -213.34110056673899     
   108.00000000000000        4.7999999999999998       -152.09171122385624     
   109.80000000000000        4.7999999999999998       -80.537273207201679     
   111.59999999999999        4.7999999999999998       0.82680889561379445     
   113.40000000000001        4.7999999999999998        91.559462210984066     
   115.20000000000002        4.7999999999999998        191.20862704960052     
   117.00000000000000        4.7999999999999998        299.21151290740750     
   118.80000000000003        4.7999999999999998        415.01431961388471     
   120.60000000000001        4.7999999999999998        538.02711558366082     
   122.40000000000002        4.7999999999999998        667.67799221532982     
   124.20000000000000        4.7999999999999998        803.29067176205308     
   126.00000000000000        4.7999999999999998        944.21319240054822     
   127.80000000000001        4.7999999999999998        1089.7906260200227     
   129.60000000000002        4.7999999999999998        1239.2953128427710     
   131.40000000000001        4.7999999999999998        1392.0609042393630     
   133.20000000000002        4.7999999999999998        1547.3795891677971     
   135.00000000000000        4.7999999999999998        1704.4756940811403     
   136.79999999999998        4.7999999999999998        1862.7044262667764     
   138.59999999999999        4.7999999999999998        2021.2709047962310     
   140.40000000000001        4.7999999999999998        2179.4865980712730     
   142.20000000000002        4.7999999999999998        2336.6182608363342     
   144.00000000000000        4.7999999999999998        2491.9444717515021     
   145.79999999999998        4.7999999999999998        2644.8029890565385     
   147.59999999999999        4.7999999999999998        2794.5040978943011     
   149.40000000000003        4.7999999999999998        2940.3416126811480     
   151.20000000000002        4.7999999999999998        3081.6766575124534     
   153.00000000000000        4.7999999999999998        3217.8655166387662     
   154.79999999999998        4.7999999999999998        3348.3671078416201     
   156.59999999999997        4.7999999999999998        3472.5235556536627     
   158.39999999999998        4.7999999999999998        3589.8282061362461     
   160.20000000000002        4.7999999999999998        3699.7616419018668     
   162.00000000000000        4.7999999999999998        3801.7978150760182     
   163.79999999999998        4.7999999999999998        3895.5621833297932     
   165.59999999999999        4.7999999999999998        3980.5808455752931     
   167.40000000000001        4.7999999999999998        4056.4899356723231     
   169.19999999999999        4.7999999999999998        4122.9742671211297     
   171.00000000000000        4.7999999999999998        4179.7203164276789     
   172.80000000000001        4.7999999999999998        4226.5038078249027     
   174.59999999999999        4.7999999999999998        4263.0928941531783     
   176.40000000000001        4.7999999999999998        4289.3555491980433     
   178.20000000000002        4.7999999999999998        4311.1997953529808     
   180.00000000000000        4.7999999999999998        4310.4290705947869     
   0.0000000000000000        4.8799999999999999        6355.0884316707679     
   1.8000000000000003        4.8799999999999999        6349.2564528955936     
   3.6000000000000005        4.8799999999999999        6331.7657114512385     
   5.4000000000000004        4.8799999999999999        6302.6954698644286     
   7.2000000000000011        4.8799999999999999        6262.1338895486260     
   9.0000000000000000        4.8799999999999999        6210.2449480154528     
   10.800000000000001        4.8799999999999999        6147.1967248824458     
   12.600000000000001        4.8799999999999999        6073.2372701325503     
   14.400000000000002        4.8799999999999999        5988.6096619804011     
   16.200000000000003        4.8799999999999999        5893.6448212068972     
   18.000000000000000        4.8799999999999999        5788.6758898644621     
   19.799999999999997        4.8799999999999999        5674.0487707296870     
   21.600000000000001        4.8799999999999999        5550.2365301666960     
   23.400000000000002        4.8799999999999999        5417.6345964625007     
   25.200000000000003        4.8799999999999999        5276.7190235288144     
   27.000000000000000        4.8799999999999999        5128.0412112612339     
   28.800000000000004        4.8799999999999999        4972.0745850633521     
   30.600000000000005        4.8799999999999999        4809.4046582167211     
   32.400000000000006        4.8799999999999999        4640.6231532133452     
   34.199999999999996        4.8799999999999999        4466.3198794556947     
   36.000000000000000        4.8799999999999999        4287.1024892264713     
   37.800000000000004        4.8799999999999999        4103.6086271776039     
   39.599999999999994        4.8799999999999999        3916.4964678664928     
   41.399999999999999        4.8799999999999999        3726.4349308196420     
   43.200000000000003        4.8799999999999999        3534.0631032907008     
   45.000000000000000        4.8799999999999999        3340.1095880208218     
   46.800000000000004        4.8799999999999999        3145.1861568313916     
   48.599999999999994        4.8799999999999999        2950.0296460045270     
   50.400000000000006        4.8799999999999999        2755.2809396311250     
   52.200000000000003        4.8799999999999999        2561.6084506784928     
   54.000000000000000        4.8799999999999999        2369.7306520026914     
   55.799999999999997        4.8799999999999999        2180.2522880858510     
   57.600000000000009        4.8799999999999999        1993.8432211138952     
   59.400000000000013        4.8799999999999999        1811.1302840256681     
   61.200000000000010        4.8799999999999999        1632.7205602978981     
   63.000000000000000        4.8799999999999999        1459.2170260735352     
   64.800000000000011        4.8799999999999999        1291.1973825989207     
   66.600000000000009        4.8799999999999999        1129.2095858640496     
   68.399999999999991        4.8799999999999999        973.76844199463721     
   70.200000000000003        4.8799999999999999        825.37891581104327     
   72.000000000000000        4.8799999999999999        684.53752296950483     
   73.799999999999997        4.8799999999999999        551.62036791194737     
   75.600000000000009        4.8799999999999999        427.09580624125488     
   77.399999999999991        4.8799999999999999        311.31057033420620     
   79.199999999999989        4.8799999999999999        204.59589201137351     
   81.000000000000000        4.8799999999999999        107.23659102453666     
   82.799999999999997        4.8799999999999999        19.530205259972490     
   84.599999999999994        4.8799999999999999       -58.337006126954520     
   86.400000000000006        4.8799999999999999       -126.17031667043511     
   88.200000000000003        4.8799999999999999       -183.79573563347049     
   90.000000000000000        4.8799999999999999       -231.15708343288020     
   91.799999999999997        4.8799999999999999       -268.17567080683102     
   93.600000000000009        4.8799999999999999       -294.80563035815544     
   95.400000000000006        4.8799999999999999       -311.10450508779331     
   97.199999999999989        4.8799999999999999       -317.12197357298419     
   99.000000000000014        4.8799999999999999       -312.92869437772424     
   100.80000000000001        4.8799999999999999       -298.71302260793391     
   102.59999999999999        4.8799999999999999       -274.60721339220891     
   104.40000000000001        4.8799999999999999       -240.85712862268770     
   106.19999999999999        4.8799999999999999       -197.71366226727901     
   108.00000000000000        4.8799999999999999       -145.48580050761984     
   109.80000000000000        4.8799999999999999       -84.437092138755816     
   111.59999999999999        4.8799999999999999       -14.991313948181869     
   113.40000000000001        4.8799999999999999        62.474251602259642     
   115.20000000000002        4.8799999999999999        147.57291742001541     
   117.00000000000000        4.8799999999999999        239.82323194378807     
   118.80000000000003        4.8799999999999999        338.75143482205635     
   120.60000000000001        4.8799999999999999        443.85284211545991     
   122.40000000000002        4.8799999999999999        554.63819078068718     
   124.20000000000000        4.8799999999999999        670.52889685781497     
   126.00000000000000        4.8799999999999999        790.96718237077698     
   127.80000000000001        4.8799999999999999        915.39272739347939     
   129.60000000000002        4.8799999999999999        1043.1829655579115     
   131.40000000000001        4.8799999999999999        1173.7677960566341     
   133.20000000000002        4.8799999999999999        1306.5416311714084     
   135.00000000000000        4.8799999999999999        1440.8408032599013     
   136.79999999999998        4.8799999999999999        1576.1136466648500     
   138.59999999999999        4.8799999999999999        1711.6800477950119     
   140.40000000000001        4.8799999999999999        1846.9509010196739     
   142.20000000000002        4.8799999999999999        1981.2988307335777     
   144.00000000000000        4.8799999999999999        2114.1065753763364     
   145.79999999999998        4.8799999999999999        2244.8075136942343     
   147.59999999999999        4.8799999999999999        2372.8115083535463     
   149.40000000000003        4.8799999999999999        2497.5143215203161     
   151.20000000000002        4.8799999999999999        2618.3693129726744     
   153.00000000000000        4.8799999999999999        2734.8256953449268     
   154.79999999999998        4.8799999999999999        2846.4205083962925     
   156.59999999999997        4.8799999999999999        2952.5908362412119     
   158.39999999999998        4.8799999999999999        3052.9031709422161     
   160.20000000000002        4.8799999999999999        3146.9130761485194     
   162.00000000000000        4.8799999999999999        3234.1704355341381     
   163.79999999999998        4.8799999999999999        3314.3547835587124     
   165.59999999999999        4.8799999999999999        3387.0606188870347     
   167.40000000000001        4.8799999999999999        3451.9766008344186     
   169.19999999999999        4.8799999999999999        3508.8330422153404     
   171.00000000000000        4.8799999999999999        3557.3616730536314     
   172.80000000000001        4.8799999999999999        3597.3705944469139     
   174.59999999999999        4.8799999999999999        3628.6614219481999     
   176.40000000000001        4.8799999999999999        3651.1211905513833     
   178.20000000000002        4.8799999999999999        3669.8059268285747     
   180.00000000000000        4.8799999999999999        3669.1432509247488     
   0.0000000000000000        4.9600000000000000        5411.6993563389233     
   1.8000000000000003        4.9600000000000000        5406.7235079311858     
   3.6000000000000005        4.9600000000000000        5391.8003952056170     
   5.4000000000000004        4.9600000000000000        5366.9976205224666     
   7.2000000000000011        4.9600000000000000        5332.3903798009105     
   9.0000000000000000        4.9600000000000000        5288.1185298953606     
   10.800000000000001        4.9600000000000000        5234.3254304696684     
   12.600000000000001        4.9600000000000000        5171.2226448704296     
   14.400000000000002        4.9600000000000000        5099.0175009562372     
   16.200000000000003        4.9600000000000000        5017.9922436736451     
   18.000000000000000        4.9600000000000000        4928.4310166851665     
   19.799999999999997        4.9600000000000000        4830.6288504381682     
   21.600000000000001        4.9600000000000000        4724.9892255508594     
   23.400000000000002        4.9600000000000000        4611.8494167139961     
   25.200000000000003        4.9600000000000000        4491.6154608467859     
   27.000000000000000        4.9600000000000000        4364.7576545338106     
   28.800000000000004        4.9600000000000000        4231.6798013717398     
   30.600000000000005        4.9600000000000000        4092.8812982022300     
   32.400000000000006        4.9600000000000000        3948.8668411009894     
   34.199999999999996        4.9600000000000000        3800.1394985623128     
   36.000000000000000        4.9600000000000000        3647.2175594305118     
   37.800000000000004        4.9600000000000000        3490.6448939764732     
   39.599999999999994        4.9600000000000000        3330.9828841713665     
   41.399999999999999        4.9600000000000000        3168.8020789502007     
   43.200000000000003        4.9600000000000000        3004.6475896143465     
   45.000000000000000        4.9600000000000000        2839.1408702037184     
   46.800000000000004        4.9600000000000000        2672.8037439831296     
   48.599999999999994        4.9600000000000000        2506.2646931318054     
   50.400000000000006        4.9600000000000000        2340.0703743532249     
   52.200000000000003        4.9600000000000000        2174.7909241429243     
   54.000000000000000        4.9600000000000000        2011.0391732584292     
   55.799999999999997        4.9600000000000000        1849.3309670237620     
   57.600000000000009        4.9600000000000000        1690.2376861916409     
   59.400000000000013        4.9600000000000000        1534.2940184772765     
   61.200000000000010        4.9600000000000000        1382.0178115751842     
   63.000000000000000        4.9600000000000000        1233.9234127355530     
   64.800000000000011        4.9600000000000000        1090.5036168193835     
   66.600000000000009        4.9600000000000000        952.22585382347597     
   68.399999999999991        4.9600000000000000        819.52928528273219     
   70.200000000000003        4.9600000000000000        692.84468181477064     
   72.000000000000000        4.9600000000000000        572.59561021415334     
   73.799999999999997        4.9600000000000000        459.10295143052349     
   75.600000000000009        4.9600000000000000        352.76626014533713     
   77.399999999999991        4.9600000000000000        253.88137131284020     
   79.199999999999989        4.9600000000000000        162.73090205311064     
   81.000000000000000        4.9600000000000000        79.557889995294772     
   82.799999999999997        4.9600000000000000        4.6162197194253167     
   84.599999999999994        4.9600000000000000       -61.935122633022957     
   86.400000000000006        4.9600000000000000       -119.92992937922895     
   88.200000000000003        4.9600000000000000       -169.21967595886645     
   90.000000000000000        4.9600000000000000       -209.75630756410919     
   91.799999999999997        4.9600000000000000       -241.47257285934097     
   93.600000000000009        4.9600000000000000       -264.32921118623267     
   95.400000000000006        4.9600000000000000       -278.37515101882946     
   97.199999999999989        4.9600000000000000       -283.65261429026759     
   99.000000000000014        4.9600000000000000       -280.22171521630980     
   100.80000000000001        4.9600000000000000       -268.24294087864018     
   102.59999999999999        4.9600000000000000       -247.82893668271527     
   104.40000000000001        4.9600000000000000       -219.18923339513640     
   106.19999999999999        4.9600000000000000       -182.53765415758403     
   108.00000000000000        4.9600000000000000       -138.13756462025162     
   109.80000000000000        4.9600000000000000       -86.213582433641818     
   111.59999999999999        4.9600000000000000       -27.126970017750295     
   113.40000000000001        4.9600000000000000        38.800659299326981     
   115.20000000000002        4.9600000000000000        111.23967019236682     
   117.00000000000000        4.9600000000000000        189.77960984022434     
   118.80000000000003        4.9600000000000000        274.01658259486459     
   120.60000000000001        4.9600000000000000        363.52031892889454     
   122.40000000000002        4.9600000000000000        457.87369815505969     
   124.20000000000000        4.9600000000000000        556.58342387452785     
   126.00000000000000        4.9600000000000000        659.17394071705348     
   127.80000000000001        4.9600000000000000        765.16752296767413     
   129.60000000000002        4.9600000000000000        874.03335811157785     
   131.40000000000001        4.9600000000000000        985.28537378352917     
   133.20000000000002        4.9600000000000000        1098.4072312767528     
   135.00000000000000        4.9600000000000000        1212.8330579810699     
   136.79999999999998        4.9600000000000000        1328.0924941196931     
   138.59999999999999        4.9600000000000000        1443.6056355557362     
   140.40000000000001        4.9600000000000000        1558.8701869574247     
   142.20000000000002        4.9600000000000000        1673.3512127262625     
   144.00000000000000        4.9600000000000000        1786.5223990777613     
   145.79999999999998        4.9600000000000000        1897.9006149841789     
   147.59999999999999        4.9600000000000000        2006.9826710904592     
   149.40000000000003        4.9600000000000000        2113.2533492933790     
   151.20000000000002        4.9600000000000000        2216.2465472307872     
   153.00000000000000        4.9600000000000000        2315.4926219196532     
   154.79999999999998        4.9600000000000000        2410.5968258772073     
   156.59999999999997        4.9600000000000000        2501.0791648147888     
   158.39999999999998        4.9600000000000000        2586.5700001824607     
   160.20000000000002        4.9600000000000000        2666.6903694441544     
   162.00000000000000        4.9600000000000000        2741.0564619216075     
   163.79999999999998        4.9600000000000000        2809.3950296046614     
   165.59999999999999        4.9600000000000000        2871.3603011392047     
   167.40000000000001        4.9600000000000000        2926.6868015571372     
   169.19999999999999        4.9600000000000000        2975.1445738342991     
   171.00000000000000        4.9600000000000000        3016.5048651149168     
   172.80000000000001        4.9600000000000000        3050.6040477746460     
   174.59999999999999        4.9600000000000000        3077.2729587894282     
   176.40000000000001        4.9600000000000000        3096.4152768221020     
   178.20000000000002        4.9600000000000000        3112.3428221237896     
   180.00000000000000        4.9600000000000000        3111.7753853022327     
   0.0000000000000000        5.0400000000000000        4608.9439220747900     
   1.8000000000000003        5.0400000000000000        4604.6968950626051     
   3.6000000000000005        5.0400000000000000        4591.9595974350686     
   5.4000000000000004        5.0400000000000000        4570.7897134316827     
   7.2000000000000011        5.0400000000000000        4541.2514092887304     
   9.0000000000000000        5.0400000000000000        4503.4640242744517     
   10.800000000000001        5.0400000000000000        4457.5498893255844     
   12.600000000000001        5.0400000000000000        4403.6895311310136     
   14.400000000000002        5.0400000000000000        4342.0598655461145     
   16.200000000000003        5.0400000000000000        4272.9017321562733     
   18.000000000000000        5.0400000000000000        4196.4575934991171     
   19.799999999999997        5.0400000000000000        4112.9792038420874     
   21.600000000000001        5.0400000000000000        4022.8108522137081     
   23.400000000000002        5.0400000000000000        3926.2403422482553     
   25.200000000000003        5.0400000000000000        3823.6141497195358     
   27.000000000000000        5.0400000000000000        3715.3335808264137     
   28.800000000000004        5.0400000000000000        3601.7432113386612     
   30.600000000000005        5.0400000000000000        3483.2691818156891     
   32.400000000000006        5.0400000000000000        3360.3421568810718     
   34.199999999999996        5.0400000000000000        3233.3914150760615     
   36.000000000000000        5.0400000000000000        3102.8592238066722     
   37.800000000000004        5.0400000000000000        2969.2096795721272     
   39.599999999999994        5.0400000000000000        2832.9218226561288     
   41.399999999999999        5.0400000000000000        2694.4825171714738     
   43.200000000000003        5.0400000000000000        2554.3569256564033     
   45.000000000000000        5.0400000000000000        2413.0753500902492     
   46.800000000000004        5.0400000000000000        2271.0830876594332     
   48.599999999999994        5.0400000000000000        2128.9164412373843     
   50.400000000000006        5.0400000000000000        1987.0419006127231     
   52.200000000000003        5.0400000000000000        1845.9459910087617     
   54.000000000000000        5.0400000000000000        1706.1516671866159     
   55.799999999999997        5.0400000000000000        1568.0991358225774     
   57.600000000000009        5.0400000000000000        1432.2759893244336     
   59.400000000000013        5.0400000000000000        1299.1385145562554     
   61.200000000000010        5.0400000000000000        1169.1286317554927     
   63.000000000000000        5.0400000000000000        1042.6852760490126     
   64.800000000000011        5.0400000000000000        920.22899508517651     
   66.600000000000009        5.0400000000000000        802.15869606889112     
   68.399999999999991        5.0400000000000000        688.84916826785525     
   70.200000000000003        5.0400000000000000        580.66804285009528     
   72.000000000000000        5.0400000000000000        477.97680564905249     
   73.799999999999997        5.0400000000000000        381.04932987756570     
   75.600000000000009        5.0400000000000000        290.22661570628679     
   77.399999999999991        5.0400000000000000        205.76116837523796     
   79.199999999999989        5.0400000000000000        127.89421615242304     
   81.000000000000000        5.0400000000000000        56.833217941361454     
   82.799999999999997        5.0400000000000000       -7.2051119492909947     
   84.599999999999994        5.0400000000000000       -64.085028009808411     
   86.400000000000006        5.0400000000000000       -113.66462278591143     
   88.200000000000003        5.0400000000000000       -155.81707613738263     
   90.000000000000000        5.0400000000000000       -190.50129056416768     
   91.799999999999997        5.0400000000000000       -217.65978960445773     
   93.600000000000009        5.0400000000000000       -237.25897900987275     
   95.400000000000006        5.0400000000000000       -249.34050938298412     
   97.199999999999989        5.0400000000000000       -253.94030935956778     
   99.000000000000014        5.0400000000000000       -251.10957391835097     
   100.80000000000001        5.0400000000000000       -240.98513858157378     
   102.59999999999999        5.0400000000000000       -223.66301985633754     
   104.40000000000001        5.0400000000000000       -199.32189937111650     
   106.19999999999999        5.0400000000000000       -168.14412175556981     
   108.00000000000000        5.0400000000000000       -130.35430306430862     
   109.80000000000000        5.0400000000000000       -86.143999616666633     
   111.59999999999999        5.0400000000000000       -35.821356754619160     
   113.40000000000001        5.0400000000000000        20.339308564586986     
   115.20000000000002        5.0400000000000000        82.056833739774333     
   117.00000000000000        5.0400000000000000        148.98109984241069     
   118.80000000000003        5.0400000000000000        220.76758136933711     
   120.60000000000001        5.0400000000000000        297.04924871573735     
   122.40000000000002        5.0400000000000000        377.47028967685242     
   124.20000000000000        5.0400000000000000        461.60989584669346     
   126.00000000000000        5.0400000000000000        549.06239420409520     
   127.80000000000001        5.0400000000000000        639.42025824586119     
   129.60000000000002        5.0400000000000000        732.23066495708167     
   131.40000000000001        5.0400000000000000        827.07896267204615     
   133.20000000000002        5.0400000000000000        923.52467394096891     
   135.00000000000000        5.0400000000000000        1021.0850559832725     
   136.79999999999998        5.0400000000000000        1119.3588574342689     
   138.59999999999999        5.0400000000000000        1217.8513593214950     
   140.40000000000001        5.0400000000000000        1316.1340578740637     
   142.20000000000002        5.0400000000000000        1413.7505977151113     
   144.00000000000000        5.0400000000000000        1510.2519774440448     
   145.79999999999998        5.0400000000000000        1605.2260376742786     
   147.59999999999999        5.0400000000000000        1698.2435024009269     
   149.40000000000003        5.0400000000000000        1788.8648299459196     
   151.20000000000002        5.0400000000000000        1876.6923826238881     
   153.00000000000000        5.0400000000000000        1961.3254992167927     
   154.79999999999998        5.0400000000000000        2042.4274182158556     
   156.59999999999997        5.0400000000000000        2119.5886411142919     
   158.39999999999998        5.0400000000000000        2192.4938244228101     
   160.20000000000002        5.0400000000000000        2260.8196664625207     
   162.00000000000000        5.0400000000000000        2324.2387262093844     
   163.79999999999998        5.0400000000000000        2382.5178941041640     
   165.59999999999999        5.0400000000000000        2435.3621793237185     
   167.40000000000001        5.0400000000000000        2482.5450986454080     
   169.19999999999999        5.0400000000000000        2523.8704705472728     
   171.00000000000000        5.0400000000000000        2559.1431379767696     
   172.80000000000001        5.0400000000000000        2588.2235070786232     
   174.59999999999999        5.0400000000000000        2610.9672580952133     
   176.40000000000001        5.0400000000000000        2627.2922182727380     
   178.20000000000002        5.0400000000000000        2640.8773276336401     
   180.00000000000000        5.0400000000000000        2640.3916467762592     
   0.0000000000000000        5.1200000000000001        3906.9914537185596     
   1.8000000000000003        5.1200000000000001        3903.3820253265612     
   3.6000000000000005        5.1200000000000001        3892.5569556667378     
   5.4000000000000004        5.1200000000000001        3874.5652574845976     
   7.2000000000000011        5.1200000000000001        3849.4614528704315     
   9.0000000000000000        5.1200000000000001        3817.3469420203810     
   10.800000000000001        5.1200000000000001        3778.3256690180133     
   12.600000000000001        5.1200000000000001        3732.5510241926231     
   14.400000000000002        5.1200000000000001        3680.1733321372949     
   16.200000000000003        5.1200000000000001        3621.3972302572656     
   18.000000000000000        5.1200000000000001        3556.4287369094973     
   19.799999999999997        5.1200000000000001        3485.4817669143495     
   21.600000000000001        5.1200000000000001        3408.8488562903940     
   23.400000000000002        5.1200000000000001        3326.7745520680378     
   25.200000000000003        5.1200000000000001        3239.5532521472405     
   27.000000000000000        5.1200000000000001        3147.5259412832220     
   28.800000000000004        5.1200000000000001        3050.9854069803064     
   30.600000000000005        5.1200000000000001        2950.2937375310130     
   32.400000000000006        5.1200000000000001        2845.8168668191697     
   34.199999999999996        5.1200000000000001        2737.9195529215822     
   36.000000000000000        5.1200000000000001        2626.9775912828500     
   37.800000000000004        5.1200000000000001        2513.3853254933847     
   39.599999999999994        5.1200000000000001        2397.5497973706274     
   41.399999999999999        5.1200000000000001        2279.8846976786153     
   43.200000000000003        5.1200000000000001        2160.7852807800014     
   45.000000000000000        5.1200000000000001        2040.7021462583780     
   46.800000000000004        5.1200000000000001        1920.0136736713866     
   48.599999999999994        5.1200000000000001        1799.1755641269231     
   50.400000000000006        5.1200000000000001        1678.5842057567406     
   52.200000000000003        5.1200000000000001        1558.6530105613115     
   54.000000000000000        5.1200000000000001        1439.8263430794714     
   55.799999999999997        5.1200000000000001        1322.4782649161154     
   57.600000000000009        5.1200000000000001        1207.0230986851025     
   59.400000000000013        5.1200000000000001        1093.8485704526340     
   61.200000000000010        5.1200000000000001        983.33020128547264     
   63.000000000000000        5.1200000000000001        875.84097713161157     
   64.800000000000011        5.1200000000000001        771.73826263743376     
   66.600000000000009        5.1200000000000001        671.36103731192020     
   68.399999999999991        5.1200000000000001        575.02779054397593     
   70.200000000000003        5.1200000000000001        483.05093091996252     
   72.000000000000000        5.1200000000000001        395.73764662505619     
   73.799999999999997        5.1200000000000001        313.32068933080689     
   75.600000000000009        5.1200000000000001        236.08984361975581     
   77.399999999999991        5.1200000000000001        164.25970780734474     
   79.199999999999989        5.1200000000000001        98.035299623374954     
   81.000000000000000        5.1200000000000001        37.592946211734443     
   82.799999999999997        5.1200000000000001       -16.883161328415781     
   84.599999999999994        5.1200000000000001       -65.277624091157577     
   86.400000000000006        5.1200000000000001       -107.46980760637075     
   88.200000000000003        5.1200000000000001       -143.35189565290079     
   90.000000000000000        5.1200000000000001       -172.88890335001872     
   91.799999999999997        5.1200000000000001       -196.03192989394813     
   93.600000000000009        5.1200000000000001       -212.75236523265096     
   95.400000000000006        5.1200000000000001       -223.08552873974133     
   97.199999999999989        5.1200000000000001       -227.06187843816940     
   99.000000000000014        5.1200000000000001       -224.72484310680375     
   100.80000000000001        5.1200000000000001       -216.19061351480684     
   102.59999999999999        5.1200000000000001       -201.54070020588927     
   104.40000000000001        5.1200000000000001       -180.92684787481846     
   106.19999999999999        5.1200000000000001       -154.50391383164936     
   108.00000000000000        5.1200000000000001       -122.46267046777632     
   109.80000000000000        5.1200000000000001       -84.965802631814995     
   111.59999999999999        5.1200000000000001       -42.275051930152017     
   113.40000000000001        5.1200000000000001        5.3765805045595698     
   115.20000000000002        5.1200000000000001        57.750276575296937     
   117.00000000000000        5.1200000000000001        114.54863082157829     
   118.80000000000003        5.1200000000000001        175.47898914947586     
   120.60000000000001        5.1200000000000001        240.22957661466586     
   122.40000000000002        5.1200000000000001        308.49814774872561     
   124.20000000000000        5.1200000000000001        379.92723407481060     
   126.00000000000000        5.1200000000000001        454.17222526610749     
   127.80000000000001        5.1200000000000001        530.88693504758385     
   129.60000000000002        5.1200000000000001        609.68669117339300     
   131.40000000000001        5.1200000000000001        690.21925114711280     
   133.20000000000002        5.1200000000000001        772.11042907102956     
   135.00000000000000        5.1200000000000001        854.95012826505604     
   136.79999999999998        5.1200000000000001        938.39748714228188     
   138.59999999999999        5.1200000000000001        1022.0322308740309     
   140.40000000000001        5.1200000000000001        1105.4903406878161     
   142.20000000000002        5.1200000000000001        1188.3841329956890     
   144.00000000000000        5.1200000000000001        1270.3321706373345     
   145.79999999999998        5.1200000000000001        1350.9843163976502     
   147.59999999999999        5.1200000000000001        1429.9758887563835     
   149.40000000000003        5.1200000000000001        1506.9334825340384     
   151.20000000000002        5.1200000000000001        1581.5192931277604     
   153.00000000000000        5.1200000000000001        1653.3929452546809     
   154.79999999999998        5.1200000000000001        1722.2683520910396     
   156.59999999999997        5.1200000000000001        1787.7976262730863     
   158.39999999999998        5.1200000000000001        1849.7128742814605     
   160.20000000000002        5.1200000000000001        1907.7394392233978     
   162.00000000000000        5.1200000000000001        1961.5991453650431     
   163.79999999999998        5.1200000000000001        2011.0939606529093     
   165.59999999999999        5.1200000000000001        2055.9732755896994     
   167.40000000000001        5.1200000000000001        2096.0446839044153     
   169.19999999999999        5.1200000000000001        2131.1415221251782     
   171.00000000000000        5.1200000000000001        2161.0979951091185     
   172.80000000000001        5.1200000000000001        2185.7955130984574     
   174.59999999999999        5.1200000000000001        2205.1114690216041     
   176.40000000000001        5.1200000000000001        2218.9760548898430     
   178.20000000000002        5.1200000000000001        2230.5149686584468     
   180.00000000000000        5.1200000000000001        2230.1012466131956     
   0.0000000000000000        5.2000000000000002        3314.1195436983580     
   1.8000000000000003        5.2000000000000002        3311.0490255316936     
   3.6000000000000005        5.2000000000000002        3301.8402065114092     
   5.4000000000000004        5.2000000000000002        3286.5347748148524     
   7.2000000000000011        5.2000000000000002        3265.1791056626184     
   9.0000000000000000        5.2000000000000002        3237.8594462751807     
   10.800000000000001        5.2000000000000002        3204.6642087280770     
   12.600000000000001        5.2000000000000002        3165.7238613413729     
   14.400000000000002        5.2000000000000002        3121.1662661808000     
   16.200000000000003        5.2000000000000002        3071.1654806542429     
   18.000000000000000        5.2000000000000002        3015.8967378954294     
   19.799999999999997        5.2000000000000002        2955.5419883268141     
   21.600000000000001        5.2000000000000002        2890.3500524513502     
   23.400000000000002        5.2000000000000002        2820.5289363410511     
   25.200000000000003        5.2000000000000002        2746.3290463814528     
   27.000000000000000        5.2000000000000002        2668.0404131472087     
   28.800000000000004        5.2000000000000002        2585.9120756057991     
   30.600000000000005        5.2000000000000002        2500.2520155355173     
   32.400000000000006        5.2000000000000002        2411.3714865516149     
   34.199999999999996        5.2000000000000002        2319.5807432872048     
   36.000000000000000        5.2000000000000002        2225.1994289226946     
   37.800000000000004        5.2000000000000002        2128.5629632315417     
   39.599999999999994        5.2000000000000002        2030.0175670848316     
   41.399999999999999        5.2000000000000002        1929.9151173937921     
   43.200000000000003        5.2000000000000002        1828.5918114947026     
   45.000000000000000        5.2000000000000002        1726.4309198708743     
   46.800000000000004        5.2000000000000002        1623.7542893295667     
   48.599999999999994        5.2000000000000002        1520.9495310799966     
   50.400000000000006        5.2000000000000002        1418.3538103046715     
   52.200000000000003        5.2000000000000002        1316.3187721457962     
   54.000000000000000        5.2000000000000002        1215.2223882881638     
   55.799999999999997        5.2000000000000002        1115.3828371220127     
   57.600000000000009        5.2000000000000002        1017.1525405593762     
   59.400000000000013        5.2000000000000002        920.86130031157222     
   61.200000000000010        5.2000000000000002        826.82853815664907     
   63.000000000000000        5.2000000000000002        735.37152033338225     
   64.800000000000011        5.2000000000000002        646.79422744695057     
   66.600000000000009        5.2000000000000002        561.38500373688998     
   68.399999999999991        5.2000000000000002        479.41476671226076     
   70.200000000000003        5.2000000000000002        401.14926252931866     
   72.000000000000000        5.2000000000000002        326.84979774417513     
   73.799999999999997        5.2000000000000002        256.71436958677452     
   75.600000000000009        5.2000000000000002        190.98948330236828     
   77.399999999999991        5.2000000000000002        129.85769705575353     
   79.199999999999989        5.2000000000000002        73.493420839578675     
   81.000000000000000        5.2000000000000002        22.046662998636293     
   82.799999999999997        5.2000000000000002       -24.325879438940547     
   84.599999999999994        5.2000000000000002       -65.526018389298770     
   86.400000000000006        5.2000000000000002       -101.45111266127537     
   88.200000000000003        5.2000000000000002       -132.00942312466191     
   90.000000000000000        5.2000000000000002       -157.17115508498773     
   91.799999999999997        5.2000000000000002       -176.89467803769492     
   93.600000000000009        5.2000000000000002       -191.15561916889317     
   95.400000000000006        5.2000000000000002       -199.98397896024403     
   97.199999999999989        5.2000000000000002       -203.40562329503484     
   99.000000000000014        5.2000000000000002       -201.45745006066602     
   100.80000000000001        5.2000000000000002       -194.23824282942883     
   102.59999999999999        5.2000000000000002       -181.81728914101768     
   104.40000000000001        5.2000000000000002       -164.32361231891969     
   106.19999999999999        5.2000000000000002       -141.88888329823305     
   108.00000000000000        5.2000000000000002       -114.67531981770571     
   109.80000000000000        5.2000000000000002       -82.821250943798759     
   111.59999999999999        5.2000000000000002       -46.549255881476768     
   113.40000000000001        5.2000000000000002       -6.0574699065093114     
   115.20000000000002        5.2000000000000002        38.451023805053183     
   117.00000000000000        5.2000000000000002        86.723311859828470     
   118.80000000000003        5.2000000000000002        138.51052146987649     
   120.60000000000001        5.2000000000000002        193.54751661923530     
   122.40000000000002        5.2000000000000002        251.57726570578879     
   124.20000000000000        5.2000000000000002        312.29576822293524     
   126.00000000000000        5.2000000000000002        375.40995911499863     
   127.80000000000001        5.2000000000000002        440.62543225513411     
   129.60000000000002        5.2000000000000002        507.61504770019297     
   131.40000000000001        5.2000000000000002        576.07924689975312     
   133.20000000000002        5.2000000000000002        645.69980721229149     
   135.00000000000000        5.2000000000000002        716.12796233831864     
   136.79999999999998        5.2000000000000002        787.07383096428032     
   138.59999999999999        5.2000000000000002        858.17998834914772     
   140.40000000000001        5.2000000000000002        929.13685575199167     
   142.20000000000002        5.2000000000000002        999.61472610409521     
   144.00000000000000        5.2000000000000002        1069.2892040949164     
   145.79999999999998        5.2000000000000002        1137.8625146661650     
   147.59999999999999        5.2000000000000002        1205.0245115355151     
   149.40000000000003        5.2000000000000002        1270.4576277501465     
   151.20000000000002        5.2000000000000002        1333.8745743155941     
   153.00000000000000        5.2000000000000002        1394.9858747572848     
   154.79999999999998        5.2000000000000002        1453.5482249376782     
   156.59999999999997        5.2000000000000002        1509.2657570197061     
   158.39999999999998        5.2000000000000002        1561.9106384129568     
   160.20000000000002        5.2000000000000002        1611.2492830066649     
   162.00000000000000        5.2000000000000002        1657.0451106945357     
   163.79999999999998        5.2000000000000002        1699.1297040108084     
   165.59999999999999        5.2000000000000002        1737.2899261438670     
   167.40000000000001        5.2000000000000002        1771.3621421030680     
   169.19999999999999        5.2000000000000002        1801.2046104651627     
   171.00000000000000        5.2000000000000002        1826.6763271302896     
   172.80000000000001        5.2000000000000002        1847.6764359081653     
   174.59999999999999        5.2000000000000002        1864.1006625802747     
   176.40000000000001        5.2000000000000002        1875.8896383774959     
   178.20000000000002        5.2000000000000002        1885.7018350926201     
   180.00000000000000        5.2000000000000002        1885.3493291665638     
   0.0000000000000000        5.2800000000000002        2802.7610391333405     
   1.8000000000000003        5.2800000000000002        2800.1556957930316     
   3.6000000000000005        5.2800000000000002        2792.3419868679212     
   5.4000000000000004        5.2800000000000002        2779.3552811829923     
   7.2000000000000011        5.2800000000000002        2761.2349246876538     
   9.0000000000000000        5.2800000000000002        2738.0540909836527     
   10.800000000000001        5.2800000000000002        2709.8877909964158     
   12.600000000000001        5.2800000000000002        2676.8467163873706     
   14.400000000000002        5.2800000000000002        2639.0393483781936     
   16.200000000000003        5.2800000000000002        2596.6133604832667     
   18.000000000000000        5.2800000000000002        2549.7174243580848     
   19.799999999999997        5.2800000000000002        2498.5059111944388     
   21.600000000000001        5.2800000000000002        2443.1899246799321     
   23.400000000000002        5.2800000000000002        2383.9459426377211     
   25.200000000000003        5.2800000000000002        2320.9864154913512     
   27.000000000000000        5.2800000000000002        2254.5574110231018     
   28.800000000000004        5.2800000000000002        2184.8702208115633     
   30.600000000000005        5.2800000000000002        2112.1861434814359     
   32.400000000000006        5.2800000000000002        2036.7692540524467     
   34.199999999999996        5.2800000000000002        1958.8827806127333     
   36.000000000000000        5.2800000000000002        1878.7979169730643     
   37.800000000000004        5.2800000000000002        1796.7992422025845     
   39.599999999999994        5.2800000000000002        1713.1804994608492     
   41.399999999999999        5.2800000000000002        1628.2402309747167     
   43.200000000000003        5.2800000000000002        1542.2636771239872     
   45.000000000000000        5.2800000000000002        1455.5760151453710     
   46.800000000000004        5.2800000000000002        1368.4503116083988     
   48.599999999999994        5.2800000000000002        1281.2154273646163     
   50.400000000000006        5.2800000000000002        1194.1574258845149     
   52.200000000000003        5.2800000000000002        1107.5746557331431     
   54.000000000000000        5.2800000000000002        1021.7878010640449     
   55.799999999999997        5.2800000000000002        937.06681848121605     
   57.600000000000009        5.2800000000000002        853.71071682084653     
   59.400000000000013        5.2800000000000002        771.99931457782327     
   61.200000000000010        5.2800000000000002        692.20362439567941     
   63.000000000000000        5.2800000000000002        614.59283053337776     
   64.800000000000011        5.2800000000000002        539.42484619707079     
   66.600000000000009        5.2800000000000002        466.94431918577277     
   68.399999999999991        5.2800000000000002        397.38111294609689     
   70.200000000000003        5.2800000000000002        330.96070387990818     
   72.000000000000000        5.2800000000000002        267.90480213519879     
   73.799999999999997        5.2800000000000002        208.38140715876511     
   75.600000000000009        5.2800000000000002        152.59967227642460     
   77.399999999999991        5.2800000000000002        100.71449900786638     
   79.199999999999989        5.2800000000000002        52.873876224868809     
   81.000000000000000        5.2800000000000002        9.2050908604833239     
   82.799999999999997        5.2800000000000002       -30.158895417695021     
   84.599999999999994        5.2800000000000002       -65.134759177931301     
   86.400000000000006        5.2800000000000002       -95.635398934833233     
   88.200000000000003        5.2800000000000002       -121.58296232649627     
   90.000000000000000        5.2800000000000002       -142.95214992459114     
   91.799999999999997        5.2800000000000002       -159.70762090822336     
   93.600000000000009        5.2800000000000002       -171.82867569114899     
   95.400000000000006        5.2800000000000002       -179.34074441376288     
   97.199999999999989        5.2800000000000002       -182.26574951206680     
   99.000000000000014        5.2800000000000002       -180.63497291775184     
   100.80000000000001        5.2800000000000002       -174.53219978230572     
   102.59999999999999        5.2800000000000002       -164.01619125602008     
   104.40000000000001        5.2800000000000002       -149.19638779938430     
   106.19999999999999        5.2800000000000002       -130.18447622791615     
   108.00000000000000        5.2800000000000002       -107.11805910042472     
   109.80000000000000        5.2800000000000002       -80.114472281793951     
   111.59999999999999        5.2800000000000002       -49.362528739511390     
   113.40000000000001        5.2800000000000002       -15.030303714517800     
   115.20000000000002        5.2800000000000002        22.709929554173414     
   117.00000000000000        5.2800000000000002        63.643622146091218     
   118.80000000000003        5.2800000000000002        107.55965285215137     
   120.60000000000001        5.2800000000000002        154.23310260654975     
   122.40000000000002        5.2800000000000002        203.44592770653236     
   124.20000000000000        5.2800000000000002        254.94023619698763     
   126.00000000000000        5.2800000000000002        308.46741326921943     
   127.80000000000001        5.2800000000000002        363.77770597672554     
   129.60000000000002        5.2800000000000002        420.59358995831678     
   131.40000000000001        5.2800000000000002        478.66094017969073     
   133.20000000000002        5.2800000000000002        537.70979675747958     
   135.00000000000000        5.2800000000000002        597.44428644910715     
   136.79999999999998        5.2800000000000002        657.61849291309318     
   138.59999999999999        5.2800000000000002        717.92919622029331     
   140.40000000000001        5.2800000000000002        778.11376795803506     
   142.20000000000002        5.2800000000000002        837.89250254455919     
   144.00000000000000        5.2800000000000002        896.99020030362522     
   145.79999999999998        5.2800000000000002        955.15424534259955     
   147.59999999999999        5.2800000000000002        1012.1215256004909     
   149.40000000000003        5.2800000000000002        1067.6226328305775     
   151.20000000000002        5.2800000000000002        1121.4138456899336     
   153.00000000000000        5.2800000000000002        1173.2495864077528     
   154.79999999999998        5.2800000000000002        1222.9234487107371     
   156.59999999999997        5.2800000000000002        1270.1844312472203     
   158.39999999999998        5.2800000000000002        1314.8392523950492     
   160.20000000000002        5.2800000000000002        1356.6897486755952     
   162.00000000000000        5.2800000000000002        1395.5352158959213     
   163.79999999999998        5.2800000000000002        1431.2327776472912     
   165.59999999999999        5.2800000000000002        1463.6016174644119     
   167.40000000000001        5.2800000000000002        1492.5029150190508     
   169.19999999999999        5.2800000000000002        1517.8164235761139     
   171.00000000000000        5.2800000000000002        1539.4225212642311     
   172.80000000000001        5.2800000000000002        1557.2356465785342     
   174.59999999999999        5.2800000000000002        1571.1673375152182     
   176.40000000000001        5.2800000000000002        1581.1672286745693     
   178.20000000000002        5.2800000000000002        1589.4907399628546     
   180.00000000000000        5.2800000000000002        1589.1913282657097     
   0.0000000000000000        5.3600000000000003        2360.6683925391071     
   1.8000000000000003        5.3600000000000003        2358.4655717294418     
   3.6000000000000005        5.3600000000000003        2351.8590718036139     
   5.4000000000000004        5.3600000000000003        2340.8787955993203     
   7.2000000000000011        5.3600000000000003        2325.5580086820778     
   9.0000000000000000        5.3600000000000003        2305.9585763331843     
   10.800000000000001        5.3600000000000003        2282.1439174755656     
   12.600000000000001        5.3600000000000003        2254.2076174265485     
   14.400000000000002        5.3600000000000003        2222.2413929796758     
   16.200000000000003        5.3600000000000003        2186.3700961486438     
   18.000000000000000        5.3600000000000003        2146.7194230990508     
   19.799999999999997        5.3600000000000003        2103.4198889185068     
   21.600000000000001        5.3600000000000003        2056.6499731899976     
   23.400000000000002        5.3600000000000003        2006.5588814922146     
   25.200000000000003        5.3600000000000003        1953.3262325369951     
   27.000000000000000        5.3600000000000003        1897.1600669378754     
   28.800000000000004        5.3600000000000003        1838.2390241901321     
   30.600000000000005        5.3600000000000003        1776.7840222672990     
   32.400000000000006        5.3600000000000003        1713.0183266847330     
   34.199999999999996        5.3600000000000003        1647.1644871706724     
   36.000000000000000        5.3600000000000003        1579.4517882786520     
   37.800000000000004        5.3600000000000003        1510.1208313036050     
   39.599999999999994        5.3600000000000003        1439.4199655100344     
   41.399999999999999        5.3600000000000003        1367.6015977383036     
   43.200000000000003        5.3600000000000003        1294.9068890659339     
   45.000000000000000        5.3600000000000003        1221.6107652140558     
   46.800000000000004        5.3600000000000003        1147.9440953942631     
   48.599999999999994        5.3600000000000003        1074.1849200350109     
   50.400000000000006        5.3600000000000003        1000.5750969164872     
   52.200000000000003        5.3600000000000003        927.36687038433047     
   54.000000000000000        5.3600000000000003        854.83136848568165     
   55.799999999999997        5.3600000000000003        783.19683207511775     
   57.600000000000009        5.3600000000000003        712.71606424934112     
   59.400000000000013        5.3600000000000003        643.62564388253588     
   61.200000000000010        5.3600000000000003        576.15470513709818     
   63.000000000000000        5.3600000000000003        510.53083652247636     
   64.800000000000011        5.3600000000000003        446.97209762780278     
   66.600000000000009        5.3600000000000003        385.68533299641820     
   68.399999999999991        5.3600000000000003        326.86488793262748     
   70.200000000000003        5.3600000000000003        270.70139884841598     
   72.000000000000000        5.3600000000000003        217.38231809984416     
   73.799999999999997        5.3600000000000003        167.04968868011053     
   75.600000000000009        5.3600000000000003        119.88034702496554     
   77.399999999999991        5.3600000000000003        76.005262715512572     
   79.199999999999989        5.3600000000000003        35.549561138560648     
   81.000000000000000        5.3600000000000003       -1.3791346133281195     
   82.799999999999997        5.3600000000000003       -34.668403716096464     
   84.599999999999994        5.3600000000000003       -64.247791714212099     
   86.400000000000006        5.3600000000000003       -90.043649978418443     
   88.200000000000003        5.3600000000000003       -111.99014948045817     
   90.000000000000000        5.3600000000000003       -130.06589180499191     
   91.799999999999997        5.3600000000000003       -144.24098907945961     
   93.600000000000009        5.3600000000000003       -154.49793179439513     
   95.400000000000006        5.3600000000000003       -160.85821061015912     
   97.199999999999989        5.3600000000000003       -163.34035063293641     
   99.000000000000014        5.3600000000000003       -161.97078993762767     
   100.80000000000001        5.3600000000000003       -156.82035523580237     
   102.59999999999999        5.3600000000000003       -147.93871685963791     
   104.40000000000001        5.3600000000000003       -135.41839177999407     
   106.19999999999999        5.3600000000000003       -119.35379620069602     
   108.00000000000000        5.3600000000000003       -99.861256740485032     
   109.80000000000000        5.3600000000000003       -77.039965717006282     
   111.59999999999999        5.3600000000000003       -51.049545517465390     
   113.40000000000001        5.3600000000000003       -22.032086012813068     
   115.20000000000002        5.3600000000000003        9.8667736425097701     
   117.00000000000000        5.3600000000000003        44.465652403595215     
   118.80000000000003        5.3600000000000003        81.586067045745239     
   120.60000000000001        5.3600000000000003        121.03786888068868     
   122.40000000000002        5.3600000000000003        162.63672182519980     
   124.20000000000000        5.3600000000000003        206.16460013198446     
   126.00000000000000        5.3600000000000003        251.41132121973331     
   127.80000000000001        5.3600000000000003        298.16574011243580     
   129.60000000000002        5.3600000000000003        346.19323245310432     
   131.40000000000001        5.3600000000000003        395.27895655977238     
   133.20000000000002        5.3600000000000003        445.19468306860176     
   135.00000000000000        5.3600000000000003        495.69027409794001     
   136.79999999999998        5.3600000000000003        546.55782739700601     
   138.59999999999999        5.3600000000000003        597.54099346278281     
   140.40000000000001        5.3600000000000003        648.41774048990760     
   142.20000000000002        5.3600000000000003        698.95159864515028     
   144.00000000000000        5.3600000000000003        748.90990737064703     
   145.79999999999998        5.3600000000000003        798.07909923541092     
   147.59999999999999        5.3600000000000003        846.23673263983846     
   149.40000000000003        5.3600000000000003        893.15504266611379     
   151.20000000000002        5.3600000000000003        938.62798102613488     
   153.00000000000000        5.3600000000000003        982.44792967634817     
   154.79999999999998        5.3600000000000003        1024.4403876801725     
   156.59999999999997        5.3600000000000003        1064.3931511454891     
   158.39999999999998        5.3600000000000003        1102.1428147946219     
   160.20000000000002        5.3600000000000003        1137.5218457436695     
   162.00000000000000        5.3600000000000003        1170.3605628067053     
   163.79999999999998        5.3600000000000003        1200.5381747562196     
   165.59999999999999        5.3600000000000003        1227.9018138488620     
   167.40000000000001        5.3600000000000003        1252.3341175023802     
   169.19999999999999        5.3600000000000003        1273.7334258134485     
   171.00000000000000        5.3600000000000003        1291.9986068865487     
   172.80000000000001        5.3600000000000003        1307.0573247209832     
   174.59999999999999        5.3600000000000003        1318.8347908191697     
   176.40000000000001        5.3600000000000003        1327.2884249936455     
   178.20000000000002        5.3600000000000003        1334.3250621321727     
   180.00000000000000        5.3600000000000003        1334.0717804037558     
   0.0000000000000000        5.4399999999999995        1986.8673394018865     
   1.8000000000000003        5.4399999999999995        1985.0052692819766     
   3.6000000000000005        5.4399999999999995        1979.4207178466813     
   5.4000000000000004        5.4399999999999995        1970.1389625764909     
   7.2000000000000011        5.4399999999999995        1957.1881234939524     
   9.0000000000000000        5.4399999999999995        1940.6204965679390     
   10.800000000000001        5.4399999999999995        1920.4896910476616     
   12.600000000000001        5.4399999999999995        1896.8748164783772     
   14.400000000000002        5.4399999999999995        1869.8534028513291     
   16.200000000000003        5.4399999999999995        1839.5309900708116     
   18.000000000000000        5.4399999999999995        1806.0138315746890     
   19.799999999999997        5.4399999999999995        1769.4122542990399     
   21.600000000000001        5.4399999999999995        1729.8771306203212     
   23.400000000000002        5.4399999999999995        1687.5345868824179     
   25.200000000000003        5.4399999999999995        1642.5364583020082     
   27.000000000000000        5.4399999999999995        1595.0586057355827     
   28.800000000000004        5.4399999999999995        1545.2520365564769     
   30.600000000000005        5.4399999999999995        1493.3034970607955     
   32.400000000000006        5.4399999999999995        1439.4017179326684     
   34.199999999999996        5.4399999999999995        1383.7348247428745     
   36.000000000000000        5.4399999999999995        1326.4966361230256     
   37.800000000000004        5.4399999999999995        1267.8905369650697     
   39.599999999999994        5.4399999999999995        1208.1264616575818     
   41.399999999999999        5.4399999999999995        1147.4177745123309     
   43.200000000000003        5.4399999999999995        1085.9683335024065     
   45.000000000000000        5.4399999999999995        1024.0105385910610     
   46.800000000000004        5.4399999999999995        961.73954772896616     
   48.599999999999994        5.4399999999999995        899.39039374259801     
   50.400000000000006        5.4399999999999995        837.16752340335995     
   52.200000000000003        5.4399999999999995        775.28416345206028     
   54.000000000000000        5.4399999999999995        713.96950342386845     
   55.799999999999997        5.4399999999999995        653.41647929747865     
   57.600000000000009        5.4399999999999995        593.83879004886853     
   59.400000000000013        5.4399999999999995        535.43641991950335     
   61.200000000000010        5.4399999999999995        478.40305993919253     
   63.000000000000000        5.4399999999999995        422.93109453699731     
   64.800000000000011        5.4399999999999995        369.20485310374710     
   66.600000000000009        5.4399999999999995        317.39918467290158     
   68.399999999999991        5.4399999999999995        267.67837236395701     
   70.200000000000003        5.4399999999999995        220.20356406532915     
   72.000000000000000        5.4399999999999995        175.13321609200233     
   73.799999999999997        5.4399999999999995        132.58739916755445     
   75.600000000000009        5.4399999999999995        92.715595694618571     
   77.399999999999991        5.4399999999999995        55.628515759055858     
   79.199999999999989        5.4399999999999995        21.431929203225422     
   81.000000000000000        5.4399999999999995       -9.7831892315199411     
   82.799999999999997        5.4399999999999995       -37.921809180635023     
   84.599999999999994        5.4399999999999995       -62.924375420065758     
   86.400000000000006        5.4399999999999995       -84.728632623655415     
   88.200000000000003        5.4399999999999995       -103.27893555773585     
   90.000000000000000        5.4399999999999995       -118.55719720679588     
   91.799999999999997        5.4399999999999995       -130.53815422416329     
   93.600000000000009        5.4399999999999995       -139.20700697710004     
   95.400000000000006        5.4399999999999995       -144.58192356845069     
   97.199999999999989        5.4399999999999995       -146.67856524709794     
   99.000000000000014        5.4399999999999995       -145.51928227107726     
   100.80000000000001        5.4399999999999995       -141.16394762389456     
   102.59999999999999        5.4399999999999995       -133.65455030917269     
   104.40000000000001        5.4399999999999995       -123.06929856674225     
   106.19999999999999        5.4399999999999995       -109.48800609090438     
   108.00000000000000        5.4399999999999995       -93.009007939532353     
   109.80000000000000        5.4399999999999995       -73.716155139558907     
   111.59999999999999        5.4399999999999995       -51.744381625164465     
   113.40000000000001        5.4399999999999995       -27.213800676268818     
   115.20000000000002        5.4399999999999995      -0.24752584544114598     
   117.00000000000000        5.4399999999999995        29.001115895251417     
   118.80000000000003        5.4399999999999995        60.381247188385146     
   120.60000000000001        5.4399999999999995        93.732129615106345     
   122.40000000000002        5.4399999999999995        128.89793830834742     
   124.20000000000000        5.4399999999999995        165.69436978101018     
   126.00000000000000        5.4399999999999995        203.94375058011315     
   127.80000000000001        5.4399999999999995        243.46759374587617     
   129.60000000000002        5.4399999999999995        284.06756468857361     
   131.40000000000001        5.4399999999999995        325.56205159691081     
   133.20000000000002        5.4399999999999995        367.75812577654858     
   135.00000000000000        5.4399999999999995        410.44433879342091     
   136.79999999999998        5.4399999999999995        453.44494499341579     
   138.59999999999999        5.4399999999999995        496.54324518467695     
   140.40000000000001        5.4399999999999995        539.55154974711127     
   142.20000000000002        5.4399999999999995        582.26996430155828     
   144.00000000000000        5.4399999999999995        624.50181457428812     
   145.79999999999998        5.4399999999999995        666.06656618782699     
   147.59999999999999        5.4399999999999995        706.77618326621644     
   149.40000000000003        5.4399999999999995        746.43813005110087     
   151.20000000000002        5.4399999999999995        784.87822839008663     
   153.00000000000000        5.4399999999999995        821.92097322263135     
   154.79999999999998        5.4399999999999995        857.41885418035190     
   156.59999999999997        5.4399999999999995        891.19248976628614     
   158.39999999999998        5.4399999999999995        923.10374911458325     
   160.20000000000002        5.4399999999999995        953.01101224416732     
   162.00000000000000        5.4399999999999995        980.77084321051689     
   163.79999999999998        5.4399999999999995        1006.2811339171379     
   165.59999999999999        5.4399999999999995        1029.4126613002838     
   167.40000000000001        5.4399999999999995        1050.0662156693411     
   169.19999999999999        5.4399999999999995        1068.1558612153456     
   171.00000000000000        5.4399999999999995        1083.5961085141641     
   172.80000000000001        5.4399999999999995        1096.3258100193673     
   174.59999999999999        5.4399999999999995        1106.2817450810285     
   176.40000000000001        5.4399999999999995        1113.4279195202412     
   178.20000000000002        5.4399999999999995        1119.3762244345269     
   180.00000000000000        5.4399999999999995        1119.1621443674817     
   0.0000000000000000        5.5199999999999996        1663.5363609589126     
   1.8000000000000003        5.5199999999999996        1661.9693855452533     
   3.6000000000000005        5.5199999999999996        1657.2698553153657     
   5.4000000000000004        5.5199999999999996        1649.4590432400946     
   7.2000000000000011        5.5199999999999996        1638.5606142979841     
   9.0000000000000000        5.5199999999999996        1624.6185795242150     
   10.800000000000001        5.5199999999999996        1607.6780549468999     
   12.600000000000001        5.5199999999999996        1587.8056172165500     
   14.400000000000002        5.5199999999999996        1565.0665133893690     
   16.200000000000003        5.5199999999999996        1539.5495632236284     
   18.000000000000000        5.5199999999999996        1511.3441867337665     
   19.799999999999997        5.5199999999999996        1480.5432319159668     
   21.600000000000001        5.5199999999999996        1447.2736692896251     
   23.400000000000002        5.5199999999999996        1411.6416430392769     
   25.200000000000003        5.5199999999999996        1373.7749335235108     
   27.000000000000000        5.5199999999999996        1333.8215406806003     
   28.800000000000004        5.5199999999999996        1291.9085476935415     
   30.600000000000005        5.5199999999999996        1248.1931151513559     
   32.400000000000006        5.5199999999999996        1202.8340734654284     
   34.199999999999996        5.5199999999999996        1155.9897435667121     
   36.000000000000000        5.5199999999999996        1107.8232374106117     
   37.800000000000004        5.5199999999999996        1058.5057176398409     
   39.599999999999994        5.5199999999999996        1008.2138587011900     
   41.399999999999999        5.5199999999999996        957.12722143853625     
   43.200000000000003        5.5199999999999996        905.41736602765832     
   45.000000000000000        5.5199999999999996        853.27987319690578     
   46.800000000000004        5.5199999999999996        800.87898086221105     
   48.599999999999994        5.5199999999999996        748.41248518279781     
   50.400000000000006        5.5199999999999996        696.05244112556966     
   52.200000000000003        5.5199999999999996        643.97829265021358     
   54.000000000000000        5.5199999999999996        592.38291773209107     
   55.799999999999997        5.5199999999999996        541.42868344191845     
   57.600000000000009        5.5199999999999996        491.29543069705318     
   59.400000000000013        5.5199999999999996        442.15145804292121     
   61.200000000000010        5.5199999999999996        394.15976756305042     
   63.000000000000000        5.5199999999999996        347.48226158386092     
   64.800000000000011        5.5199999999999996        302.27406324247329     
   66.600000000000009        5.5199999999999996        258.68231695492386     
   68.399999999999991        5.5199999999999996        216.84527482634786     
   70.200000000000003        5.5199999999999996        176.89855027063959     
   72.000000000000000        5.5199999999999996        138.97549139717535     
   73.799999999999997        5.5199999999999996        103.17714117499088     
   75.600000000000009        5.5199999999999996        69.629295163289044     
   77.399999999999991        5.5199999999999996        38.425118330837790     
   79.199999999999989        5.5199999999999996        9.6536179070964749     
   81.000000000000000        5.5199999999999996       -16.608650391154583     
   82.799999999999997        5.5199999999999996       -40.281717710312023     
   84.599999999999994        5.5199999999999996       -61.315470874531002     
   86.400000000000006        5.5199999999999996       -79.657524352555242     
   88.200000000000003        5.5199999999999996       -95.261055646300747     
   90.000000000000000        5.5199999999999996       -108.11085101541534     
   91.799999999999997        5.5199999999999996       -118.18565717599660     
   93.600000000000009        5.5199999999999996       -125.47302703480148     
   95.400000000000006        5.5199999999999996       -129.98825891312487     
   97.199999999999989        5.5199999999999996       -131.74454136484155     
   99.000000000000014        5.5199999999999996       -130.76069234437239     
   100.80000000000001        5.5199999999999996       -127.08710864513284     
   102.59999999999999        5.5199999999999996       -120.75913598420601     
   104.40000000000001        5.5199999999999996       -111.84260189400811     
   106.19999999999999        5.5199999999999996       -100.40468499050155     
   108.00000000000000        5.5199999999999996       -86.528151279685858     
   109.80000000000000        5.5199999999999996       -70.283577033705569     
   111.59999999999999        5.5199999999999996       -51.784529473497457     
   113.40000000000001        5.5199999999999996       -31.132102770890953     
   115.20000000000002        5.5199999999999996       -8.4299160122448313     
   117.00000000000000        5.5199999999999996        16.192984409239756     
   118.80000000000003        5.5199999999999996        42.609613788817228     
   120.60000000000001        5.5199999999999996        70.684688535979873     
   122.40000000000002        5.5199999999999996        100.28706039583966     
   124.20000000000000        5.5199999999999996        131.26161383087648     
   126.00000000000000        5.5199999999999996        163.45881323296683     
   127.80000000000001        5.5199999999999996        196.72843849659350     
   129.60000000000002        5.5199999999999996        230.90356603653933     
   131.40000000000001        5.5199999999999996        265.83134620193096     
   133.20000000000002        5.5199999999999996        301.34940529366571     
   135.00000000000000        5.5199999999999996        337.27978369523095     
   136.79999999999998        5.5199999999999996        373.47456918338111     
   138.59999999999999        5.5199999999999996        409.75138349700950     
   140.40000000000001        5.5199999999999996        445.95226282108410     
   142.20000000000002        5.5199999999999996        481.90897209085728     
   144.00000000000000        5.5199999999999996        517.45598645842506     
   145.79999999999998        5.5199999999999996        552.44136450608062     
   147.59999999999999        5.5199999999999996        586.70685181373528     
   149.40000000000003        5.5199999999999996        620.09040710329373     
   151.20000000000002        5.5199999999999996        652.44543895022025     
   153.00000000000000        5.5199999999999996        683.62423943422232     
   154.79999999999998        5.5199999999999996        713.50266100314661     
   156.59999999999997        5.5199999999999996        741.92973380816215     
   158.39999999999998        5.5199999999999996        768.78920448419535     
   160.20000000000002        5.5199999999999996        793.96188348625765     
   162.00000000000000        5.5199999999999996        817.32705320572006     
   163.79999999999998        5.5199999999999996        838.79877751220693     
   165.59999999999999        5.5199999999999996        858.26830074719862     
   167.40000000000001        5.5199999999999996        875.65212655010441     
   169.19999999999999        5.5199999999999996        890.87793001792363     
   171.00000000000000        5.5199999999999996        903.87376217283099     
   172.80000000000001        5.5199999999999996        914.58816024850375     
   174.59999999999999        5.5199999999999996        922.96791702253472     
   176.40000000000001        5.5199999999999996        928.98273914070955     
   178.20000000000002        5.5199999999999996        933.98918257368723     
   180.00000000000000        5.5199999999999996        933.80914440826200     
   0.0000000000000000        5.5999999999999996        1392.2719860115076     
   1.8000000000000003        5.5999999999999996        1390.9529954933100     
   3.6000000000000005        5.5999999999999996        1386.9971990008344     
   5.4000000000000004        5.5999999999999996        1380.4225051621834     
   7.2000000000000011        5.5999999999999996        1371.2488359669314     
   9.0000000000000000        5.5999999999999996        1359.5132418948701     
   10.800000000000001        5.5999999999999996        1345.2537032796840     
   12.600000000000001        5.5999999999999996        1328.5262672775220     
   14.400000000000002        5.5999999999999996        1309.3858612759047     
   16.200000000000003        5.5999999999999996        1287.9072576042051     
   18.000000000000000        5.5999999999999996        1264.1657335285263     
   19.799999999999997        5.5999999999999996        1238.2394518565329     
   21.600000000000001        5.5999999999999996        1210.2353020157188     
   23.400000000000002        5.5999999999999996        1180.2426397956995     
   25.200000000000003        5.5999999999999996        1148.3690356259933     
   27.000000000000000        5.5999999999999996        1114.7390819807263     
   28.800000000000004        5.5999999999999996        1079.4597615882540     
   30.600000000000005        5.5999999999999996        1042.6633783247630     
   32.400000000000006        5.5999999999999996        1004.4836414866325     
   34.199999999999996        5.5999999999999996        965.05383108880028     
   36.000000000000000        5.5999999999999996        924.51126025272151     
   37.800000000000004        5.5999999999999996        883.00001945366148     
   39.599999999999994        5.5999999999999996        840.66883909707133     
   41.399999999999999        5.5999999999999996        797.66887925280764     
   43.200000000000003        5.5999999999999996        754.14456407730677     
   45.000000000000000        5.5999999999999996        710.26053979922244     
   46.800000000000004        5.5999999999999996        666.15506550185876     
   48.599999999999994        5.5999999999999996        621.99465193548110     
   50.400000000000006        5.5999999999999996        577.92413860712668     
   52.200000000000003        5.5999999999999996        534.09458538074091     
   54.000000000000000        5.5999999999999996        490.66836166196941     
   55.799999999999997        5.5999999999999996        447.78215012502335     
   57.600000000000009        5.5999999999999996        405.58734405344006     
   59.400000000000013        5.5999999999999996        364.22561922041388     
   61.200000000000010        5.5999999999999996        323.83419219714625     
   63.000000000000000        5.5999999999999996        284.54935347959048     
   64.800000000000011        5.5999999999999996        246.50168610805989     
   66.600000000000009        5.5999999999999996        209.81505581885216     
   68.399999999999991        5.5999999999999996        174.60584192445495     
   70.200000000000003        5.5999999999999996        140.98820211345941     
   72.000000000000000        5.5999999999999996        109.07438680897997     
   73.799999999999997        5.5999999999999996        78.949449289180905     
   75.600000000000009        5.5999999999999996        50.719281376060337     
   77.399999999999991        5.5999999999999996        24.462303782276365     
   79.199999999999989        5.5999999999999996       0.25343680492198928     
   81.000000000000000        5.5999999999999996       -21.842882011117638     
   82.799999999999997        5.5999999999999996       -41.759341753013530     
   84.599999999999994        5.5999999999999996       -59.453766426591642     
   86.400000000000006        5.5999999999999996       -74.882067043062136     
   88.200000000000003        5.5999999999999996       -88.004838051083539     
   90.000000000000000        5.5999999999999996       -98.809284659044920     
   91.799999999999997        5.5999999999999996       -107.27752752666419     
   93.600000000000009        5.5999999999999996       -113.39910105620402     
   95.400000000000006        5.5999999999999996       -117.18689790461207     
   97.199999999999989        5.5999999999999996       -118.65203453469286     
   99.000000000000014        5.5999999999999996       -117.81036664106392     
   100.80000000000001        5.5999999999999996       -114.70433541127051     
   102.59999999999999        5.5999999999999996       -109.36371078978027     
   104.40000000000001        5.5999999999999996       -101.84392462734843     
   106.19999999999999        5.5999999999999996       -92.201546131468291     
   108.00000000000000        5.5999999999999996       -80.506267093858497     
   109.80000000000000        5.5999999999999996       -66.817516914484656     
   111.59999999999999        5.5999999999999996       -51.230918019069293     
   113.40000000000001        5.5999999999999996       -33.831591899517633     
   115.20000000000002        5.5999999999999996       -14.706785564663477     
   117.00000000000000        5.5999999999999996        6.0348474403100738     
   118.80000000000003        5.5999999999999996        28.286389439881347     
   120.60000000000001        5.5999999999999996        51.933936295379638     
   122.40000000000002        5.5999999999999996        76.867065520215036     
   124.20000000000000        5.5999999999999996        102.95517730133977     
   126.00000000000000        5.5999999999999996        130.07236967288983     
   127.80000000000001        5.5999999999999996        158.09216464098961     
   129.60000000000002        5.5999999999999996        186.87402215779994     
   131.40000000000001        5.5999999999999996        216.28925097508471     
   133.20000000000002        5.5999999999999996        246.20114202041876     
   135.00000000000000        5.5999999999999996        276.45986504989537     
   136.79999999999998        5.5999999999999996        306.94088636081074     
   138.59999999999999        5.5999999999999996        337.49065633077328     
   140.40000000000001        5.5999999999999996        367.97617964010738     
   142.20000000000002        5.5999999999999996        398.25581413932360     
   144.00000000000000        5.5999999999999996        428.19019967520961     
   145.79999999999998        5.5999999999999996        457.65141202356489     
   147.59999999999999        5.5999999999999996        486.50621251837890     
   149.40000000000003        5.5999999999999996        514.61817476603039     
   151.20000000000002        5.5999999999999996        541.86387962631125     
   153.00000000000000        5.5999999999999996        568.11896836606718     
   154.79999999999998        5.5999999999999996        593.27891758677606     
   156.59999999999997        5.5999999999999996        617.21662314864716     
   158.39999999999998        5.5999999999999996        639.83420835231186     
   160.20000000000002        5.5999999999999996        661.03132497639285     
   162.00000000000000        5.5999999999999996        680.70633874535451     
   163.79999999999998        5.5999999999999996        698.78689755666539     
   165.59999999999999        5.5999999999999996        715.18143843645043     
   167.40000000000001        5.5999999999999996        729.81966407312893     
   169.19999999999999        5.5999999999999996        742.64068257105907     
   171.00000000000000        5.5999999999999996        753.58391892702275     
   172.80000000000001        5.5999999999999996        762.60604545049671     
   174.59999999999999        5.5999999999999996        769.66226624493038     
   176.40000000000001        5.5999999999999996        774.72707652255008     
   178.20000000000002        5.5999999999999996        778.94253053624584     
   180.00000000000000        5.5999999999999996        778.79117266216099     
   0.0000000000000000        5.6799999999999997        1157.5291592920926     
   1.8000000000000003        5.6799999999999997        1156.4251000640120     
   3.6000000000000005        5.6799999999999997        1153.1139059386619     
   5.4000000000000004        5.6799999999999997        1147.6105701032088     
   7.2000000000000011        5.6799999999999997        1139.9317709096208     
   9.0000000000000000        5.6799999999999997        1130.1085269897801     
   10.800000000000001        5.6799999999999997        1118.1726349787064     
   12.600000000000001        5.6799999999999997        1104.1710174123778     
   14.400000000000002        5.6799999999999997        1088.1496587923150     
   16.200000000000003        5.6799999999999997        1070.1711582543101     
   18.000000000000000        5.6799999999999997        1050.2985371883992     
   19.799999999999997        5.6799999999999997        1028.5972324002028     
   21.600000000000001        5.6799999999999997        1005.1567315111242     
   23.400000000000002        5.6799999999999997        980.05184164768298     
   25.200000000000003        5.6799999999999997        953.37261962731543     
   27.000000000000000        5.6799999999999997        925.22337346639404     
   28.800000000000004        5.6799999999999997        895.69366698394072     
   30.600000000000005        5.6799999999999997        864.89426362076620     
   32.400000000000006        5.6799999999999997        832.93710304798606     
   34.199999999999996        5.6799999999999997        799.93376507452581     
   36.000000000000000        5.6799999999999997        765.99920578178399     
   37.800000000000004        5.6799999999999997        731.25405514860563     
   39.599999999999994        5.6799999999999997        695.82282750665445     
   41.399999999999999        5.6799999999999997        659.83207100923732     
   43.200000000000003        5.6799999999999997        623.40269377827553     
   45.000000000000000        5.6799999999999997        586.67253443895515     
   46.800000000000004        5.6799999999999997        549.75733864874996     
   48.599999999999994        5.6799999999999997        512.79650535421422     
   50.400000000000006        5.6799999999999997        475.91128893766893     
   52.200000000000003        5.6799999999999997        439.22815142035108     
   54.000000000000000        5.6799999999999997        402.88302338545878     
   55.799999999999997        5.6799999999999997        366.99032892902903     
   57.600000000000009        5.6799999999999997        331.67680827247818     
   59.400000000000013        5.6799999999999997        297.06106537754317     
   61.200000000000010        5.6799999999999997        263.25797046894559     
   63.000000000000000        5.6799999999999997        230.38161815219487     
   64.800000000000011        5.6799999999999997        198.54132422579468     
   66.600000000000009        5.6799999999999997        167.84078020196242     
   68.399999999999991        5.6799999999999997        138.37740937714520     
   70.200000000000003        5.6799999999999997        110.24677479096732     
   72.000000000000000        5.6799999999999997        83.542842437316494     
   73.799999999999997        5.6799999999999997        58.336807374382090     
   75.600000000000009        5.6799999999999997        34.717311532464578     
   77.399999999999991        5.6799999999999997        12.749996561016985     
   79.199999999999989        5.6799999999999997       -7.5024267361976626     
   81.000000000000000        5.6799999999999997       -25.986024333793580     
   82.799999999999997        5.6799999999999997       -42.644456581671989     
   84.599999999999994        5.6799999999999997       -57.442428075554176     
   86.400000000000006        5.6799999999999997       -70.343041825027910     
   88.200000000000003        5.6799999999999997       -81.313322087980339     
   90.000000000000000        5.6799999999999997       -90.342572964712701     
   91.799999999999997        5.6799999999999997       -97.415841542788399     
   93.600000000000009        5.6799999999999997       -102.52438205212482     
   95.400000000000006        5.6799999999999997       -105.67900536223627     
   97.199999999999989        5.6799999999999997       -106.88903519473217     
   99.000000000000014        5.6799999999999997       -106.16776313548669     
   100.80000000000001        5.6799999999999997       -103.55073936048763     
   102.59999999999999        5.6799999999999997       -99.062904989430308     
   104.40000000000001        5.6799999999999997       -92.750686428673191     
   106.19999999999999        5.6799999999999997       -84.661462221109446     
   108.00000000000000        5.6799999999999997       -74.853597640041755     
   109.80000000000000        5.6799999999999997       -63.376865645176906     
   111.59999999999999        5.6799999999999997       -50.311341580173007     
   113.40000000000001        5.6799999999999997       -35.728308725152289     
   115.20000000000002        5.6799999999999997       -19.700829754175771     
   117.00000000000000        5.6799999999999997       -2.3198897183301455     
   118.80000000000003        5.6799999999999997        16.324979906149778     
   120.60000000000001        5.6799999999999997        36.138398475379759     
   122.40000000000002        5.6799999999999997        57.027900602531908     
   124.20000000000000        5.6799999999999997        78.884127735601055     
   126.00000000000000        5.6799999999999997        101.60165486484576     
   127.80000000000001        5.6799999999999997        125.07457499408768     
   129.60000000000002        5.6799999999999997        149.18520800355753     
   131.40000000000001        5.6799999999999997        173.82579447759014     
   133.20000000000002        5.6799999999999997        198.88186242301106     
   135.00000000000000        5.6799999999999997        224.22795451337910     
   136.79999999999998        5.6799999999999997        249.75979326057004     
   138.59999999999999        5.6799999999999997        275.34880801818429     
   140.40000000000001        5.6799999999999997        300.88363757073319     
   142.20000000000002        5.6799999999999997        326.24568154994506     
   144.00000000000000        5.6799999999999997        351.31825058497077     
   145.79999999999998        5.6799999999999997        375.99423042598698     
   147.59999999999999        5.6799999999999997        400.16205773673124     
   149.40000000000003        5.6799999999999997        423.70750069144879     
   151.20000000000002        5.6799999999999997        446.52721820202362     
   153.00000000000000        5.6799999999999997        468.51708295495882     
   154.79999999999998        5.6799999999999997        489.58957518948904     
   156.59999999999997        5.6799999999999997        509.63826992342990     
   158.39999999999998        5.6799999999999997        528.58121326549735     
   160.20000000000002        5.6799999999999997        546.33438252384053     
   162.00000000000000        5.6799999999999997        562.81267874307116     
   163.79999999999998        5.6799999999999997        577.95551990218291     
   165.59999999999999        5.6799999999999997        591.68624020735729     
   167.40000000000001        5.6799999999999997        603.94597900034660     
   169.19999999999999        5.6799999999999997        614.68375079326029     
   171.00000000000000        5.6799999999999997        623.84883592272411     
   172.80000000000001        5.6799999999999997        631.40495551652202     
   174.59999999999999        5.6799999999999997        637.31460196266312     
   176.40000000000001        5.6799999999999997        641.55641960994217     
   178.20000000000002        5.6799999999999997        645.08658999059196     
   180.00000000000000        5.6799999999999997        644.96012905318275     
   0.0000000000000000        5.7599999999999998        962.18073682225304     
   1.8000000000000003        5.7599999999999998        961.25594010331110     
   3.6000000000000005        5.7599999999999998        958.48237378001932     
   5.4000000000000004        5.7599999999999998        953.87259975203767     
   7.2000000000000011        5.7599999999999998        947.44059133931773     
   9.0000000000000000        5.7599999999999998        939.21233698265246     
   10.800000000000001        5.7599999999999998        929.21447643734700     
   12.600000000000001        5.7599999999999998        917.48632285461383     
   14.400000000000002        5.7599999999999998        904.06640284091145     
   16.200000000000003        5.7599999999999998        889.00716381247958     
   18.000000000000000        5.7599999999999998        872.36140643227623     
   19.799999999999997        5.7599999999999998        854.18395468121150     
   21.600000000000001        5.7599999999999998        834.54978412800187     
   23.400000000000002        5.7599999999999998        813.52156903662922     
   25.200000000000003        5.7599999999999998        791.17476082382245     
   27.000000000000000        5.7599999999999998        767.59675143129152     
   28.800000000000004        5.7599999999999998        742.86257814064834     
   30.600000000000005        5.7599999999999998        717.06504084545884     
   32.400000000000006        5.7599999999999998        690.29792449453953     
   34.199999999999996        5.7599999999999998        662.65471201169373     
   36.000000000000000        5.7599999999999998        634.23171480598307     
   37.800000000000004        5.7599999999999998        605.12999795768997     
   39.599999999999994        5.7599999999999998        575.45388077239431     
   41.399999999999999        5.7599999999999998        545.30938623498389     
   43.200000000000003        5.7599999999999998        514.79781111278112     
   45.000000000000000        5.7599999999999998        484.03463777938430     
   46.800000000000004        5.7599999999999998        453.11683652784478     
   48.599999999999994        5.7599999999999998        422.16119629296765     
   50.400000000000006        5.7599999999999998        391.26930231513148     
   52.200000000000003        5.7599999999999998        360.54710292445412     
   54.000000000000000        5.7599999999999998        330.10847977466017     
   55.799999999999997        5.7599999999999998        300.04929391699824     
   57.600000000000009        5.7599999999999998        270.47572572346894     
   59.400000000000013        5.7599999999999998        241.48713788349852     
   61.200000000000010        5.7599999999999998        213.17976428525117     
   63.000000000000000        5.7599999999999998        185.64918863290347     
   64.800000000000011        5.7599999999999998        158.98699019825622     
   66.600000000000009        5.7599999999999998        133.28003541113662     
   68.399999999999991        5.7599999999999998        108.60993832828740     
   70.200000000000003        5.7599999999999998        85.056754071102603     
   72.000000000000000        5.7599999999999998        62.699199386504546     
   73.799999999999997        5.7599999999999998        41.596911098031796     
   75.600000000000009        5.7599999999999998        21.824144554810431     
   77.399999999999991        5.7599999999999998        3.4358830491831895     
   79.199999999999989        5.7599999999999998       -13.515346020682273     
   81.000000000000000        5.7599999999999998       -28.984369430069222     
   82.799999999999997        5.7599999999999998       -42.923998393680847     
   84.599999999999994        5.7599999999999998       -55.304677153847365     
   86.400000000000006        5.7599999999999998       -66.095508059023189     
   88.200000000000003        5.7599999999999998       -75.268879119201102     
   90.000000000000000        5.7599999999999998       -82.815846622173780     
   91.799999999999997        5.7599999999999998       -88.723899930242908     
   93.600000000000009        5.7599999999999998       -92.985729359584155     
   95.400000000000006        5.7599999999999998       -95.610411682825116     
   97.199999999999989        5.7599999999999998       -96.605777557664624     
   99.000000000000014        5.7599999999999998       -95.982982254076319     
   100.80000000000001        5.7599999999999998       -93.771831403920544     
   102.59999999999999        5.7599999999999998       -89.993241238740239     
   104.40000000000001        5.7599999999999998       -84.686130366503050     
   106.19999999999999        5.7599999999999998       -77.890215062752816     
   108.00000000000000        5.7599999999999998       -69.654417221870659     
   109.80000000000000        5.7599999999999998       -60.020459092367517     
   111.59999999999999        5.7599999999999998       -49.055453059543396     
   113.40000000000001        5.7599999999999998       -36.819144458192213     
   115.20000000000002        5.7599999999999998       -23.372769361617600     
   117.00000000000000        5.7599999999999998       -8.7925807425604745     
   118.80000000000003        5.7599999999999998        6.8463866200003167     
   120.60000000000001        5.7599999999999998        23.464197201792672     
   122.40000000000002        5.7599999999999998        40.983358445632021     
   124.20000000000000        5.7599999999999998        59.312223334351060     
   126.00000000000000        5.7599999999999998        78.362441068518024     
   127.80000000000001        5.7599999999999998        98.045257317717045     
   129.60000000000002        5.7599999999999998        118.26205341104207     
   131.40000000000001        5.7599999999999998        138.92252357241989     
   133.20000000000002        5.7599999999999998        159.93073793678965     
   135.00000000000000        5.7599999999999998        181.18156242921864     
   136.79999999999998        5.7599999999999998        202.58760992012120     
   138.59999999999999        5.7599999999999998        224.04113849286253     
   140.40000000000001        5.7599999999999998        245.44882640429142     
   142.20000000000002        5.7599999999999998        266.71128667083553     
   144.00000000000000        5.7599999999999998        287.73073397536211     
   145.79999999999998        5.7599999999999998        308.41740643447196     
   147.59999999999999        5.7599999999999998        328.67781475014249     
   149.40000000000003        5.7599999999999998        348.41623417927156     
   151.20000000000002        5.7599999999999998        367.54606579666819     
   153.00000000000000        5.7599999999999998        385.98005239735494     
   154.79999999999998        5.7599999999999998        403.64485272224181     
   156.59999999999997        5.7599999999999998        420.45128537439723     
   158.39999999999998        5.7599999999999998        436.33067376431910     
   160.20000000000002        5.7599999999999998        451.21260838810929     
   162.00000000000000        5.7599999999999998        465.02577847948169     
   163.79999999999998        5.7599999999999998        477.71941651257532     
   165.59999999999999        5.7599999999999998        489.22927894529118     
   167.40000000000001        5.7599999999999998        499.50604168251795     
   169.19999999999999        5.7599999999999998        508.50697978019230     
   171.00000000000000        5.7599999999999998        516.18959159177507     
   172.80000000000001        5.7599999999999998        522.52347595203628     
   174.59999999999999        5.7599999999999998        527.47720270722743     
   176.40000000000001        5.7599999999999998        531.03287597666395     
   178.20000000000002        5.7599999999999998        533.99167717484352     
   180.00000000000000        5.7599999999999998        533.88600837776210     
   0.0000000000000000        5.8399999999999999        795.76706215912350     
   1.8000000000000003        5.8399999999999999        794.99531551189216     
   3.6000000000000005        5.8399999999999999        792.68076303294129     
   5.4000000000000004        5.8399999999999999        788.83389096535302     
   7.2000000000000011        5.8399999999999999        783.46636325097347     
   9.0000000000000000        5.8399999999999999        776.59987391036555     
   10.800000000000001        5.8399999999999999        768.25666010082659     
   12.600000000000001        5.8399999999999999        758.46953861660768     
   14.400000000000002        5.8399999999999999        747.27066901428793     
   16.200000000000003        5.8399999999999999        734.70383188383130     
   18.000000000000000        5.8399999999999999        720.81310212780545     
   19.799999999999997        5.8399999999999999        705.64424320636374     
   21.600000000000001        5.8399999999999999        689.25984132218218     
   23.400000000000002        5.8399999999999999        671.71221249952578     
   25.200000000000003        5.8399999999999999        653.06433905518634     
   27.000000000000000        5.8399999999999999        633.38917115667687     
   28.800000000000004        5.8399999999999999        612.74934427199469     
   30.600000000000005        5.8399999999999999        591.22232223908713     
   32.400000000000006        5.8399999999999999        568.88639072299270     
   34.199999999999996        5.8399999999999999        545.81958272106874     
   36.000000000000000        5.8399999999999999        522.10229204380335     
   37.800000000000004        5.8399999999999999        497.81888054488746     
   39.599999999999994        5.8399999999999999        473.05642633691718     
   41.399999999999999        5.8399999999999999        447.90342934728011     
   43.200000000000003        5.8399999999999999        422.44444340408705     
   45.000000000000000        5.8399999999999999        396.77586456903782     
   46.800000000000004        5.8399999999999999        370.97863385946681     
   48.599999999999994        5.8399999999999999        345.15023722796707     
   50.400000000000006        5.8399999999999999        319.37546757830262     
   52.200000000000003        5.8399999999999999        293.74275988615904     
   54.000000000000000        5.8399999999999999        268.34717178274678     
   55.799999999999997        5.8399999999999999        243.26871623063650     
   57.600000000000009        5.8399999999999999        218.59602080073162     
   59.400000000000013        5.8399999999999999        194.41202105621571     
   61.200000000000010        5.8399999999999999        170.79704018906818     
   63.000000000000000        5.8399999999999999        147.83085828177735     
   64.800000000000011        5.8399999999999999        125.58991206799578     
   66.600000000000009        5.8399999999999999        104.14670354182036     
   68.399999999999991        5.8399999999999999        83.569349553623482     
   70.200000000000003        5.8399999999999999        63.924665251897380     
   72.000000000000000        5.8399999999999999        45.278348233707106     
   73.799999999999997        5.8399999999999999        27.680167232901425     
   75.600000000000009        5.8399999999999999        11.192094903985748     
   77.399999999999991        5.8399999999999999       -4.1399853256479844     
   79.199999999999989        5.8399999999999999       -18.272240455688632     
   81.000000000000000        5.8399999999999999       -31.166977166833504     
   82.799999999999997        5.8399999999999999       -42.784819586430729     
   84.599999999999994        5.8399999999999999       -53.101112669317672     
   86.400000000000006        5.8399999999999999       -62.090081182061340     
   88.200000000000003        5.8399999999999999       -69.728692945744370     
   90.000000000000000        5.8399999999999999       -76.009500818560070     
   91.799999999999997        5.8399999999999999       -80.922079870821904     
   93.600000000000009        5.8399999999999999       -84.460347129857951     
   95.400000000000006        5.8399999999999999       -86.631899650066515     
   97.199999999999989        5.8399999999999999       -87.443294142674205     
   99.000000000000014        5.8399999999999999       -86.903862776081368     
   100.80000000000001        5.8399999999999999       -85.038507684040525     
   102.59999999999999        5.8399999999999999       -81.864709690335872     
   104.40000000000001        5.8399999999999999       -77.414978582947455     
   106.19999999999999        5.8399999999999999       -71.722489940340324     
   108.00000000000000        5.8399999999999999       -64.828104395014719     
   109.80000000000000        5.8399999999999999       -56.766671866898264     
   111.59999999999999        5.8399999999999999       -47.594238753315423     
   113.40000000000001        5.8399999999999999       -37.360700946687714     
   115.20000000000002        5.8399999999999999       -26.117198640710498     
   117.00000000000000        5.8399999999999999       -13.927408473789725     
   118.80000000000003        5.8399999999999999      -0.85398982919646471     
   120.60000000000001        5.8399999999999999        13.036306855686433     
   122.40000000000002        5.8399999999999999        27.678770920827120     
   124.20000000000000        5.8399999999999999        42.996875327542952     
   126.00000000000000        5.8399999999999999        58.916845174088259     
   127.80000000000001        5.8399999999999999        75.364569018670295     
   129.60000000000002        5.8399999999999999        92.257700646245240     
   131.40000000000001        5.8399999999999999        109.52083414141882     
   133.20000000000002        5.8399999999999999        127.07386877145207     
   135.00000000000000        5.8399999999999999        144.82902017776468     
   136.79999999999998        5.8399999999999999        162.71332025462513     
   138.59999999999999        5.8399999999999999        180.63680836625957     
   140.40000000000001        5.8399999999999999        198.52156283932362     
   142.20000000000002        5.8399999999999999        216.28459896168957     
   144.00000000000000        5.8399999999999999        233.84426962463988     
   145.79999999999998        5.8399999999999999        251.12562647403217     
   147.59999999999999        5.8399999999999999        268.05060986010687     
   149.40000000000003        5.8399999999999999        284.53929440227103     
   151.20000000000002        5.8399999999999999        300.51937382043894     
   153.00000000000000        5.8399999999999999        315.91799280269879     
   154.79999999999998        5.8399999999999999        330.67391414087137     
   156.59999999999997        5.8399999999999999        344.71267721241168     
   158.39999999999998        5.8399999999999999        357.97694015182049     
   160.20000000000002        5.8399999999999999        370.40791495013718     
   162.00000000000000        5.8399999999999999        381.94606175747151     
   163.79999999999998        5.8399999999999999        392.54899158834121     
   165.59999999999999        5.8399999999999999        402.16306573951567     
   167.40000000000001        5.8399999999999999        410.74710142422384     
   169.19999999999999        5.8399999999999999        418.26542567305961     
   171.00000000000000        5.8399999999999999        424.68255252987490     
   172.80000000000001        5.8399999999999999        429.97309858706865     
   174.59999999999999        5.8399999999999999        434.11082200076669     
   176.40000000000001        5.8399999999999999        437.08078046633415     
   178.20000000000002        5.8399999999999999        439.55182962368212     
   180.00000000000000        5.8399999999999999        439.46392257824039     
   0.0000000000000000        5.9199999999999999        653.56963570395362     
   1.8000000000000003        5.9199999999999999        652.92898869573628     
   3.6000000000000005        5.9199999999999999        651.00761832119497     
   5.4000000000000004        5.9199999999999999        647.81423287206280     
   7.2000000000000011        5.9199999999999999        643.35851813702516     
   9.0000000000000000        5.9199999999999999        637.65848965122586     
   10.800000000000001        5.9199999999999999        630.73261342188380     
   12.600000000000001        5.9199999999999999        622.60814163725092     
   14.400000000000002        5.9199999999999999        613.31178000592104     
   16.200000000000003        5.9199999999999999        602.87988534541523     
   18.000000000000000        5.9199999999999999        591.34905830195817     
   19.799999999999997        5.9199999999999999        578.75730133070942     
   21.600000000000001        5.9199999999999999        565.15658823438753     
   23.400000000000002        5.9199999999999999        550.59036243865330     
   25.200000000000003        5.9199999999999999        535.11092555748473     
   27.000000000000000        5.9199999999999999        518.77885731748870     
   28.800000000000004        5.9199999999999999        501.64617011438088     
   30.600000000000005        5.9199999999999999        483.77719132475448     
   32.400000000000006        5.9199999999999999        465.23693033339066     
   34.199999999999996        5.9199999999999999        446.09018613309678     
   36.000000000000000        5.9199999999999999        426.40371793311726     
   37.800000000000004        5.9199999999999999        406.24758003745353     
   39.599999999999994        5.9199999999999999        385.69408220038667     
   41.399999999999999        5.9199999999999999        364.81671455185540     
   43.200000000000003        5.9199999999999999        343.68568934712727     
   45.000000000000000        5.9199999999999999        322.38105380789955     
   46.800000000000004        5.9199999999999999        300.97001867808143     
   48.599999999999994        5.9199999999999999        279.53353547282950     
   50.400000000000006        5.9199999999999999        258.14201320283632     
   52.200000000000003        5.9199999999999999        236.86888534594783     
   54.000000000000000        5.9199999999999999        215.79308535351078     
   55.799999999999997        5.9199999999999999        194.98105110520865     
   57.600000000000009        5.9199999999999999        174.50637488021289     
   59.400000000000013        5.9199999999999999        154.43792116888579     
   61.200000000000010        5.9199999999999999        134.84238444793789     
   63.000000000000000        5.9199999999999999        115.78600780010667     
   64.800000000000011        5.9199999999999999        97.332257222973354     
   66.600000000000009        5.9199999999999999        79.541330473296483     
   68.399999999999991        5.9199999999999999        62.469783006475353     
   70.200000000000003        5.9199999999999999        46.173088913675656     
   72.000000000000000        5.9199999999999999        30.705793884248237     
   73.799999999999997        5.9199999999999999        16.109213850191821     
   75.600000000000009        5.9199999999999999        2.4348003827332718     
   77.399999999999991        5.9199999999999999       -10.279357855151915     
   79.199999999999989        5.9199999999999999       -21.996875316889970     
   81.000000000000000        5.9199999999999999       -32.686465838494030     
   82.799999999999997        5.9199999999999999       -42.315445947480015     
   84.599999999999994        5.9199999999999999       -50.863358493067665     
   86.400000000000006        5.9199999999999999       -58.308816043143082     
   88.200000000000003        5.9199999999999999       -64.632709438919719     
   90.000000000000000        5.9199999999999999       -69.828873544302525     
   91.799999999999997        5.9199999999999999       -73.888670073600935     
   93.600000000000009        5.9199999999999999       -76.807066906331542     
   95.400000000000006        5.9199999999999999       -78.590393700046889     
   97.199999999999989        5.9199999999999999       -79.244116027077723     
   99.000000000000014        5.9199999999999999       -78.776004526332144     
   100.80000000000001        5.9199999999999999       -77.206761223357120     
   102.59999999999999        5.9199999999999999       -74.550924356937074     
   104.40000000000001        5.9199999999999999       -70.835514190824355     
   106.19999999999999        5.9199999999999999       -66.088103816567042     
   108.00000000000000        5.9199999999999999       -60.342648907340504     
   109.80000000000000        5.9199999999999999       -53.628112828780829     
   111.59999999999999        5.9199999999999999       -45.991063256015451     
   113.40000000000001        5.9199999999999999       -37.472959416039231     
   115.20000000000002        5.9199999999999999       -28.116293745122711     
   117.00000000000000        5.9199999999999999       -17.973970437551642     
   118.80000000000003        5.9199999999999999       -7.0980485495161147     
   120.60000000000001        5.9199999999999999        4.4560153679155974     
   122.40000000000002        5.9199999999999999        16.634459181703043     
   124.20000000000000        5.9199999999999999        29.373707114233579     
   126.00000000000000        5.9199999999999999        42.612469482456802     
   127.80000000000001        5.9199999999999999        56.289177447305882     
   129.60000000000002        5.9199999999999999        70.335423238124761     
   131.40000000000001        5.9199999999999999        84.688563660339497     
   133.20000000000002        5.9199999999999999        99.282056690923113     
   135.00000000000000        5.9199999999999999        114.04297917101309     
   136.79999999999998        5.9199999999999999        128.91071385023332     
   138.59999999999999        5.9199999999999999        143.81053096197775     
   140.40000000000001        5.9199999999999999        158.67770002770425     
   142.20000000000002        5.9199999999999999        173.44328598900631     
   144.00000000000000        5.9199999999999999        188.03946520425745     
   145.79999999999998        5.9199999999999999        202.40397810680113     
   147.59999999999999        5.9199999999999999        216.47198158625363     
   149.40000000000003        5.9199999999999999        230.17708349016340     
   151.20000000000002        5.9199999999999999        243.45922015844519     
   153.00000000000000        5.9199999999999999        256.25787248017531     
   154.79999999999998        5.9199999999999999        268.52217118558241     
   156.59999999999997        5.9199999999999999        280.19026500243450     
   158.39999999999998        5.9199999999999999        291.21452102542128     
   160.20000000000002        5.9199999999999999        301.54610584794779     
   162.00000000000000        5.9199999999999999        311.13556221512050     
   163.79999999999998        5.9199999999999999        319.94767792807312     
   165.59999999999999        5.9199999999999999        327.93789805553627     
   167.40000000000001        5.9199999999999999        335.07201339649180     
   169.19999999999999        5.9199999999999999        341.32039147828044     
   171.00000000000000        5.9199999999999999        346.65355576411719     
   172.80000000000001        5.9199999999999999        351.05042089716443     
   174.59999999999999        5.9199999999999999        354.48918917712047     
   176.40000000000001        5.9199999999999999        356.95744823742405     
   178.20000000000002        5.9199999999999999        359.01070728878898     
   180.00000000000000        5.9199999999999999        358.93801582941160     
   0.0000000000000000        6.0000000000000000        535.20145044691947     
   1.8000000000000003        6.0000000000000000        534.67028666453552     
   3.6000000000000005        6.0000000000000000        533.07726841625117     
   5.4000000000000004        6.0000000000000000        530.42961912376722     
   7.2000000000000011        6.0000000000000000        526.73537251748496     
   9.0000000000000000        6.0000000000000000        522.00947202215093     
   10.800000000000001        6.0000000000000000        516.26723415804577     
   12.600000000000001        6.0000000000000000        509.53126380017596     
   14.400000000000002        6.0000000000000000        501.82371185970584     
   16.200000000000003        6.0000000000000000        493.17473514903696     
   18.000000000000000        6.0000000000000000        483.61469216049818     
   19.799999999999997        6.0000000000000000        473.17510372524600     
   21.600000000000001        6.0000000000000000        461.89908063629548     
   23.400000000000002        6.0000000000000000        449.82265635282761     
   25.200000000000003        6.0000000000000000        436.98921246139167     
   27.000000000000000        6.0000000000000000        423.44899745586906     
   28.800000000000004        6.0000000000000000        409.24515186191343     
   30.600000000000005        6.0000000000000000        394.43103209185051     
   32.400000000000006        6.0000000000000000        379.06055980619021     
   34.199999999999996        6.0000000000000000        363.18748159318358     
   36.000000000000000        6.0000000000000000        346.86716970329104     
   37.800000000000004        6.0000000000000000        330.15772946726361     
   39.599999999999994        6.0000000000000000        313.11913682420419     
   41.399999999999999        6.0000000000000000        295.81234645747668     
   43.200000000000003        6.0000000000000000        278.29559326789041     
   45.000000000000000        6.0000000000000000        260.63527072426120     
   46.800000000000004        6.0000000000000000        242.88712277609042     
   48.599999999999994        6.0000000000000000        225.11829220080739     
   50.400000000000006        6.0000000000000000        207.38717535114034     
   52.200000000000003        6.0000000000000000        189.75467725150793     
   54.000000000000000        6.0000000000000000        172.28626527869235     
   55.799999999999997        6.0000000000000000        155.03704017570371     
   57.600000000000009        6.0000000000000000        138.06803757094437     
   59.400000000000013        6.0000000000000000        121.43637059868209     
   61.200000000000010        6.0000000000000000        105.19735183092183     
   63.000000000000000        6.0000000000000000        89.405919051021442     
   64.800000000000011        6.0000000000000000        74.114705890468102     
   66.600000000000009        6.0000000000000000        59.373634386116876     
   68.399999999999991        6.0000000000000000        45.229604679155713     
   70.200000000000003        6.0000000000000000        31.728619571596383     
   72.000000000000000        6.0000000000000000        18.915911440970120     
   73.799999999999997        6.0000000000000000        6.8257371243354044     
   75.600000000000009        6.0000000000000000       -4.4992382640378423     
   77.399999999999991        6.0000000000000000       -15.027435574629109     
   79.199999999999989        6.0000000000000000       -24.728688707328857     
   81.000000000000000        6.0000000000000000       -33.577062115541935     
   82.799999999999997        6.0000000000000000       -41.545461169415603     
   84.599999999999994        6.0000000000000000       -48.616934222361650     
   86.400000000000006        6.0000000000000000       -54.773757949226351     
   88.200000000000003        6.0000000000000000       -60.000099125568482     
   90.000000000000000        6.0000000000000000       -64.290862852934524     
   91.799999999999997        6.0000000000000000       -67.638902541542578     
   93.600000000000009        6.0000000000000000       -70.040063255631821     
   95.400000000000006        6.0000000000000000       -71.499615706062997     
   97.199999999999989        6.0000000000000000       -72.022113724711559     
   99.000000000000014        6.0000000000000000       -71.614023355299523     
   100.80000000000001        6.0000000000000000       -70.292538368404593     
   102.59999999999999        6.0000000000000000       -68.069738995636953     
   104.40000000000001        6.0000000000000000       -64.968060369221078     
   106.19999999999999        6.0000000000000000       -61.010396109258267     
   108.00000000000000        6.0000000000000000       -56.224934635256922     
   109.80000000000000        6.0000000000000000       -50.635722604429617     
   111.59999999999999        6.0000000000000000       -44.281410917314602     
   113.40000000000001        6.0000000000000000       -37.196412325635322     
   115.20000000000002        6.0000000000000000       -29.415996497970887     
   117.00000000000000        6.0000000000000000       -20.984070392177607     
   118.80000000000003        6.0000000000000000       -11.943839581082564     
   120.60000000000001        6.0000000000000000       -2.3413278990763473     
   122.40000000000002        6.0000000000000000        7.7788467968662403     
   124.20000000000000        6.0000000000000000        18.363925621177735     
   126.00000000000000        6.0000000000000000        29.363046550612491     
   127.80000000000001        6.0000000000000000        40.725116323282172     
   129.60000000000002        6.0000000000000000        52.393368502269958     
   131.40000000000001        6.0000000000000000        64.315819289012012     
   133.20000000000002        6.0000000000000000        76.437250833350774     
   135.00000000000000        6.0000000000000000        88.697151940306668     
   136.79999999999998        6.0000000000000000        101.04522074948785     
   138.59999999999999        6.0000000000000000        113.41944817506403     
   140.40000000000001        6.0000000000000000        125.76612093415903     
   142.20000000000002        6.0000000000000000        138.02803811236711     
   144.00000000000000        6.0000000000000000        150.14892129676744     
   145.79999999999998        6.0000000000000000        162.07710848782648     
   147.59999999999999        6.0000000000000000        173.75879489321227     
   149.40000000000003        6.0000000000000000        185.13889115562193     
   151.20000000000002        6.0000000000000000        196.16755852093848     
   153.00000000000000        6.0000000000000000        206.79458092791629     
   154.79999999999998        6.0000000000000000        216.97774831021917     
   156.59999999999997        6.0000000000000000        226.66574054610575     
   158.39999999999998        6.0000000000000000        235.81903354921781     
   160.20000000000002        6.0000000000000000        244.39710787173823     
   162.00000000000000        6.0000000000000000        252.35892709984287     
   163.79999999999998        6.0000000000000000        259.67527301851555     
   165.59999999999999        6.0000000000000000        266.30917732352935     
   167.40000000000001        6.0000000000000000        272.23225506311883     
   169.19999999999999        6.0000000000000000        277.41991871214634     
   171.00000000000000        6.0000000000000000        281.84771071248804     
   172.80000000000001        6.0000000000000000        285.49813538833445     
   174.59999999999999        6.0000000000000000        288.35310671859827     
   176.40000000000001        6.0000000000000000        290.40232531488181     
   178.20000000000002        6.0000000000000000        292.10663689526768     
   180.00000000000000        6.0000000000000000        292.04664578632651     
   0.0000000000000000        6.0800000000000001        434.07863702614236     
   1.8000000000000003        6.0800000000000001        433.64129901490821     
   3.6000000000000005        6.0800000000000001        432.32967448094178     
   5.4000000000000004        6.0800000000000001        430.14971421143844     
   7.2000000000000011        6.0800000000000001        427.10803602900842     
   9.0000000000000000        6.0800000000000001        423.21695035972925     
   10.800000000000001        6.0800000000000001        418.48907442854761     
   12.600000000000001        6.0800000000000001        412.94303006457068     
   14.400000000000002        6.0800000000000001        406.59706444928236     
   16.200000000000003        6.0800000000000001        399.47602059541447     
   18.000000000000000        6.0800000000000001        391.60490709181693     
   19.799999999999997        6.0800000000000001        383.00968963996246     
   21.600000000000001        6.0800000000000001        373.72588286156599     
   23.400000000000002        6.0800000000000001        363.78316945473296     
   25.200000000000003        6.0800000000000001        353.21728600689414     
   27.000000000000000        6.0800000000000001        342.06962650272715     
   28.800000000000004        6.0800000000000001        330.37572778443814     
   30.600000000000005        6.0800000000000001        318.17954348727460     
   32.400000000000006        6.0800000000000001        305.52549244024647     
   34.199999999999996        6.0800000000000001        292.45784869139857     
   36.000000000000000        6.0800000000000001        279.02222522652295     
   37.800000000000004        6.0800000000000001        265.26648643288047     
   39.599999999999994        6.0800000000000001        251.24003747973515     
   41.399999999999999        6.0800000000000001        236.99308948182534     
   43.200000000000003        6.0800000000000001        222.57361212381147     
   45.000000000000000        6.0800000000000001        208.03629685008255     
   46.800000000000004        6.0800000000000001        193.42706002292061     
   48.599999999999994        6.0800000000000001        178.80120959118813     
   50.400000000000006        6.0800000000000001        164.20684649689292     
   52.200000000000003        6.0800000000000001        149.69413828509363     
   54.000000000000000        6.0800000000000001        135.31701124132294     
   55.799999999999997        6.0800000000000001        121.12084972309115     
   57.600000000000009        6.0800000000000001        107.15592775257217     
   59.400000000000013        6.0800000000000001        93.469287080585033     
   61.200000000000010        6.0800000000000001        80.106485560804202     
   63.000000000000000        6.0800000000000001        67.112771927242576     
   64.800000000000011        6.0800000000000001        54.531496119296584     
   66.600000000000009        6.0800000000000001        42.403773587891905     
   68.399999999999991        6.0800000000000001        30.768229641476353     
   70.200000000000003        6.0800000000000001        19.662749984240406     
   72.000000000000000        6.0800000000000001        9.1245853049154846     
   73.799999999999997        6.0800000000000001      -0.81805717316306925     
   75.600000000000009        6.0800000000000001       -10.130042447922392     
   77.399999999999991        6.0800000000000001       -18.785369929519746     
   79.199999999999989        6.0800000000000001       -26.759203458381364     
   81.000000000000000        6.0800000000000001       -34.030192758582814     
   82.799999999999997        6.0800000000000001       -40.576032647339247     
   84.599999999999994        6.0800000000000001       -46.382775312364288     
   86.400000000000006        6.0800000000000001       -51.435837196927707     
   88.200000000000003        6.0800000000000001       -55.722192143916303     
   90.000000000000000        6.0800000000000001       -59.237661839428640     
   91.799999999999997        6.0800000000000001       -61.976377505355288     
   93.600000000000009        6.0800000000000001       -63.934935325994218     
   95.400000000000006        6.0800000000000001       -65.117697693390625     
   97.199999999999989        6.0800000000000001       -65.528436291044699     
   99.000000000000014        6.0800000000000001       -65.172498304389194     
   100.80000000000001        6.0800000000000001       -64.064069912937114     
   102.59999999999999        6.0800000000000001       -62.213123917967607     
   104.40000000000001        6.0800000000000001       -59.638164887754861     
   106.19999999999999        6.0800000000000001       -56.358075025456905     
   108.00000000000000        6.0800000000000001       -52.396099011504305     
   109.80000000000000        6.0800000000000001       -47.772068764353804     
   111.59999999999999        6.0800000000000001       -42.517849124856447     
   113.40000000000001        6.0800000000000001       -36.661812717723521     
   115.20000000000002        6.0800000000000001       -30.233037994159453     
   117.00000000000000        6.0800000000000001       -23.267719823411788     
   118.80000000000003        6.0800000000000001       -15.801474908517520     
   120.60000000000001        6.0800000000000001       -7.8722417688642636     
   122.40000000000002        6.0800000000000001       0.48319982321432420     
   124.20000000000000        6.0800000000000001        9.2213626385249334     
   126.00000000000000        6.0800000000000001        18.300322691100934     
   127.80000000000001        6.0800000000000001        27.677965813375216     
   129.60000000000002        6.0800000000000001        37.307503808415476     
   131.40000000000001        6.0800000000000001        47.146089494675273     
   133.20000000000002        6.0800000000000001        57.148211398703125     
   135.00000000000000        6.0800000000000001        67.263997022737740     
   136.79999999999998        6.0800000000000001        77.451986235132111     
   138.59999999999999        6.0800000000000001        87.661073214655829     
   140.40000000000001        6.0800000000000001        97.846987886184777     
   142.20000000000002        6.0800000000000001        107.96258701592129     
   144.00000000000000        6.0800000000000001        117.96148793697067     
   145.79999999999998        6.0800000000000001        127.80111214667890     
   147.59999999999999        6.0800000000000001        137.43711609500758     
   149.40000000000003        6.0800000000000001        146.82409832935858     
   151.20000000000002        6.0800000000000001        155.92098413315148     
   153.00000000000000        6.0800000000000001        164.68638843979161     
   154.79999999999998        6.0800000000000001        173.08552323337315     
   156.59999999999997        6.0800000000000001        181.07609485058310     
   158.39999999999998        6.0800000000000001        188.62552948639564     
   160.20000000000002        6.0800000000000001        195.70043377732125     
   162.00000000000000        6.0800000000000001        202.26698898100665     
   163.79999999999998        6.0800000000000001        208.30111449709273     
   165.59999999999999        6.0800000000000001        213.77234465402617     
   167.40000000000001        6.0800000000000001        218.65728659438389     
   169.19999999999999        6.0800000000000001        222.93567693386930     
   171.00000000000000        6.0800000000000001        226.58735997587684     
   172.80000000000001        6.0800000000000001        229.59791684708716     
   174.59999999999999        6.0800000000000001        231.95244287044892     
   176.40000000000001        6.0800000000000001        233.64244974831792     
   178.20000000000002        6.0800000000000001        235.04764808721157     
   180.00000000000000        6.0800000000000001        234.99853107987747     
   0.0000000000000000        6.1600000000000001        350.70658838021194     
   1.8000000000000003        6.1600000000000001        350.34694203267713     
   3.6000000000000005        6.1600000000000001        349.26832326792101     
   5.4000000000000004        6.1600000000000001        347.47562889154636     
   7.2000000000000011        6.1600000000000001        344.97430411610583     
   9.0000000000000000        6.1600000000000001        341.77447876137319     
   10.800000000000001        6.1600000000000001        337.88653457164889     
   12.600000000000001        6.1600000000000001        333.32579468933704     
   14.400000000000002        6.1600000000000001        328.10727333545833     
   16.200000000000003        6.1600000000000001        322.25141273430802     
   18.000000000000000        6.1600000000000001        315.77879081775905     
   19.799999999999997        6.1600000000000001        308.71077268927723     
   21.600000000000001        6.1600000000000001        301.07658195424744     
   23.400000000000002        6.1600000000000001        292.90064181301113     
   25.200000000000003        6.1600000000000001        284.21235746112109     
   27.000000000000000        6.1600000000000001        275.04578977106195     
   28.800000000000004        6.1600000000000001        265.43017847546179     
   30.600000000000005        6.1600000000000001        255.40169006810186     
   32.400000000000006        6.1600000000000001        244.99687339897315     
   34.199999999999996        6.1600000000000001        234.25215765520917     
   36.000000000000000        6.1600000000000001        223.20507351734182     
   37.800000000000004        6.1600000000000001        211.89500415541778     
   39.599999999999994        6.1600000000000001        200.36260037764370     
   41.399999999999999        6.1600000000000001        188.64917584810144     
   43.200000000000003        6.1600000000000001        176.79419901337116     
   45.000000000000000        6.1600000000000001        164.84267009848304     
   46.800000000000004        6.1600000000000001        152.83236673642159     
   48.599999999999994        6.1600000000000001        140.80879571432808     
   50.400000000000006        6.1600000000000001        128.81153182799753     
   52.200000000000003        6.1600000000000001        116.88185036488487     
   54.000000000000000        6.1600000000000001        105.06411979981590     
   55.799999999999997        6.1600000000000001        93.395677976542231     
   57.600000000000009        6.1600000000000001        81.917886741015764     
   59.400000000000013        6.1600000000000001        70.669447350447456     
   61.200000000000010        6.1600000000000001        59.687839455029106     
   63.000000000000000        6.1600000000000001        49.010287992015833     
   64.800000000000011        6.1600000000000001        38.672454849756804     
   66.600000000000009        6.1600000000000001        28.708162597455477     
   68.399999999999991        6.1600000000000001        19.149184090475927     
   70.200000000000003        6.1600000000000001        10.026683234501633     
   72.000000000000000        6.1600000000000001        1.3713010823514793     
   73.799999999999997        6.1600000000000001       -6.7937645646726850     
   75.600000000000009        6.1600000000000001       -14.439614308682380     
   77.399999999999991        6.1600000000000001       -21.544866820421575     
   79.199999999999989        6.1600000000000001       -28.089099278473995     
   81.000000000000000        6.1600000000000001       -34.054757979732059     
   82.799999999999997        6.1600000000000001       -39.423503412676027     
   84.599999999999994        6.1600000000000001       -44.183874533195393     
   86.400000000000006        6.1600000000000001       -48.323887133059742     
   88.200000000000003        6.1600000000000001       -51.832838847429706     
   90.000000000000000        6.1600000000000001       -54.707309398383437     
   91.799999999999997        6.1600000000000001       -56.942487221751904     
   93.600000000000009        6.1600000000000001       -58.535589494100911     
   95.400000000000006        6.1600000000000001       -59.490225204164737     
   97.199999999999989        6.1600000000000001       -59.809517132432177     
   99.000000000000014        6.1600000000000001       -59.497884691426414     
   100.80000000000001        6.1600000000000001       -58.567021987406619     
   102.59999999999999        6.1600000000000001       -57.025155293756939     
   104.40000000000001        6.1600000000000001       -54.887532683845734     
   106.19999999999999        6.1600000000000001       -52.169712908661644     
   108.00000000000000        6.1600000000000001       -48.890845028176884     
   109.80000000000000        6.1600000000000001       -45.067269129866290     
   111.59999999999999        6.1600000000000001       -40.725228589818279     
   113.40000000000001        6.1600000000000001       -35.888092383416073     
   115.20000000000002        6.1600000000000001       -30.579810187812264     
   117.00000000000000        6.1600000000000001       -24.830188481196807     
   118.80000000000003        6.1600000000000001       -18.668557643861007     
   120.60000000000001        6.1600000000000001       -12.126158717544129     
   122.40000000000002        6.1600000000000001       -5.2332787772428322     
   124.20000000000000        6.1600000000000001        1.9742749542525448     
   126.00000000000000        6.1600000000000001        9.4619821654645175     
   127.80000000000001        6.1600000000000001        17.195166348417509     
   129.60000000000002        6.1600000000000001        25.135304467493757     
   131.40000000000001        6.1600000000000001        33.247117423936530     
   133.20000000000002        6.1600000000000001        41.493133696833929     
   135.00000000000000        6.1600000000000001        49.832292893548960     
   136.79999999999998        6.1600000000000001        58.230458660954824     
   138.59999999999999        6.1600000000000001        66.645556357092588     
   140.40000000000001        6.1600000000000001        75.041137798196488     
   142.20000000000002        6.1600000000000001        83.378390540431369     
   144.00000000000000        6.1600000000000001        91.619128561007955     
   145.79999999999998        6.1600000000000001        99.728297244956366     
   147.59999999999999        6.1600000000000001        107.66938976176240     
   149.40000000000003        6.1600000000000001        115.40502907812322     
   151.20000000000002        6.1600000000000001        122.90139969307923     
   153.00000000000000        6.1600000000000001        130.12443118157535     
   154.79999999999998        6.1600000000000001        137.04548320920384     
   156.59999999999997        6.1600000000000001        143.62973858160245     
   158.39999999999998        6.1600000000000001        149.85038037953296     
   160.20000000000002        6.1600000000000001        155.67991769862687     
   162.00000000000000        6.1600000000000001        161.09051007849092     
   163.79999999999998        6.1600000000000001        166.06233240301063     
   165.59999999999999        6.1600000000000001        170.57030500033144     
   167.40000000000001        6.1600000000000001        174.59516990649794     
   169.19999999999999        6.1600000000000001        178.12024537799891     
   171.00000000000000        6.1600000000000001        181.12893887265096     
   172.80000000000001        6.1600000000000001        183.60938000701728     
   174.59999999999999        6.1600000000000001        185.54929914397434     
   176.40000000000001        6.1600000000000001        186.94170810672077     
   178.20000000000002        6.1600000000000001        188.09911907416085     
   180.00000000000000        6.1600000000000001        188.05899068860106     
   0.0000000000000000        6.2400000000000002        280.51656493733543     
   1.8000000000000003        6.2400000000000002        280.22261331646348     
   3.6000000000000005        6.2400000000000002        279.34102020059072     
   5.4000000000000004        6.2400000000000002        277.87579097592879     
   7.2000000000000011        6.2400000000000002        275.83137913342961     
   9.0000000000000000        6.2400000000000002        273.21607022904385     
   10.800000000000001        6.2400000000000002        270.03835536497303     
   12.600000000000001        6.2400000000000002        266.31076780177654     
   14.400000000000002        6.2400000000000002        262.04558750569481     
   16.200000000000003        6.2400000000000002        257.25953471537321     
   18.000000000000000        6.2400000000000002        251.96944014818729     
   19.799999999999997        6.2400000000000002        246.19277798865789     
   21.600000000000001        6.2400000000000002        239.95345117711889     
   23.400000000000002        6.2400000000000002        233.27143475534749     
   25.200000000000003        6.2400000000000002        226.17077917004829     
   27.000000000000000        6.2400000000000002        218.67934330814461     
   28.800000000000004        6.2400000000000002        210.82104121458241     
   30.600000000000005        6.2400000000000002        202.62545343692074     
   32.400000000000006        6.2400000000000002        194.12247284485989     
   34.199999999999996        6.2400000000000002        185.34189392105554     
   36.000000000000000        6.2400000000000002        176.31441183772938     
   37.800000000000004        6.2400000000000002        167.07223688057576     
   39.599999999999994        6.2400000000000002        157.64861597322255     
   41.399999999999999        6.2400000000000002        148.07733789600755     
   43.200000000000003        6.2400000000000002        138.39068136135856     
   45.000000000000000        6.2400000000000002        128.62545038368597     
   46.800000000000004        6.2400000000000002        118.81253952942234     
   48.599999999999994        6.2400000000000002        108.98916643526130     
   50.400000000000006        6.2400000000000002        99.187695197115261     
   52.200000000000003        6.2400000000000002        89.441880763811668     
   54.000000000000000        6.2400000000000002        79.788008359894107     
   55.799999999999997        6.2400000000000002        70.256610877057952     
   57.600000000000009        6.2400000000000002        60.881513040437355     
   59.400000000000013        6.2400000000000002        51.694362543672071     
   61.200000000000010        6.2400000000000002        42.725807341127179     
   63.000000000000000        6.2400000000000002        34.006286710286368     
   64.800000000000011        6.2400000000000002        25.564960875331337     
   66.600000000000009        6.2400000000000002        17.429484997255102     
   68.399999999999991        6.2400000000000002        9.6258370591381137     
   70.200000000000003        6.2400000000000002        2.1794966179809734     
   72.000000000000000        6.2400000000000002       -4.8844847402920308     
   73.799999999999997        6.2400000000000002       -11.547145185576341     
   75.600000000000009        6.2400000000000002       -17.784858402521749     
   77.399999999999991        6.2400000000000002       -23.580149008089094     
   79.199999999999989        6.2400000000000002       -28.916325946128353     
   81.000000000000000        6.2400000000000002       -33.779045602151406     
   82.799999999999997        6.2400000000000002       -38.153321572479030     
   84.599999999999994        6.2400000000000002       -42.029795038008892     
   86.400000000000006        6.2400000000000002       -45.398679233108957     
   88.200000000000003        6.2400000000000002       -48.251236162819808     
   90.000000000000000        6.2400000000000002       -50.584685577915359     
   91.799999999999997        6.2400000000000002       -52.395108990783626     
   93.600000000000009        6.2400000000000002       -53.680247692049292     
   95.400000000000006        6.2400000000000002       -54.443072302282062     
   97.199999999999989        6.2400000000000002       -54.686155623875898     
   99.000000000000014        6.2400000000000002       -54.413131222472032     
   100.80000000000001        6.2400000000000002       -53.633584254405811     
   102.59999999999999        6.2400000000000002       -52.354262641565533     
   104.40000000000001        6.2400000000000002       -50.587658960891282     
   106.19999999999999        6.2400000000000002       -48.346519841282166     
   108.00000000000000        6.2400000000000002       -45.646529118523212     
   109.80000000000000        6.2400000000000002       -42.501072359538867     
   111.59999999999999        6.2400000000000002       -38.931637156281198     
   113.40000000000001        6.2400000000000002       -34.957359269110029     
   115.20000000000002        6.2400000000000002       -30.597849340952511     
   117.00000000000000        6.2400000000000002       -25.877509427885286     
   118.80000000000003        6.2400000000000002       -20.820351834033964     
   120.60000000000001        6.2400000000000002       -15.451951780422995     
   122.40000000000002        6.2400000000000002       -9.7971037445400118     
   124.20000000000000        6.2400000000000002       -3.8851181268354855     
   126.00000000000000        6.2400000000000002        2.2557478390639241     
   127.80000000000001        6.2400000000000002        8.5971094481603352     
   129.60000000000002        6.2400000000000002        15.107435359677911     
   131.40000000000001        6.2400000000000002        21.757848549005121     
   133.20000000000002        6.2400000000000002        28.517678660893388     
   135.00000000000000        6.2400000000000002        35.353319542533981     
   136.79999999999998        6.2400000000000002        42.236830208502923     
   138.59999999999999        6.2400000000000002        49.133775503291183     
   140.40000000000001        6.2400000000000002        56.014323870776067     
   142.20000000000002        6.2400000000000002        62.846709901814712     
   144.00000000000000        6.2400000000000002        69.599681118478756     
   145.79999999999998        6.2400000000000002        76.244547395650841     
   147.59999999999999        6.2400000000000002        82.751430961567877     
   149.40000000000003        6.2400000000000002        89.089742571450756     
   151.20000000000002        6.2400000000000002        95.231807262729603     
   153.00000000000000        6.2400000000000002        101.14974199820989     
   154.79999999999998        6.2400000000000002        106.82010676882267     
   156.59999999999997        6.2400000000000002        112.21440858124649     
   158.39999999999998        6.2400000000000002        117.31070023724942     
   160.20000000000002        6.2400000000000002        122.08648364888185     
   162.00000000000000        6.2400000000000002        126.51897527119490     
   163.79999999999998        6.2400000000000002        130.59194970328963     
   165.59999999999999        6.2400000000000002        134.28488316081922     
   167.40000000000001        6.2400000000000002        137.58201532978774     
   169.19999999999999        6.2400000000000002        140.46969413326309     
   171.00000000000000        6.2400000000000002        142.93434102496286     
   172.80000000000001        6.2400000000000002        144.96624136476913     
   174.59999999999999        6.2400000000000002        146.55535442907060     
   176.40000000000001        6.2400000000000002        147.69596098864116     
   178.20000000000002        6.2400000000000002        148.64373592472373     
   180.00000000000000        6.2400000000000002        148.61119225529660     
   0.0000000000000000        6.3200000000000003        221.47419124551212     
   1.8000000000000003        6.3200000000000003        221.23577540902343     
   3.6000000000000005        6.3200000000000003        220.52074016818449     
   5.4000000000000004        6.3200000000000003        219.33233713639592     
   7.2000000000000011        6.3200000000000003        217.67418124859074     
   9.0000000000000000        6.3200000000000003        215.55299858950261     
   10.800000000000001        6.3200000000000003        212.97568160747124     
   12.600000000000001        6.3200000000000003        209.95240450393248     
   14.400000000000002        6.3200000000000003        206.49313526382394     
   16.200000000000003        6.3200000000000003        202.61144690625122     
   18.000000000000000        6.3200000000000003        198.32100163054173     
   19.799999999999997        6.3200000000000003        193.63598361543779     
   21.600000000000001        6.3200000000000003        188.57579676606454     
   23.400000000000002        6.3200000000000003        183.15665495948741     
   25.200000000000003        6.3200000000000003        177.39808085428473     
   27.000000000000000        6.3200000000000003        171.32268911774636     
   28.800000000000004        6.3200000000000003        164.94989065052360     
   30.600000000000005        6.3200000000000003        158.30369715139142     
   32.400000000000006        6.3200000000000003        151.40837344975964     
   34.199999999999996        6.3200000000000003        144.28810401212081     
   36.000000000000000        6.3200000000000003        136.96780421635572     
   37.800000000000004        6.3200000000000003        129.47361928268072     
   39.599999999999994        6.3200000000000003        121.83253575415947     
   41.399999999999999        6.3200000000000003        114.07197973718976     
   43.200000000000003        6.3200000000000003        106.21815071842394     
   45.000000000000000        6.3200000000000003        98.300922387586084     
   46.800000000000004        6.3200000000000003        90.345369474231333     
   48.599999999999994        6.3200000000000003        82.381700749562711     
   50.400000000000006        6.3200000000000003        74.436183461545852     
   52.200000000000003        6.3200000000000003        66.536213889767126     
   54.000000000000000        6.3200000000000003        58.711242587059651     
   55.799999999999997        6.3200000000000003        50.986048789478815     
   57.600000000000009        6.3200000000000003        43.388084429888572     
   59.400000000000013        6.3200000000000003        35.943033350977252     
   61.200000000000010        6.3200000000000003        28.675767298721038     
   63.000000000000000        6.3200000000000003        21.610988291675202     
   64.800000000000011        6.3200000000000003        14.772359474065752     
   66.600000000000009        6.3200000000000003        8.1823216075395351     
   68.399999999999991        6.3200000000000003        1.8619533268468800     
   70.200000000000003        6.3200000000000003       -4.1680716801671522     
   72.000000000000000        6.3200000000000003       -9.8874274461475480     
   73.799999999999997        6.3200000000000003       -15.280733163000718     
   75.600000000000009        6.3200000000000003       -20.328820559202569     
   77.399999999999991        6.3200000000000003       -25.017516166022887     
   79.199999999999989        6.3200000000000003       -29.333283536156515     
   81.000000000000000        6.3200000000000003       -33.264492499843442     
   82.799999999999997        6.3200000000000003       -36.798991035344869     
   84.599999999999994        6.3200000000000003       -39.929196890354731     
   86.400000000000006        6.3200000000000003       -42.647180382115565     
   88.200000000000003        6.3200000000000003       -44.945863497033294     
   90.000000000000000        6.3200000000000003       -46.823006035541454     
   91.799999999999997        6.3200000000000003       -48.275443548479721     
   93.600000000000009        6.3200000000000003       -49.301359351723207     
   95.400000000000006        6.3200000000000003       -49.903183038972479     
   97.199999999999989        6.3200000000000003       -50.083021135181660     
   99.000000000000014        6.3200000000000003       -49.843841469595233     
   100.80000000000001        6.3200000000000003       -49.193444584526048     
   102.59999999999999        6.3200000000000003       -48.137327059369142     
   104.40000000000001        6.3200000000000003       -46.685650117752523     
   106.19999999999999        6.3200000000000003       -44.848781157931796     
   108.00000000000000        6.3200000000000003       -42.639472498458147     
   109.80000000000000        6.3200000000000003       -40.068610076089499     
   111.59999999999999        6.3200000000000003       -37.153658625316552     
   113.40000000000001        6.3200000000000003       -33.910172972384487     
   115.20000000000002        6.3200000000000003       -30.354093353864485     
   117.00000000000000        6.3200000000000003       -26.505250488895499     
   118.80000000000003        6.3200000000000003       -22.383158379075542     
   120.60000000000001        6.3200000000000003       -18.008599889663522     
   122.40000000000002        6.3200000000000003       -13.401723646656292     
   124.20000000000000        6.3200000000000003       -8.5863449951718707     
   126.00000000000000        6.3200000000000003       -3.5854237996380047     
   127.80000000000001        6.3200000000000003        1.5779768745063016     
   129.60000000000002        6.3200000000000003        6.8782391677104524     
   131.40000000000001        6.3200000000000003        12.291900900790875     
   133.20000000000002        6.3200000000000003        17.794044031869131     
   135.00000000000000        6.3200000000000003        23.357366969024046     
   136.79999999999998        6.3200000000000003        28.959168696651250     
   138.59999999999999        6.3200000000000003        34.571475221853277     
   140.40000000000001        6.3200000000000003        40.170051143091754     
   142.20000000000002        6.3200000000000003        45.729091151514751     
   144.00000000000000        6.3200000000000003        51.223206867935374     
   145.79999999999998        6.3200000000000003        56.629091014920732     
   147.59999999999999        6.3200000000000003        61.922472370831983     
   149.40000000000003        6.3200000000000003        67.078502439902067     
   151.20000000000002        6.3200000000000003        72.074699629765931     
   153.00000000000000        6.3200000000000003        76.888413859464492     
   154.79999999999998        6.3200000000000003        81.500603333754256     
   156.59999999999997        6.3200000000000003        85.888123645457341     
   158.39999999999998        6.3200000000000003        90.033146167305986     
   160.20000000000002        6.3200000000000003        93.917395443604335     
   162.00000000000000        6.3200000000000003        97.522364732191463     
   163.79999999999998        6.3200000000000003        100.83487311809405     
   165.59999999999999        6.3200000000000003        103.83824985454244     
   167.40000000000001        6.3200000000000003        106.51969273038921     
   169.19999999999999        6.3200000000000003        108.86811198505208     
   171.00000000000000        6.3200000000000003        110.87247810014111     
   172.80000000000001        6.3200000000000003        112.52489964520035     
   174.59999999999999        6.3200000000000003        113.81722094568048     
   176.40000000000001        6.3200000000000003        114.74479598890252     
   178.20000000000002        6.3200000000000003        115.51523527891658     
   180.00000000000000        6.3200000000000003        115.48908665329263     
   0.0000000000000000        6.4000000000000004        172.88651703073697     
   1.8000000000000003        6.4000000000000004        172.69409371519231     
   3.6000000000000005        6.4000000000000004        172.11699506343814     
   5.4000000000000004        6.4000000000000004        171.15784821712396     
   7.2000000000000011        6.4000000000000004        169.81957343484930     
   9.0000000000000000        6.4000000000000004        168.10760485600053     
   10.800000000000001        6.4000000000000004        166.02751056088110     
   12.600000000000001        6.4000000000000004        163.58751039422771     
   14.400000000000002        6.4000000000000004        160.79565703189931     
   16.200000000000003        6.4000000000000004        157.66291619223435     
   18.000000000000000        6.4000000000000004        154.20032516793157     
   19.799999999999997        6.4000000000000004        150.41934261355908     
   21.600000000000001        6.4000000000000004        146.33564521430074     
   23.400000000000002        6.4000000000000004        141.96233102634665     
   25.200000000000003        6.4000000000000004        137.31517174426745     
   27.000000000000000        6.4000000000000004        132.41243751398642     
   28.800000000000004        6.4000000000000004        127.26980876768803     
   30.600000000000005        6.4000000000000004        121.90668378861783     
   32.400000000000006        6.4000000000000004        116.34266498482106     
   34.199999999999996        6.4000000000000004        110.59728937160246     
   36.000000000000000        6.4000000000000004        104.69068424237493     
   37.800000000000004        6.4000000000000004        98.643970407700934     
   39.599999999999994        6.4000000000000004        92.478948207726773     
   41.399999999999999        6.4000000000000004        86.217772824595713     
   43.200000000000003        6.4000000000000004        79.881607702974108     
   45.000000000000000        6.4000000000000004        73.494585348080534     
   46.800000000000004        6.4000000000000004        67.076959425491168     
   48.599999999999994        6.4000000000000004        60.653132507944115     
   50.400000000000006        6.4000000000000004        54.244321321935715     
   52.200000000000003        6.4000000000000004        47.872654722656208     
   54.000000000000000        6.4000000000000004        41.561921475748044     
   55.799999999999997        6.4000000000000004        35.332134727021099     
   57.600000000000009        6.4000000000000004        29.205467361030671     
   59.400000000000013        6.4000000000000004        23.202663022412498     
   61.200000000000010        6.4000000000000004        17.343808752138138     
   63.000000000000000        6.4000000000000004        11.648854156667188     
   64.800000000000011        6.4000000000000004        6.1369089877020890     
   66.600000000000009        6.4000000000000004       0.82609484730694049     
   68.399999999999991        6.4000000000000004       -4.2665677372454454     
   70.200000000000003        6.4000000000000004       -9.1243857170544089     
   72.000000000000000        6.4000000000000004       -13.730947256890310     
   73.799999999999997        6.4000000000000004       -18.073837316093353     
   75.600000000000009        6.4000000000000004       -22.137580030035693     
   77.399999999999991        6.4000000000000004       -25.910736419134363     
   79.199999999999989        6.4000000000000004       -29.382382465438248     
   81.000000000000000        6.4000000000000004       -32.543134894760982     
   82.799999999999997        6.4000000000000004       -35.383188775009202     
   84.599999999999994        6.4000000000000004       -37.896432488887108     
   86.400000000000006        6.4000000000000004       -40.076473694590263     
   88.200000000000003        6.4000000000000004       -41.917608407923993     
   90.000000000000000        6.4000000000000004       -43.418042541642251     
   91.799999999999997        6.4000000000000004       -44.575235057038419     
   93.600000000000009        6.4000000000000004       -45.387734163293338     
   95.400000000000006        6.4000000000000004       -45.857519845285594     
   97.199999999999989        6.4000000000000004       -45.986310955106951     
   99.000000000000014        6.4000000000000004       -45.776522392285244     
   100.80000000000001        6.4000000000000004       -45.234474733639253     
   102.59999999999999        6.4000000000000004       -44.364626439429315     
   104.40000000000001        6.4000000000000004       -43.175205783912510     
   106.19999999999999        6.4000000000000004       -41.674607556640396     
   108.00000000000000        6.4000000000000004       -39.873153883372851     
   109.80000000000000        6.4000000000000004       -37.779658357969730     
   111.59999999999999        6.4000000000000004       -35.408251321889523     
   113.40000000000001        6.4000000000000004       -32.771519376277297     
   115.20000000000002        6.4000000000000004       -29.882360416330329     
   117.00000000000000        6.4000000000000004       -26.756816374572786     
   118.80000000000003        6.4000000000000004       -23.410672996312186     
   120.60000000000001        6.4000000000000004       -19.860741273197547     
   122.40000000000002        6.4000000000000004       -16.123319363434163     
   124.20000000000000        6.4000000000000004       -12.217668561795152     
   126.00000000000000        6.4000000000000004       -8.1623584969673448     
   127.80000000000001        6.4000000000000004       -3.9760419132982188     
   129.60000000000002        6.4000000000000004       0.32056399369567501     
   131.40000000000001        6.4000000000000004        4.7084845405007538     
   133.20000000000002        6.4000000000000004        9.1675687615377957     
   135.00000000000000        6.4000000000000004        13.675739675465019     
   136.79999999999998        6.4000000000000004        18.214638786148186     
   138.59999999999999        6.4000000000000004        22.761646404132804     
   140.40000000000001        6.4000000000000004        27.297164701976726     
   142.20000000000002        6.4000000000000004        31.800327458826210     
   144.00000000000000        6.4000000000000004        36.250605809282128     
   145.79999999999998        6.4000000000000004        40.629153217895912     
   147.59999999999999        6.4000000000000004        44.916344518491968     
   149.40000000000003        6.4000000000000004        49.092088425713293     
   151.20000000000002        6.4000000000000004        53.138206993659445     
   153.00000000000000        6.4000000000000004        57.036386550299056     
   154.79999999999998        6.4000000000000004        60.771230050186908     
   156.59999999999997        6.4000000000000004        64.324025225049397     
   158.39999999999998        6.4000000000000004        67.680356424696072     
   160.20000000000002        6.4000000000000004        70.825447351251313     
   162.00000000000000        6.4000000000000004        73.744335263846352     
   163.79999999999998        6.4000000000000004        76.426362178400666     
   165.59999999999999        6.4000000000000004        78.858050160724702     
   167.40000000000001        6.4000000000000004        81.029048277495733     
   169.19999999999999        6.4000000000000004        82.930390077893151     
   171.00000000000000        6.4000000000000004        84.553158301964032     
   172.80000000000001        6.4000000000000004        85.890972362726160     
   174.59999999999999        6.4000000000000004        86.937238624133528     
   176.40000000000001        6.4000000000000004        87.688200429879956     
   178.20000000000002        6.4000000000000004        88.311644863911070     
   180.00000000000000        6.4000000000000004        88.290773417516476     
   0.0000000000000000        6.4800000000000004        132.10178154046577     
   1.8000000000000003        6.4800000000000004        131.94821498158592     
   3.6000000000000005        6.4800000000000004        131.48765198501178     
   5.4000000000000004        6.4800000000000004        130.72219190491148     
   7.2000000000000011        6.4800000000000004        129.65416790857125     
   9.0000000000000000        6.4800000000000004        128.28792223109744     
   10.800000000000001        6.4800000000000004        126.62790368016528     
   12.600000000000001        6.4800000000000004        124.68068035785041     
   14.400000000000002        6.4800000000000004        122.45268623997262     
   16.200000000000003        6.4800000000000004        119.95268346537596     
   18.000000000000000        6.4800000000000004        117.18949090217254     
   19.799999999999997        6.4800000000000004        114.17226376807994     
   21.600000000000001        6.4800000000000004        110.91352864906497     
   23.400000000000002        6.4800000000000004        107.42375033172412     
   25.200000000000003        6.4800000000000004        103.71553041192590     
   27.000000000000000        6.4800000000000004        99.803467258322343     
   28.800000000000004        6.4800000000000004        95.700088597283298     
   30.600000000000005        6.4800000000000004        91.420893715715266     
   32.400000000000006        6.4800000000000004        86.981544635458604     
   34.199999999999996        6.4800000000000004        82.397650671834896     
   36.000000000000000        6.4800000000000004        77.685292577742814     
   37.800000000000004        6.4800000000000004        72.861344897044205     
   39.599999999999994        6.4800000000000004        67.943224975531692     
   41.399999999999999        6.4800000000000004        62.948633418821714     
   43.200000000000003        6.4800000000000004        57.894477661835992     
   45.000000000000000        6.4800000000000004        52.800038196142907     
   46.800000000000004        6.4800000000000004        47.681494446702494     
   48.599999999999994        6.4800000000000004        42.558342072740068     
   50.400000000000006        6.4800000000000004        37.447529660260372     
   52.200000000000003        6.4800000000000004        32.366734608477756     
   54.000000000000000        6.4800000000000004        27.334960910083836     
   55.799999999999997        6.4800000000000004        22.368194062200288     
   57.600000000000009        6.4800000000000004        17.484145737434584     
   59.400000000000013        6.4800000000000004        12.699384807883499     
   61.200000000000010        6.4800000000000004        8.0299549949939060     
   63.000000000000000        6.4800000000000004        3.4917899009571265     
   64.800000000000011        6.4800000000000004      -0.89984848437621423     
   66.600000000000009        6.4800000000000004       -5.1304883148010632     
   68.399999999999991        6.4800000000000004       -9.1865381446776162     
   70.200000000000003        6.4800000000000004       -13.054668510333713     
   72.000000000000000        6.4800000000000004       -16.721774932009794     
   73.799999999999997        6.4800000000000004       -20.177948092396974     
   75.600000000000009        6.4800000000000004       -23.410832041367321     
   77.399999999999991        6.4800000000000004       -26.411298009107895     
   79.199999999999989        6.4800000000000004       -29.170629005206091     
   81.000000000000000        6.4800000000000004       -31.681339801929397     
   82.799999999999997        6.4800000000000004       -33.935608197100237     
   84.599999999999994        6.4800000000000004       -35.928564461137341     
   86.400000000000006        6.4800000000000004       -37.655114519413900     
   88.200000000000003        6.4800000000000004       -39.110714609847079     
   90.000000000000000        6.4800000000000004       -40.293946529237388     
   91.799999999999997        6.4800000000000004       -41.202794985621686     
   93.600000000000009        6.4800000000000004       -41.836115419464036     
   95.400000000000006        6.4800000000000004       -42.195506578085833     
   97.199999999999989        6.4800000000000004       -42.282358430679494     
   99.000000000000014        6.4800000000000004       -42.098617311610809     
   100.80000000000001        6.4800000000000004       -41.649351646498353     
   102.59999999999999        6.4800000000000004       -40.938141227501191     
   104.40000000000001        6.4800000000000004       -39.971579299288997     
   106.19999999999999        6.4800000000000004       -38.756392107411145     
   108.00000000000000        6.4800000000000004       -37.300846463254878     
   109.80000000000000        6.4800000000000004       -35.612003134766795     
   111.59999999999999        6.4800000000000004       -33.701172882517930     
   113.40000000000001        6.4800000000000004       -31.578432248424225     
   115.20000000000002        6.4800000000000004       -29.254106434453707     
   117.00000000000000        6.4800000000000004       -26.741033750947025     
   118.80000000000003        6.4800000000000004       -24.051847501239720     
   120.60000000000001        6.4800000000000004       -21.200000330969441     
   122.40000000000002        6.4800000000000004       -18.198534690568088     
   124.20000000000000        6.4800000000000004       -15.062861472623990     
   126.00000000000000        6.4800000000000004       -11.807838390572419     
   127.80000000000001        6.4800000000000004       -8.4483893172636311     
   129.60000000000002        6.4800000000000004       -5.0010881292241613     
   131.40000000000001        6.4800000000000004       -1.4811154507877760     
   133.20000000000002        6.4800000000000004        2.0954081072903712     
   135.00000000000000        6.4800000000000004        5.7108226312035590     
   136.79999999999998        6.4800000000000004        9.3504410659235049     
   138.59999999999999        6.4800000000000004        12.996170361873215     
   140.40000000000001        6.4800000000000004        16.632333477870503     
   142.20000000000002        6.4800000000000004        20.242239810141310     
   144.00000000000000        6.4800000000000004        23.809468820027515     
   145.79999999999998        6.4800000000000004        27.318945201234246     
   147.59999999999999        6.4800000000000004        30.754971625204139     
   149.40000000000003        6.4800000000000004        34.101478568380401     
   151.20000000000002        6.4800000000000004        37.343926433160888     
   153.00000000000000        6.4800000000000004        40.467667556313614     
   154.79999999999998        6.4800000000000004        43.460386232993038     
   156.59999999999997        6.4800000000000004        46.307117054266996     
   158.39999999999998        6.4800000000000004        48.996329733490285     
   160.20000000000002        6.4800000000000004        51.516206147278709     
   162.00000000000000        6.4800000000000004        53.854779598804981     
   163.79999999999998        6.4800000000000004        56.003525037625423     
   165.59999999999999        6.4800000000000004        57.951663654773014     
   167.40000000000001        6.4800000000000004        59.690916812666941     
   169.19999999999999        6.4800000000000004        61.214113099826477     
   171.00000000000000        6.4800000000000004        62.514120917541689     
   172.80000000000001        6.4800000000000004        63.585836948099413     
   174.59999999999999        6.4800000000000004        64.423988060837800     
   176.40000000000001        6.4800000000000004        65.025569472858137     
   178.20000000000002        6.4800000000000004        65.524707024766329     
   180.00000000000000        6.4800000000000004        65.508277087525371     
   0.0000000000000000        6.5600000000000005        98.971665347021457     
   1.8000000000000003        6.5600000000000005        98.849939923540703     
   3.6000000000000005        6.5600000000000005        98.484871970148163     
   5.4000000000000004        6.5600000000000005        97.878128117733368     
   7.2000000000000011        6.5600000000000005        97.031560223363869     
   9.0000000000000000        6.5600000000000005        95.948615306425822     
   10.800000000000001        6.5600000000000005        94.632824558849819     
   12.600000000000001        6.5600000000000005        93.089401882276789     
   14.400000000000002        6.5600000000000005        91.323454188777276     
   16.200000000000003        6.5600000000000005        89.341936992416620     
   18.000000000000000        6.5600000000000005        87.151850404602868     
   19.799999999999997        6.5600000000000005        84.760461216839232     
   21.600000000000001        6.5600000000000005        82.177713364239054     
   23.400000000000002        6.5600000000000005        79.411912823865677     
   25.200000000000003        6.5600000000000005        76.473062220456669     
   27.000000000000000        6.5600000000000005        73.372749612944091     
   28.800000000000004        6.5600000000000005        70.120918096076934     
   30.600000000000005        6.5600000000000005        66.729870403083154     
   32.400000000000006        6.5600000000000005        63.212038099513023     
   34.199999999999996        6.5600000000000005        59.579810483635740     
   36.000000000000000        6.5600000000000005        55.845950877616275     
   37.800000000000004        6.5600000000000005        52.023852653756947     
   39.599999999999994        6.5600000000000005        48.127339903633001     
   41.399999999999999        6.5600000000000005        44.170461314620439     
   43.200000000000003        6.5600000000000005        40.166635261274145     
   45.000000000000000        6.5600000000000005        36.131164482115466     
   46.800000000000004        6.5600000000000005        32.076888455552520     
   48.599999999999994        6.5600000000000005        28.019280130668001     
   50.400000000000006        6.5600000000000005        23.971789207622848     
   52.200000000000003        6.5600000000000005        19.948443908742099     
   54.000000000000000        6.5600000000000005        15.964325756221399     
   55.799999999999997        6.5600000000000005        12.032118646221466     
   57.600000000000009        6.5600000000000005        8.1658771525057787     
   59.400000000000013        6.5600000000000005        4.3787479531047424     
   61.200000000000010        6.5600000000000005       0.68346038988294389     
   63.000000000000000        6.5600000000000005       -2.9073438943901575     
   64.800000000000011        6.5600000000000005       -6.3815568897055819     
   66.600000000000009        6.5600000000000005       -9.7276983451001762     
   68.399999999999991        6.5600000000000005       -12.934987438772353     
   70.200000000000003        6.5600000000000005       -15.992851606849319     
   72.000000000000000        6.5600000000000005       -18.890897145232998     
   73.799999999999997        6.5600000000000005       -21.621268157830908     
   75.600000000000009        6.5600000000000005       -24.174165740699785     
   77.399999999999991        6.5600000000000005       -26.542354198742096     
   79.199999999999989        6.5600000000000005       -28.718924996058725     
   81.000000000000000        6.5600000000000005       -30.697947985018139     
   82.799999999999997        6.5600000000000005       -32.473225476218495     
   84.599999999999994        6.5600000000000005       -34.040904754006235     
   86.400000000000006        6.5600000000000005       -35.396954983648307     
   88.200000000000003        6.5600000000000005       -36.537782441710540     
   90.000000000000000        6.5600000000000005       -37.462275802062990     
   91.799999999999997        6.5600000000000005       -38.168849536216527     
   93.600000000000009        6.5600000000000005       -38.656609664957521     
   95.400000000000006        6.5600000000000005       -38.926840971318647     
   97.199999999999989        6.5600000000000005       -38.980662393799840     
   99.000000000000014        6.5600000000000005       -38.819634700307475     
   100.80000000000001        6.5600000000000005       -38.447798213064736     
   102.59999999999999        6.5600000000000005       -37.868010884422198     
   104.40000000000001        6.5600000000000005       -37.085523909128483     
   106.19999999999999        6.5600000000000005       -36.105694010171689     
   108.00000000000000        6.5600000000000005       -34.935101334382708     
   109.80000000000000        6.5600000000000005       -33.579368038178281     
   111.59999999999999        6.5600000000000005       -32.047491542312528     
   113.40000000000001        6.5600000000000005       -30.347488871683545     
   115.20000000000002        6.5600000000000005       -28.487574366839432     
   117.00000000000000        6.5600000000000005       -26.477958130434068     
   118.80000000000003        6.5600000000000005       -24.328687244060148     
   120.60000000000001        6.5600000000000005       -22.050459309109193     
   122.40000000000002        6.5600000000000005       -19.653645915778469     
   124.20000000000000        6.5600000000000005       -17.150499467304527     
   126.00000000000000        6.5600000000000005       -14.552832770083695     
   127.80000000000001        6.5600000000000005       -11.872510909609751     
   129.60000000000002        6.5600000000000005       -9.1227091521400183     
   131.40000000000001        6.5600000000000005       -6.3154959315378001     
   133.20000000000002        6.5600000000000005       -3.4636859321829228     
   135.00000000000000        6.5600000000000005      -0.58131606429392946     
   136.79999999999998        6.5600000000000005        2.3199381763639408     
   138.59999999999999        6.5600000000000005        5.2256965343336539     
   140.40000000000001        6.5600000000000005        8.1234979303525527     
   142.20000000000002        6.5600000000000005        11.000076652575448     
   144.00000000000000        6.5600000000000005        13.842381843368141     
   145.79999999999998        6.5600000000000005        16.638431423192124     
   147.59999999999999        6.5600000000000005        19.375749675212795     
   149.40000000000003        6.5600000000000005        22.041565670548774     
   151.20000000000002        6.5600000000000005        24.624323970557391     
   153.00000000000000        6.5600000000000005        27.112383716128928     
   154.79999999999998        6.5600000000000005        29.495956540178884     
   156.59999999999997        6.5600000000000005        31.763150060556839     
   158.39999999999998        6.5600000000000005        33.904800550598630     
   160.20000000000002        6.5600000000000005        35.911516113108419     
   162.00000000000000        6.5600000000000005        37.773787291124322     
   163.79999999999998        6.5600000000000005        39.484838481755467     
   165.59999999999999        6.5600000000000005        41.036104561577901     
   167.40000000000001        6.5600000000000005        42.421006536288559     
   169.19999999999999        6.5600000000000005        43.633845245750607     
   171.00000000000000        6.5600000000000005        44.668953611144978     
   172.80000000000001        6.5600000000000005        45.522275910463584     
   174.59999999999999        6.5600000000000005        46.189622020565217     
   176.40000000000001        6.5600000000000005        46.668603844536420     
   178.20000000000002        6.5600000000000005        47.065745036319626     
   180.00000000000000        6.5600000000000005        47.052935656824623     
   0.0000000000000000        6.6400000000000006        71.259095718860209     
   1.8000000000000003        6.6400000000000006        71.164234397500124     
   3.6000000000000005        6.6400000000000006        70.879734822539206     
   5.4000000000000004        6.6400000000000006        70.406898350592172     
   7.2000000000000011        6.6400000000000006        69.747170579955721     
   9.0000000000000000        6.6400000000000006        68.903242866187298     
   10.800000000000001        6.6400000000000006        67.877871861008302     
   12.600000000000001        6.6400000000000006        66.675128373593850     
   14.400000000000002        6.6400000000000006        65.298999168228249     
   16.200000000000003        6.6400000000000006        63.754914775712791     
   18.000000000000000        6.6400000000000006        62.048340115834833     
   19.799999999999997        6.6400000000000006        60.184948003679111     
   21.600000000000001        6.6400000000000006        58.172502331672362     
   23.400000000000002        6.6400000000000006        56.017486895607782     
   25.200000000000003        6.6400000000000006        53.727710564854277     
   27.000000000000000        6.6400000000000006        51.312220402301413     
   28.800000000000004        6.6400000000000006        48.778777917507405     
   30.600000000000005        6.6400000000000006        46.136987674148820     
   32.400000000000006        6.6400000000000006        43.396554476707529     
   34.199999999999996        6.6400000000000006        40.567149705960425     
   36.000000000000000        6.6400000000000006        37.658736554670256     
   37.800000000000004        6.6400000000000006        34.681770056478577     
   39.599999999999994        6.6400000000000006        31.647041366854666     
   41.399999999999999        6.6400000000000006        28.565516737683915     
   43.200000000000003        6.6400000000000006        25.447669627986556     
   45.000000000000000        6.6400000000000006        22.305445307934825     
   46.800000000000004        6.6400000000000006        19.148864281821307     
   48.599999999999994        6.6400000000000006        15.990004125773025     
   50.400000000000006        6.6400000000000006        12.839361430111644     
   52.200000000000003        6.6400000000000006        9.7078844472275634     
   54.000000000000000        6.6400000000000006        6.6073440234408292     
   55.799999999999997        6.6400000000000006        3.5476375701508043     
   57.600000000000009        6.6400000000000006       0.53973306765135209     
   59.400000000000013        6.6400000000000006       -2.4061110612099368     
   61.200000000000010        6.6400000000000006       -5.2799626884645896     
   63.000000000000000        6.6400000000000006       -8.0719584391167327     
   64.800000000000011        6.6400000000000006       -10.772652064638619     
   66.600000000000009        6.6400000000000006       -13.373087966274973     
   68.399999999999991        6.6400000000000006       -15.864857174226485     
   70.200000000000003        6.6400000000000006       -18.239713606108126     
   72.000000000000000        6.6400000000000006       -20.489551086037014     
   73.799999999999997        6.6400000000000006       -22.608246262241096     
   75.600000000000009        6.6400000000000006       -24.588157950005311     
   77.399999999999991        6.6400000000000006       -26.423647605237026     
   79.199999999999989        6.6400000000000006       -28.109332393634176     
   81.000000000000000        6.6400000000000006       -29.640593949956248     
   82.799999999999997        6.6400000000000006       -31.012604979197700     
   84.599999999999994        6.6400000000000006       -32.222370273237622     
   86.400000000000006        6.6400000000000006       -33.266755526779349     
   88.200000000000003        6.6400000000000006       -34.142967972280751     
   90.000000000000000        6.6400000000000006       -34.850154247642472     
   91.799999999999997        6.6400000000000006       -35.387090534243384     
   93.600000000000009        6.6400000000000006       -35.753093287224900     
   95.400000000000006        6.6400000000000006       -35.949181107858379     
   97.199999999999989        6.6400000000000006       -35.976243001810083     
   99.000000000000014        6.6400000000000006       -35.835513110550252     
   100.80000000000001        6.6400000000000006       -35.530162671969471     
   102.59999999999999        6.6400000000000006       -35.062439122849625     
   104.40000000000001        6.6400000000000006       -34.436459536092038     
   106.19999999999999        6.6400000000000006       -33.656423326704257     
   108.00000000000000        6.6400000000000006       -32.727485594902170     
   109.80000000000000        6.6400000000000006       -31.654052879247246     
   111.59999999999999        6.6400000000000006       -30.443168503469622     
   113.40000000000001        6.6400000000000006       -29.101109697437167     
   115.20000000000002        6.6400000000000006       -27.634307672050916     
   117.00000000000000        6.6400000000000006       -26.050752644289538     
   118.80000000000003        6.6400000000000006       -24.358307271695317     
   120.60000000000001        6.6400000000000006       -22.565342219032544     
   122.40000000000002        6.6400000000000006       -20.679973229213513     
   124.20000000000000        6.6400000000000006       -18.711785194819402     
   126.00000000000000        6.6400000000000006       -16.670019322371687     
   127.80000000000001        6.6400000000000006       -14.563957398769141     
   129.60000000000002        6.6400000000000006       -12.403904516571430     
   131.40000000000001        6.6400000000000006       -10.199300767612719     
   133.20000000000002        6.6400000000000006       -7.9601689549532946     
   135.00000000000000        6.6400000000000006       -5.6974864380474006     
   136.79999999999998        6.6400000000000006       -3.4203853982866619     
   138.59999999999999        6.6400000000000006       -1.1401107835337108     
   140.40000000000001        6.6400000000000006        1.1335921579658148     
   142.20000000000002        6.6400000000000006        3.3903499083492328     
   144.00000000000000        6.6400000000000006        5.6199571650445108     
   145.79999999999998        6.6400000000000006        7.8130439790866291     
   147.59999999999999        6.6400000000000006        9.9598551248962153     
   149.40000000000003        6.6400000000000006        12.050405128704746     
   151.20000000000002        6.6400000000000006        14.075658514723550     
   153.00000000000000        6.6400000000000006        16.026513474651182     
   154.79999999999998        6.6400000000000006        17.895315871580372     
   156.59999999999997        6.6400000000000006        19.672768220606287     
   158.39999999999998        6.6400000000000006        21.351705225382460     
   160.20000000000002        6.6400000000000006        22.924783760027154     
   162.00000000000000        6.6400000000000006        24.384569289545908     
   163.79999999999998        6.6400000000000006        25.725763545756259     
   165.59999999999999        6.6400000000000006        26.941670639806411     
   167.40000000000001        6.6400000000000006        28.027146797650026     
   169.19999999999999        6.6400000000000006        28.977736069562233     
   171.00000000000000        6.6400000000000006        29.789008025562339     
   172.80000000000001        6.6400000000000006        30.457791569405593     
   174.59999999999999        6.6400000000000006        30.980811065464565     
   176.40000000000001        6.6400000000000006        31.356199177168932     
   178.20000000000002        6.6400000000000006        31.667176478995216     
   180.00000000000000        6.6400000000000006        31.657405957339044     
   0.0000000000000000        6.7200000000000006        49.097528323213744     
   1.8000000000000003        6.7200000000000006        49.024416393942559     
   3.6000000000000005        6.7200000000000006        48.805145624965604     
   5.4000000000000004        6.7200000000000006        48.440721427006665     
   7.2000000000000011        6.7200000000000006        47.932260280154345     
   9.0000000000000000        6.7200000000000006        47.281841315475020     
   10.800000000000001        6.7200000000000006        46.491593703332725     
   12.600000000000001        6.7200000000000006        45.564662148686054     
   14.400000000000002        6.7200000000000006        44.504125944750626     
   16.200000000000003        6.7200000000000006        43.314180125198689     
   18.000000000000000        6.7200000000000006        41.999045879156085     
   19.799999999999997        6.7200000000000006        40.563104692431708     
   21.600000000000001        6.7200000000000006        39.012354237651280     
   23.400000000000002        6.7200000000000006        37.351802127782456     
   25.200000000000003        6.7200000000000006        35.587479975377448     
   27.000000000000000        6.7200000000000006        33.726376231040305     
   28.800000000000004        6.7200000000000006        31.774485083179282     
   30.600000000000005        6.7200000000000006        29.739225187228648     
   32.400000000000006        6.7200000000000006        27.628092305073753     
   34.199999999999996        6.7200000000000006        25.448555976081032     
   36.000000000000000        6.7200000000000006        23.208310963760887     
   37.800000000000004        6.7200000000000006        20.915431905559366     
   39.599999999999994        6.7200000000000006        18.578252934657229     
   41.399999999999999        6.7200000000000006        16.205243199782345     
   43.200000000000003        6.7200000000000006        13.804490529452664     
   45.000000000000000        6.7200000000000006        11.385220274313925     
   46.800000000000004        6.7200000000000006        8.9551694264650354     
   48.599999999999994        6.7200000000000006        6.5236649836609084     
   50.400000000000006        6.7200000000000006        4.0988113808677316     
   52.200000000000003        6.7200000000000006        1.6890619384934222     
   54.000000000000000        6.7200000000000006      -0.69649435996635456     
   55.799999999999997        6.7200000000000006       -3.0502171540519205     
   57.600000000000009        6.7200000000000006       -5.3636386889659038     
   59.400000000000013        6.7200000000000006       -7.6288400179184759     
   61.200000000000010        6.7200000000000006       -9.8381546905723614     
   63.000000000000000        6.7200000000000006       -11.983969635761193     
   64.800000000000011        6.7200000000000006       -14.058994476534522     
   66.600000000000009        6.7200000000000006       -16.056318358602290     
   68.399999999999991        6.7200000000000006       -17.969453215238993     
   70.200000000000003        6.7200000000000006       -19.792037084378158     
   72.000000000000000        6.7200000000000006       -21.517816329189870     
   73.799999999999997        6.7200000000000006       -23.142070382649884     
   75.600000000000009        6.7200000000000006       -24.658905380097011     
   77.399999999999991        6.7200000000000006       -26.063975820236095     
   79.199999999999989        6.7200000000000006       -27.353134001306117     
   81.000000000000000        6.7200000000000006       -28.522823328747936     
   82.799999999999997        6.7200000000000006       -29.569325767934547     
   84.599999999999994        6.7200000000000006       -30.490339738203442     
   86.400000000000006        6.7200000000000006       -31.283456178737620     
   88.200000000000003        6.7200000000000006       -31.946530113034093     
   90.000000000000000        6.7200000000000006       -32.478915944782656     
   91.799999999999997        6.7200000000000006       -32.879681692097193     
   93.600000000000009        6.7200000000000006       -33.148313058160241     
   95.400000000000006        6.7200000000000006       -33.285611659543676     
   97.199999999999989        6.7200000000000006       -33.292278894678695     
   99.000000000000014        6.7200000000000006       -33.169282944277029     
   100.80000000000001        6.7200000000000006       -32.919089500500085     
   102.59999999999999        6.7200000000000006       -32.543449996307807     
   104.40000000000001        6.7200000000000006       -32.045561195036512     
   106.19999999999999        6.7200000000000006       -31.428683421629792     
   108.00000000000000        6.7200000000000006       -30.696815729676608     
   109.80000000000000        6.7200000000000006       -29.853378336510367     
   111.59999999999999        6.7200000000000006       -28.903829817871696     
   113.40000000000001        6.7200000000000006       -27.853036332550879     
   115.20000000000002        6.7200000000000006       -26.705982918241240     
   117.00000000000000        6.7200000000000006       -25.468859701996198     
   118.80000000000003        6.7200000000000006       -24.147758005502492     
   120.60000000000001        6.7200000000000006       -22.749161688442065     
   122.40000000000002        6.7200000000000006       -21.279357316496373     
   124.20000000000000        6.7200000000000006       -19.745767027065174     
   126.00000000000000        6.7200000000000006       -18.155547015992532     
   127.80000000000001        6.7200000000000006       -16.515884601865018     
   129.60000000000002        6.7200000000000006       -14.834757958451465     
   131.40000000000001        6.7200000000000006       -13.119476255883729     
   133.20000000000002        6.7200000000000006       -11.377798874319573     
   135.00000000000000        6.7200000000000006       -9.6182228664240821     
   136.79999999999998        6.7200000000000006       -7.8478184753217679     
   138.59999999999999        6.7200000000000006       -6.0752890072571759     
   140.40000000000001        6.7200000000000006       -4.3081780282015778     
   142.20000000000002        6.7200000000000006       -2.5545144851945345     
   144.00000000000000        6.7200000000000006      -0.82219693564177021     
   145.79999999999998        6.7200000000000006       0.88152222533730651     
   147.59999999999999        6.7200000000000006        2.5490931053755297     
   149.40000000000003        6.7200000000000006        4.1727881751990026     
   151.20000000000002        6.7200000000000006        5.7456147233477353     
   153.00000000000000        6.7200000000000006        7.2605291394552687     
   154.79999999999998        6.7200000000000006        8.7116073959718747     
   156.59999999999997        6.7200000000000006        10.091655390910446     
   158.39999999999998        6.7200000000000006        11.395127817269199     
   160.20000000000002        6.7200000000000006        12.616342296258857     
   162.00000000000000        6.7200000000000006        13.749546194183992     
   163.79999999999998        6.7200000000000006        14.790638841257589     
   165.59999999999999        6.7200000000000006        15.734439491488608     
   167.40000000000001        6.7200000000000006        16.576967764133265     
   169.19999999999999        6.7200000000000006        17.314775465330676     
   171.00000000000000        6.7200000000000006        17.944434564402236     
   172.80000000000001        6.7200000000000006        18.463491056962926     
   174.59999999999999        6.7200000000000006        18.869410558471632     
   176.40000000000001        6.7200000000000006        19.160747879980804     
   178.20000000000002        6.7200000000000006        19.401839648303962     
   180.00000000000000        6.7200000000000006        19.394511325381920     
   0.0000000000000000        6.7999999999999998        30.977167860319128     
   1.8000000000000003        6.7999999999999998        30.922069101907532     
   3.6000000000000005        6.7999999999999998        30.756821804405291     
   5.4000000000000004        6.7999999999999998        30.482186088913497     
   7.2000000000000011        6.7999999999999998        30.099005679725291     
   9.0000000000000000        6.7999999999999998        29.608852289501247     
   10.800000000000001        6.7999999999999998        29.013335055813855     
   12.600000000000001        6.7999999999999998        28.314831124643231     
   14.400000000000002        6.7999999999999998        27.515667710478141     
   16.200000000000003        6.7999999999999998        26.619015866295257     
   18.000000000000000        6.7999999999999998        25.628066007716207     
   19.799999999999997        6.7999999999999998        24.546129420130526     
   21.600000000000001        6.7999999999999998        23.377739921647724     
   23.400000000000002        6.7999999999999998        22.126681744531325     
   25.200000000000003        6.7999999999999998        20.797513560480652     
   27.000000000000000        6.7999999999999998        19.395517665432102     
   28.800000000000004        6.7999999999999998        17.925223605420769     
   30.600000000000005        6.7999999999999998        16.392238413168556     
   32.400000000000006        6.7999999999999998        14.802227079065910     
   34.199999999999996        6.7999999999999998        13.160834369970264     
   36.000000000000000        6.7999999999999998        11.473875103884749     
   37.800000000000004        6.7999999999999998        9.7474511796913426     
   39.599999999999994        6.7999999999999998        7.9878604960575412     
   41.399999999999999        6.7999999999999998        6.2015027667605640     
   43.200000000000003        6.7999999999999998        4.3944888228010672     
   45.000000000000000        6.7999999999999998        2.5737899156616377     
   46.800000000000004        6.7999999999999998       0.74525074657666934     
   48.599999999999994        6.7999999999999998       -1.0840811535101276     
   50.400000000000006        6.7999999999999998       -2.9080836589908303     
   52.200000000000003        6.7999999999999998       -4.7203709386782009     
   54.000000000000000        6.7999999999999998       -6.5140764431825655     
   55.799999999999997        6.7999999999999998       -8.2834300544623556     
   57.600000000000009        6.7999999999999998       -10.022035832992330     
   59.400000000000013        6.7999999999999998       -11.723913366215498     
   61.200000000000010        6.7999999999999998       -13.383273540648556     
   63.000000000000000        6.7999999999999998       -14.994367859778329     
   64.800000000000011        6.7999999999999998       -16.551692220229270     
   66.600000000000009        6.7999999999999998       -18.050029901036780     
   68.399999999999991        6.7999999999999998       -19.484484289314100     
   70.200000000000003        6.7999999999999998       -20.850254370308456     
   72.000000000000000        6.7999999999999998       -22.142621261019933     
   73.799999999999997        6.7999999999999998       -23.358026288482176     
   75.600000000000009        6.7999999999999998       -24.492023092899352     
   77.399999999999991        6.7999999999999998       -25.541337070547968     
   79.199999999999989        6.7999999999999998       -26.502843400953765     
   81.000000000000000        6.7999999999999998       -27.373864645709183     
   82.799999999999997        6.7999999999999998       -28.151601289155572     
   84.599999999999994        6.7999999999999998       -28.834325702782937     
   86.400000000000006        6.7999999999999998       -29.420228984328528     
   88.200000000000003        6.7999999999999998       -29.907702103412191     
   90.000000000000000        6.7999999999999998       -30.296270624855918     
   91.799999999999997        6.7999999999999998       -30.585243422024174     
   93.600000000000009        6.7999999999999998       -30.774245426785058     
   95.400000000000006        6.7999999999999998       -30.863897296824163     
   97.199999999999989        6.7999999999999998       -30.854743827861284     
   99.000000000000014        6.7999999999999998       -30.747531645671447     
   100.80000000000001        6.7999999999999998       -30.544140473857809     
   102.59999999999999        6.7999999999999998       -30.245909493284110     
   104.40000000000001        6.7999999999999998       -29.855271470218486     
   106.19999999999999        6.7999999999999998       -29.374707170813288     
   108.00000000000000        6.7999999999999998       -28.807256240352039     
   109.80000000000000        6.7999999999999998       -28.155520200418113     
   111.59999999999999        6.7999999999999998       -27.423642843064304     
   113.40000000000001        6.7999999999999998       -26.615319533795031     
   115.20000000000002        6.7999999999999998       -25.734335429673855     
   117.00000000000000        6.7999999999999998       -24.785387392072487     
   118.80000000000003        6.7999999999999998       -23.773097328675860     
   120.60000000000001        6.7999999999999998       -22.702383976054506     
   122.40000000000002        6.7999999999999998       -21.578016566847129     
   124.20000000000000        6.7999999999999998       -20.405623385077991     
   126.00000000000000        6.7999999999999998       -19.190631241910072     
   127.80000000000001        6.7999999999999998       -17.938490249877454     
   129.60000000000002        6.7999999999999998       -16.655248694150352     
   131.40000000000001        6.7999999999999998       -15.346448359480007     
   133.20000000000002        6.7999999999999998       -14.017971418170017     
   135.00000000000000        6.7999999999999998       -12.676257939750045     
   136.79999999999998        6.7999999999999998       -11.326668036749105     
   138.59999999999999        6.7999999999999998       -9.9757972325980546     
   140.40000000000001        6.7999999999999998       -8.6293631629470742     
   142.20000000000002        6.7999999999999998       -7.2934504147025496     
   144.00000000000000        6.7999999999999998       -5.9740445688856454     
   145.79999999999998        6.7999999999999998       -4.6766419114449214     
   147.59999999999999        6.7999999999999998       -3.4069634835147546     
   149.40000000000003        6.7999999999999998       -2.1708643761825961     
   151.20000000000002        6.7999999999999998      -0.97364327663835937     
   153.00000000000000        6.7999999999999998       0.17936299437785763     
   154.79999999999998        6.7999999999999998        1.2836651823740297     
   156.59999999999997        6.7999999999999998        2.3338133736429754     
   158.39999999999998        6.7999999999999998        3.3256056834049659     
   160.20000000000002        6.7999999999999998        4.2547369123412437     
   162.00000000000000        6.7999999999999998        5.1168491116462285     
   163.79999999999998        6.7999999999999998        5.9088347753039905     
   165.59999999999999        6.7999999999999998        6.6267695346175337     
   167.40000000000001        6.7999999999999998        7.2676377516652622     
   169.19999999999999        6.7999999999999998        7.8288269184632320     
   171.00000000000000        6.7999999999999998        8.3077402165220846     
   172.80000000000001        6.7999999999999998        8.7025182992342991     
   174.59999999999999        6.7999999999999998        9.0112414344677809     
   176.40000000000001        6.7999999999999998        9.2328145138893660     
   178.20000000000002        6.7999999999999998        9.4159193734978928     
   180.00000000000000        6.7999999999999998        9.4105984734425547     
   0.0000000000000000        6.8799999999999999        16.212064553049828     
   1.8000000000000003        6.8799999999999999        16.171866272916855     
   3.6000000000000005        6.8799999999999999        16.051307142620765     
   5.4000000000000004        6.8799999999999999        15.850944207735061     
   7.2000000000000011        6.8799999999999999        15.571395404223090     
   9.0000000000000000        6.8799999999999999        15.213812365004587     
   10.800000000000001        6.8799999999999999        14.779373733625139     
   12.600000000000001        6.8799999999999999        14.269821218100180     
   14.400000000000002        6.8799999999999999        13.686859445409700     
   16.200000000000003        6.8799999999999999        13.032811751222393     
   18.000000000000000        6.8799999999999999        12.310015239639860     
   19.799999999999997        6.8799999999999999        11.520895265883915     
   21.600000000000001        6.8799999999999999        10.668773764860539     
   23.400000000000002        6.8799999999999999        9.7564222510208616     
   25.200000000000003        6.8799999999999999        8.7871800481518640     
   27.000000000000000        6.8799999999999999        7.7649170101272791     
   28.800000000000004        6.8799999999999999        6.6929502651240824     
   30.600000000000005        6.8799999999999999        5.5753871234049974     
   32.400000000000006        6.8799999999999999        4.4163770238148992     
   34.199999999999996        6.8799999999999999        3.2200541768481141     
   36.000000000000000        6.8799999999999999        1.9906771825315683     
   37.800000000000004        6.8799999999999999       0.73271490658989791     
   39.599999999999994        6.8799999999999999      -0.54922034040771095     
   41.399999999999999        6.8799999999999999       -1.8504419007343014     
   43.200000000000003        6.8799999999999999       -3.1664754278060965     
   45.000000000000000        6.8799999999999999       -4.4922155973884932     
   46.800000000000004        6.8799999999999999       -5.8233840002645962     
   48.599999999999994        6.8799999999999999       -7.1548199937929713     
   50.400000000000006        6.8799999999999999       -8.4820422439572916     
   52.200000000000003        6.8799999999999999       -9.8003762271734622     
   54.000000000000000        6.8799999999999999       -11.104794990560954     
   55.799999999999997        6.8799999999999999       -12.391076344534136     
   57.600000000000009        6.8799999999999999       -13.654539180944438     
   59.400000000000013        6.8799999999999999       -14.890807531199876     
   61.200000000000010        6.8799999999999999       -16.095646031394779     
   63.000000000000000        6.8799999999999999       -17.264849350035011     
   64.800000000000011        6.8799999999999999       -18.394391692596770     
   66.600000000000009        6.8799999999999999       -19.480458331523607     
   68.399999999999991        6.8799999999999999       -20.519469605293271     
   70.200000000000003        6.8799999999999999       -21.507916175523839     
   72.000000000000000        6.8799999999999999       -22.442349133130143     
   73.799999999999997        6.8799999999999999       -23.320171004593028     
   75.600000000000009        6.8799999999999999       -24.138133132862372     
   77.399999999999991        6.8799999999999999       -24.893846741090570     
   79.199999999999989        6.8799999999999999       -25.585033065658340     
   81.000000000000000        6.8799999999999999       -26.209741699855154     
   82.799999999999997        6.8799999999999999       -26.765932749933434     
   84.599999999999994        6.8799999999999999       -27.252352869922237     
   86.400000000000006        6.8799999999999999       -27.667689137516422     
   88.200000000000003        6.8799999999999999       -28.010775325238409     
   90.000000000000000        6.8799999999999999       -28.281277721838158     
   91.799999999999997        6.8799999999999999       -28.478703637023521     
   93.600000000000009        6.8799999999999999       -28.602792282459333     
   95.400000000000006        6.8799999999999999       -28.654013450598921     
   97.199999999999989        6.8799999999999999       -28.632781243181711     
   99.000000000000014        6.8799999999999999       -28.539657808328684     
   100.80000000000001        6.8799999999999999       -28.376036626542330     
   102.59999999999999        6.8799999999999999       -28.142914494472137     
   104.40000000000001        6.8799999999999999       -27.842090521561254     
   106.19999999999999        6.8799999999999999       -27.475398937493239     
   108.00000000000000        6.8799999999999999       -27.045083926358956     
   109.80000000000000        6.8799999999999999       -26.553068080942200     
   111.59999999999999        6.8799999999999999       -26.002405465939049     
   113.40000000000001        6.8799999999999999       -25.395820968166881     
   115.20000000000002        6.8799999999999999       -24.736105190629033     
   117.00000000000000        6.8799999999999999       -24.026717502328385     
   118.80000000000003        6.8799999999999999       -23.271062083637325     
   120.60000000000001        6.8799999999999999       -22.472760701964511     
   122.40000000000002        6.8799999999999999       -21.635325210910654     
   124.20000000000000        6.8799999999999999       -20.762897546326993     
   126.00000000000000        6.8799999999999999       -19.859471574553986     
   127.80000000000001        6.8799999999999999       -18.929058004380416     
   129.60000000000002        6.8799999999999999       -17.976106176338408     
   131.40000000000001        6.8799999999999999       -17.004693518341178     
   133.20000000000002        6.8799999999999999       -16.019146922634576     
   135.00000000000000        6.8799999999999999       -15.024202328596044     
   136.79999999999998        6.8799999999999999       -14.023802967613133     
   138.59999999999999        6.8799999999999999       -13.022798210332546     
   140.40000000000001        6.8799999999999999       -12.025392963771786     
   142.20000000000002        6.8799999999999999       -11.036061038876019     
   144.00000000000000        6.8799999999999999       -10.059203254029622     
   145.79999999999998        6.8799999999999999       -9.0988610588440242     
   147.59999999999999        6.8799999999999999       -8.1592404465069865     
   149.40000000000003        6.8799999999999999       -7.2446453923528136     
   151.20000000000002        6.8799999999999999       -6.3589712385825194     
   153.00000000000000        6.8799999999999999       -5.5061409174540437     
   154.79999999999998        6.8799999999999999       -4.6894550787382059     
   156.59999999999997        6.8799999999999999       -3.9129188343409815     
   158.39999999999998        6.8799999999999999       -3.1796211688415532     
   160.20000000000002        6.8799999999999999       -2.4927264563819698     
   162.00000000000000        6.8799999999999999       -1.8554373540721691     
   163.79999999999998        6.8799999999999999       -1.2700386042455385     
   165.59999999999999        6.8799999999999999      -0.73941387619131049     
   167.40000000000001        6.8799999999999999      -0.26577964036852464     
   169.19999999999999        6.8799999999999999       0.14894386028287343     
   171.00000000000000        6.8799999999999999       0.50284833655567951     
   172.80000000000001        6.8799999999999999       0.79456705005265960     
   174.59999999999999        6.8799999999999999        1.0226894028307889     
   176.40000000000001        6.8799999999999999        1.1864102982794797     
   178.20000000000002        6.8799999999999999        1.3214479832076726     
   180.00000000000000        6.8799999999999999        1.3177732663850819     
   0.0000000000000000        6.9600000000000000        4.5739110901475737     
   1.8000000000000003        6.9600000000000000        4.5456998963661341     
   3.6000000000000005        6.9600000000000000        4.4610913532580376     
   5.4000000000000004        6.9600000000000000        4.3204789564631980     
   7.2000000000000011        6.9600000000000000        4.1242988276278272     
   9.0000000000000000        6.9600000000000000        3.8733642951861178     
   10.800000000000001        6.9600000000000000        3.5685073414433681     
   12.600000000000001        6.9600000000000000        3.2109579409453453     
   14.400000000000002        6.9600000000000000        2.8019193724636349     
   16.200000000000003        6.9600000000000000        2.3430322888738253     
   18.000000000000000        6.9600000000000000        1.8359466370514408     
   19.799999999999997        6.9600000000000000        1.2823743690860496     
   21.600000000000001        6.9600000000000000       0.68466145697681746     
   23.400000000000002        6.9600000000000000        4.4763933604048844E-002
   25.200000000000003        6.9600000000000000      -0.63496079137007833     
   27.000000000000000        6.9600000000000000       -1.3517803064350460     
   28.800000000000004        6.9600000000000000       -2.1033537537745044     
   30.600000000000005        6.9600000000000000       -2.8867815196412518     
   32.400000000000006        6.9600000000000000       -3.6991345845514605     
   34.199999999999996        6.9600000000000000       -4.5374951044661742     
   36.000000000000000        6.9600000000000000       -5.3988576031537168     
   37.800000000000004        6.9600000000000000       -6.2800681942732739     
   39.599999999999994        6.9600000000000000       -7.1778718585022672     
   41.399999999999999        6.9600000000000000       -8.0889613314854358     
   43.200000000000003        6.9600000000000000       -9.0101799473037545     
   45.000000000000000        6.9600000000000000       -9.9379248791369204     
   46.800000000000004        6.9600000000000000       -10.869178801260167     
   48.599999999999994        6.9600000000000000       -11.800300406980808     
   50.400000000000006        6.9600000000000000       -12.728129417039654     
   52.200000000000003        6.9600000000000000       -13.649369149047727     
   54.000000000000000        6.9600000000000000       -14.560473821063761     
   55.799999999999997        6.9600000000000000       -15.458467422842753     
   57.600000000000009        6.9600000000000000       -16.340049464872543     
   59.400000000000013        6.9600000000000000       -17.202135649067088     
   61.200000000000010        6.9600000000000000       -18.041741424160158     
   63.000000000000000        6.9600000000000000       -18.855903727264419     
   64.800000000000011        6.9600000000000000       -19.641786767508233     
   66.600000000000009        6.9600000000000000       -20.396704325234420     
   68.399999999999991        6.9600000000000000       -21.118136721759264     
   70.200000000000003        6.9600000000000000       -21.803614226457817     
   72.000000000000000        6.9600000000000000       -22.450710041966417     
   73.799999999999997        6.9600000000000000       -23.057600042915460     
   75.600000000000009        6.9600000000000000       -23.621999439870276     
   77.399999999999991        6.9600000000000000       -24.142232063495538     
   79.199999999999989        6.9600000000000000       -24.616699710196979     
   81.000000000000000        6.9600000000000000       -25.044036637970557     
   82.799999999999997        6.9600000000000000       -25.422813866572508     
   84.599999999999994        6.9600000000000000       -25.752159085631309     
   86.400000000000006        6.9600000000000000       -26.031157883948140     
   88.200000000000003        6.9600000000000000       -26.258999701962907     
   90.000000000000000        6.9600000000000000       -26.435463135947685     
   91.799999999999997        6.9600000000000000       -26.560214295870281     
   93.600000000000009        6.9600000000000000       -26.633083396172673     
   95.400000000000006        6.9600000000000000       -26.654417629245856     
   97.199999999999989        6.9600000000000000       -26.624524749055489     
   99.000000000000014        6.9600000000000000       -26.543817230343123     
   100.80000000000001        6.9600000000000000       -26.413295778697211     
   102.59999999999999        6.9600000000000000       -26.233680315449682     
   104.40000000000001        6.9600000000000000       -26.006258428411854     
   106.19999999999999        6.9600000000000000       -25.732342456927149     
   108.00000000000000        6.9600000000000000       -25.413534727574838     
   109.80000000000000        6.9600000000000000       -25.051209864776524     
   111.59999999999999        6.9600000000000000       -24.647543031133253     
   113.40000000000001        6.9600000000000000       -24.204476290774675     
   115.20000000000002        6.9600000000000000       -23.723998040905524     
   117.00000000000000        6.9600000000000000       -23.208569744087569     
   118.80000000000003        6.9600000000000000       -22.660613611420295     
   120.60000000000001        6.9600000000000000       -22.082705618046301     
   122.40000000000002        6.9600000000000000       -21.477343735639433     
   124.20000000000000        6.9600000000000000       -20.847471574943260     
   126.00000000000000        6.9600000000000000       -20.195927717428930     
   127.80000000000001        6.9600000000000000       -19.525562402394215     
   129.60000000000002        6.9600000000000000       -18.839535992518858     
   131.40000000000001        6.9600000000000000       -18.140745383802027     
   133.20000000000002        6.9600000000000000       -17.432263709058432     
   135.00000000000000        6.9600000000000000       -16.717453254957341     
   136.79999999999998        6.9600000000000000       -15.999115034136473     
   138.59999999999999        6.9600000000000000       -15.280690957067854     
   140.40000000000001        6.9600000000000000       -14.565166544108997     
   142.20000000000002        6.9600000000000000       -13.855717256525050     
   144.00000000000000        6.9600000000000000       -13.155466545371619     
   145.79999999999998        6.9600000000000000       -12.467283189427318     
   147.59999999999999        6.9600000000000000       -11.794152030884058     
   149.40000000000003        6.9600000000000000       -11.139126865045791     
   151.20000000000002        6.9600000000000000       -10.504971928093362     
   153.00000000000000        6.9600000000000000       -9.8944705810341951     
   154.79999999999998        6.9600000000000000       -9.3099654228286752     
   156.59999999999997        6.9600000000000000       -8.7542971489945760     
   158.39999999999998        6.9600000000000000       -8.2296577416739733     
   160.20000000000002        6.9600000000000000       -7.7382921065216692     
   162.00000000000000        6.9600000000000000       -7.2824718087994764     
   163.79999999999998        6.9600000000000000       -6.8638184187922686     
   165.59999999999999        6.9600000000000000       -6.4843768939551740     
   167.40000000000001        6.9600000000000000       -6.1457196058807249     
   169.19999999999999        6.9600000000000000       -5.8492088527901309     
   171.00000000000000        6.9600000000000000       -5.5961980213179778     
   172.80000000000001        6.9600000000000000       -5.3876568163459737     
   174.59999999999999        6.9600000000000000       -5.2245855217491268     
   176.40000000000001        6.9600000000000000       -5.1075554807657184     
   178.20000000000002        6.9600000000000000       -5.0112919799210331     
   180.00000000000000        6.9600000000000000       -5.0136574230713755     
   0.0000000000000000        7.0400000000000000       -4.7916340302534071     
   1.8000000000000003        7.0400000000000000       -4.8099856180503977     
   3.6000000000000005        7.0400000000000000       -4.8650241196447563     
   5.4000000000000004        7.0400000000000000       -4.9564907142025287     
   7.2000000000000011        7.0400000000000000       -5.0840989713426517     
   9.0000000000000000        7.0400000000000000       -5.2473141276787825     
   10.800000000000001        7.0400000000000000       -5.4455896216162110     
   12.600000000000001        7.0400000000000000       -5.6781168424089437     
   14.400000000000002        7.0400000000000000       -5.9441052931335356     
   16.200000000000003        7.0400000000000000       -6.2424764415635039     
   18.000000000000000        7.0400000000000000       -6.5721461199080515     
   19.799999999999997        7.0400000000000000       -6.9319897470994025     
   21.600000000000001        7.0400000000000000       -7.3204649672444777     
   23.400000000000002        7.0400000000000000       -7.7362871479090458     
   25.200000000000003        7.0400000000000000       -8.1779073450970987     
   27.000000000000000        7.0400000000000000       -8.6435296965836770     
   28.800000000000004        7.0400000000000000       -9.1316171102841146     
   30.600000000000005        7.0400000000000000       -9.6402643400374615     
   32.400000000000006        7.0400000000000000       -10.167547189228575     
   34.199999999999996        7.0400000000000000       -10.711549274138118     
   36.000000000000000        7.0400000000000000       -11.270296832364176     
   37.800000000000004        7.0400000000000000       -11.841718618939872     
   39.599999999999994        7.0400000000000000       -12.423677085705107     
   41.399999999999999        7.0400000000000000       -13.014000622925238     
   43.200000000000003        7.0400000000000000       -13.610617364624375     
   45.000000000000000        7.0400000000000000       -14.211161497338265     
   46.800000000000004        7.0400000000000000       -14.813653834417353     
   48.599999999999994        7.0400000000000000       -15.415703912214408     
   50.400000000000006        7.0400000000000000       -16.015238950122193     
   52.200000000000003        7.0400000000000000       -16.610096521114887     
   54.000000000000000        7.0400000000000000       -17.197950193944560     
   55.799999999999997        7.0400000000000000       -17.776849728134479     
   57.600000000000009        7.0400000000000000       -18.344631125753377     
   59.400000000000013        7.0400000000000000       -18.899273297515407     
   61.200000000000010        7.0400000000000000       -19.438821231095897     
   63.000000000000000        7.0400000000000000       -19.961334350504881     
   64.800000000000011        7.0400000000000000       -20.464956287352418     
   66.600000000000009        7.0400000000000000       -20.947929577372754     
   68.399999999999991        7.0400000000000000       -21.408606840899647     
   70.200000000000003        7.0400000000000000       -21.845373852128112     
   72.000000000000000        7.0400000000000000       -22.256644896615661     
   73.799999999999997        7.0400000000000000       -22.641232014639748     
   75.600000000000009        7.0400000000000000       -22.997643505557281     
   77.399999999999991        7.0400000000000000       -23.324789316821850     
   79.199999999999989        7.0400000000000000       -23.621630956978450     
   81.000000000000000        7.0400000000000000       -23.887283400599166     
   82.799999999999997        7.0400000000000000       -24.120820000021411     
   84.599999999999994        7.0400000000000000       -24.321681421512462     
   86.400000000000006        7.0400000000000000       -24.489280621656114     
   88.200000000000003        7.0400000000000000       -24.623099115890419     
   90.000000000000000        7.0400000000000000       -24.723007116576980     
   91.799999999999997        7.0400000000000000       -24.788800645187195     
   93.600000000000009        7.0400000000000000       -24.820383982548716     
   95.400000000000006        7.0400000000000000       -24.818002442617001     
   97.199999999999989        7.0400000000000000       -24.781875289773428     
   99.000000000000014        7.0400000000000000       -24.712290824302727     
   100.80000000000001        7.0400000000000000       -24.609925336931251     
   102.59999999999999        7.0400000000000000       -24.475269805581974     
   104.40000000000001        7.0400000000000000       -24.309189600599307     
   106.19999999999999        7.0400000000000000       -24.112566309224757     
   108.00000000000000        7.0400000000000000       -23.886472695368141     
   109.80000000000000        7.0400000000000000       -23.631831165560722     
   111.59999999999999        7.0400000000000000       -23.350092081450939     
   113.40000000000001        7.0400000000000000       -23.042551856797413     
   115.20000000000002        7.0400000000000000       -22.710537282799688     
   117.00000000000000        7.0400000000000000       -22.355687027582075     
   118.80000000000003        7.0400000000000000       -21.979613647276551     
   120.60000000000001        7.0400000000000000       -21.584030903485029     
   122.40000000000002        7.0400000000000000       -21.170600852560135     
   124.20000000000000        7.0400000000000000       -20.741279277457714     
   126.00000000000000        7.0400000000000000       -20.297952399350226     
   127.80000000000001        7.0400000000000000       -19.842513842409478     
   129.60000000000002        7.0400000000000000       -19.377061517716331     
   131.40000000000001        7.0400000000000000       -18.903519214317399     
   133.20000000000002        7.0400000000000000       -18.423926658096175     
   135.00000000000000        7.0400000000000000       -17.940513990667810     
   136.79999999999998        7.0400000000000000       -17.455140732105377     
   138.59999999999999        7.0400000000000000       -16.970088839498718     
   140.40000000000001        7.0400000000000000       -16.487338817349730     
   142.20000000000002        7.0400000000000000       -16.008996089889262     
   144.00000000000000        7.0400000000000000       -15.537131376023090     
   145.79999999999998        7.0400000000000000       -15.073646983565610     
   147.59999999999999        7.0400000000000000       -14.620521373096860     
   149.40000000000003        7.0400000000000000       -14.179778070157759     
   151.20000000000002        7.0400000000000000       -13.753249146700469     
   153.00000000000000        7.0400000000000000       -13.342778850802954     
   154.79999999999998        7.0400000000000000       -12.949920212357181     
   156.59999999999997        7.0400000000000000       -12.576554398477771     
   158.39999999999998        7.0400000000000000       -12.224134158469640     
   160.20000000000002        7.0400000000000000       -11.894146685505664     
   162.00000000000000        7.0400000000000000       -11.588096284234437     
   163.79999999999998        7.0400000000000000       -11.307057977575070     
   165.59999999999999        7.0400000000000000       -11.052385609322750     
   167.40000000000001        7.0400000000000000       -10.825120768006492     
   169.19999999999999        7.0400000000000000       -10.626165961553170     
   171.00000000000000        7.0400000000000000       -10.456417319516110     
   172.80000000000001        7.0400000000000000       -10.316517354770662     
   174.59999999999999        7.0400000000000000       -10.207128247642272     
   176.40000000000001        7.0400000000000000       -10.128628699564340     
   178.20000000000002        7.0400000000000000       -10.064346316422503     
   180.00000000000000        7.0400000000000000       -10.065647520066273     
   0.0000000000000000        7.1200000000000001       -11.948345435105105     
   1.8000000000000003        7.1200000000000001       -11.958917220085144     
   3.6000000000000005        7.1200000000000001       -11.990623236847526     
   5.4000000000000004        7.1200000000000001       -12.043311097012452     
   7.2000000000000011        7.1200000000000001       -12.116812644572388     
   9.0000000000000000        7.1200000000000001       -12.210813251934820     
   10.800000000000001        7.1200000000000001       -12.324991883199679     
   12.600000000000001        7.1200000000000001       -12.458872904208530     
   14.400000000000002        7.1200000000000001       -12.611991979330952     
   16.200000000000003        7.1200000000000001       -12.783714779987122     
   18.000000000000000        7.1200000000000001       -12.973404204819960     
   19.799999999999997        7.1200000000000001       -13.180399781065322     
   21.600000000000001        7.1200000000000001       -13.403794202605118     
   23.400000000000002        7.1200000000000001       -13.642833323791312     
   25.200000000000003        7.1200000000000001       -13.896607027276904     
   27.000000000000000        7.1200000000000001       -14.164059516562027     
   28.800000000000004        7.1200000000000001       -14.444288754407713     
   30.600000000000005        7.1200000000000001       -14.736175218412061     
   32.400000000000006        7.1200000000000001       -15.038588675150532     
   34.199999999999996        7.1200000000000001       -15.350404019161239     
   36.000000000000000        7.1200000000000001       -15.670462659855676     
   37.800000000000004        7.1200000000000001       -15.997548763751006     
   39.599999999999994        7.1200000000000001       -16.330407706969147     
   41.399999999999999        7.1200000000000001       -16.667765156285622     
   43.200000000000003        7.1200000000000001       -17.008406291195477     
   45.000000000000000        7.1200000000000001       -17.350942665746601     
   46.800000000000004        7.1200000000000001       -17.694215201764429     
   48.599999999999994        7.1200000000000001       -18.036821693303406     
   50.400000000000006        7.1200000000000001       -18.377548450905344     
   52.200000000000003        7.1200000000000001       -18.715129085845614     
   54.000000000000000        7.1200000000000001       -19.048200464862251     
   55.799999999999997        7.1200000000000001       -19.375622575090500     
   57.600000000000009        7.1200000000000001       -19.696129168575688     
   59.400000000000013        7.1200000000000001       -20.008538948947471     
   61.200000000000010        7.1200000000000001       -20.311710059847698     
   63.000000000000000        7.1200000000000001       -20.604509490063478     
   64.800000000000011        7.1200000000000001       -20.885854373038324     
   66.600000000000009        7.1200000000000001       -21.154720673317492     
   68.399999999999991        7.1200000000000001       -21.410149790685971     
   70.200000000000003        7.1200000000000001       -21.651202988557376     
   72.000000000000000        7.1200000000000001       -21.876958627984003     
   73.799999999999997        7.1200000000000001       -22.086730799871216     
   75.600000000000009        7.1200000000000001       -22.279653913440288     
   77.399999999999991        7.1200000000000001       -22.455100378436605     
   79.199999999999989        7.1200000000000001       -22.612473281669391     
   81.000000000000000        7.1200000000000001       -22.751266712740740     
   82.799999999999997        7.1200000000000001       -22.870950223613136     
   84.599999999999994        7.1200000000000001       -22.971210964212883     
   86.400000000000006        7.1200000000000001       -23.051719749062084     
   88.200000000000003        7.1200000000000001       -23.112188044990731     
   90.000000000000000        7.1200000000000001       -23.152557524279139     
   91.799999999999997        7.1200000000000001       -23.172725944995392     
   93.600000000000009        7.1200000000000001       -23.172655171537347     
   95.400000000000006        7.1200000000000001       -23.152508994506569     
   97.199999999999989        7.1200000000000001       -23.112435742531236     
   99.000000000000014        7.1200000000000001       -23.052624569368902     
   100.80000000000001        7.1200000000000001       -22.973494306269107     
   102.59999999999999        7.1200000000000001       -22.875353959412585     
   104.40000000000001        7.1200000000000001       -22.758734124182372     
   106.19999999999999        7.1200000000000001       -22.624174871777321     
   108.00000000000000        7.1200000000000001       -22.472329334734471     
   109.80000000000000        7.1200000000000001       -22.303761448146680     
   111.59999999999999        7.1200000000000001       -22.119347598370574     
   113.40000000000001        7.1200000000000001       -21.919872813367235     
   115.20000000000002        7.1200000000000001       -21.706139894764235     
   117.00000000000000        7.1200000000000001       -21.479136092299616     
   118.80000000000003        7.1200000000000001       -21.239832945279140     
   120.60000000000001        7.1200000000000001       -20.989261657823256     
   122.40000000000002        7.1200000000000001       -20.728422535828710     
   124.20000000000000        7.1200000000000001       -20.458489520301846     
   126.00000000000000        7.1200000000000001       -20.180595048681560     
   127.80000000000001        7.1200000000000001       -19.895875614629258     
   129.60000000000002        7.1200000000000001       -19.605588338864447     
   131.40000000000001        7.1200000000000001       -19.310886877742263     
   133.20000000000002        7.1200000000000001       -19.012993168807945     
   135.00000000000000        7.1200000000000001       -18.713241519935682     
   136.79999999999998        7.1200000000000001       -18.412746374708373     
   138.59999999999999        7.1200000000000001       -18.112871912942119     
   140.40000000000001        7.1200000000000001       -17.814803383028099     
   142.20000000000002        7.1200000000000001       -17.519799568155150     
   144.00000000000000        7.1200000000000001       -17.229098251632649     
   145.79999999999998        7.1200000000000001       -16.943837030894965     
   147.59999999999999        7.1200000000000001       -16.665198126246246     
   149.40000000000003        7.1200000000000001       -16.394389961533435     
   151.20000000000002        7.1200000000000001       -16.132507098431976     
   153.00000000000000        7.1200000000000001       -15.880650807255710     
   154.79999999999998        7.1200000000000001       -15.639749401399445     
   156.59999999999997        7.1200000000000001       -15.410924983237017     
   158.39999999999998        7.1200000000000001       -15.195045438148968     
   160.20000000000002        7.1200000000000001       -14.992998512892560     
   162.00000000000000        7.1200000000000001       -14.805681545132707     
   163.79999999999998        7.1200000000000001       -14.633737122959623     
   165.59999999999999        7.1200000000000001       -14.477972385527982     
   167.40000000000001        7.1200000000000001       -14.339009008923618     
   169.19999999999999        7.1200000000000001       -14.217385747593823     
   171.00000000000000        7.1200000000000001       -14.113637010375642     
   172.80000000000001        7.1200000000000001       -14.028146453361547     
   174.59999999999999        7.1200000000000001       -13.961308803342234     
   176.40000000000001        7.1200000000000001       -13.913350345575502     
   178.20000000000002        7.1200000000000001       -13.874399892085536     
   180.00000000000000        7.1200000000000001       -13.874875205158107     
   0.0000000000000000        7.2000000000000002       -17.586290227562198     
   1.8000000000000003        7.2000000000000002       -17.590521193705023     
   3.6000000000000005        7.2000000000000002       -17.603210395732248     
   5.4000000000000004        7.2000000000000002       -17.624292326658825     
   7.2000000000000011        7.2000000000000002       -17.653695357818840     
   9.0000000000000000        7.2000000000000002       -17.691284549930351     
   10.800000000000001        7.2000000000000002       -17.736922932418480     
   12.600000000000001        7.2000000000000002       -17.790406662290803     
   14.400000000000002        7.2000000000000002       -17.851537604896691     
   16.200000000000003        7.2000000000000002       -17.920044008349144     
   18.000000000000000        7.2000000000000002       -17.995653661801430     
   19.799999999999997        7.2000000000000002       -18.078084876455854     
   21.600000000000001        7.2000000000000002       -18.166948706871242     
   23.400000000000002        7.2000000000000002       -18.261923952684548     
   25.200000000000003        7.2000000000000002       -18.362621895097750     
   27.000000000000000        7.2000000000000002       -18.468590790823303     
   28.800000000000004        7.2000000000000002       -18.579446875566973     
   30.600000000000005        7.2000000000000002       -18.694711922370857     
   32.400000000000006        7.2000000000000002       -18.813903700236114     
   34.199999999999996        7.2000000000000002       -18.936542892048084     
   36.000000000000000        7.2000000000000002       -19.062136187376478     
   37.800000000000004        7.2000000000000002       -19.190165874288454     
   39.599999999999994        7.2000000000000002       -19.320097898820858     
   41.399999999999999        7.2000000000000002       -19.451390198840656     
   43.200000000000003        7.2000000000000002       -19.583527350849582     
   45.000000000000000        7.2000000000000002       -19.715918548952832     
   46.800000000000004        7.2000000000000002       -19.848073910371507     
   48.599999999999994        7.2000000000000002       -19.979397727031493     
   50.400000000000006        7.2000000000000002       -20.109377305683985     
   52.200000000000003        7.2000000000000002       -20.237477410474373     
   54.000000000000000        7.2000000000000002       -20.363120973175658     
   55.799999999999997        7.2000000000000002       -20.485829024880200     
   57.600000000000009        7.2000000000000002       -20.605067822628214     
   59.400000000000013        7.2000000000000002       -20.720341230083214     
   61.200000000000010        7.2000000000000002       -20.831170784368886     
   63.000000000000000        7.2000000000000002       -20.937082289013155     
   64.800000000000011        7.2000000000000002       -21.037623862510770     
   66.600000000000009        7.2000000000000002       -21.132369717292622     
   68.399999999999991        7.2000000000000002       -21.220923027272544     
   70.200000000000003        7.2000000000000002       -21.302895966565977     
   72.000000000000000        7.2000000000000002       -21.377908476684151     
   73.799999999999997        7.2000000000000002       -21.445683901993945     
   75.600000000000009        7.2000000000000002       -21.505867211204158     
   77.399999999999991        7.2000000000000002       -21.558207722844291     
   79.199999999999989        7.2000000000000002       -21.602468371255970     
   81.000000000000000        7.2000000000000002       -21.638452077175522     
   82.799999999999997        7.2000000000000002       -21.665951171274493     
   84.599999999999994        7.2000000000000002       -21.684853311862867     
   86.400000000000006        7.2000000000000002       -21.695039107601477     
   88.200000000000003        7.2000000000000002       -21.696407027070936     
   90.000000000000000        7.2000000000000002       -21.688956309736216     
   91.799999999999997        7.2000000000000002       -21.672667005697765     
   93.600000000000009        7.2000000000000002       -21.647547213554173     
   95.400000000000006        7.2000000000000002       -21.613693356392442     
   97.199999999999989        7.2000000000000002       -21.571195043315210     
   99.000000000000014        7.2000000000000002       -21.520159672399217     
   100.80000000000001        7.2000000000000002       -21.460795035119350     
   102.59999999999999        7.2000000000000002       -21.393260749280412     
   104.40000000000001        7.2000000000000002       -21.317813238893375     
   106.19999999999999        7.2000000000000002       -21.234712904067450     
   108.00000000000000        7.2000000000000002       -21.144269419087603     
   109.80000000000000        7.2000000000000002       -21.046753214358912     
   111.59999999999999        7.2000000000000002       -20.942571186734067     
   113.40000000000001        7.2000000000000002       -20.832089997179303     
   115.20000000000002        7.2000000000000002       -20.715683796537519     
   117.00000000000000        7.2000000000000002       -20.593807128142672     
   118.80000000000003        7.2000000000000002       -20.466907329983979     
   120.60000000000001        7.2000000000000002       -20.335457491735752     
   122.40000000000002        7.2000000000000002       -20.199916809013892     
   124.20000000000000        7.2000000000000002       -20.060820051774481     
   126.00000000000000        7.2000000000000002       -19.918683413644303     
   127.80000000000001        7.2000000000000002       -19.774024425289866     
   129.60000000000002        7.2000000000000002       -19.627412937742822     
   131.40000000000001        7.2000000000000002       -19.479373055923418     
   133.20000000000002        7.2000000000000002       -19.330458263531266     
   135.00000000000000        7.2000000000000002       -19.181270694803587     
   136.79999999999998        7.2000000000000002       -19.032315753520415     
   138.59999999999999        7.2000000000000002       -18.884207560163212     
   140.40000000000001        7.2000000000000002       -18.737481379558705     
   142.20000000000002        7.2000000000000002       -18.592704066181351     
   144.00000000000000        7.2000000000000002       -18.450432686427199     
   145.79999999999998        7.2000000000000002       -18.311179857001814     
   147.59999999999999        7.2000000000000002       -18.175477088528726     
   149.40000000000003        7.2000000000000002       -18.043866712459582     
   151.20000000000002        7.2000000000000002       -17.916840584570320     
   153.00000000000000        7.2000000000000002       -17.794892825631038     
   154.79999999999998        7.2000000000000002       -17.678441200058725     
   156.59999999999997        7.2000000000000002       -17.567987567122099     
   158.39999999999998        7.2000000000000002       -17.463921853737666     
   160.20000000000002        7.2000000000000002       -17.366641962150570     
   162.00000000000000        7.2000000000000002       -17.276549266926160     
   163.79999999999998        7.2000000000000002       -17.193932949182454     
   165.59999999999999        7.2000000000000002       -17.119153445639373     
   167.40000000000001        7.2000000000000002       -17.052489299438157     
   169.19999999999999        7.2000000000000002       -16.994182018727603     
   171.00000000000000        7.2000000000000002       -16.944470450391432     
   172.80000000000001        7.2000000000000002       -16.903526717447093     
   174.59999999999999        7.2000000000000002       -16.871527017591504     
   176.40000000000001        7.2000000000000002       -16.848573077611960     
   178.20000000000002        7.2000000000000002       -16.830347892837402     
   180.00000000000000        7.2000000000000002       -16.830161340856744     
   0.0000000000000000        7.2799999999999994       -21.689002731676688     
   1.8000000000000003        7.2799999999999994       -21.688359128884699     
   3.6000000000000005        7.2799999999999994       -21.686428959876739     
   5.4000000000000004        7.2799999999999994       -21.683213663888608     
   7.2000000000000011        7.2799999999999994       -21.678715967410824     
   9.0000000000000000        7.2799999999999994       -21.672939378319562     
   10.800000000000001        7.2799999999999994       -21.665888719746661     
   12.600000000000001        7.2799999999999994       -21.657569554329914     
   14.400000000000002        7.2799999999999994       -21.647988814770908     
   16.200000000000003        7.2799999999999994       -21.637154098188518     
   18.000000000000000        7.2799999999999994       -21.625074299155028     
   19.799999999999997        7.2799999999999994       -21.611759519301703     
   21.600000000000001        7.2799999999999994       -21.597220195660551     
   23.400000000000002        7.2799999999999994       -21.581468624847385     
   25.200000000000003        7.2799999999999994       -21.564517759490752     
   27.000000000000000        7.2799999999999994       -21.546381231569420     
   28.800000000000004        7.2799999999999994       -21.527074486256101     
   30.600000000000005        7.2799999999999994       -21.506613335864174     
   32.400000000000006        7.2799999999999994       -21.485014735015412     
   34.199999999999996        7.2799999999999994       -21.462296820518130     
   36.000000000000000        7.2799999999999994       -21.438478740736763     
   37.800000000000004        7.2799999999999994       -21.413580540952921     
   39.599999999999994        7.2799999999999994       -21.387623209917262     
   41.399999999999999        7.2799999999999994       -21.360628727739787     
   43.200000000000003        7.2799999999999994       -21.332620343961604     
   45.000000000000000        7.2799999999999994       -21.303621653614041     
   46.800000000000004        7.2799999999999994       -21.273658118122984     
   48.599999999999994        7.2799999999999994       -21.242755219097674     
   50.400000000000006        7.2799999999999994       -21.210940087480616     
   52.200000000000003        7.2799999999999994       -21.178240544723206     
   54.000000000000000        7.2799999999999994       -21.144684901175562     
   55.799999999999997        7.2799999999999994       -21.110303152815714     
   57.600000000000009        7.2799999999999994       -21.075125604093639     
   59.400000000000013        7.2799999999999994       -21.039183645205913     
   61.200000000000010        7.2799999999999994       -21.002509541648777     
   63.000000000000000        7.2799999999999994       -20.965136280409880     
   64.800000000000011        7.2799999999999994       -20.927097691906400     
   66.600000000000009        7.2799999999999994       -20.888428445887932     
   68.399999999999991        7.2799999999999994       -20.849164038728087     
   70.200000000000003        7.2799999999999994       -20.809340579539413     
   72.000000000000000        7.2799999999999994       -20.768994740341210     
   73.799999999999997        7.2799999999999994       -20.728164556984900     
   75.600000000000009        7.2799999999999994       -20.686887791809582     
   77.399999999999991        7.2799999999999994       -20.645203499026213     
   79.199999999999989        7.2799999999999994       -20.603151186661879     
   81.000000000000000        7.2799999999999994       -20.560771007250029     
   82.799999999999997        7.2799999999999994       -20.518103272046737     
   84.599999999999994        7.2799999999999994       -20.475189340216478     
   86.400000000000006        7.2799999999999994       -20.432070677384239     
   88.200000000000003        7.2799999999999994       -20.388789032575438     
   90.000000000000000        7.2799999999999994       -20.345387124727822     
   91.799999999999997        7.2799999999999994       -20.301907546356130     
   93.600000000000009        7.2799999999999994       -20.258393136455865     
   95.400000000000006        7.2799999999999994       -20.214887467981722     
   97.199999999999989        7.2799999999999994       -20.171433969637665     
   99.000000000000014        7.2799999999999994       -20.128076099997717     
   100.80000000000001        7.2799999999999994       -20.084858031448821     
   102.59999999999999        7.2799999999999994       -20.041823302842712     
   104.40000000000001        7.2799999999999994       -19.999016051946924     
   106.19999999999999        7.2799999999999994       -19.956480158350217     
   108.00000000000000        7.2799999999999994       -19.914259600481262     
   109.80000000000000        7.2799999999999994       -19.872397637025959     
   111.59999999999999        7.2799999999999994       -19.830938310664827     
   113.40000000000001        7.2799999999999994       -19.789924855336320     
   115.20000000000002        7.2799999999999994       -19.749400076147918     
   117.00000000000000        7.2799999999999994       -19.709406951021045     
   118.80000000000003        7.2799999999999994       -19.669987822438731     
   120.60000000000001        7.2799999999999994       -19.631184649153450     
   122.40000000000002        7.2799999999999994       -19.593038620488255     
   124.20000000000000        7.2799999999999994       -19.555590905888366     
   126.00000000000000        7.2799999999999994       -19.518881791565239     
   127.80000000000001        7.2799999999999994       -19.482950820207524     
   129.60000000000002        7.2799999999999994       -19.447837204469746     
   131.40000000000001        7.2799999999999994       -19.413578931440881     
   133.20000000000002        7.2799999999999994       -19.380213389873216     
   135.00000000000000        7.2799999999999994       -19.347777507437844     
   136.79999999999998        7.2799999999999994       -19.316306441944239     
   138.59999999999999        7.2799999999999994       -19.285835356427242     
   140.40000000000001        7.2799999999999994       -19.256397741448531     
   142.20000000000002        7.2799999999999994       -19.228026357243653     
   144.00000000000000        7.2799999999999994       -19.200752842694058     
   145.79999999999998        7.2799999999999994       -19.174607384339826     
   147.59999999999999        7.2799999999999994       -19.149619247677133     
   149.40000000000003        7.2799999999999994       -19.125816681942581     
   151.20000000000002        7.2799999999999994       -19.103226358284857     
   153.00000000000000        7.2799999999999994       -19.081873811176358     
   154.79999999999998        7.2799999999999994       -19.061782726600988     
   156.59999999999997        7.2799999999999994       -19.042976332293147     
   158.39999999999998        7.2799999999999994       -19.025475656545975     
   160.20000000000002        7.2799999999999994       -19.009300564548898     
   162.00000000000000        7.2799999999999994       -18.994469702662915     
   163.79999999999998        7.2799999999999994       -18.980999467067910     
   165.59999999999999        7.2799999999999994       -18.968905602178008     
   167.40000000000001        7.2799999999999994       -18.958201842406101     
   169.19999999999999        7.2799999999999994       -18.948900295227450     
   171.00000000000000        7.2799999999999994       -18.941011733390233     
   172.80000000000001        7.2799999999999994       -18.934545023394961     
   174.59999999999999        7.2799999999999994       -18.929507740390797     
   176.40000000000001        7.2799999999999994       -18.925905471995652     
   178.20000000000002        7.2799999999999994       -18.923703637765090     
   180.00000000000000        7.2799999999999994       -18.923021215311174     
   0.0000000000000000        7.3599999999999994       -24.707630856328564     
   1.8000000000000003        7.3599999999999994       -24.703157818378362     
   3.6000000000000005        7.3599999999999994       -24.689742748852261     
   5.4000000000000004        7.3599999999999994       -24.667439812355131     
   7.2000000000000011        7.3599999999999994       -24.636310275621398     
   9.0000000000000000        7.3599999999999994       -24.596466674923050     
   10.800000000000001        7.3599999999999994       -24.548025475146613     
   12.600000000000001        7.3599999999999994       -24.491157143158581     
   14.400000000000002        7.3599999999999994       -24.426030072900133     
   16.200000000000003        7.3599999999999994       -24.352871842056484     
   18.000000000000000        7.3599999999999994       -24.271912686475556     
   19.799999999999997        7.3599999999999994       -24.183392446805897     
   21.600000000000001        7.3599999999999994       -24.087636071706683     
   23.400000000000002        7.3599999999999994       -23.984918420674262     
   25.200000000000003        7.3599999999999994       -23.875568716438533     
   27.000000000000000        7.3599999999999994       -23.759967045204810     
   28.800000000000004        7.3599999999999994       -23.638443137587853     
   30.600000000000005        7.3599999999999994       -23.511401807201384     
   32.400000000000006        7.3599999999999994       -23.379253044607356     
   34.199999999999996        7.3599999999999994       -23.242406636827049     
   36.000000000000000        7.3599999999999994       -23.101285187581869     
   37.800000000000004        7.3599999999999994       -22.956332115653836     
   39.599999999999994        7.3599999999999994       -22.808005386711592     
   41.399999999999999        7.3599999999999994       -22.656771031297449     
   43.200000000000003        7.3599999999999994       -22.503076336594845     
   45.000000000000000        7.3599999999999994       -22.347428599906021     
   46.800000000000004        7.3599999999999994       -22.190258898335294     
   48.599999999999994        7.3599999999999994       -22.032081731205860     
   50.400000000000006        7.3599999999999994       -21.873349104523474     
   52.200000000000003        7.3599999999999994       -21.714532009264371     
   54.000000000000000        7.3599999999999994       -21.556135264157604     
   55.799999999999997        7.3599999999999994       -21.398589372822812     
   57.600000000000009        7.3599999999999994       -21.242368544847569     
   59.400000000000013        7.3599999999999994       -21.087919278958097     
   61.200000000000010        7.3599999999999994       -20.935675697133387     
   63.000000000000000        7.3599999999999994       -20.786069836635193     
   64.800000000000011        7.3599999999999994       -20.639517644228388     
   66.600000000000009        7.3599999999999994       -20.496415991238223     
   68.399999999999991        7.3599999999999994       -20.357140391533353     
   70.200000000000003        7.3599999999999994       -20.222060351710482     
   72.000000000000000        7.3599999999999994       -20.091540254296664     
   73.799999999999997        7.3599999999999994       -19.965865418130246     
   75.600000000000009        7.3599999999999994       -19.845382435102781     
   77.399999999999991        7.3599999999999994       -19.730357959871856     
   79.199999999999989        7.3599999999999994       -19.621048721592842     
   81.000000000000000        7.3599999999999994       -19.517681082381994     
   82.799999999999997        7.3599999999999994       -19.420490029884760     
   84.599999999999994        7.3599999999999994       -19.329637291844698     
   86.400000000000006        7.3599999999999994       -19.245290339310476     
   88.200000000000003        7.3599999999999994       -19.167603071986360     
   90.000000000000000        7.3599999999999994       -19.096651702539756     
   91.799999999999997        7.3599999999999994       -19.032527340389951     
   93.600000000000009        7.3599999999999994       -18.975299430033090     
   95.400000000000006        7.3599999999999994       -18.924969118595122     
   97.199999999999989        7.3599999999999994       -18.881542667047750     
   99.000000000000014        7.3599999999999994       -18.845012372166973     
   100.80000000000001        7.3599999999999994       -18.815292687836173     
   102.59999999999999        7.3599999999999994       -18.792334905673052     
   104.40000000000001        7.3599999999999994       -18.776015097609591     
   106.19999999999999        7.3599999999999994       -18.766205745574872     
   108.00000000000000        7.3599999999999994       -18.762740680183509     
   109.80000000000000        7.3599999999999994       -18.765483380844529     
   111.59999999999999        7.3599999999999994       -18.774191184042909     
   113.40000000000001        7.3599999999999994       -18.788651699192659     
   115.20000000000002        7.3599999999999994       -18.808645874917051     
   117.00000000000000        7.3599999999999994       -18.833891619356788     
   118.80000000000003        7.3599999999999994       -18.864111393463872     
   120.60000000000001        7.3599999999999994       -18.899006687585679     
   122.40000000000002        7.3599999999999994       -18.938288578177790     
   124.20000000000000        7.3599999999999994       -18.981608556672921     
   126.00000000000000        7.3599999999999994       -19.028631188635632     
   127.80000000000001        7.3599999999999994       -19.079018670041091     
   129.60000000000002        7.3599999999999994       -19.132391386147447     
   131.40000000000001        7.3599999999999994       -19.188403599213196     
   133.20000000000002        7.3599999999999994       -19.246685363016137     
   135.00000000000000        7.3599999999999994       -19.306827580352103     
   136.79999999999998        7.3599999999999994       -19.368494241417107     
   138.59999999999999        7.3599999999999994       -19.431263680839006     
   140.40000000000001        7.3599999999999994       -19.494773408329525     
   142.20000000000002        7.3599999999999994       -19.558634749411652     
   144.00000000000000        7.3599999999999994       -19.622464757439406     
   145.79999999999998        7.3599999999999994       -19.685912939836662     
   147.59999999999999        7.3599999999999994       -19.748612286038721     
   149.40000000000003        7.3599999999999994       -19.810185460260609     
   151.20000000000002        7.3599999999999994       -19.870292106471005     
   153.00000000000000        7.3599999999999994       -19.928588071965049     
   154.79999999999998        7.3599999999999994       -19.984786098211984     
   156.59999999999997        7.3599999999999994       -20.038531851877302     
   158.39999999999998        7.3599999999999994       -20.089555305203849     
   160.20000000000002        7.3599999999999994       -20.137578087447423     
   162.00000000000000        7.3599999999999994       -20.182316934450213     
   163.79999999999998        7.3599999999999994       -20.223573003554648     
   165.59999999999999        7.3599999999999994       -20.261090151634821     
   167.40000000000001        7.3599999999999994       -20.294673206990957     
   169.19999999999999        7.3599999999999994       -20.324153300441044     
   171.00000000000000        7.3599999999999994       -20.349361297289192     
   172.80000000000001        7.3599999999999994       -20.370177264728433     
   174.59999999999999        7.3599999999999994       -20.386475773533896     
   176.40000000000001        7.3599999999999994       -20.398186556885207     
   178.20000000000002        7.3599999999999994       -20.408650049774820     
   180.00000000000000        7.3599999999999994       -20.407589144269949     
   0.0000000000000000        7.4399999999999995       -26.852261045191842     
   1.8000000000000003        7.4399999999999995       -26.844809366702940     
   3.6000000000000005        7.4399999999999995       -26.822461022868740     
   5.4000000000000004        7.4399999999999995       -26.785311317992051     
   7.2000000000000011        7.4399999999999995       -26.733467176111482     
   9.0000000000000000        7.4399999999999995       -26.667126195209420     
   10.800000000000001        7.4399999999999995       -26.586491919464912     
   12.600000000000001        7.4399999999999995       -26.491863466181787     
   14.400000000000002        7.4399999999999995       -26.383535167961881     
   16.200000000000003        7.4399999999999995       -26.261906217810729     
   18.000000000000000        7.4399999999999995       -26.127379506797830     
   19.799999999999997        7.4399999999999995       -25.980374066325034     
   21.600000000000001        7.4399999999999995       -25.821460215047487     
   23.400000000000002        7.4399999999999995       -25.651117592007353     
   25.200000000000003        7.4399999999999995       -25.469922119300058     
   27.000000000000000        7.4399999999999995       -25.278539751303832     
   28.800000000000004        7.4399999999999995       -25.077545325367556     
   30.600000000000005        7.4399999999999995       -24.867647088862199     
   32.400000000000006        7.4399999999999995       -24.649561596327619     
   34.199999999999996        7.4399999999999995       -24.424004096416617     
   36.000000000000000        7.4399999999999995       -24.191711853679681     
   37.800000000000004        7.4399999999999995       -23.953458483021869     
   39.599999999999994        7.4399999999999995       -23.710042750588016     
   41.399999999999999        7.4399999999999995       -23.462276992789011     
   43.200000000000003        7.4399999999999995       -23.210939155998048     
   45.000000000000000        7.4399999999999995       -22.956913773064720     
   46.800000000000004        7.4399999999999995       -22.700948159309721     
   48.599999999999994        7.4399999999999995       -22.443938166913398     
   50.400000000000006        7.4399999999999995       -22.186667047704510     
   52.200000000000003        7.4399999999999995       -21.929951309681201     
   54.000000000000000        7.4399999999999995       -21.674667308984464     
   55.799999999999997        7.4399999999999995       -21.421557720945973     
   57.600000000000009        7.4399999999999995       -21.171442803523895     
   59.400000000000013        7.4399999999999995       -20.925092602470254     
   61.200000000000010        7.4399999999999995       -20.683254425288862     
   63.000000000000000        7.4399999999999995       -20.446671291371441     
   64.800000000000011        7.4399999999999995       -20.216056894086719     
   66.600000000000009        7.4399999999999995       -19.992090288654413     
   68.399999999999991        7.4399999999999995       -19.775411838616840     
   70.200000000000003        7.4399999999999995       -19.566650721158002     
   72.000000000000000        7.4399999999999995       -19.366426539622104     
   73.799999999999997        7.4399999999999995       -19.175217017383471     
   75.600000000000009        7.4399999999999995       -18.993609207236041     
   77.399999999999991        7.4399999999999995       -18.822046783877486     
   79.199999999999989        7.4399999999999995       -18.660955385139758     
   81.000000000000000        7.4399999999999995       -18.510706058825008     
   82.799999999999997        7.4399999999999995       -18.371685085860285     
   84.599999999999994        7.4399999999999995       -18.244147454336652     
   86.400000000000006        7.4399999999999995       -18.128358294696579     
   88.200000000000003        7.4399999999999995       -18.024558344232521     
   90.000000000000000        7.4399999999999995       -17.932849226085452     
   91.799999999999997        7.4399999999999995       -17.853359191472890     
   93.600000000000009        7.4399999999999995       -17.786177715396953     
   95.400000000000006        7.4399999999999995       -17.731272067528366     
   97.199999999999989        7.4399999999999995       -17.688618739066435     
   99.000000000000014        7.4399999999999995       -17.658169330823764     
   100.80000000000001        7.4399999999999995       -17.639736256301696     
   102.59999999999999        7.4399999999999995       -17.633198032877196     
   104.40000000000001        7.4399999999999995       -17.638298753548238     
   106.19999999999999        7.4399999999999995       -17.654776324502173     
   108.00000000000000        7.4399999999999995       -17.682299745252219     
   109.80000000000000        7.4399999999999995       -17.720591386378889     
   111.59999999999999        7.4399999999999995       -17.769183980252368     
   113.40000000000001        7.4399999999999995       -17.827664812754428     
   115.20000000000002        7.4399999999999995       -17.895609650880733     
   117.00000000000000        7.4399999999999995       -17.972481865243410     
   118.80000000000003        7.4399999999999995       -18.057753440917260     
   120.60000000000001        7.4399999999999995       -18.150859326095009     
   122.40000000000002        7.4399999999999995       -18.251252153336655     
   124.20000000000000        7.4399999999999995       -18.358278465857133     
   126.00000000000000        7.4399999999999995       -18.471308793309291     
   127.80000000000001        7.4399999999999995       -18.589710039094971     
   129.60000000000002        7.4399999999999995       -18.712774916138926     
   131.40000000000001        7.4399999999999995       -18.839857441420552     
   133.20000000000002        7.4399999999999995       -18.970269000498785     
   135.00000000000000        7.4399999999999995       -19.103251629323104     
   136.79999999999998        7.4399999999999995       -19.238178925648135     
   138.59999999999999        7.4399999999999995       -19.374271953085696     
   140.40000000000001        7.4399999999999995       -19.510858485167020     
   142.20000000000002        7.4399999999999995       -19.647220251121151     
   144.00000000000000        7.4399999999999995       -19.782650074821248     
   145.79999999999998        7.4399999999999995       -19.916499731307923     
   147.59999999999999        7.4399999999999995       -20.048092316473156     
   149.40000000000003        7.4399999999999995       -20.176733350733283     
   151.20000000000002        7.4399999999999995       -20.301795465072193     
   153.00000000000000        7.4399999999999995       -20.422645436715371     
   154.79999999999998        7.4399999999999995       -20.538752831576797     
   156.59999999999997        7.4399999999999995       -20.649468138740339     
   158.39999999999998        7.4399999999999995       -20.754293728532097     
   160.20000000000002        7.4399999999999995       -20.852718042824854     
   162.00000000000000        7.4399999999999995       -20.944221782289080     
   163.79999999999998        7.4399999999999995       -21.028437775758114     
   165.59999999999999        7.4399999999999995       -21.104897335182461     
   167.40000000000001        7.4399999999999995       -21.173241950605465     
   169.19999999999999        7.4399999999999995       -21.233161248281490     
   171.00000000000000        7.4399999999999995       -21.284345446823298     
   172.80000000000001        7.4399999999999995       -21.326573901695564     
   174.59999999999999        7.4399999999999995       -21.359617211245407     
   176.40000000000001        7.4399999999999995       -21.383345789645560     
   178.20000000000002        7.4399999999999995       -21.403735667136896     
   180.00000000000000        7.4399999999999995       -21.402391076214744     
   0.0000000000000000        7.5199999999999996       -28.199479244951686     
   1.8000000000000003        7.5199999999999996       -28.189835066408108     
   3.6000000000000005        7.5199999999999996       -28.160911169741627     
   5.4000000000000004        7.5199999999999996       -28.112833283023008     
   7.2000000000000011        7.5199999999999996       -28.045742073425412     
   9.0000000000000000        7.5199999999999996       -27.959898033919078     
   10.800000000000001        7.5199999999999996       -27.855569072012017     
   12.600000000000001        7.5199999999999996       -27.733149424785651     
   14.400000000000002        7.5199999999999996       -27.593026511293772     
   16.200000000000003        7.5199999999999996       -27.435726407732659     
   18.000000000000000        7.5199999999999996       -27.261779633373465     
   19.799999999999997        7.5199999999999996       -27.071737662361571     
   21.600000000000001        7.5199999999999996       -26.866352234902813     
   23.400000000000002        7.5199999999999996       -26.646254331535157     
   25.200000000000003        7.5199999999999996       -26.412202231974362     
   27.000000000000000        7.5199999999999996       -26.165073227627992     
   28.800000000000004        7.5199999999999996       -25.905623287138905     
   30.600000000000005        7.5199999999999996       -25.634784955242385     
   32.400000000000006        7.5199999999999996       -25.353501379041568     
   34.199999999999996        7.5199999999999996       -25.062713561289275     
   36.000000000000000        7.5199999999999996       -24.763391310519840     
   37.800000000000004        7.5199999999999996       -24.456552267603129     
   39.599999999999994        7.5199999999999996       -24.143247055911235     
   41.399999999999999        7.5199999999999996       -23.824543925234227     
   43.200000000000003        7.5199999999999996       -23.501465129633882     
   45.000000000000000        7.5199999999999996       -23.175173978409195     
   46.800000000000004        7.5199999999999996       -22.846651378181999     
   48.599999999999994        7.5199999999999996       -22.517074969237690     
   50.400000000000006        7.5199999999999996       -22.187472671382217     
   52.200000000000003        7.5199999999999996       -21.858916210833218     
   54.000000000000000        7.5199999999999996       -21.532556412664331     
   55.799999999999997        7.5199999999999996       -21.209366447151325     
   57.600000000000009        7.5199999999999996       -20.890422136475607     
   59.400000000000013        7.5199999999999996       -20.576732414667223     
   61.200000000000010        7.5199999999999996       -20.269275791359082     
   63.000000000000000        7.5199999999999996       -19.969024843399094     
   64.800000000000011        7.5199999999999996       -19.676913008746343     
   66.600000000000009        7.5199999999999996       -19.393827551866039     
   68.399999999999991        7.5199999999999996       -19.120604199188563     
   70.200000000000003        7.5199999999999996       -18.858063645608233     
   72.000000000000000        7.5199999999999996       -18.607013707783434     
   73.799999999999997        7.5199999999999996       -18.368073800458752     
   75.600000000000009        7.5199999999999996       -18.142008243836990     
   77.399999999999991        7.5199999999999996       -17.929390997142953     
   79.199999999999989        7.5199999999999996       -17.730771970143635     
   81.000000000000000        7.5199999999999996       -17.546628540691046     
   82.799999999999997        7.5199999999999996       -17.377458207613273     
   84.599999999999994        7.5199999999999996       -17.223584201560467     
   86.400000000000006        7.5199999999999996       -17.085343149635303     
   88.200000000000003        7.5199999999999996       -16.963039270202941     
   90.000000000000000        7.5199999999999996       -16.856792181283240     
   91.799999999999997        7.5199999999999996       -16.766756814786660     
   93.600000000000009        7.5199999999999996       -16.693036656110607     
   95.400000000000006        7.5199999999999996       -16.635573069221742     
   97.199999999999989        7.5199999999999996       -16.594319682827553     
   99.000000000000014        7.5199999999999996       -16.569197147225537     
   100.80000000000001        7.5199999999999996       -16.559941505296834     
   102.59999999999999        7.5199999999999996       -16.566376578362760     
   104.40000000000001        7.5199999999999996       -16.588147929251843     
   106.19999999999999        7.5199999999999996       -16.624893016769231     
   108.00000000000000        7.5199999999999996       -16.676157996456837     
   109.80000000000000        7.5199999999999996       -16.741559967615931     
   111.59999999999999        7.5199999999999996       -16.820464574050913     
   113.40000000000001        7.5199999999999996       -16.912310000720169     
   115.20000000000002        7.5199999999999996       -17.016519325951887     
   117.00000000000000        7.5199999999999996       -17.132366695668011     
   118.80000000000003        7.5199999999999996       -17.259137888749397     
   120.60000000000001        7.5199999999999996       -17.396069762410374     
   122.40000000000002        7.5199999999999996       -17.542422867136548     
   124.20000000000000        7.5199999999999996       -17.697317242425346     
   126.00000000000000        7.5199999999999996       -17.859905008212525     
   127.80000000000001        7.5199999999999996       -18.029333742177094     
   129.60000000000002        7.5199999999999996       -18.204652870641482     
   131.40000000000001        7.5199999999999996       -18.384993448550741     
   133.20000000000002        7.5199999999999996       -18.569430274355526     
   135.00000000000000        7.5199999999999996       -18.756946452965586     
   136.79999999999998        7.5199999999999996       -18.946699966961450     
   138.59999999999999        7.5199999999999996       -19.137646761847179     
   140.40000000000001        7.5199999999999996       -19.328884709699924     
   142.20000000000002        7.5199999999999996       -19.519450951953576     
   144.00000000000000        7.5199999999999996       -19.708397718505172     
   145.79999999999998        7.5199999999999996       -19.894855830962292     
   147.59999999999999        7.5199999999999996       -20.077918447761789     
   149.40000000000003        7.5199999999999996       -20.256655804657587     
   151.20000000000002        7.5199999999999996       -20.430227580548930     
   153.00000000000000        7.5199999999999996       -20.597786099594526     
   154.79999999999998        7.5199999999999996       -20.758620480498994     
   156.59999999999997        7.5199999999999996       -20.911862282499566     
   158.39999999999998        7.5199999999999996       -21.056845006782883     
   160.20000000000002        7.5199999999999996       -21.192884113931818     
   162.00000000000000        7.5199999999999996       -21.319285238638699     
   163.79999999999998        7.5199999999999996       -21.435556302395579     
   165.59999999999999        7.5199999999999996       -21.541070993690337     
   167.40000000000001        7.5199999999999996       -21.635349639658685     
   169.19999999999999        7.5199999999999996       -21.717976895712113     
   171.00000000000000        7.5199999999999996       -21.788538670032068     
   172.80000000000001        7.5199999999999996       -21.846739603410807     
   174.59999999999999        7.5199999999999996       -21.892273190583758     
   176.40000000000001        7.5199999999999996       -21.924965831973346     
   178.20000000000002        7.5199999999999996       -21.952745057028800     
   180.00000000000000        7.5199999999999996       -21.951203483575551     
   0.0000000000000000        7.5999999999999996       -28.991917041599354     
   1.8000000000000003        7.5999999999999996       -28.980635299647069     
   3.6000000000000005        7.5999999999999996       -28.946800166048220     
   5.4000000000000004        7.5999999999999996       -28.890560219940500     
   7.2000000000000011        7.5999999999999996       -28.812081453440857     
   9.0000000000000000        7.5999999999999996       -28.711671590397383     
   10.800000000000001        7.5999999999999996       -28.589646850810372     
   12.600000000000001        7.5999999999999996       -28.446472897396017     
   14.400000000000002        7.5999999999999996       -28.282607022621626     
   16.200000000000003        7.5999999999999996       -28.098670576512298     
   18.000000000000000        7.5999999999999996       -27.895289890214467     
   19.799999999999997        7.5999999999999996       -27.673115849214653     
   21.600000000000001        7.5999999999999996       -27.433036426473592     
   23.400000000000002        7.5999999999999996       -27.175796186396905     
   25.200000000000003        7.5999999999999996       -26.902290302384550     
   27.000000000000000        7.5999999999999996       -26.613554737541687     
   28.800000000000004        7.5999999999999996       -26.310481389613638     
   30.600000000000005        7.5999999999999996       -25.994171182717512     
   32.400000000000006        7.5999999999999996       -25.665737349616048     
   34.199999999999996        7.5999999999999996       -25.326290328120709     
   36.000000000000000        7.5999999999999996       -24.976974449882732     
   37.800000000000004        7.5999999999999996       -24.618990496887001     
   39.599999999999994        7.5999999999999996       -24.253578105851982     
   41.399999999999999        7.5999999999999996       -23.881997572825526     
   43.200000000000003        7.5999999999999996       -23.505454450167061     
   45.000000000000000        7.5999999999999996       -23.125321256620406     
   46.800000000000004        7.5999999999999996       -22.742754101738793     
   48.599999999999994        7.5999999999999996       -22.359142067540770     
   50.400000000000006        7.5999999999999996       -21.975696576837429     
   52.200000000000003        7.5999999999999996       -21.593680779796077     
   54.000000000000000        7.5999999999999996       -21.214451391701228     
   55.799999999999997        7.5999999999999996       -20.839154380279101     
   57.600000000000009        7.5999999999999996       -20.469057209475793     
   59.400000000000013        7.5999999999999996       -20.105347897937261     
   61.200000000000010        7.5999999999999996       -19.749178245774541     
   63.000000000000000        7.5999999999999996       -19.401692871380856     
   64.800000000000011        7.5999999999999996       -19.063989861589306     
   66.600000000000009        7.5999999999999996       -18.737112442006737     
   68.399999999999991        7.5999999999999996       -18.422042626940044     
   70.200000000000003        7.5999999999999996       -18.119744497523758     
   72.000000000000000        7.5999999999999996       -17.831166762483345     
   73.799999999999997        7.5999999999999996       -17.557034725551933     
   75.600000000000009        7.5999999999999996       -17.298245350185947     
   77.399999999999991        7.5999999999999996       -17.055469890433635     
   79.199999999999989        7.5999999999999996       -16.829351022281941     
   81.000000000000000        7.5999999999999996       -16.620445388319450     
   82.799999999999997        7.5999999999999996       -16.429333424576161     
   84.599999999999994        7.5999999999999996       -16.256388967901103     
   86.400000000000006        7.5999999999999996       -16.102001696536774     
   88.200000000000003        7.5999999999999996       -15.966522848239981     
   90.000000000000000        7.5999999999999996       -15.850084842841371     
   91.799999999999997        7.5999999999999996       -15.752861947076278     
   93.600000000000009        7.5999999999999996       -15.674967450174801     
   95.400000000000006        7.5999999999999996       -15.616322494529872     
   97.199999999999989        7.5999999999999996       -15.576862777924632     
   99.000000000000014        7.5999999999999996       -15.556484937843308     
   100.80000000000001        7.5999999999999996       -15.554866840832538     
   102.59999999999999        7.5999999999999996       -15.571790439774615     
   104.40000000000001        7.5999999999999996       -15.606826460003067     
   106.19999999999999        7.5999999999999996       -15.659536085680022     
   108.00000000000000        7.5999999999999996       -15.729372356037723     
   109.80000000000000        7.5999999999999996       -15.815872479238172     
   111.59999999999999        7.5999999999999996       -15.918275714198142     
   113.40000000000001        7.5999999999999996       -16.035907399677448     
   115.20000000000002        7.5999999999999996       -16.168075077496489     
   117.00000000000000        7.5999999999999996       -16.313909882710224     
   118.80000000000003        7.5999999999999996       -16.472556863774624     
   120.60000000000001        7.5999999999999996       -16.643103217861484     
   122.40000000000002        7.5999999999999996       -16.824664366626713     
   124.20000000000000        7.5999999999999996       -17.016189339465715     
   126.00000000000000        7.5999999999999996       -17.216665347148524     
   127.80000000000001        7.5999999999999996       -17.425074382124340     
   129.60000000000002        7.5999999999999996       -17.640282274944223     
   131.40000000000001        7.5999999999999996       -17.861251787712256     
   133.20000000000002        7.5999999999999996       -18.086879191557749     
   135.00000000000000        7.5999999999999996       -18.315952271544678     
   136.79999999999998        7.5999999999999996       -18.547466289762507     
   138.59999999999999        7.5999999999999996       -18.780177249911056     
   140.40000000000001        7.5999999999999996       -19.013009590164845     
   142.20000000000002        7.5999999999999996       -19.244815987859656     
   144.00000000000000        7.5999999999999996       -19.474467230867905     
   145.79999999999998        7.5999999999999996       -19.700927491252479     
   147.59999999999999        7.5999999999999996       -19.923116538532547     
   149.40000000000003        7.5999999999999996       -20.139927216313847     
   151.20000000000002        7.5999999999999996       -20.350358630111018     
   153.00000000000000        7.5999999999999996       -20.553401421495462     
   154.79999999999998        7.5999999999999996       -20.748208627090950     
   156.59999999999997        7.5999999999999996       -20.933746796798538     
   158.39999999999998        7.5999999999999996       -21.109222100591509     
   160.20000000000002        7.5999999999999996       -21.273819595751590     
   162.00000000000000        7.5999999999999996       -21.426712966980112     
   163.79999999999998        7.5999999999999996       -21.567315938399489     
   165.59999999999999        7.5999999999999996       -21.694883413012491     
   167.40000000000001        7.5999999999999996       -21.808844381416147     
   169.19999999999999        7.5999999999999996       -21.908704365032076     
   171.00000000000000        7.5999999999999996       -21.993970657377297     
   172.80000000000001        7.5999999999999996       -22.064291570120822     
   174.59999999999999        7.5999999999999996       -22.119302494655589     
   176.40000000000001        7.5999999999999996       -22.158796642202365     
   178.20000000000002        7.5999999999999996       -22.192169462947430     
   180.00000000000000        7.5999999999999996       -22.190491416460944     
   0.0000000000000000        7.6799999999999997       -29.262100819825569     
   1.8000000000000003        7.6799999999999997       -29.249713808198045     
   3.6000000000000005        7.6799999999999997       -29.212563845076364     
   5.4000000000000004        7.6799999999999997       -29.150815087098810     
   7.2000000000000011        7.6799999999999997       -29.064650767179689     
   9.0000000000000000        7.6799999999999997       -28.954410795406282     
   10.800000000000001        7.6799999999999997       -28.820444289848112     
   12.600000000000001        7.6799999999999997       -28.663265582093899     
   14.400000000000002        7.6799999999999997       -28.483379545322897     
   16.200000000000003        7.6799999999999997       -28.281472444783574     
   18.000000000000000        7.6799999999999997       -28.058235867791208     
   19.799999999999997        7.6799999999999997       -27.814388389698038     
   21.600000000000001        7.6799999999999997       -27.550910814938909     
   23.400000000000002        7.6799999999999997       -27.268625032519701     
   25.200000000000003        7.6799999999999997       -26.968519447276687     
   27.000000000000000        7.6799999999999997       -26.651738113911883     
   28.800000000000004        7.6799999999999997       -26.319265451841165     
   30.600000000000005        7.6799999999999997       -25.972317062393042     
   32.400000000000006        7.6799999999999997       -25.612121997543912     
   34.199999999999996        7.6799999999999997       -25.239906045793326     
   36.000000000000000        7.6799999999999997       -24.856932343861494     
   37.800000000000004        7.6799999999999997       -24.464526346422858     
   39.599999999999994        7.6799999999999997       -24.064056354236982     
   41.399999999999999        7.6799999999999997       -23.656913378552623     
   43.200000000000003        7.6799999999999997       -23.244427686246901     
   45.000000000000000        7.6799999999999997       -22.828114200436762     
   46.800000000000004        7.6799999999999997       -22.409248170949063     
   48.599999999999994        7.6799999999999997       -21.989362570215135     
   50.400000000000006        7.6799999999999997       -21.569793596003553     
   52.200000000000003        7.6799999999999997       -21.151934569203558     
   54.000000000000000        7.6799999999999997       -20.737282246060868     
   55.799999999999997        7.6799999999999997       -20.327099998939456     
   57.600000000000009        7.6799999999999997       -19.922785560495853     
   59.400000000000013        7.6799999999999997       -19.525648619541442     
   61.200000000000010        7.6799999999999997       -19.136958671145123     
   63.000000000000000        7.6799999999999997       -18.757977160901742     
   64.800000000000011        7.6799999999999997       -18.389913936516013     
   66.600000000000009        7.6799999999999997       -18.033918033713121     
   68.399999999999991        7.6799999999999997       -17.691070653320981     
   70.200000000000003        7.6799999999999997       -17.362433068691431     
   72.000000000000000        7.6799999999999997       -17.049049465773678     
   73.799999999999997        7.6799999999999997       -16.751716691063361     
   75.600000000000009        7.6799999999999997       -16.471421529129817     
   77.399999999999991        7.6799999999999997       -16.208900886274549     
   79.199999999999989        7.6799999999999997       -15.964859988489982     
   81.000000000000000        7.6799999999999997       -15.739908793882087     
   82.799999999999997        7.6799999999999997       -15.534683558990562     
   84.599999999999994        7.6799999999999997       -15.349591838160372     
   86.400000000000006        7.6799999999999997       -15.185058694810479     
   88.200000000000003        7.6799999999999997       -15.041466626486258     
   90.000000000000000        7.6799999999999997       -14.918955922884130     
   91.799999999999997        7.6799999999999997       -14.817713185139953     
   93.600000000000009        7.6799999999999997       -14.737857522320898     
   95.400000000000006        7.6799999999999997       -14.679295374750797     
   97.199999999999989        7.6799999999999997       -14.641949305572306     
   99.000000000000014        7.6799999999999997       -14.625698663180451     
   100.80000000000001        7.6799999999999997       -14.630180677268839     
   102.59999999999999        7.6799999999999997       -14.655147814867377     
   104.40000000000001        7.6799999999999997       -14.700118785844614     
   106.19999999999999        7.6799999999999997       -14.764601782626972     
   108.00000000000000        7.6799999999999997       -14.847985348086933     
   109.80000000000000        7.6799999999999997       -14.949751241335818     
   111.59999999999999        7.6799999999999997       -15.069051501682598     
   113.40000000000001        7.6799999999999997       -15.205133511536857     
   115.20000000000002        7.6799999999999997       -15.357225027697694     
   117.00000000000000        7.6799999999999997       -15.524358632094252     
   118.80000000000003        7.6799999999999997       -15.705582390558376     
   120.60000000000001        7.6799999999999997       -15.899880426691382     
   122.40000000000002        7.6799999999999997       -16.106268199062740     
   124.20000000000000        7.6799999999999997       -16.323577097871436     
   126.00000000000000        7.6799999999999997       -16.550680879599692     
   127.80000000000001        7.6799999999999997       -16.786447635871934     
   129.60000000000002        7.6799999999999997       -17.029617002236790     
   131.40000000000001        7.6799999999999997       -17.279036022527304     
   133.20000000000002        7.6799999999999997       -17.533478271842561     
   135.00000000000000        7.6799999999999997       -17.791597379605641     
   136.79999999999998        7.6799999999999997       -18.052276753322527     
   138.59999999999999        7.6799999999999997       -18.314135120410402     
   140.40000000000001        7.6799999999999997       -18.575977781456938     
   142.20000000000002        7.6799999999999997       -18.836530757689594     
   144.00000000000000        7.6799999999999997       -19.094540267833850     
   145.79999999999998        7.6799999999999997       -19.348856047544590     
   147.59999999999999        7.6799999999999997       -19.598278845878241     
   149.40000000000003        7.6799999999999997       -19.841579772613997     
   151.20000000000002        7.6799999999999997       -20.077647718671319     
   153.00000000000000        7.6799999999999997       -20.305362376702178     
   154.79999999999998        7.6799999999999997       -20.523783356968984     
   156.59999999999997        7.6799999999999997       -20.731764035505769     
   158.39999999999998        7.6799999999999997       -20.928423186982393     
   160.20000000000002        7.6799999999999997       -21.112856398972617     
   162.00000000000000        7.6799999999999997       -21.284146855028386     
   163.79999999999998        7.6799999999999997       -21.441643608605343     
   165.59999999999999        7.6799999999999997       -21.584520112057824     
   167.40000000000001        7.6799999999999997       -21.712142693651774     
   169.19999999999999        7.6799999999999997       -21.823962579903402     
   171.00000000000000        7.6799999999999997       -21.919433151410090     
   172.80000000000001        7.6799999999999997       -21.998164066589425     
   174.59999999999999        7.6799999999999997       -22.059750878225472     
   176.40000000000001        7.6799999999999997       -22.103964015554233     
   178.20000000000002        7.6799999999999997       -22.141202203509039     
   180.00000000000000        7.6799999999999997       -22.139444903143765     
   0.0000000000000000        7.7599999999999998       -29.192228817334012     
   1.8000000000000003        7.7599999999999998       -29.179090569812281     
   3.6000000000000005        7.7599999999999998       -29.139687563451972     
   5.4000000000000004        7.7599999999999998       -29.074194687586353     
   7.2000000000000011        7.7599999999999998       -28.982807032292591     
   9.0000000000000000        7.7599999999999998       -28.865886673416625     
   10.800000000000001        7.7599999999999998       -28.723805361505761     
   12.600000000000001        7.7599999999999998       -28.557110940128503     
   14.400000000000002        7.7599999999999998       -28.366341016794912     
   16.200000000000003        7.7599999999999998       -28.152226552129378     
   18.000000000000000        7.7599999999999998       -27.915504039694948     
   19.799999999999997        7.7599999999999998       -27.656938619229194     
   21.600000000000001        7.7599999999999998       -27.377575019526780     
   23.400000000000002        7.7599999999999998       -27.078288307412581     
   25.200000000000003        7.7599999999999998       -26.760131040592487     
   27.000000000000000        7.7599999999999998       -26.424321678263816     
   28.800000000000004        7.7599999999999998       -26.071908255124789     
   30.600000000000005        7.7599999999999998       -25.704185284558516     
   32.400000000000006        7.7599999999999998       -25.322461497736345     
   34.199999999999996        7.7599999999999998       -24.928042016278130     
   36.000000000000000        7.7599999999999998       -24.522271676902086     
   37.800000000000004        7.7599999999999998       -24.106561670258696     
   39.599999999999994        7.7599999999999998       -23.682368772161674     
   41.399999999999999        7.7599999999999998       -23.251173866912552     
   43.200000000000003        7.7599999999999998       -22.814392925421561     
   45.000000000000000        7.7599999999999998       -22.373638787389609     
   46.800000000000004        7.7599999999999998       -21.930268514322776     
   48.599999999999994        7.7599999999999998       -21.485913985886913     
   50.400000000000006        7.7599999999999998       -21.041997071940465     
   52.200000000000003        7.7599999999999998       -20.600000479429006     
   54.000000000000000        7.7599999999999998       -20.161517159152488     
   55.799999999999997        7.7599999999999998       -19.727891010187005     
   57.600000000000009        7.7599999999999998       -19.300609171788441     
   59.400000000000013        7.7599999999999998       -18.881064779385312     
   61.200000000000010        7.7599999999999998       -18.470608012206096     
   63.000000000000000        7.7599999999999998       -18.070580386912258     
   64.800000000000011        7.7599999999999998       -17.682268306739573     
   66.600000000000009        7.7599999999999998       -17.306893236578986     
   68.399999999999991        7.7599999999999998       -16.945604215539142     
   70.200000000000003        7.7599999999999998       -16.599528966071720     
   72.000000000000000        7.7599999999999998       -16.269776927922017     
   73.799999999999997        7.7599999999999998       -15.957193642972104     
   75.600000000000009        7.7599999999999998       -15.662827221978556     
   77.399999999999991        7.7599999999999998       -15.387459178478084     
   79.199999999999989        7.7599999999999998       -15.131837194232213     
   81.000000000000000        7.7599999999999998       -14.896607292239022     
   82.799999999999997        7.7599999999999998       -14.682443521218016     
   84.599999999999994        7.7599999999999998       -14.489775940338436     
   86.400000000000006        7.7599999999999998       -14.319053267757784     
   88.200000000000003        7.7599999999999998       -14.170678800804383     
   90.000000000000000        7.7599999999999998       -14.044797454161925     
   91.799999999999997        7.7599999999999998       -13.941603540191466     
   93.600000000000009        7.7599999999999998       -13.861219374628973     
   95.400000000000006        7.7599999999999998       -13.803540415208117     
   97.199999999999989        7.7599999999999998       -13.768479327907478     
   99.000000000000014        7.7599999999999998       -13.755902693742428     
   100.80000000000001        7.7599999999999998       -13.765418834214382     
   102.59999999999999        7.7599999999999998       -13.796759022643753     
   104.40000000000001        7.7599999999999998       -13.849405201689200     
   106.19999999999999        7.7599999999999998       -13.922828127118642     
   108.00000000000000        7.7599999999999998       -14.016370956552795     
   109.80000000000000        7.7599999999999998       -14.129476326864332     
   111.59999999999999        7.7599999999999998       -14.261235195009110     
   113.40000000000001        7.7599999999999998       -14.410840274910939     
   115.20000000000002        7.7599999999999998       -14.577463399886597     
   117.00000000000000        7.7599999999999998       -14.760068261200601     
   118.80000000000003        7.7599999999999998       -14.957635130894561     
   120.60000000000001        7.7599999999999998       -15.169076138797960     
   122.40000000000002        7.7599999999999998       -15.393336912855831     
   124.20000000000000        7.7599999999999998       -15.629166803404388     
   126.00000000000000        7.7599999999999998       -15.875360434520335     
   127.80000000000001        7.7599999999999998       -16.130706471097529     
   129.60000000000002        7.7599999999999998       -16.393856636126120     
   131.40000000000001        7.7599999999999998       -16.663577320858014     
   133.20000000000002        7.7599999999999998       -16.938556639345940     
   135.00000000000000        7.7599999999999998       -17.217354853096491     
   136.79999999999998        7.7599999999999998       -17.498777439558417     
   138.59999999999999        7.7599999999999998       -17.781347636179870     
   140.40000000000001        7.7599999999999998       -18.063787814475500     
   142.20000000000002        7.7599999999999998       -18.344735887113718     
   144.00000000000000        7.7599999999999998       -18.622851427100759     
   145.79999999999998        7.7599999999999998       -18.896904551045392     
   147.59999999999999        7.7599999999999998       -19.165613240049623     
   149.40000000000003        7.7599999999999998       -19.427663981000826     
   151.20000000000002        7.7599999999999998       -19.681869028694457     
   153.00000000000000        7.7599999999999998       -19.927030954011229     
   154.79999999999998        7.7599999999999998       -20.162144384088457     
   156.59999999999997        7.7599999999999998       -20.385984080121371     
   158.39999999999998        7.7599999999999998       -20.597608050012710     
   160.20000000000002        7.7599999999999998       -20.796049703775026     
   162.00000000000000        7.7599999999999998       -20.980329358080496     
   163.79999999999998        7.7599999999999998       -21.149751084402581     
   165.59999999999999        7.7599999999999998       -21.303431774864606     
   167.40000000000001        7.7599999999999998       -21.440694213526072     
   169.19999999999999        7.7599999999999998       -21.560951893310293     
   171.00000000000000        7.7599999999999998       -21.663620750415845     
   172.80000000000001        7.7599999999999998       -21.748283575533250     
   174.59999999999999        7.7599999999999998       -21.814508259461675     
   176.40000000000001        7.7599999999999998       -21.862049388898470     
   178.20000000000002        7.7599999999999998       -21.901999348421896     
   180.00000000000000        7.7599999999999998       -21.900200260469809     
   0.0000000000000000        7.8399999999999999       -28.795365357925217     
   1.8000000000000003        7.8399999999999999       -28.781826522319598     
   3.6000000000000005        7.8399999999999999       -28.741222104189262     
   5.4000000000000004        7.8399999999999999       -28.673732917879541     
   7.2000000000000011        7.8399999999999999       -28.579560569656806     
   9.0000000000000000        7.8399999999999999       -28.459079358089937     
   10.800000000000001        7.8399999999999999       -28.312673481488989     
   12.600000000000001        7.8399999999999999       -28.140909255972730     
   14.400000000000002        7.8399999999999999       -27.944342293913273     
   16.200000000000003        7.8399999999999999       -27.723728188384221     
   18.000000000000000        7.8399999999999999       -27.479828148766725     
   19.799999999999997        7.8399999999999999       -27.213432920358464     
   21.600000000000001        7.8399999999999999       -26.925622473009618     
   23.400000000000002        7.8399999999999999       -26.617301096010618     
   25.200000000000003        7.8399999999999999       -26.289556649575648     
   27.000000000000000        7.8399999999999999       -25.943648572951197     
   28.800000000000004        7.8399999999999999       -25.580659839796198     
   30.600000000000005        7.8399999999999999       -25.201928390924181     
   32.400000000000006        7.8399999999999999       -24.808806781376603     
   34.199999999999996        7.8399999999999999       -24.402643733605153     
   36.000000000000000        7.8399999999999999       -23.984828973728103     
   37.800000000000004        7.8399999999999999       -23.556820800607369     
   39.599999999999994        7.8399999999999999       -23.120124595382634     
   41.399999999999999        7.8399999999999999       -22.676270598520603     
   43.200000000000003        7.8399999999999999       -22.226721787973212     
   45.000000000000000        7.8399999999999999       -21.773144786096090     
   46.800000000000004        7.8399999999999999       -21.316941441476406     
   48.599999999999994        7.8399999999999999       -20.859797917666867     
   50.400000000000006        7.8399999999999999       -20.403182972768107     
   52.200000000000003        7.8399999999999999       -19.948628247261620     
   54.000000000000000        7.8399999999999999       -19.497779395173971     
   55.799999999999997        7.8399999999999999       -19.052024270748092     
   57.600000000000009        7.8399999999999999       -18.612898893542589     
   59.400000000000013        7.8399999999999999       -18.181841939989202     
   61.200000000000010        7.8399999999999999       -17.760247572864504     
   63.000000000000000        7.8399999999999999       -17.349500932993731     
   64.800000000000011        7.8399999999999999       -16.950930072783130     
   66.600000000000009        7.8399999999999999       -16.565795792064829     
   68.399999999999991        7.8399999999999999       -16.195283892929066     
   70.200000000000003        7.8399999999999999       -15.840558073105298     
   72.000000000000000        7.8399999999999999       -15.502763068917425     
   73.799999999999997        7.8399999999999999       -15.182770484395022     
   75.600000000000009        7.8399999999999999       -14.881661516527323     
   77.399999999999991        7.8399999999999999       -14.600241443337774     
   79.199999999999989        7.8399999999999999       -14.339280504025524     
   81.000000000000000        7.8399999999999999       -14.099443711833683     
   82.799999999999997        7.8399999999999999       -13.881425061178515     
   84.599999999999994        7.8399999999999999       -13.685666036846429     
   86.400000000000006        7.8399999999999999       -13.512627418668217     
   88.200000000000003        7.8399999999999999       -13.362722972213925     
   90.000000000000000        7.8399999999999999       -13.236099069348107     
   91.799999999999997        7.8399999999999999       -13.132953197444758     
   93.600000000000009        7.8399999999999999       -13.053408338356796     
   95.400000000000006        7.8399999999999999       -12.997352714069896     
   97.199999999999989        7.8399999999999999       -12.964692361572077     
   99.000000000000014        7.8399999999999999       -12.955285637579760     
   100.80000000000001        7.8399999999999999       -12.968723653781295     
   102.59999999999999        7.8399999999999999       -13.004724775912061     
   104.40000000000001        7.8399999999999999       -13.062749371689737     
   106.19999999999999        7.8399999999999999       -13.142246256754984     
   108.00000000000000        7.8399999999999999       -13.242532230235488     
   109.80000000000000        7.8399999999999999       -13.363027068628346     
   111.59999999999999        7.8399999999999999       -13.502786648294880     
   113.40000000000001        7.8399999999999999       -13.660972186805067     
   115.20000000000002        7.8399999999999999       -13.836723335080935     
   117.00000000000000        7.8399999999999999       -14.028964393654142     
   118.80000000000003        7.8399999999999999       -14.236636869739147     
   120.60000000000001        7.8399999999999999       -14.458611805054748     
   122.40000000000002        7.8399999999999999       -14.693794961190969     
   124.20000000000000        7.8399999999999999       -14.940889039878815     
   126.00000000000000        7.8399999999999999       -15.198643654805201     
   127.80000000000001        7.8399999999999999       -15.465802316321581     
   129.60000000000002        7.8399999999999999       -15.740966887218422     
   131.40000000000001        7.8399999999999999       -16.022857963692029     
   133.20000000000002        7.8399999999999999       -16.310115209003978     
   135.00000000000000        7.8399999999999999       -16.601246053260734     
   136.79999999999998        7.8399999999999999       -16.895011764998245     
   138.59999999999999        7.8399999999999999       -17.189881617314150     
   140.40000000000001        7.8399999999999999       -17.484531039045002     
   142.20000000000002        7.8399999999999999       -17.777548141763624     
   144.00000000000000        7.8399999999999999       -18.067543539247218     
   145.79999999999998        7.8399999999999999       -18.353242330313030     
   147.59999999999999        7.8399999999999999       -18.633315752894504     
   149.40000000000003        7.8399999999999999       -18.906402546669966     
   151.20000000000002        7.8399999999999999       -19.171271697311955     
   153.00000000000000        7.8399999999999999       -19.426682266373675     
   154.79999999999998        7.8399999999999999       -19.671592163341625     
   156.59999999999997        7.8399999999999999       -19.904731870675707     
   158.39999999999998        7.8399999999999999       -20.125125090193666     
   160.20000000000002        7.8399999999999999       -20.331770172346847     
   162.00000000000000        7.8399999999999999       -20.523652023032135     
   163.79999999999998        7.8399999999999999       -20.700049297377458     
   165.59999999999999        7.8399999999999999       -20.860047055904225     
   167.40000000000001        7.8399999999999999       -21.002943534373976     
   169.19999999999999        7.8399999999999999       -21.128130947820786     
   171.00000000000000        7.8399999999999999       -21.235004149964116     
   172.80000000000001        7.8399999999999999       -21.323130774450487     
   174.59999999999999        7.8399999999999999       -21.392063147410802     
   176.40000000000001        7.8399999999999999       -21.441546908841314     
   178.20000000000002        7.8399999999999999       -21.483060702009574     
   180.00000000000000        7.8399999999999999       -21.481256166327324     
   0.0000000000000000        7.9199999999999999       -28.184824037185873     
   1.8000000000000003        7.9199999999999999       -28.171122646259320     
   3.6000000000000005        7.9199999999999999       -28.130030702944509     
   5.4000000000000004        7.9199999999999999       -28.061731675407472     
   7.2000000000000011        7.9199999999999999       -27.966430053210473     
   9.0000000000000000        7.9199999999999999       -27.844505592856706     
   10.800000000000001        7.9199999999999999       -27.696348012461474     
   12.600000000000001        7.9199999999999999       -27.522531868813775     
   14.400000000000002        7.9199999999999999       -27.323620759664884     
   16.200000000000003        7.9199999999999999       -27.100381261167183     
   18.000000000000000        7.9199999999999999       -26.853585563684092     
   19.799999999999997        7.9199999999999999       -26.584035761413968     
   21.600000000000001        7.9199999999999999       -26.292827550773836     
   23.400000000000002        7.9199999999999999       -25.980878149323360     
   25.200000000000003        7.9199999999999999       -25.649291094152357     
   27.000000000000000        7.9199999999999999       -25.299344065968693     
   28.800000000000004        7.9199999999999999       -24.932135472781614     
   30.600000000000005        7.9199999999999999       -24.549022544083375     
   32.400000000000006        7.9199999999999999       -24.151377268861218     
   34.199999999999996        7.9199999999999999       -23.740567665436870     
   36.000000000000000        7.9199999999999999       -23.318003311380057     
   37.800000000000004        7.9199999999999999       -22.885163339759899     
   39.599999999999994        7.9199999999999999       -22.443574618579511     
   41.399999999999999        7.9199999999999999       -21.994789186491296     
   43.200000000000003        7.9199999999999999       -21.540290710640004     
   45.000000000000000        7.9199999999999999       -21.081769577532871     
   46.800000000000004        7.9199999999999999       -20.620647245676814     
   48.599999999999994        7.9199999999999999       -20.158633812784220     
   50.400000000000006        7.9199999999999999       -19.697218552196649     
   52.200000000000003        7.9199999999999999       -19.237954529745497     
   54.000000000000000        7.9199999999999999       -18.782510526435185     
   55.799999999999997        7.9199999999999999       -18.332293487554640     
   57.600000000000009        7.9199999999999999       -17.888860757099557     
   59.400000000000013        7.9199999999999999       -17.453670781689695     
   61.200000000000010        7.9199999999999999       -17.028136757994066     
   63.000000000000000        7.9199999999999999       -16.613662674787726     
   64.800000000000011        7.9199999999999999       -16.211594506967614     
   66.600000000000009        7.9199999999999999       -15.823209897035145     
   68.399999999999991        7.9199999999999999       -15.449710292950062     
   70.200000000000003        7.9199999999999999       -15.092274660669293     
   72.000000000000000        7.9199999999999999       -14.752062678281836     
   73.799999999999997        7.9199999999999999       -14.429956644092563     
   75.600000000000009        7.9199999999999999       -14.127051656593098     
   77.399999999999991        7.9199999999999999       -13.844162610278120     
   79.199999999999989        7.9199999999999999       -13.582068797112623     
   81.000000000000000        7.9199999999999999       -13.341442638698190     
   82.799999999999997        7.9199999999999999       -13.122985968023045     
   84.599999999999994        7.9199999999999999       -12.927144196027882     
   86.400000000000006        7.9199999999999999       -12.754382315071618     
   88.200000000000003        7.9199999999999999       -12.605117568849860     
   90.000000000000000        7.9199999999999999       -12.479495673749613     
   91.799999999999997        7.9199999999999999       -12.377714247874994     
   93.600000000000009        7.9199999999999999       -12.299895253642251     
   95.400000000000006        7.9199999999999999       -12.245922272412976     
   97.199999999999989        7.9199999999999999       -12.215696981323800     
   99.000000000000014        7.9199999999999999       -12.209072649810965     
   100.80000000000001        7.9199999999999999       -12.225631188221492     
   102.59999999999999        7.9199999999999999       -12.265083739754509     
   104.40000000000001        7.9199999999999999       -12.326879483967900     
   106.19999999999999        7.9199999999999999       -12.410455890008098     
   108.00000000000000        7.9199999999999999       -12.515116395324512     
   109.80000000000000        7.9199999999999999       -12.640269030009511     
   111.59999999999999        7.9199999999999999       -12.784952334700787     
   113.40000000000001        7.9199999999999999       -12.948311848487061     
   115.20000000000002        7.9199999999999999       -13.129471244626277     
   117.00000000000000        7.9199999999999999       -13.327335557959143     
   118.80000000000003        7.9199999999999999       -13.540827334668956     
   120.60000000000001        7.9199999999999999       -13.768797609264540     
   122.40000000000002        7.9199999999999999       -14.010132716274319     
   124.20000000000000        7.9199999999999999       -14.263512842332025     
   126.00000000000000        7.9199999999999999       -14.527665859346261     
   127.80000000000001        7.9199999999999999       -14.801313493201397     
   129.60000000000002        7.9199999999999999       -15.083033689446506     
   131.40000000000001        7.9199999999999999       -15.371525016153877     
   133.20000000000002        7.9199999999999999       -15.665403917509638     
   135.00000000000000        7.9199999999999999       -15.963152623844598     
   136.79999999999998        7.9199999999999999       -16.263511185265919     
   138.59999999999999        7.9199999999999999       -16.564923213636508     
   140.40000000000001        7.9199999999999999       -16.866041725883765     
   142.20000000000002        7.9199999999999999       -17.165431142493794     
   144.00000000000000        7.9199999999999999       -17.461678804169974     
   145.79999999999998        7.9199999999999999       -17.753488376439346     
   147.59999999999999        7.9199999999999999       -18.039508906645292     
   149.40000000000003        7.9199999999999999       -18.318356518014362     
   151.20000000000002        7.9199999999999999       -18.588779667824511     
   153.00000000000000        7.9199999999999999       -18.849516814943168     
   154.79999999999998        7.9199999999999999       -19.099508416191192     
   156.59999999999997        7.9199999999999999       -19.337464072180680     
   158.39999999999998        7.9199999999999999       -19.562391212359824     
   160.20000000000002        7.9199999999999999       -19.773271607590406     
   162.00000000000000        7.9199999999999999       -19.969073461871307     
   163.79999999999998        7.9199999999999999       -20.149063349395878     
   165.59999999999999        7.9199999999999999       -20.312311348356449     
   167.40000000000001        7.9199999999999999       -20.458104091080820     
   169.19999999999999        7.9199999999999999       -20.585823728756367     
   171.00000000000000        7.9199999999999999       -20.694855181459836     
   172.80000000000001        7.9199999999999999       -20.784758906510650     
   174.59999999999999        7.9199999999999999       -20.855079907954249     
   176.40000000000001        7.9199999999999999       -20.905559578907312     
   178.20000000000002        7.9199999999999999       -20.947853533347615     
   180.00000000000000        7.9199999999999999       -20.946067588680364     
   0.0000000000000000        8.0000000000000000       -27.415717974675069     
   1.8000000000000003        8.0000000000000000       -27.402038513172926     
   3.6000000000000005        8.0000000000000000       -27.361012334887647     
   5.4000000000000004        8.0000000000000000       -27.292823020269367     
   7.2000000000000011        8.0000000000000000       -27.197675120566792     
   9.0000000000000000        8.0000000000000000       -27.075948594794554     
   10.800000000000001        8.0000000000000000       -26.928033299723921     
   12.600000000000001        8.0000000000000000       -26.754504084096698     
   14.400000000000002        8.0000000000000000       -26.555924748578921     
   16.200000000000003        8.0000000000000000       -26.333062248928385     
   18.000000000000000        8.0000000000000000       -26.086689087676032     
   19.799999999999997        8.0000000000000000       -25.817607634500810     
   21.600000000000001        8.0000000000000000       -25.526914152255785     
   23.400000000000002        8.0000000000000000       -25.215526131388334     
   25.200000000000003        8.0000000000000000       -24.884547541457088     
   27.000000000000000        8.0000000000000000       -24.535256641047539     
   28.800000000000004        8.0000000000000000       -24.168752124283383     
   30.600000000000005        8.0000000000000000       -23.786391759218205     
   32.400000000000006        8.0000000000000000       -23.389548024388887     
   34.199999999999996        8.0000000000000000       -22.979589356629049     
   36.000000000000000        8.0000000000000000       -22.557925738691264     
   37.800000000000004        8.0000000000000000       -22.126036731532952     
   39.599999999999994        8.0000000000000000       -21.685449628085369     
   41.399999999999999        8.0000000000000000       -21.237716862442561     
   43.200000000000003        8.0000000000000000       -20.784322353239713     
   45.000000000000000        8.0000000000000000       -20.326956937147649     
   46.800000000000004        8.0000000000000000       -19.867042133427152     
   48.599999999999994        8.0000000000000000       -19.406288404084918     
   50.400000000000006        8.0000000000000000       -18.946185060398019     
   52.200000000000003        8.0000000000000000       -18.488285234426762     
   54.000000000000000        8.0000000000000000       -18.034257867906465     
   55.799999999999997        8.0000000000000000       -17.585509695155107     
   57.600000000000009        8.0000000000000000       -17.143597990512809     
   59.400000000000013        8.0000000000000000       -16.709980965156436     
   61.200000000000010        8.0000000000000000       -16.286071483053632     
   63.000000000000000        8.0000000000000000       -15.873273149761872     
   64.800000000000011        8.0000000000000000       -15.472931448030749     
   66.600000000000009        8.0000000000000000       -15.086323408624233     
   68.399999999999991        8.0000000000000000       -14.714649740593975     
   70.200000000000003        8.0000000000000000       -14.359088612610119     
   72.000000000000000        8.0000000000000000       -14.020798853285587     
   73.799999999999997        8.0000000000000000       -13.700661541535172     
   75.600000000000009        8.0000000000000000       -13.399770796553685     
   77.399999999999991        8.0000000000000000       -13.118940164712781     
   79.199999999999989        8.0000000000000000       -12.858947526612203     
   81.000000000000000        8.0000000000000000       -12.620463743234673     
   82.799999999999997        8.0000000000000000       -12.404189109020670     
   84.599999999999994        8.0000000000000000       -12.210567166435542     
   86.400000000000006        8.0000000000000000       -12.040061054012828     
   88.200000000000003        8.0000000000000000       -11.893086095195416     
   90.000000000000000        8.0000000000000000       -11.769785744655458     
   91.799999999999997        8.0000000000000000       -11.670355420717149     
   93.600000000000009        8.0000000000000000       -11.594914792219022     
   95.400000000000006        8.0000000000000000       -11.543344853813212     
   97.199999999999989        8.0000000000000000       -11.515544723185041     
   99.000000000000014        8.0000000000000000       -11.511365057532252     
   100.80000000000001        8.0000000000000000       -11.530384828159852     
   102.59999999999999        8.0000000000000000       -11.572312411463598     
   104.40000000000001        8.0000000000000000       -11.636593909808955     
   106.19999999999999        8.0000000000000000       -11.722663717387299     
   108.00000000000000        8.0000000000000000       -11.829822049622971     
   109.80000000000000        8.0000000000000000       -11.957473865686778     
   111.59999999999999        8.0000000000000000       -12.104654200938509     
   113.40000000000001        8.0000000000000000       -12.270505247864458     
   115.20000000000002        8.0000000000000000       -12.454147334287146     
   117.00000000000000        8.0000000000000000       -12.654481909049847     
   118.80000000000003        8.0000000000000000       -12.870427986753713     
   120.60000000000001        8.0000000000000000       -13.100833016537088     
   122.40000000000002        8.0000000000000000       -13.344579828327062     
   124.20000000000000        8.0000000000000000       -13.600344887674467     
   126.00000000000000        8.0000000000000000       -13.866852445682820     
   127.80000000000001        8.0000000000000000       -14.142820642986070     
   129.60000000000002        8.0000000000000000       -14.426823706772932     
   131.40000000000001        8.0000000000000000       -14.717556683381300     
   133.20000000000002        8.0000000000000000       -15.013632442407356     
   135.00000000000000        8.0000000000000000       -15.313529523990240     
   136.79999999999998        8.0000000000000000       -15.615984660271113     
   138.59999999999999        8.0000000000000000       -15.919437831937184     
   140.40000000000001        8.0000000000000000       -16.222538740353439     
   142.20000000000002        8.0000000000000000       -16.523848438219034     
   144.00000000000000        8.0000000000000000       -16.821950986051164     
   145.79999999999998        8.0000000000000000       -17.115546974103047     
   147.59999999999999        8.0000000000000000       -17.403282368870567     
   149.40000000000003        8.0000000000000000       -17.683770235442839     
   151.20000000000002        8.0000000000000000       -17.955756201882075     
   153.00000000000000        8.0000000000000000       -18.217975951558870     
   154.79999999999998        8.0000000000000000       -18.469367483544477     
   156.59999999999997        8.0000000000000000       -18.708637722925815     
   158.39999999999998        8.0000000000000000       -18.934791862374787     
   160.20000000000002        8.0000000000000000       -19.146809474659563     
   162.00000000000000        8.0000000000000000       -19.343656620282822     
   163.79999999999998        8.0000000000000000       -19.524598172131107     
   165.59999999999999        8.0000000000000000       -19.688702336526639     
   167.40000000000001        8.0000000000000000       -19.835254216172245     
   169.19999999999999        8.0000000000000000       -19.963634625452819     
   171.00000000000000        8.0000000000000000       -20.073227226037169     
   172.80000000000001        8.0000000000000000       -20.163591509918597     
   174.59999999999999        8.0000000000000000       -20.234271572523340     
   176.40000000000001        8.0000000000000000       -20.285008218037603     
   178.20000000000002        8.0000000000000000       -20.327471319211526     
   180.00000000000000        8.0000000000000000       -20.325722076720101     
   0.0000000000000000        8.0800000000000001       -26.516085762274674     
   1.8000000000000003        8.0800000000000001       -26.502590418623072     
   3.6000000000000005        8.0800000000000001       -26.462116426515962     
   5.4000000000000004        8.0800000000000001       -26.394845236679711     
   7.2000000000000011        8.0800000000000001       -26.300978974136367     
   9.0000000000000000        8.0800000000000001       -26.180893164905171     
   10.800000000000001        8.0800000000000001       -26.034973059276165     
   12.600000000000001        8.0800000000000001       -25.863786787100764     
   14.400000000000002        8.0800000000000001       -25.667891489281285     
   16.200000000000003        8.0800000000000001       -25.448045148999753     
   18.000000000000000        8.0800000000000001       -25.205011172428406     
   19.799999999999997        8.0800000000000001       -24.939582440284561     
   21.600000000000001        8.0800000000000001       -24.652842410303027     
   23.400000000000002        8.0800000000000001       -24.345697687190142     
   25.200000000000003        8.0800000000000001       -24.019239229611927     
   27.000000000000000        8.0800000000000001       -23.674730295891560     
   28.800000000000004        8.0800000000000001       -23.313256510360709     
   30.600000000000005        8.0800000000000001       -22.936159644621043     
   32.400000000000006        8.0800000000000001       -22.544795961424580     
   34.199999999999996        8.0800000000000001       -22.140517671173857     
   36.000000000000000        8.0800000000000001       -21.724718015707470     
   37.800000000000004        8.0800000000000001       -21.298858991232315     
   39.599999999999994        8.0800000000000001       -20.864449745207377     
   41.399999999999999        8.0800000000000001       -20.423024236945249     
   43.200000000000003        8.0800000000000001       -19.976048619523262     
   45.000000000000000        8.0800000000000001       -19.525193624102798     
   46.800000000000004        8.0800000000000001       -19.071863600260436     
   48.599999999999994        8.0800000000000001       -18.617748594693094     
   50.400000000000006        8.0800000000000001       -18.164319908595928     
   52.200000000000003        8.0800000000000001       -17.713111914546676     
   54.000000000000000        8.0800000000000001       -17.265773471146350     
   55.799999999999997        8.0800000000000001       -16.823694094130357     
   57.600000000000009        8.0800000000000001       -16.388412134153466     
   59.400000000000013        8.0800000000000001       -15.961367939670941     
   61.200000000000010        8.0800000000000001       -15.543956979666374     
   63.000000000000000        8.0800000000000001       -15.137565534483398     
   64.800000000000011        8.0800000000000001       -14.743522374368869     
   66.600000000000009        8.0800000000000001       -14.363088546480334     
   68.399999999999991        8.0800000000000001       -13.997449594134402     
   70.200000000000003        8.0800000000000001       -13.647768744340199     
   72.000000000000000        8.0800000000000001       -13.315190074547679     
   73.799999999999997        8.0800000000000001       -13.000582966843925     
   75.600000000000009        8.0800000000000001       -12.705027464234000     
   77.399999999999991        8.0800000000000001       -12.429326126347943     
   79.199999999999989        8.0800000000000001       -12.174246226041348     
   81.000000000000000        8.0800000000000001       -11.940449187776723     
   82.799999999999997        8.0800000000000001       -11.728625531429692     
   84.599999999999994        8.0800000000000001       -11.539211858416982     
   86.400000000000006        8.0800000000000001       -11.372664141124449     
   88.200000000000003        8.0800000000000001       -11.229391060352214     
   90.000000000000000        8.0800000000000001       -11.109532435096023     
   91.799999999999997        8.0800000000000001       -11.013279470472400     
   93.600000000000009        8.0800000000000001       -10.940748461054961     
   95.400000000000006        8.0800000000000001       -10.891819672623809     
   97.199999999999989        8.0800000000000001       -10.866391297317568     
   99.000000000000014        8.0800000000000001       -10.864313609556286     
   100.80000000000001        8.0800000000000001       -10.885168214918414     
   102.59999999999999        8.0800000000000001       -10.928664700952622     
   104.40000000000001        8.0800000000000001       -10.994253297984162     
   106.19999999999999        8.0800000000000001       -11.081372671877554     
   108.00000000000000        8.0800000000000001       -11.189328811799662     
   109.80000000000000        8.0800000000000001       -11.317531308562678     
   111.59999999999999        8.0800000000000001       -11.465023946050561     
   113.40000000000001        8.0800000000000001       -11.630956500290022     
   115.20000000000002        8.0800000000000001       -11.814457148497601     
   117.00000000000000        8.0800000000000001       -12.014437638610842     
   118.80000000000003        8.0800000000000001       -12.229827117189336     
   120.60000000000001        8.0800000000000001       -12.459483987158618     
   122.40000000000002        8.0800000000000001       -12.702301671394880     
   124.20000000000000        8.0800000000000001       -12.956969546699229     
   126.00000000000000        8.0800000000000001       -13.222224280682680     
   127.80000000000001        8.0800000000000001       -13.496796534344817     
   129.60000000000002        8.0800000000000001       -13.779274686951933     
   131.40000000000001        8.0800000000000001       -14.068366638274961     
   133.20000000000002        8.0800000000000001       -14.362699062502475     
   135.00000000000000        8.0800000000000001       -14.660765834666249     
   136.79999999999998        8.0800000000000001       -14.961316206331720     
   138.59999999999999        8.0800000000000001       -15.262806009719133     
   140.40000000000001        8.0800000000000001       -15.563898521948664     
   142.20000000000002        8.0800000000000001       -15.863169401566065     
   144.00000000000000        8.0800000000000001       -16.159217109719009     
   145.79999999999998        8.0800000000000001       -16.450755397562968     
   147.59999999999999        8.0800000000000001       -16.736444049545902     
   149.40000000000003        8.0800000000000001       -17.014910366341674     
   151.20000000000002        8.0800000000000001       -17.284912797784585     
   153.00000000000000        8.0800000000000001       -17.545200014566053     
   154.79999999999998        8.0800000000000001       -17.794720818796780     
   156.59999999999997        8.0800000000000001       -18.032195555157273     
   158.39999999999998        8.0800000000000001       -18.256639590778668     
   160.20000000000002        8.0800000000000001       -18.467043015713756     
   162.00000000000000        8.0800000000000001       -18.662382617254263     
   163.79999999999998        8.0800000000000001       -18.841930746228559     
   165.59999999999999        8.0800000000000001       -19.004765326250478     
   167.40000000000001        8.0800000000000001       -19.150178836955266     
   169.19999999999999        8.0800000000000001       -19.277558471982751     
   171.00000000000000        8.0800000000000001       -19.386294303545583     
   172.80000000000001        8.0800000000000001       -19.475950350053431     
   174.59999999999999        8.0800000000000001       -19.546075467450393     
   176.40000000000001        8.0800000000000001       -19.596413105712251     
   178.20000000000002        8.0800000000000001       -19.638503730321368     
   180.00000000000000        8.0800000000000001       -19.636806475793794     
   0.0000000000000000        8.1600000000000001       -25.538615925828786     
   1.8000000000000003        8.1600000000000001       -25.525410511772801     
   3.6000000000000005        8.1600000000000001       -25.485806047104319     
   5.4000000000000004        8.1600000000000001       -25.419980384001832     
   7.2000000000000011        8.1600000000000001       -25.328131592264391     
   9.0000000000000000        8.1600000000000001       -25.210627728458114     
   10.800000000000001        8.1600000000000001       -25.067846329135655     
   12.600000000000001        8.1600000000000001       -24.900344213063910     
   14.400000000000002        8.1600000000000001       -24.708667367461448     
   16.200000000000003        8.1600000000000001       -24.493558677278752     
   18.000000000000000        8.1600000000000001       -24.255766290797965     
   19.799999999999997        8.1600000000000001       -23.996067205874667     
   21.600000000000001        8.1600000000000001       -23.715523316440219     
   23.400000000000002        8.1600000000000001       -23.415023035245504     
   25.200000000000003        8.1600000000000001       -23.095635506367671     
   27.000000000000000        8.1600000000000001       -22.758598785028418     
   28.800000000000004        8.1600000000000001       -22.404976681463836     
   30.600000000000005        8.1600000000000001       -22.036084142389573     
   32.400000000000006        8.1600000000000001       -21.653250275605053     
   34.199999999999996        8.1600000000000001       -21.257800166483605     
   36.000000000000000        8.1600000000000001       -20.851099089594705     
   37.800000000000004        8.1600000000000001       -20.434579695728864     
   39.599999999999994        8.1600000000000001       -20.009720828164710     
   41.399999999999999        8.1600000000000001       -19.578025616957671     
   43.200000000000003        8.1600000000000001       -19.140930655594133     
   45.000000000000000        8.1600000000000001       -18.700073111487050     
   46.800000000000004        8.1600000000000001       -18.256828888069844     
   48.599999999999994        8.1600000000000001       -17.812854013219397     
   50.400000000000006        8.1600000000000001       -17.369589966905025     
   52.200000000000003        8.1600000000000001       -16.928540041738596     
   54.000000000000000        8.1600000000000001       -16.491319763270578     
   55.799999999999997        8.1600000000000001       -16.059290302026799     
   57.600000000000009        8.1600000000000001       -15.633958747969670     
   59.400000000000013        8.1600000000000001       -15.216736055058597     
   61.200000000000010        8.1600000000000001       -14.808989136688083     
   63.000000000000000        8.1600000000000001       -14.412075866844404     
   64.800000000000011        8.1600000000000001       -14.027297695977827     
   66.600000000000009        8.1600000000000001       -13.655889637360254     
   68.399999999999991        8.1600000000000001       -13.299012638606438     
   70.200000000000003        8.1600000000000001       -12.957805740796665     
   72.000000000000000        8.1600000000000001       -12.633389185535266     
   73.799999999999997        8.1600000000000001       -12.326613819685750     
   75.600000000000009        8.1600000000000001       -12.038537053954311     
   77.399999999999991        8.1600000000000001       -11.769944173656906     
   79.199999999999989        8.1600000000000001       -11.521585846667634     
   81.000000000000000        8.1600000000000001       -11.294108930014293     
   82.799999999999997        8.1600000000000001       -11.088188802108093     
   84.599999999999994        8.1600000000000001       -10.904251831443066     
   86.400000000000006        8.1600000000000001       -10.742743375275619     
   88.200000000000003        8.1600000000000001       -10.604062409813183     
   90.000000000000000        8.1600000000000001       -10.488344252674668     
   91.799999999999997        8.1600000000000001       -10.395774610688076     
   93.600000000000009        8.1600000000000001       -10.326465730850547     
   95.400000000000006        8.1600000000000001       -10.280298404053759     
   97.199999999999989        8.1600000000000001       -10.257171003929365     
   99.000000000000014        8.1600000000000001       -10.256934919670037     
   100.80000000000001        8.1600000000000001       -10.279178081717806     
   102.59999999999999        8.1600000000000001       -10.323613932819919     
   104.40000000000001        8.1600000000000001       -10.389701591763160     
   106.19999999999999        8.1600000000000001       -10.476888849135417     
   108.00000000000000        8.1600000000000001       -10.584493402262551     
   109.80000000000000        8.1600000000000001       -10.711934559511699     
   111.59999999999999        8.1600000000000001       -10.858272923943238     
   113.40000000000001        8.1600000000000001       -11.022673057232343     
   115.20000000000002        8.1600000000000001       -11.204278361290722     
   117.00000000000000        8.1600000000000001       -11.402020022507461     
   118.80000000000003        8.1600000000000001       -11.614846312971292     
   120.60000000000001        8.1600000000000001       -11.841636156762277     
   122.40000000000002        8.1600000000000001       -12.081302846892878     
   124.20000000000000        8.1600000000000001       -12.332559610556491     
   126.00000000000000        8.1600000000000001       -12.594166080151838     
   127.80000000000001        8.1600000000000001       -12.864876029496694     
   129.60000000000002        8.1600000000000001       -13.143303739249767     
   131.40000000000001        8.1600000000000001       -13.428180730522973     
   133.20000000000002        8.1600000000000001       -13.718158907811299     
   135.00000000000000        8.1600000000000001       -14.011759985535903     
   136.79999999999998        8.1600000000000001       -14.307756147663525     
   138.59999999999999        8.1600000000000001       -14.604631881040657     
   140.40000000000001        8.1600000000000001       -14.901075141171901     
   142.20000000000002        8.1600000000000001       -15.195688004115734     
   144.00000000000000        8.1600000000000001       -15.487094950403337     
   145.79999999999998        8.1600000000000001       -15.774033562448228     
   147.59999999999999        8.1600000000000001       -16.055188546707960     
   149.40000000000003        8.1600000000000001       -16.329212801599624     
   151.20000000000002        8.1600000000000001       -16.594887882503947     
   153.00000000000000        8.1600000000000001       -16.850985803595030     
   154.79999999999998        8.1600000000000001       -17.096474884168021     
   156.59999999999997        8.1600000000000001       -17.330099460638898     
   158.39999999999998        8.1600000000000001       -17.550893229532157     
   160.20000000000002        8.1600000000000001       -17.757865151578123     
   162.00000000000000        8.1600000000000001       -17.950011194814625     
   163.79999999999998        8.1600000000000001       -18.126617220029182     
   165.59999999999999        8.1600000000000001       -18.286778479706538     
   167.40000000000001        8.1600000000000001       -18.429800681446508     
   169.19999999999999        8.1600000000000001       -18.555082467266448     
   171.00000000000000        8.1600000000000001       -18.662025357061321     
   172.80000000000001        8.1600000000000001       -18.750201503704297     
   174.59999999999999        8.1600000000000001       -18.819168246953232     
   176.40000000000001        8.1600000000000001       -18.868673808068767     
   178.20000000000002        8.1600000000000001       -18.910035019846198     
   180.00000000000000        8.1600000000000001       -18.908399213991490     
   0.0000000000000000        8.2400000000000002       -24.502070331854135     
   1.8000000000000003        8.2400000000000002       -24.489248213679979     
   3.6000000000000005        8.2400000000000002       -24.450793292458101     
   5.4000000000000004        8.2400000000000002       -24.386878517915509     
   7.2000000000000011        8.2400000000000002       -24.297696459719084     
   9.0000000000000000        8.2400000000000002       -24.183605010016613     
   10.800000000000001        8.2400000000000002       -24.044971235112421     
   12.600000000000001        8.2400000000000002       -23.882336567221103     
   14.400000000000002        8.2400000000000002       -23.696231853183658     
   16.200000000000003        8.2400000000000002       -23.487379443524148     
   18.000000000000000        8.2400000000000002       -23.256506761912764     
   19.799999999999997        8.2400000000000002       -23.004369251367990     
   21.600000000000001        8.2400000000000002       -22.731999468703457     
   23.400000000000002        8.2400000000000002       -22.440261154221226     
   25.200000000000003        8.2400000000000002       -22.130193826723691     
   27.000000000000000        8.2400000000000002       -21.803001284875457     
   28.800000000000004        8.2400000000000002       -21.459717769523721     
   30.600000000000005        8.2400000000000002       -21.101621795329475     
   32.400000000000006        8.2400000000000002       -20.730005610751924     
   34.199999999999996        8.2400000000000002       -20.346157509040456     
   36.000000000000000        8.2400000000000002       -19.951404840166660     
   37.800000000000004        8.2400000000000002       -19.547140460473628     
   39.599999999999994        8.2400000000000002       -19.134802125032721     
   41.399999999999999        8.2400000000000002       -18.715851177664984     
   43.200000000000003        8.2400000000000002       -18.291684194707010     
   45.000000000000000        8.2400000000000002       -17.863892843572057     
   46.800000000000004        8.2400000000000002       -17.433814586296737     
   48.599999999999994        8.2400000000000002       -17.003059368551241     
   50.400000000000006        8.2400000000000002       -16.573028380373671     
   52.200000000000003        8.2400000000000002       -16.145182913754439     
   54.000000000000000        8.2400000000000002       -15.721093415020936     
   55.799999999999997        8.2400000000000002       -15.302082852141936     
   57.600000000000009        8.2400000000000002       -14.889616121644218     
   59.400000000000013        8.2400000000000002       -14.485064567030067     
   61.200000000000010        8.2400000000000002       -14.089756660933952     
   63.000000000000000        8.2400000000000002       -13.705012057189631     
   64.800000000000011        8.2400000000000002       -13.332095494669280     
   66.600000000000009        8.2400000000000002       -12.972207056899414     
   68.399999999999991        8.2400000000000002       -12.626474752097204     
   70.200000000000003        8.2400000000000002       -12.296005257398376     
   72.000000000000000        8.2400000000000002       -11.981886942965225     
   73.799999999999997        8.2400000000000002       -11.684946082643091     
   75.600000000000009        8.2400000000000002       -11.406209890150375     
   77.399999999999991        8.2400000000000002       -11.146440829300989     
   79.199999999999989        8.2400000000000002       -10.906367674308065     
   81.000000000000000        8.2400000000000002       -10.686618196699172     
   82.799999999999997        8.2400000000000002       -10.487847905791179     
   84.599999999999994        8.2400000000000002       -10.310470054789267     
   86.400000000000006        8.2400000000000002       -10.154916363937012     
   88.200000000000003        8.2400000000000002       -10.021573427234664     
   90.000000000000000        8.2400000000000002       -9.9105713362291397     
   91.799999999999997        8.2400000000000002       -9.8220892019104689     
   93.600000000000009        8.2400000000000002       -9.7562346701142957     
   95.400000000000006        8.2400000000000002       -9.7128902168996571     
   97.199999999999989        8.2400000000000002       -9.6919554267005381     
   99.000000000000014        8.2400000000000002       -9.6932841798869518     
   100.80000000000001        8.2400000000000002       -9.7164740579679911     
   102.59999999999999        8.2400000000000002       -9.7612447543196073     
   104.40000000000001        8.2400000000000002       -9.8270685532354136     
   106.19999999999999        8.2400000000000002       -9.9134067290538770     
   108.00000000000000        8.2400000000000002       -10.019594007448717     
   109.80000000000000        8.2400000000000002       -10.145063979675644     
   111.59999999999999        8.2400000000000002       -10.288901286795303     
   113.40000000000001        8.2400000000000002       -10.450291722195248     
   115.20000000000002        8.2400000000000002       -10.628400512022056     
   117.00000000000000        8.2400000000000002       -10.822186448631989     
   118.80000000000003        8.2400000000000002       -11.030624966926755     
   120.60000000000001        8.2400000000000002       -11.252624058981956     
   122.40000000000002        8.2400000000000002       -11.487125176086325     
   124.20000000000000        8.2400000000000002       -11.732875160997979     
   126.00000000000000        8.2400000000000002       -11.988666027775496     
   127.80000000000001        8.2400000000000002       -12.253284118407027     
   129.60000000000002        8.2400000000000002       -12.525380098105645     
   131.40000000000001        8.2400000000000002       -12.803718718984028     
   133.20000000000002        8.2400000000000002       -13.086987309498944     
   135.00000000000000        8.2400000000000002       -13.373746575396133     
   136.79999999999998        8.2400000000000002       -13.662800924300614     
   138.59999999999999        8.2400000000000002       -13.952674913150167     
   140.40000000000001        8.2400000000000002       -14.242091078271219     
   142.20000000000002        8.2400000000000002       -14.529688445060872     
   144.00000000000000        8.2400000000000002       -14.814127872636213     
   145.79999999999998        8.2400000000000002       -15.094180289468939     
   147.59999999999999        8.2400000000000002       -15.368565223312821     
   149.40000000000003        8.2400000000000002       -15.635971297937388     
   151.20000000000002        8.2400000000000002       -15.895212341820130     
   153.00000000000000        8.2400000000000002       -16.145092943312960     
   154.79999999999998        8.2400000000000002       -16.384608708323409     
   156.59999999999997        8.2400000000000002       -16.612537385235882     
   158.39999999999998        8.2400000000000002       -16.827938269620187     
   160.20000000000002        8.2400000000000002       -17.029846637698448     
   162.00000000000000        8.2400000000000002       -17.217285171169596     
   163.79999999999998        8.2400000000000002       -17.389558618855638     
   165.59999999999999        8.2400000000000002       -17.545786343332690     
   167.40000000000001        8.2400000000000002       -17.685292494606273     
   169.19999999999999        8.2400000000000002       -17.807491680892475     
   171.00000000000000        8.2400000000000002       -17.911801357767764     
   172.80000000000001        8.2400000000000002       -17.997805028476687     
   174.59999999999999        8.2400000000000002       -18.065071833574446     
   176.40000000000001        8.2400000000000002       -18.113356660474363     
   178.20000000000002        8.2400000000000002       -18.153668930785827     
   180.00000000000000        8.2400000000000002       -18.152102267826258     
   0.0000000000000000        8.3200000000000003       -23.438232613906742     
   1.8000000000000003        8.3200000000000003       -23.425848876967382     
   3.6000000000000005        8.3200000000000003       -23.388708706424474     
   5.4000000000000004        8.3200000000000003       -23.326979374213018     
   7.2000000000000011        8.3200000000000003       -23.240847091587732     
   9.0000000000000000        8.3200000000000003       -23.130657984197494     
   10.800000000000001        8.3200000000000003       -22.996767010420101     
   12.600000000000001        8.3200000000000003       -22.839697793374167     
   14.400000000000002        8.3200000000000003       -22.659963670943231     
   16.200000000000003        8.3200000000000003       -22.458263227978435     
   18.000000000000000        8.3200000000000003       -22.235299915151746     
   19.799999999999997        8.3200000000000003       -21.991804250993841     
   21.600000000000001        8.3200000000000003       -21.728774834440806     
   23.400000000000002        8.3200000000000003       -21.447046883969499     
   25.200000000000003        8.3200000000000003       -21.147625652107820     
   27.000000000000000        8.3200000000000003       -20.831675300420319     
   28.800000000000004        8.3200000000000003       -20.500195894349574     
   30.600000000000005        8.3200000000000003       -20.154423807961606     
   32.400000000000006        8.3200000000000003       -19.795608664855017     
   34.199999999999996        8.3200000000000003       -19.424996223790369     
   36.000000000000000        8.3200000000000003       -19.043869995748370     
   37.800000000000004        8.3200000000000003       -18.653576836134395     
   39.599999999999994        8.3200000000000003       -18.255507006583201     
   41.399999999999999        8.3200000000000003       -17.851073557251958     
   43.200000000000003        8.3200000000000003       -17.441626838325838     
   45.000000000000000        8.3200000000000003       -17.028705927910778     
   46.800000000000004        8.3200000000000003       -16.613603914726479     
   48.599999999999994        8.3200000000000003       -16.197877498729319     
   50.400000000000006        8.3200000000000003       -15.782881367496229     
   52.200000000000003        8.3200000000000003       -15.370028331276540     
   54.000000000000000        8.3200000000000003       -14.960836784839300     
   55.799999999999997        8.3200000000000003       -14.556585647434149     
   57.600000000000009        8.3200000000000003       -14.158691135823460     
   59.400000000000013        8.3200000000000003       -13.768478924447598     
   61.200000000000010        8.3200000000000003       -13.387233184267865     
   63.000000000000000        8.3200000000000003       -13.016229531135719     
   64.800000000000011        8.3200000000000003       -12.656690426506444     
   66.600000000000009        8.3200000000000003       -12.309775754323404     
   68.399999999999991        8.3200000000000003       -11.976575643052376     
   70.200000000000003        8.3200000000000003       -11.658159564686443     
   72.000000000000000        8.3200000000000003       -11.355579262011545     
   73.799999999999997        8.3200000000000003       -11.069632870733143     
   75.600000000000009        8.3200000000000003       -10.801312932953280     
   77.399999999999991        8.3200000000000003       -10.551355818841360     
   79.199999999999989        8.3200000000000003       -10.320465291116207     
   81.000000000000000        8.3200000000000003       -10.109247377399980     
   82.799999999999997        8.3200000000000003       -9.9183349348385441     
   84.599999999999994        8.3200000000000003       -9.7481264179924487     
   86.400000000000006        8.3200000000000003       -9.5990381437374381     
   88.200000000000003        8.3200000000000003       -9.4714427627557409     
   90.000000000000000        8.3200000000000003       -9.3654647431803006     
   91.799999999999997        8.3200000000000003       -9.2812759806797764     
   93.600000000000009        8.3200000000000003       -9.2189792245810924     
   95.400000000000006        8.3200000000000003       -9.1784593618494235     
   97.199999999999989        8.3200000000000003       -9.1596178354828641     
   99.000000000000014        8.3200000000000003       -9.1623118715148237     
   100.80000000000001        8.3200000000000003       -9.1861507187128879     
   102.59999999999999        8.3200000000000003       -9.2308617824764969     
   104.40000000000001        8.3200000000000003       -9.2959330950098913     
   106.19999999999999        8.3200000000000003       -9.3808420454204668     
   108.00000000000000        8.3200000000000003       -9.4849435912130762     
   109.80000000000000        8.3200000000000003       -9.6076883599113820     
   111.59999999999999        8.3200000000000003       -9.7481893647757367     
   113.40000000000001        8.3200000000000003       -9.9056575042678272     
   115.20000000000002        8.3200000000000003       -10.079283793184338     
   117.00000000000000        8.3200000000000003       -10.268059528154836     
   118.80000000000003        8.3200000000000003       -10.470992127136133     
   120.60000000000001        8.3200000000000003       -10.687023773582746     
   122.40000000000002        8.3200000000000003       -10.915129045766440     
   124.20000000000000        8.3200000000000003       -11.154094250295117     
   126.00000000000000        8.3200000000000003       -11.402749423046803     
   127.80000000000001        8.3200000000000003       -11.659919136659379     
   129.60000000000002        8.3200000000000003       -11.924296715190824     
   131.40000000000001        8.3200000000000003       -12.194685894880063     
   133.20000000000002        8.3200000000000003       -12.469815528569605     
   135.00000000000000        8.3200000000000003       -12.748291984053877     
   136.79999999999998        8.3200000000000003       -13.028957453861480     
   138.59999999999999        8.3200000000000003       -13.310383391267694     
   140.40000000000001        8.3200000000000003       -13.591332837297127     
   142.20000000000002        8.3200000000000003       -13.870488064786796     
   144.00000000000000        8.3200000000000003       -14.146552505842756     
   145.79999999999998        8.3200000000000003       -14.418336125380623     
   147.59999999999999        8.3200000000000003       -14.684599191065473     
   149.40000000000003        8.3200000000000003       -14.944072105789630     
   151.20000000000002        8.3200000000000003       -15.195606451904386     
   153.00000000000000        8.3200000000000003       -15.438044909409530     
   154.79999999999998        8.3200000000000003       -15.670415016608240     
   156.59999999999997        8.3200000000000003       -15.891533562347886     
   158.39999999999998        8.3200000000000003       -16.100489787273759     
   160.20000000000002        8.3200000000000003       -16.296349732509874     
   162.00000000000000        8.3200000000000003       -16.478167294315146     
   163.79999999999998        8.3200000000000003       -16.645269325403888     
   165.59999999999999        8.3200000000000003       -16.796803349372560     
   167.40000000000001        8.3200000000000003       -16.932115074911174     
   169.19999999999999        8.3200000000000003       -17.050637776562649     
   171.00000000000000        8.3200000000000003       -17.151807526884262     
   172.80000000000001        8.3200000000000003       -17.235221101715208     
   174.59999999999999        8.3200000000000003       -17.300461423788803     
   176.40000000000001        8.3200000000000003       -17.347291179568888     
   178.20000000000002        8.3200000000000003       -17.386362460462330     
   180.00000000000000        8.3200000000000003       -17.384868975692463     
   0.0000000000000000        8.4000000000000004       -22.362781208051402     
   1.8000000000000003        8.4000000000000004       -22.350882344327594     
   3.6000000000000005        8.4000000000000004       -22.315196359277149     
   5.4000000000000004        8.4000000000000004       -22.255884183723659     
   7.2000000000000011        8.4000000000000004       -22.173124937562431     
   9.0000000000000000        8.4000000000000004       -22.067251609957275     
   10.800000000000001        8.4000000000000004       -21.938605652383259     
   12.600000000000001        8.4000000000000004       -21.787690807577540     
   14.400000000000002        8.4000000000000004       -21.615000881071470     
   16.200000000000003        8.4000000000000004       -21.421207929521461     
   18.000000000000000        8.4000000000000004       -21.206988654899813     
   19.799999999999997        8.4000000000000004       -20.973045772954961     
   21.600000000000001        8.4000000000000004       -20.720339973772564     
   23.400000000000002        8.4000000000000004       -20.449674666824180     
   25.200000000000003        8.4000000000000004       -20.162016872979731     
   27.000000000000000        8.4000000000000004       -19.858486517813230     
   28.800000000000004        8.4000000000000004       -19.540045558906915     
   30.600000000000005        8.4000000000000004       -19.207883352075324     
   32.400000000000006        8.4000000000000004       -18.863201970867451     
   34.199999999999996        8.4000000000000004       -18.507199735612417     
   36.000000000000000        8.4000000000000004       -18.141111267995377     
   37.800000000000004        8.4000000000000004       -17.766232122700103     
   39.599999999999994        8.4000000000000004       -17.383899598789142     
   41.399999999999999        8.4000000000000004       -16.995472897125708     
   43.200000000000003        8.4000000000000004       -16.602250843562157     
   45.000000000000000        8.4000000000000004       -16.205713874085561     
   46.800000000000004        8.4000000000000004       -15.807105646162210     
   48.599999999999994        8.4000000000000004       -15.407923499794176     
   50.400000000000006        8.4000000000000004       -15.009470323439933     
   52.200000000000003        8.4000000000000004       -14.613104919391603     
   54.000000000000000        8.4000000000000004       -14.220287683903047     
   55.799999999999997        8.4000000000000004       -13.832248508438678     
   57.600000000000009        8.4000000000000004       -13.450349402223395     
   59.400000000000013        8.4000000000000004       -13.075865210992687     
   61.200000000000010        8.4000000000000004       -12.710030814977330     
   63.000000000000000        8.4000000000000004       -12.354072840787392     
   64.800000000000011        8.4000000000000004       -12.009166738322675     
   66.600000000000009        8.4000000000000004       -11.676427712667820     
   68.399999999999991        8.4000000000000004       -11.356903816827874     
   70.200000000000003        8.4000000000000004       -11.051623207707790     
   72.000000000000000        8.4000000000000004       -10.761596964562015     
   73.799999999999997        8.4000000000000004       -10.487592071755452     
   75.600000000000009        8.4000000000000004       -10.230562606171782     
   77.399999999999991        8.4000000000000004       -9.9912160836163046     
   79.199999999999989        8.4000000000000004       -9.7702286274763601     
   81.000000000000000        8.4000000000000004       -9.5681822884369243     
   82.799999999999997        8.4000000000000004       -9.3856849316968933     
   84.599999999999994        8.4000000000000004       -9.2231188178513008     
   86.400000000000006        8.4000000000000004       -9.0808833940238252     
   88.200000000000003        8.4000000000000004       -8.9593360775638722     
   90.000000000000000        8.4000000000000004       -8.8585954224729342     
   91.799999999999997        8.4000000000000004       -8.7788256277027337     
   93.600000000000009        8.4000000000000004       -8.7201243429752822     
   95.400000000000006        8.4000000000000004       -8.6823795397078491     
   97.199999999999989        8.4000000000000004       -8.6654951259588984     
   99.000000000000014        8.4000000000000004       -8.6693324572631809     
   100.80000000000001        8.4000000000000004       -8.6935142307119442     
   102.59999999999999        8.4000000000000004       -8.7377768682035555     
   104.40000000000001        8.4000000000000004       -8.8016264165157594     
   106.19999999999999        8.4000000000000004       -8.8845586875815830     
   108.00000000000000        8.4000000000000004       -8.9859516699106621     
   109.80000000000000        8.4000000000000004       -9.1052754395720168     
   111.59999999999999        8.4000000000000004       -9.2416751510857846     
   113.40000000000001        8.4000000000000004       -9.3943901808409240     
   115.20000000000002        8.4000000000000004       -9.5626407827308935     
   117.00000000000000        8.4000000000000004       -9.7454550093026064     
   118.80000000000003        8.4000000000000004       -9.9418764455118378     
   120.60000000000001        8.4000000000000004       -10.150885909689176     
   122.40000000000002        8.4000000000000004       -10.371495417018945     
   124.20000000000000        8.4000000000000004       -10.602535802276160     
   126.00000000000000        8.4000000000000004       -10.842880007931697     
   127.80000000000001        8.4000000000000004       -11.091395740318484     
   129.60000000000002        8.4000000000000004       -11.346824409746034     
   131.40000000000001        8.4000000000000004       -11.608013715547976     
   133.20000000000002        8.4000000000000004       -11.873739311096216     
   135.00000000000000        8.4000000000000004       -12.142658990981309     
   136.79999999999998        8.4000000000000004       -12.413657543712086     
   138.59999999999999        8.4000000000000004       -12.685359214970738     
   140.40000000000001        8.4000000000000004       -12.956572670629470     
   142.20000000000002        8.4000000000000004       -13.226028871229740     
   144.00000000000000        8.4000000000000004       -13.492479171874937     
   145.79999999999998        8.4000000000000004       -13.754777489936483     
   147.59999999999999        8.4000000000000004       -14.011729943674375     
   149.40000000000003        8.4000000000000004       -14.262113940518088     
   151.20000000000002        8.4000000000000004       -14.504823548802769     
   153.00000000000000        8.4000000000000004       -14.738744302425012     
   154.79999999999998        8.4000000000000004       -14.962939684522972     
   156.59999999999997        8.4000000000000004       -15.176270379176898     
   158.39999999999998        8.4000000000000004       -15.377859324334061     
   160.20000000000002        8.4000000000000004       -15.566807165551856     
   162.00000000000000        8.4000000000000004       -15.742202895913501     
   163.79999999999998        8.4000000000000004       -15.903398249477014     
   165.59999999999999        8.4000000000000004       -16.049572403783934     
   167.40000000000001        8.4000000000000004       -16.180095315131027     
   169.19999999999999        8.4000000000000004       -16.294421254472120     
   171.00000000000000        8.4000000000000004       -16.392007223715208     
   172.80000000000001        8.4000000000000004       -16.472464930372539     
   174.59999999999999        8.4000000000000004       -16.535392787659223     
   176.40000000000001        8.4000000000000004       -16.580562259322512     
   178.20000000000002        8.4000000000000004       -16.618225250669802     
   180.00000000000000        8.4000000000000004       -16.616807605113227     
   0.0000000000000000        8.4800000000000004       -21.292451911384152     
   1.8000000000000003        8.4800000000000004       -21.281062294211310     
   3.6000000000000005        8.4800000000000004       -21.246903593175833     
   5.4000000000000004        8.4800000000000004       -21.190130041620186     
   7.2000000000000011        8.4800000000000004       -21.110913275568493     
   9.0000000000000000        8.4800000000000004       -21.009572412267914     
   10.800000000000001        8.4800000000000004       -20.886434646679351     
   12.600000000000001        8.4800000000000004       -20.741982729546287     
   14.400000000000002        8.4800000000000004       -20.576689849807018     
   16.200000000000003        8.4800000000000004       -20.391200053538462     
   18.000000000000000        8.4800000000000004       -20.186161805961135     
   19.799999999999997        8.4800000000000004       -19.962248477967499     
   21.600000000000001        8.4800000000000004       -19.720380730201217     
   23.400000000000002        8.4800000000000004       -19.461328402836969     
   25.200000000000003        8.4800000000000004       -19.186018159520497     
   27.000000000000000        8.4800000000000004       -18.895523223141637     
   28.800000000000004        8.4800000000000004       -18.590765338402790     
   30.600000000000005        8.4800000000000004       -18.272884228160766     
   32.400000000000006        8.4800000000000004       -17.943031776829439     
   34.199999999999996        8.4800000000000004       -17.602356240003868     
   36.000000000000000        8.4800000000000004       -17.252040645910817     
   37.800000000000004        8.4800000000000004       -16.893326410712490     
   39.599999999999994        8.4800000000000004       -16.527494942756398     
   41.399999999999999        8.4800000000000004       -16.155848619894883     
   43.200000000000003        8.4800000000000004       -15.779631910281804     
   45.000000000000000        8.4800000000000004       -15.400263367553931     
   46.800000000000004        8.4800000000000004       -15.018934516675165     
   48.599999999999994        8.4800000000000004       -14.637080066412127     
   50.400000000000006        8.4800000000000004       -14.255948277885407     
   52.200000000000003        8.4800000000000004       -13.876840994093850     
   54.000000000000000        8.4800000000000004       -13.501157434923931     
   55.799999999999997        8.4800000000000004       -13.130075810421101     
   57.600000000000009        8.4800000000000004       -12.764900972862460     
   59.400000000000013        8.4800000000000004       -12.406854189746261     
   61.200000000000010        8.4800000000000004       -12.057118394075193     
   63.000000000000000        8.4800000000000004       -11.716868587922658     
   64.800000000000011        8.4800000000000004       -11.387230692450496     
   66.600000000000009        8.4800000000000004       -11.069272855178799     
   68.399999999999991        8.4800000000000004       -10.763998828898842     
   70.200000000000003        8.4800000000000004       -10.472393277641100     
   72.000000000000000        8.4800000000000004       -10.195424479791562     
   73.799999999999997        8.4800000000000004       -9.9338266846138374     
   75.600000000000009        8.4800000000000004       -9.6885134985493018     
   77.399999999999991        8.4800000000000004       -9.4601621366690658     
   79.199999999999989        8.4800000000000004       -9.2494197088769692     
   81.000000000000000        8.4800000000000004       -9.0568431285510123     
   82.799999999999997        8.4800000000000004       -8.8830140511436149     
   84.599999999999994        8.4800000000000004       -8.7282978363453463     
   86.400000000000006        8.4800000000000004       -8.5930763163567789     
   88.200000000000003        8.4800000000000004       -8.4776910255202793     
   90.000000000000000        8.4800000000000004       -8.3822544944020354     
   91.799999999999997        8.4800000000000004       -8.3069230128890545     
   93.600000000000009        8.4800000000000004       -8.2517890692148175     
   95.400000000000006        8.4800000000000004       -8.2167441312793592     
   97.199999999999989        8.4800000000000004       -8.2016949478868604     
   99.000000000000014        8.4800000000000004       -8.2065074754978333     
   100.80000000000001        8.4800000000000004       -8.2308188699195384     
   102.59999999999999        8.4800000000000004       -8.2743753220351177     
   104.40000000000001        8.4800000000000004       -8.3367021656116442     
   106.19999999999999        8.4800000000000004       -8.4173149298750261     
   108.00000000000000        8.4800000000000004       -8.5156161939576407     
   109.80000000000000        8.4800000000000004       -8.6310968324941264     
   111.59999999999999        8.4800000000000004       -8.7629362243716962     
   113.40000000000001        8.4800000000000004       -8.9104040922923282     
   115.20000000000002        8.4800000000000004       -9.0727518390291220     
   117.00000000000000        8.4800000000000004       -9.2490466154031772     
   118.80000000000003        8.4800000000000004       -9.4383704784825504     
   120.60000000000001        8.4800000000000004       -9.6397453262326263     
   122.40000000000002        8.4800000000000004       -9.8522229825695966     
   124.20000000000000        8.4800000000000004       -10.074681589352524     
   126.00000000000000        8.4800000000000004       -10.306039676683893     
   127.80000000000001        8.4800000000000004       -10.545210774662950     
   129.60000000000002        8.4800000000000004       -10.790987352535961     
   131.40000000000001        8.4800000000000004       -11.042263802043053     
   133.20000000000002        8.4800000000000004       -11.297865466107032     
   135.00000000000000        8.4800000000000004       -11.556504718306835     
   136.79999999999998        8.4800000000000004       -11.817111578685564     
   138.59999999999999        8.4800000000000004       -12.078366306429245     
   140.40000000000001        8.4800000000000004       -12.339125992751480     
   142.20000000000002        8.4800000000000004       -12.598173258334651     
   144.00000000000000        8.4800000000000004       -12.854310303758336     
   145.79999999999998        8.4800000000000004       -13.106437685496291     
   147.59999999999999        8.4800000000000004       -13.353410163082252     
   149.40000000000003        8.4800000000000004       -13.594054999946236     
   151.20000000000002        8.4800000000000004       -13.827311333891592     
   153.00000000000000        8.4800000000000004       -14.052110151194887     
   154.79999999999998        8.4800000000000004       -14.267553071604169     
   156.59999999999997        8.4800000000000004       -14.472547320276833     
   158.39999999999998        8.4800000000000004       -14.666251580847639     
   160.20000000000002        8.4800000000000004       -14.847803197513031     
   162.00000000000000        8.4800000000000004       -15.016328376090083     
   163.79999999999998        8.4800000000000004       -15.171205249150006     
   165.59999999999999        8.4800000000000004       -15.311646550741708     
   167.40000000000001        8.4800000000000004       -15.437047951196700     
   169.19999999999999        8.4800000000000004       -15.546885988841405     
   171.00000000000000        8.4800000000000004       -15.640639854849615     
   172.80000000000001        8.4800000000000004       -15.717937093636976     
   174.59999999999999        8.4800000000000004       -15.778392539257554     
   176.40000000000001        8.4800000000000004       -15.821786966888531     
   178.20000000000002        8.4800000000000004       -15.857948929212476     
   180.00000000000000        8.4800000000000004       -15.856607798747035     
   0.0000000000000000        8.5599999999999987       -20.236822838030733     
   1.8000000000000003        8.5599999999999987       -20.225955501262526     
   3.6000000000000005        8.5599999999999987       -20.193363174396694     
   5.4000000000000004        8.5599999999999987       -20.139193193626550     
   7.2000000000000011        8.5599999999999987       -20.063609492489633     
   9.0000000000000000        8.5599999999999987       -19.966916904880094     
   10.800000000000001        8.5599999999999987       -19.849427951299113     
   12.600000000000001        8.5599999999999987       -19.711603768903501     
   14.400000000000002        8.5599999999999987       -19.553896325470831     
   16.200000000000003        8.5599999999999987       -19.376920827780747     
   18.000000000000000        8.5599999999999987       -19.181296673863372     
   19.799999999999997        8.5599999999999987       -18.967667030177626     
   21.600000000000001        8.5599999999999987       -18.736911341930295     
   23.400000000000002        8.5599999999999987       -18.489764899656926     
   25.200000000000003        8.5599999999999987       -18.227112823844728     
   27.000000000000000        8.5599999999999987       -17.949980256840121     
   28.800000000000004        8.5599999999999987       -17.659247558982351     
   30.600000000000005        8.5599999999999987       -17.356003361188233     
   32.400000000000006        8.5599999999999987       -17.041347887286115     
   34.199999999999996        8.5599999999999987       -16.716377865256600     
   36.000000000000000        8.5599999999999987       -16.382223224159414     
   37.800000000000004        8.5599999999999987       -16.040069661459498     
   39.599999999999994        8.5599999999999987       -15.691141064656341     
   41.399999999999999        8.5599999999999987       -15.336681333845258     
   43.200000000000003        8.5599999999999987       -14.977879005467372     
   45.000000000000000        8.5599999999999987       -14.616088947353965     
   46.800000000000004        8.5599999999999987       -14.252449055108054     
   48.599999999999994        8.5599999999999987       -13.888329587418760     
   50.400000000000006        8.5599999999999987       -13.524922611390885     
   52.200000000000003        8.5599999999999987       -13.163471375292449     
   54.000000000000000        8.5599999999999987       -12.805312159805780     
   55.799999999999997        8.5599999999999987       -12.451570028770938     
   57.600000000000009        8.5599999999999987       -12.103491046001004     
   59.400000000000013        8.5599999999999987       -11.762241383389215     
   61.200000000000010        8.5599999999999987       -11.428950562895864     
   63.000000000000000        8.5599999999999987       -11.104740511043699     
   64.800000000000011        8.5599999999999987       -10.790686236926049     
   66.600000000000009        8.5599999999999987       -10.487807526350075     
   68.399999999999991        8.5599999999999987       -10.197062615654890     
   70.200000000000003        8.5599999999999987       -9.9193914869884061     
   72.000000000000000        8.5599999999999987       -9.6557184523520014     
   73.799999999999997        8.5599999999999987       -9.4067441746588969     
   75.600000000000009        8.5599999999999987       -9.1733407002658041     
   77.399999999999991        8.5599999999999987       -8.9561541710335373     
   79.199999999999989        8.5599999999999987       -8.7558019522195938     
   81.000000000000000        8.5599999999999987       -8.5728152102315107     
   82.799999999999997        8.5599999999999987       -8.4077487488512812     
   84.599999999999994        8.5599999999999987       -8.2609506747178969     
   86.400000000000006        8.5599999999999987       -8.1327848314861981     
   88.200000000000003        8.5599999999999987       -8.0235765511376691     
   90.000000000000000        8.5599999999999987       -7.9334323278070329     
   91.799999999999997        8.5599999999999987       -7.8625004709674879     
   93.600000000000009        8.5599999999999987       -7.8108683212921335     
   95.400000000000006        8.5599999999999987       -7.7784311256398579     
   97.199999999999989        8.5599999999999987       -7.7650987353408354     
   99.000000000000014        8.5599999999999987       -7.7707420236779630     
   100.80000000000001        8.5599999999999987       -7.7950132263443184     
   102.59999999999999        8.5599999999999987       -7.8376687779653658     
   104.40000000000001        8.5599999999999987       -7.8982540684427942     
   106.19999999999999        8.5599999999999987       -7.9763051256026865     
   108.00000000000000        8.5599999999999987       -8.0712500504017779     
   109.80000000000000        8.5599999999999987       -8.1826013280205494     
   111.59999999999999        8.5599999999999987       -8.3095737887031138     
   113.40000000000001        8.5599999999999987       -8.4514686062369453     
   115.20000000000002        8.5599999999999987       -8.6075694599427965     
   117.00000000000000        8.5599999999999987       -8.7769839711387263     
   118.80000000000003        8.5599999999999987       -8.9588340194641418     
   120.60000000000001        8.5599999999999987       -9.1521840114249731     
   122.40000000000002        8.5599999999999987       -9.3561269664940916     
   124.20000000000000        8.5599999999999987       -9.5695899503829356     
   126.00000000000000        8.5599999999999987       -9.7915386412953964     
   127.80000000000001        8.5599999999999987       -10.020933957820784     
   129.60000000000002        8.5599999999999987       -10.256621152135596     
   131.40000000000001        8.5599999999999987       -10.497542893501649     
   133.20000000000002        8.5599999999999987       -10.742575889043819     
   135.00000000000000        8.5599999999999987       -10.990488914117464     
   136.79999999999998        8.5599999999999987       -11.240258749223539     
   138.59999999999999        8.5599999999999987       -11.490623526749925     
   140.40000000000001        8.5599999999999987       -11.740490383445753     
   142.20000000000002        8.5599999999999987       -11.988695316624119     
   144.00000000000000        8.5599999999999987       -12.234093059330274     
   145.79999999999998        8.5599999999999987       -12.475632359252666     
   147.59999999999999        8.5599999999999987       -12.712218227027082     
   149.40000000000003        8.5599999999999987       -12.942729425089400     
   151.20000000000002        8.5599999999999987       -13.166151650536468     
   153.00000000000000        8.5599999999999987       -13.381462839025700     
   154.79999999999998        8.5599999999999987       -13.587804012060303     
   156.59999999999997        8.5599999999999987       -13.784130456997257     
   158.39999999999998        8.5599999999999987       -13.969637784271743     
   160.20000000000002        8.5599999999999987       -14.143501242388322     
   162.00000000000000        8.5599999999999987       -14.304885466436497     
   163.79999999999998        8.5599999999999987       -14.453195863247984     
   165.59999999999999        8.5599999999999987       -14.587679816087947     
   167.40000000000001        8.5599999999999987       -14.707759553369007     
   169.19999999999999        8.5599999999999987       -14.812934612562646     
   171.00000000000000        8.5599999999999987       -14.902707098117673     
   172.80000000000001        8.5599999999999987       -14.976720912828466     
   174.59999999999999        8.5599999999999987       -15.034607845783704     
   176.40000000000001        8.5599999999999987       -15.076158291701862     
   178.20000000000002        8.5599999999999987       -15.110764324595568     
   180.00000000000000        8.5599999999999987       -15.109499312272906     
   0.0000000000000000        8.6400000000000006       -19.207891428322878     
   1.8000000000000003        8.6400000000000006       -19.197550652245752     
   3.6000000000000005        8.6400000000000006       -19.166537536812271     
   5.4000000000000004        8.6400000000000006       -19.114992438994964     
   7.2000000000000011        8.6400000000000006       -19.043071502239982     
   9.0000000000000000        8.6400000000000006       -18.951065109034005     
   10.800000000000001        8.6400000000000006       -18.839270937174007     
   12.600000000000001        8.6400000000000006       -18.708128256850873     
   14.400000000000002        8.6400000000000006       -18.558067571225660     
   16.200000000000003        8.6400000000000006       -18.389674910325983     
   18.000000000000000        8.6400000000000006       -18.203540269347759     
   19.799999999999997        8.6400000000000006       -18.000276264649145     
   21.600000000000001        8.6400000000000006       -17.780720642208479     
   23.400000000000002        8.6400000000000006       -17.545573750211389     
   25.200000000000003        8.6400000000000006       -17.295678687150520     
   27.000000000000000        8.6400000000000006       -17.032011955724201     
   28.800000000000004        8.6400000000000006       -16.755412064101218     
   30.600000000000005        8.6400000000000006       -16.466915961935726     
   32.400000000000006        8.6400000000000006       -16.167571620085425     
   34.199999999999996        8.6400000000000006       -15.858423652491783     
   36.000000000000000        8.6400000000000006       -15.540548286395975     
   37.800000000000004        8.6400000000000006       -15.215074868011035     
   39.599999999999994        8.6400000000000006       -14.883169112042486     
   41.399999999999999        8.6400000000000006       -14.546015780360811     
   43.200000000000003        8.6400000000000006       -14.204746854038728     
   45.000000000000000        8.6400000000000006       -13.860652794572911     
   46.800000000000004        8.6400000000000006       -13.514817281688490     
   48.599999999999994        8.6400000000000006       -13.168545400623112     
   50.400000000000006        8.6400000000000006       -12.822972411535677     
   52.200000000000003        8.6400000000000006       -12.479282327152216     
   54.000000000000000        8.6400000000000006       -12.138747794931952     
   55.799999999999997        8.6400000000000006       -11.802440168514893     
   57.600000000000009        8.6400000000000006       -11.471546088972064     
   59.400000000000013        8.6400000000000006       -11.147176048973447     
   61.200000000000010        8.6400000000000006       -10.830405600303170     
   63.000000000000000        8.6400000000000006       -10.522303041655711     
   64.800000000000011        8.6400000000000006       -10.223891948207875     
   66.600000000000009        8.6400000000000006       -9.9361432575163011     
   68.399999999999991        8.6400000000000006       -9.6599692419266372     
   70.200000000000003        8.6400000000000006       -9.3962647669411385     
   72.000000000000000        8.6400000000000006       -9.1459097545045704     
   73.799999999999997        8.6400000000000006       -8.9095709937962333     
   75.600000000000009        8.6400000000000006       -8.6880785818118529     
   77.399999999999991        8.6400000000000006       -8.4820473353057011     
   79.199999999999989        8.6400000000000006       -8.2920646414470482     
   81.000000000000000        8.6400000000000006       -8.1186357391515536     
   82.799999999999997        8.6400000000000006       -7.9622883866043406     
   84.599999999999994        8.6400000000000006       -7.8233533687233141     
   86.400000000000006        8.6400000000000006       -7.7021764630260385     
   88.200000000000003        8.6400000000000006       -7.5990667451702212     
   90.000000000000000        8.6400000000000006       -7.5141247510498985     
   91.799999999999997        8.6400000000000006       -7.4474908628577978     
   93.600000000000009        8.6400000000000006       -7.3992473635800167     
   95.400000000000006        8.6400000000000006       -7.3692934845235332     
   97.199999999999989        8.6400000000000006       -7.3575423759519101     
   99.000000000000014        8.6400000000000006       -7.3638700474447969     
   100.80000000000001        8.6400000000000006       -7.3879441652461946     
   102.59999999999999        8.6400000000000006       -7.4295316948978876     
   104.40000000000001        8.6400000000000006       -7.4881984959476142     
   106.19999999999999        8.6400000000000006       -7.5635015129979966     
   108.00000000000000        8.6400000000000006       -7.6548948509301971     
   109.80000000000000        8.6400000000000006       -7.7619130354712009     
   111.59999999999999        8.6400000000000006       -7.8838069562071897     
   113.40000000000001        8.6400000000000006       -8.0199097924486900     
   115.20000000000002        8.6400000000000006       -8.1695380633956987     
   117.00000000000000        8.6400000000000006       -8.3318405285099395     
   118.80000000000003        8.6400000000000006       -8.5059795471503978     
   120.60000000000001        8.6400000000000006       -8.6910627241126779     
   122.40000000000002        8.6400000000000006       -8.8862249447762061     
   124.20000000000000        8.6400000000000006       -9.0904429667799356     
   126.00000000000000        8.6400000000000006       -9.3027303588372146     
   127.80000000000001        8.6400000000000006       -9.5220961707870018     
   129.60000000000002        8.6400000000000006       -9.7474392475649623     
   131.40000000000001        8.6400000000000006       -9.9777512843354561     
   133.20000000000002        8.6400000000000006       -10.211961137701381     
   135.00000000000000        8.6400000000000006       -10.448894832149692     
   136.79999999999998        8.6400000000000006       -10.687576627584711     
   138.59999999999999        8.6400000000000006       -10.926803389186070     
   140.40000000000001        8.6400000000000006       -11.165533053721823     
   142.20000000000002        8.6400000000000006       -11.402655789129581     
   144.00000000000000        8.6400000000000006       -11.637079640174042     
   145.79999999999998        8.6400000000000006       -11.867802264820753     
   147.59999999999999        8.6400000000000006       -12.093779666603867     
   149.40000000000003        8.6400000000000006       -12.313942860875624     
   151.20000000000002        8.6400000000000006       -12.527324789717301     
   153.00000000000000        8.6400000000000006       -12.732951024681357     
   154.79999999999998        8.6400000000000006       -12.930002573340705     
   156.59999999999997        8.6400000000000006       -13.117483477501276     
   158.39999999999998        8.6400000000000006       -13.294626817777200     
   160.20000000000002        8.6400000000000006       -13.460646298520826     
   162.00000000000000        8.6400000000000006       -13.614745537866522     
   163.79999999999998        8.6400000000000006       -13.756357621376349     
   165.59999999999999        8.6400000000000006       -13.884765076969025     
   167.40000000000001        8.6400000000000006       -13.999417076913659     
   169.19999999999999        8.6400000000000006       -14.099836492678810     
   171.00000000000000        8.6400000000000006       -14.185548670923946     
   172.80000000000001        8.6400000000000006       -14.256214111911603     
   174.59999999999999        8.6400000000000006       -14.311481801732070     
   176.40000000000001        8.6400000000000006       -14.351151896593738     
   178.20000000000002        8.6400000000000006       -14.384174343320222     
   180.00000000000000        8.6400000000000006       -14.382983943027760     
   0.0000000000000000        8.7199999999999989       -18.207193460459546     
   1.8000000000000003        8.7199999999999989       -18.197376186737127     
   3.6000000000000005        8.7199999999999989       -18.167933110618645     
   5.4000000000000004        8.7199999999999989       -18.118997632891677     
   7.2000000000000011        8.7199999999999989       -18.050718135387349     
   9.0000000000000000        8.7199999999999989       -17.963370598186049     
   10.800000000000001        8.7199999999999989       -17.857237909720034     
   12.600000000000001        8.7199999999999989       -17.732737547988460     
   14.400000000000002        8.7199999999999989       -17.590278628567983     
   16.200000000000003        8.7199999999999989       -17.430418104936066     
   18.000000000000000        8.7199999999999989       -17.253716673489436     
   19.799999999999997        8.7199999999999989       -17.060756510702170     
   21.600000000000001        8.7199999999999989       -16.852333805493782     
   23.400000000000002        8.7199999999999989       -16.629114091595525     
   25.200000000000003        8.7199999999999989       -16.391898594784337     
   27.000000000000000        8.7199999999999989       -16.141615347540458     
   28.800000000000004        8.7199999999999989       -15.879061160818249     
   30.600000000000005        8.7199999999999989       -15.605221486311319     
   32.400000000000006        8.7199999999999989       -15.321092229623957     
   34.199999999999996        8.7199999999999989       -15.027666080905334     
   36.000000000000000        8.7199999999999989       -14.725965762753962     
   37.800000000000004        8.7199999999999989       -14.417064476916774     
   39.599999999999994        8.7199999999999989       -14.102069979504735     
   41.399999999999999        8.7199999999999989       -13.782108113504638     
   43.200000000000003        8.7199999999999989       -13.458254519884157     
   45.000000000000000        8.7199999999999989       -13.131735491838990     
   46.800000000000004        8.7199999999999989       -12.803580707407187     
   48.599999999999994        8.7199999999999989       -12.475030323205955     
   50.400000000000006        8.7199999999999989       -12.147163017992778     
   52.200000000000003        8.7199999999999989       -11.821103802980209     
   54.000000000000000        8.7199999999999989       -11.498061939916500     
   55.799999999999997        8.7199999999999989       -11.179055296211398     
   57.600000000000009        8.7199999999999989       -10.865211330872711     
   59.400000000000013        8.7199999999999989       -10.557585090254674     
   61.200000000000010        8.7199999999999989       -10.257198386261685     
   63.000000000000000        8.7199999999999989       -9.9650661208812199     
   64.800000000000011        8.7199999999999989       -9.6821606624515155     
   66.600000000000009        8.7199999999999989       -9.4094043222095642     
   68.399999999999991        8.7199999999999989       -9.1476636244264125     
   70.200000000000003        8.7199999999999989       -8.8977885330241246     
   72.000000000000000        8.7199999999999989       -8.6606147943170733     
   73.799999999999997        8.7199999999999989       -8.4367755121840382     
   75.600000000000009        8.7199999999999989       -8.2270590445630241     
   77.399999999999991        8.7199999999999989       -8.0320490669333005     
   79.199999999999989        8.7199999999999989       -7.8523031695669347     
   81.000000000000000        8.7199999999999989       -7.6883008353611579     
   82.799999999999997        8.7199999999999989       -7.5405429518908278     
   84.599999999999994        8.7199999999999989       -7.4093431327791794     
   86.400000000000006        8.7199999999999989       -7.2950292421738379     
   88.200000000000003        8.7199999999999989       -7.1978942478229850     
   90.000000000000000        8.7199999999999989       -7.1180328494385412     
   91.799999999999997        8.7199999999999989       -7.0555776291763177     
   93.600000000000009        8.7199999999999989       -7.0106059321761673     
   95.400000000000006        8.7199999999999989       -6.9830210706021720     
   97.199999999999989        8.7199999999999989       -6.9727395916180690     
   99.000000000000014        8.7199999999999989       -6.9796427340113558     
   100.80000000000001        8.7199999999999989       -7.0034136605110344     
   102.59999999999999        8.7199999999999989       -7.0438299456241875     
   104.40000000000001        8.7199999999999989       -7.1004779703255263     
   106.19999999999999        8.7199999999999989       -7.1729356458897229     
   108.00000000000000        8.7199999999999989       -7.2606831170599282     
   109.80000000000000        8.7199999999999989       -7.3632769953355961     
   111.59999999999999        8.7199999999999989       -7.4800042376692426     
   113.40000000000001        8.7199999999999989       -7.6102300462399635     
   115.20000000000002        8.7199999999999989       -7.7533037940849212     
   117.00000000000000        8.7199999999999989       -7.9084153700275222     
   118.80000000000003        8.7199999999999989       -8.0747676046342978     
   120.60000000000001        8.7199999999999989       -8.2515112839420279     
   122.40000000000002        8.7199999999999989       -8.4378231440089735     
   124.20000000000000        8.7199999999999989       -8.6327295972768088     
   126.00000000000000        8.7199999999999989       -8.8352920686928798     
   127.80000000000001        8.7199999999999989       -9.0445677025633415     
   129.60000000000002        8.7199999999999989       -9.2595088837391160     
   131.40000000000001        8.7199999999999989       -9.4791562901680102     
   133.20000000000002        8.7199999999999989       -9.7024908746151066     
   135.00000000000000        8.7199999999999989       -9.9283958420084435     
   136.79999999999998        8.7199999999999989       -10.155942885871717     
   138.59999999999999        8.7199999999999989       -10.383987526988946     
   140.40000000000001        8.7199999999999989       -10.611538442978327     
   142.20000000000002        8.7199999999999989       -10.837539902021117     
   144.00000000000000        8.7199999999999989       -11.060953189851013     
   145.79999999999998        8.7199999999999989       -11.280824812663621     
   147.59999999999999        8.7199999999999989       -11.496161696757303     
   149.40000000000003        8.7199999999999989       -11.705947034240900     
   151.20000000000002        8.7199999999999989       -11.909260946106556     
   153.00000000000000        8.7199999999999989       -12.105176569831745     
   154.79999999999998        8.7199999999999989       -12.292914845883324     
   156.59999999999997        8.7199999999999989       -12.471528491730721     
   158.39999999999998        8.7199999999999989       -12.640288005456089     
   160.20000000000002        8.7199999999999989       -12.798445488926525     
   162.00000000000000        8.7199999999999989       -12.945243480508541     
   163.79999999999998        8.7199999999999989       -13.080142707687086     
   165.59999999999999        8.7199999999999989       -13.202460783775759     
   167.40000000000001        8.7199999999999989       -13.311673783575369     
   169.19999999999999        8.7199999999999989       -13.407327877289365     
   171.00000000000000        8.7199999999999989       -13.488971615488015     
   172.80000000000001        8.7199999999999989       -13.556282071447987     
   174.59999999999999        8.7199999999999989       -13.608925398946557     
   176.40000000000001        8.7199999999999989       -13.646711502220251     
   178.20000000000002        8.7199999999999989       -13.678149349856678     
   180.00000000000000        8.7199999999999989       -13.677031669167942     
   0.0000000000000000        8.8000000000000007       -17.246171268452471     
   1.8000000000000003        8.8000000000000007       -17.236867111405854     
   3.6000000000000005        8.8000000000000007       -17.208962927002148     
   5.4000000000000004        8.8000000000000007       -17.162585280494589     
   7.2000000000000011        8.8000000000000007       -17.097874929453322     
   9.0000000000000000        8.8000000000000007       -17.015093702641138     
   10.800000000000001        8.8000000000000007       -16.914509959939132     
   12.600000000000001        8.8000000000000007       -16.796519767697301     
   14.400000000000002        8.8000000000000007       -16.661511230979357     
   16.200000000000003        8.8000000000000007       -16.510012734884242     
   18.000000000000000        8.8000000000000007       -16.342556192088871     
   19.799999999999997        8.8000000000000007       -16.159693876422764     
   21.600000000000001        8.8000000000000007       -15.962181145013369     
   23.400000000000002        8.8000000000000007       -15.750649333397938     
   25.200000000000003        8.8000000000000007       -15.525858531356917     
   27.000000000000000        8.8000000000000007       -15.288689150628405     
   28.800000000000004        8.8000000000000007       -15.039897044796849     
   30.600000000000005        8.8000000000000007       -14.780417073376313     
   32.400000000000006        8.8000000000000007       -14.511193994838411     
   34.199999999999996        8.8000000000000007       -14.233169494162585     
   36.000000000000000        8.8000000000000007       -13.947313737015907     
   37.800000000000004        8.8000000000000007       -13.654644775032136     
   39.599999999999994        8.8000000000000007       -13.356213432931474     
   41.399999999999999        8.8000000000000007       -13.053087680610192     
   43.200000000000003        8.8000000000000007       -12.746287824395262     
   45.000000000000000        8.8000000000000007       -12.436977127312435     
   46.800000000000004        8.8000000000000007       -12.126132237194948     
   48.599999999999994        8.8000000000000007       -11.814929537576489     
   50.400000000000006        8.8000000000000007       -11.504392144809652     
   52.200000000000003        8.8000000000000007       -11.195587130028340     
   54.000000000000000        8.8000000000000007       -10.889661505725584     
   55.799999999999997        8.8000000000000007       -10.587580626945263     
   57.600000000000009        8.8000000000000007       -10.290413841164579     
   59.400000000000013        8.8000000000000007       -9.9991617586947559     
   61.200000000000010        8.8000000000000007       -9.7147934352328189     
   63.000000000000000        8.8000000000000007       -9.4382713557128000     
   64.800000000000011        8.8000000000000007       -9.1705176264689499     
   66.600000000000009        8.8000000000000007       -8.9124068358458235     
   68.399999999999991        8.8000000000000007       -8.6647606170151086     
   70.200000000000003        8.8000000000000007       -8.4283848765340679     
   72.000000000000000        8.8000000000000007       -8.2040720184505851     
   73.799999999999997        8.8000000000000007       -7.9924221213807813     
   75.600000000000009        8.8000000000000007       -7.7941825991977591     
   77.399999999999991        8.8000000000000007       -7.6099066057875522     
   79.199999999999989        8.8000000000000007       -7.4401225326750513     
   81.000000000000000        8.8000000000000007       -7.2852846384145504     
   82.799999999999997        8.8000000000000007       -7.1458674908026252     
   84.599999999999994        8.8000000000000007       -7.0221679222234368     
   86.400000000000006        8.8000000000000007       -6.9144962862662673     
   88.200000000000003        8.8000000000000007       -6.8231298158694429     
   90.000000000000000        8.8000000000000007       -6.7481575770565891     
   91.799999999999997        8.8000000000000007       -6.6897045872025780     
   93.600000000000009        8.8000000000000007       -6.6478434412600862     
   95.400000000000006        8.8000000000000007       -6.6224815698283379     
   97.199999999999989        8.8000000000000007       -6.6135389657149464     
   99.000000000000014        8.8000000000000007       -6.6209021148764728     
   100.80000000000001        8.8000000000000007       -6.6442695233324418     
   102.59999999999999        8.8000000000000007       -6.6834293021192028     
   104.40000000000001        8.8000000000000007       -6.7379881157413806     
   106.19999999999999        8.8000000000000007       -6.8075445961210423     
   108.00000000000000        8.8000000000000007       -6.8916045966492030     
   109.80000000000000        8.8000000000000007       -6.9897465482131791     
   111.59999999999999        8.8000000000000007       -7.1012929752150544     
   113.40000000000001        8.8000000000000007       -7.2256406689205797     
   115.20000000000002        8.8000000000000007       -7.3621714073828119     
   117.00000000000000        8.8000000000000007       -7.5101156210304651     
   118.80000000000003        8.8000000000000007       -7.6687160334141229     
   120.60000000000001        8.8000000000000007       -7.8371659870161716     
   122.40000000000002        8.8000000000000007       -8.0146834643072573     
   124.20000000000000        8.8000000000000007       -8.2003437967983288     
   126.00000000000000        8.8000000000000007       -8.3932555580698214     
   127.80000000000001        8.8000000000000007       -8.5925232734685615     
   129.60000000000002        8.8000000000000007       -8.7971520618297738     
   131.40000000000001        8.8000000000000007       -9.0062308517043377     
   133.20000000000002        8.8000000000000007       -9.2187919059513277     
   135.00000000000000        8.8000000000000007       -9.4337747371295393     
   136.79999999999998        8.8000000000000007       -9.6502977593868238     
   138.59999999999999        8.8000000000000007       -9.8672742471551569     
   140.40000000000001        8.8000000000000007       -10.083762846147838     
   142.20000000000002        8.8000000000000007       -10.298761093682129     
   144.00000000000000        8.8000000000000007       -10.511282697087397     
   145.79999999999998        8.8000000000000007       -10.720422261844949     
   147.59999999999999        8.8000000000000007       -10.925236850891725     
   149.40000000000003        8.8000000000000007       -11.124761023371558     
   151.20000000000002        8.8000000000000007       -11.318121349777876     
   153.00000000000000        8.8000000000000007       -11.504437794813418     
   154.79999999999998        8.8000000000000007       -11.682970617167166     
   156.59999999999997        8.8000000000000007       -11.852820446957335     
   158.39999999999998        8.8000000000000007       -12.013294620937529     
   160.20000000000002        8.8000000000000007       -12.163683040351962     
   162.00000000000000        8.8000000000000007       -12.303266553885909     
   163.79999999999998        8.8000000000000007       -12.431533105466871     
   165.59999999999999        8.8000000000000007       -12.547834841387733     
   167.40000000000001        8.8000000000000007       -12.651674319458234     
   169.19999999999999        8.8000000000000007       -12.742620645811552     
   171.00000000000000        8.8000000000000007       -12.820245210464257     
   172.80000000000001        8.8000000000000007       -12.884241402254073     
   174.59999999999999        8.8000000000000007       -12.934292272027808     
   176.40000000000001        8.8000000000000007       -12.970217321528260     
   178.20000000000002        8.8000000000000007       -13.000091882653292     
   180.00000000000000        8.8000000000000007       -12.999044032198217     
   0.0000000000000000        8.8799999999999990       -16.323144414139612     
   1.8000000000000003        8.8799999999999990       -16.314339911826465     
   3.6000000000000005        8.8799999999999990       -16.287934245449584     
   5.4000000000000004        8.8799999999999990       -16.244047311350201     
   7.2000000000000011        8.8799999999999990       -16.182812430683430     
   9.0000000000000000        8.8799999999999990       -16.104477626786935     
   10.800000000000001        8.8799999999999990       -16.009297088280462     
   12.600000000000001        8.8799999999999990       -15.897645993671812     
   14.400000000000002        8.8799999999999990       -15.769891954132312     
   16.200000000000003        8.8799999999999990       -15.626535485581165     
   18.000000000000000        8.8799999999999990       -15.468080423654417     
   19.799999999999997        8.8799999999999990       -15.295049875221725     
   21.600000000000001        8.8799999999999990       -15.108159364208424     
   23.400000000000002        8.8799999999999990       -14.908006870649835     
   25.200000000000003        8.8799999999999990       -14.695312358703266     
   27.000000000000000        8.8799999999999990       -14.470909786587217     
   28.800000000000004        8.8799999999999990       -14.235515061043577     
   30.600000000000005        8.8799999999999990       -13.990013691831013     
   32.400000000000006        8.8799999999999990       -13.735300548067231     
   34.199999999999996        8.8799999999999990       -13.472267566039896     
   36.000000000000000        8.8799999999999990       -13.201833650008405     
   37.800000000000004        8.8799999999999990       -12.924963060853512     
   39.599999999999994        8.8799999999999990       -12.642651095697872     
   41.399999999999999        8.8799999999999990       -12.355909279508339     
   43.200000000000003        8.8799999999999990       -12.065703953469431     
   45.000000000000000        8.8799999999999990       -11.773136905249254     
   46.800000000000004        8.8799999999999990       -11.479133070607395     
   48.599999999999994        8.8799999999999990       -11.184806635998257     
   50.400000000000006        8.8799999999999990       -10.891126537250129     
   52.200000000000003        8.8799999999999990       -10.599103345595116     
   54.000000000000000        8.8799999999999990       -10.309823368742448     
   55.799999999999997        8.8799999999999990       -10.024200763152360     
   57.600000000000009        8.8799999999999990       -9.7432482134874352     
   59.400000000000013        8.8799999999999990       -9.4679132564520074     
   61.200000000000010        8.8799999999999990       -9.1991135152141101     
   63.000000000000000        8.8799999999999990       -8.9377603744783212     
   64.800000000000011        8.8799999999999990       -8.6847269451788911     
   66.600000000000009        8.8799999999999990       -8.4408412999268805     
   68.399999999999991        8.8799999999999990       -8.2068813214612550     
   70.200000000000003        8.8799999999999990       -7.9836099807226368     
   72.000000000000000        8.8799999999999990       -7.7717774450806738     
   73.799999999999997        8.8799999999999990       -7.5719516282913242     
   75.600000000000009        8.8799999999999990       -7.3848400501351241     
   77.399999999999991        8.8799999999999990       -7.2109661450319269     
   79.199999999999989        8.8799999999999990       -7.0508298769458300     
   81.000000000000000        8.8799999999999990       -6.9048609570342556     
   82.799999999999997        8.8799999999999990       -6.7735083368356497     
   84.599999999999994        8.8799999999999990       -6.6570525439503365     
   86.400000000000006        8.8799999999999990       -6.5557869155583806     
   88.200000000000003        8.8799999999999990       -6.4699734018230544     
   90.000000000000000        8.8799999999999990       -6.3996956464082002     
   91.799999999999997        8.8799999999999990       -6.3450713593586752     
   93.600000000000009        8.8799999999999990       -6.3061685757777255     
   95.400000000000006        8.8799999999999990       -6.2828988234916610     
   97.199999999999989        8.8799999999999990       -6.2751855356343933     
   99.000000000000014        8.8799999999999990       -6.2829203968292369     
   100.80000000000001        8.8799999999999990       -6.3058169668413324     
   102.59999999999999        8.8799999999999990       -6.3436737179284348     
   104.40000000000001        8.8799999999999990       -6.3961171899490648     
   106.19999999999999        8.8799999999999990       -6.4627663163455065     
   108.00000000000000        8.8799999999999990       -6.5431521204898342     
   109.80000000000000        8.8799999999999990       -6.6368744060531419     
   111.59999999999999        8.8799999999999990       -6.7432904897161690     
   113.40000000000001        8.8799999999999990       -6.8618280707030719     
   115.20000000000002        8.8799999999999990       -6.9919006306075824     
   117.00000000000000        8.8799999999999990       -7.1327782450121759     
   118.80000000000003        8.8799999999999990       -7.2837426484351440     
   120.60000000000001        8.8799999999999990       -7.4440287931793341     
   122.40000000000002        8.8799999999999990       -7.6128949915734587     
   124.20000000000000        8.8799999999999990       -7.7894643934585153     
   126.00000000000000        8.8799999999999990       -7.9728916612268570     
   127.80000000000001        8.8799999999999990       -8.1623276345420592     
   129.60000000000002        8.8799999999999990       -8.3568289704370500     
   131.40000000000001        8.8799999999999990       -8.5555317576999688     
   133.20000000000002        8.8799999999999990       -8.7575184044219192     
   135.00000000000000        8.8799999999999990       -8.9617834451643095     
   136.79999999999998        8.8799999999999990       -9.1674909560128341     
   138.59999999999999        8.8799999999999990       -9.3736106415696039     
   140.40000000000001        8.8799999999999990       -9.5792499760442986     
   142.20000000000002        8.8799999999999990       -9.7834585457627483     
   144.00000000000000        8.8799999999999990       -9.9853012778661228     
   145.79999999999998        8.8799999999999990       -10.183919776488494     
   147.59999999999999        8.8799999999999990       -10.378420090033350     
   149.40000000000003        8.8799999999999990       -10.567886962166300     
   151.20000000000002        8.8799999999999990       -10.751492345581502     
   153.00000000000000        8.8799999999999990       -10.928401953815472     
   154.79999999999998        8.8799999999999990       -11.097914462315863     
   156.59999999999997        8.8799999999999990       -11.259177305297104     
   158.39999999999998        8.8799999999999990       -11.411533811496451     
   160.20000000000002        8.8799999999999990       -11.554310809717405     
   162.00000000000000        8.8799999999999990       -11.686826572711494     
   163.79999999999998        8.8799999999999990       -11.808595636848246     
   165.59999999999999        8.8799999999999990       -11.919003880635657     
   167.40000000000001        8.8799999999999990       -12.017579733752145     
   169.19999999999999        8.8799999999999990       -12.103914709354051     
   171.00000000000000        8.8799999999999990       -12.177602507935170     
   172.80000000000001        8.8799999999999990       -12.238352458106810     
   174.59999999999999        8.8799999999999990       -12.285864115740290     
   176.40000000000001        8.8799999999999990       -12.319966359693279     
   178.20000000000002        8.8799999999999990       -12.348311231163237     
   180.00000000000000        8.8799999999999990       -12.347330319036733     
   0.0000000000000000        8.9600000000000009       -15.439205570939457     
   1.8000000000000003        8.9600000000000009       -15.430884703670154     
   3.6000000000000005        8.9600000000000009       -15.405929510653802     
   5.4000000000000004        8.9600000000000009       -15.364453422345175     
   7.2000000000000011        8.9600000000000009       -15.306582551567846     
   9.0000000000000000        8.9600000000000009       -15.232551537318338     
   10.800000000000001        8.9600000000000009       -15.142600831041850     
   12.600000000000001        8.9600000000000009       -15.037085360896221     
   14.400000000000002        8.9600000000000009       -14.916352871854908     
   16.200000000000003        8.9600000000000009       -14.780876861482952     
   18.000000000000000        8.9600000000000009       -14.631133947419128     
   19.799999999999997        8.9600000000000009       -14.467618963264242     
   21.600000000000001        8.9600000000000009       -14.291008815183954     
   23.400000000000002        8.9600000000000009       -14.101869150864909     
   25.200000000000003        8.9600000000000009       -13.900881036886531     
   27.000000000000000        8.9600000000000009       -13.688833397601286     
   28.800000000000004        8.9600000000000009       -13.466403419330183     
   30.600000000000005        8.9600000000000009       -13.234428772248577     
   32.400000000000006        8.9600000000000009       -12.993755964267539     
   34.199999999999996        8.9600000000000009       -12.745228708677555     
   36.000000000000000        8.9600000000000009       -12.489716221111152     
   37.800000000000004        8.9600000000000009       -12.228130622008898     
   39.599999999999994        8.9600000000000009       -11.961413384942491     
   41.399999999999999        8.9600000000000009       -11.690521323119944     
   43.200000000000003        8.9600000000000009       -11.416368472983221     
   45.000000000000000        8.9600000000000009       -11.139997033956236     
   46.800000000000004        8.9600000000000009       -10.862281825604473     
   48.599999999999994        8.9600000000000009       -10.584276748999892     
   50.400000000000006        8.9600000000000009       -10.306898232189766     
   52.200000000000003        8.9600000000000009       -10.031102090144492     
   54.000000000000000        8.9600000000000009       -9.7579157968096517     
   55.799999999999997        8.9600000000000009       -9.4882038973181970     
   57.600000000000009        8.9600000000000009       -9.2229241658112908     
   59.400000000000013        8.9600000000000009       -8.9629727112182707     
   61.200000000000010        8.9600000000000009       -8.7092173219048892     
   63.000000000000000        8.9600000000000009       -8.4625198711534324     
   64.800000000000011        8.9600000000000009       -8.2237060011848193     
   66.600000000000009        8.9600000000000009       -7.9935587221472462     
   68.399999999999991        8.9600000000000009       -7.7728135375796858     
   70.200000000000003        8.9600000000000009       -7.5621918304228135     
   72.000000000000000        8.9600000000000009       -7.3624028587834847     
   73.799999999999997        8.9600000000000009       -7.1739833976883158     
   75.600000000000009        8.9600000000000009       -6.9976023313320130     
   77.399999999999991        8.9600000000000009       -6.8337543286854032     
   79.199999999999989        8.9600000000000009       -6.6829118419441453     
   81.000000000000000        8.9600000000000009       -6.5454808347710633     
   82.799999999999997        8.9600000000000009       -6.4218854747801455     
   84.599999999999994        8.9600000000000009       -6.3123905382602210     
   86.400000000000006        8.9600000000000009       -6.2172729210478055     
   88.200000000000003        8.9600000000000009       -6.1367798138109126     
   90.000000000000000        8.9600000000000009       -6.0709896656213989     
   91.799999999999997        8.9600000000000009       -6.0200131635425809     
   93.600000000000009        8.9600000000000009       -5.9839139848001857     
   95.400000000000006        8.9600000000000009       -5.9626076967936044     
   97.199999999999989        8.9600000000000009       -5.9560211348958845     
   99.000000000000014        8.9600000000000009       -5.9640510913973905     
   100.80000000000001        8.9600000000000009       -5.9864257930715077     
   102.59999999999999        8.9600000000000009       -6.0229538270332794     
   104.40000000000001        8.9600000000000009       -6.0732810764885619     
   106.19999999999999        8.9600000000000009       -6.1370462311684797     
   108.00000000000000        8.9600000000000009       -6.2138047927158890     
   109.80000000000000        8.9600000000000009       -6.3031773591531604     
   111.59999999999999        8.9600000000000009       -6.4045550580225079     
   113.40000000000001        8.9600000000000009       -6.5173956308567798     
   115.20000000000002        8.9600000000000009       -6.6411433725322997     
   117.00000000000000        8.9600000000000009       -6.7751068746029066     
   118.80000000000003        8.9600000000000009       -6.9186057715137803     
   120.60000000000001        8.9600000000000009       -7.0709154354963113     
   122.40000000000002        8.9600000000000009       -7.2313333562342157     
   124.20000000000000        8.9600000000000009       -7.3990291238280887     
   126.00000000000000        8.9600000000000009       -7.5732021621685988     
   127.80000000000001        8.9600000000000009       -7.7530482900088415     
   129.60000000000002        8.9600000000000009       -7.9376742095216741     
   131.40000000000001        8.9600000000000009       -8.1262618066806720     
   133.20000000000002        8.9600000000000009       -8.3179421809524250     
   135.00000000000000        8.9600000000000009       -8.5117632874703730     
   136.79999999999998        8.9600000000000009       -8.7069335420629201     
   138.59999999999999        8.9600000000000009       -8.9024774329979994     
   140.40000000000001        8.9600000000000009       -9.0975498429006283     
   142.20000000000002        8.9600000000000009       -9.2912508889269692     
   144.00000000000000        8.9600000000000009       -9.4826952231334918     
   145.79999999999998        8.9600000000000009       -9.6710700783517627     
   147.59999999999999        8.9600000000000009       -9.8555290572680647     
   149.40000000000003        8.9600000000000009       -10.035205619239539     
   151.20000000000002        8.9600000000000009       -10.209315772585752     
   153.00000000000000        8.9600000000000009       -10.377069640344322     
   154.79999999999998        8.9600000000000009       -10.537803193426836     
   156.59999999999997        8.9600000000000009       -10.690709295548354     
   158.39999999999998        8.9600000000000009       -10.835166215154167     
   160.20000000000002        8.9600000000000009       -10.970536626398840     
   162.00000000000000        8.9600000000000009       -11.096175127099116     
   163.79999999999998        8.9600000000000009       -11.211622069896549     
   165.59999999999999        8.9600000000000009       -11.316296073325514     
   167.40000000000001        8.9600000000000009       -11.409750680449022     
   169.19999999999999        8.9600000000000009       -11.491599154861694     
   171.00000000000000        8.9600000000000009       -11.561456851843495     
   172.80000000000001        8.9600000000000009       -11.619048573084488     
   174.59999999999999        8.9600000000000009       -11.664089893812989     
   176.40000000000001        8.9600000000000009       -11.696418796013099     
   178.20000000000002        8.9600000000000009       -11.723276726651164     
   180.00000000000000        8.9600000000000009       -11.722359707119328     
   0.0000000000000000        9.0399999999999991       -14.599626200078230     
   1.8000000000000003        9.0399999999999991       -14.591768868061589     
   3.6000000000000005        9.0399999999999991       -14.568203867069407     
   5.4000000000000004        9.0399999999999991       -14.529038420118699     
   7.2000000000000011        9.0399999999999991       -14.474391721435087     
   9.0000000000000000        9.0399999999999991       -14.404485561418909     
   10.800000000000001        9.0399999999999991       -14.319547205961928     
   12.600000000000001        9.0399999999999991       -14.219912143813763     
   14.400000000000002        9.0399999999999991       -14.105909051423531     
   16.200000000000003        9.0399999999999991       -13.977985490225484     
   18.000000000000000        9.0399999999999991       -13.836591951860834     
   19.799999999999997        9.0399999999999991       -13.682196132235358     
   21.600000000000001        9.0399999999999991       -13.515437865989488     
   23.400000000000002        9.0399999999999991       -13.336851768132480     
   25.200000000000003        9.0399999999999991       -13.147081568602120     
   27.000000000000000        9.0399999999999991       -12.946872963111161     
   28.800000000000004        9.0399999999999991       -12.736865975044758     
   30.600000000000005        9.0399999999999991       -12.517852354599386     
   32.400000000000006        9.0399999999999991       -12.290632190404979     
   34.199999999999996        9.0399999999999991       -12.056002910894893     
   36.000000000000000        9.0399999999999991       -11.814786040780177     
   37.800000000000004        9.0399999999999991       -11.567843656271783     
   39.599999999999994        9.0399999999999991       -11.316065571692326     
   41.399999999999999        9.0399999999999991       -11.060356089433311     
   43.200000000000003        9.0399999999999991       -10.801579048513382     
   45.000000000000000        9.0399999999999991       -10.540719456732230     
   46.800000000000004        9.0399999999999991       -10.278604041171167     
   48.599999999999994        9.0399999999999991       -10.016228844487275     
   50.400000000000006        9.0399999999999991       -9.7544599078814436     
   52.200000000000003        9.0399999999999991       -9.4942005011436841     
   54.000000000000000        9.0399999999999991       -9.2364216379193085     
   55.799999999999997        9.0399999999999991       -8.9819402622058284     
   57.600000000000009        9.0399999999999991       -8.7316614583807546     
   59.400000000000013        9.0399999999999991       -8.4864319918148698     
   61.200000000000010        9.0399999999999991       -8.2470718383784103     
   63.000000000000000        9.0399999999999991       -8.0143953704498205     
   64.800000000000011        9.0399999999999991       -7.7891826922668024     
   66.600000000000009        9.0399999999999991       -7.5721735880354490     
   68.399999999999991        9.0399999999999991       -7.3640629134038411     
   70.200000000000003        9.0399999999999991       -7.1655321641275762     
   72.000000000000000        9.0399999999999991       -6.9772513637593114     
   73.799999999999997        9.0399999999999991       -6.7997274378389285     
   75.600000000000009        9.0399999999999991       -6.6335922210911686     
   77.399999999999991        9.0399999999999991       -6.4793128136350688     
   79.199999999999989        9.0399999999999991       -6.3373353034347675     
   81.000000000000000        9.0399999999999991       -6.2080429058583810     
   82.799999999999997        9.0399999999999991       -6.0918360451194058     
   84.599999999999994        9.0399999999999991       -5.9889644300602631     
   86.400000000000006        9.0399999999999991       -5.8996892265527903     
   88.200000000000003        9.0399999999999991       -5.8242435108662463     
   90.000000000000000        9.0399999999999991       -5.7627008046999340     
   91.799999999999997        9.0399999999999991       -5.7151651116731284     
   93.600000000000009        9.0399999999999991       -5.6816959853481812     
   95.400000000000006        9.0399999999999991       -5.6622129349882098     
   97.199999999999989        9.0399999999999991       -5.6566461255607923     
   99.000000000000014        9.0399999999999991       -5.6648973167979531     
   100.80000000000001        9.0399999999999991       -5.6867088842322229     
   102.59999999999999        9.0399999999999991       -5.7218991911804959     
   104.40000000000001        9.0399999999999991       -5.7701327604710348     
   106.19999999999999        9.0399999999999991       -5.8310673176547834     
   108.00000000000000        9.0399999999999991       -5.9042819350820110     
   109.80000000000000        9.0399999999999991       -5.9894172426059402     
   111.59999999999999        9.0399999999999991       -6.0858969011030890     
   113.40000000000001        9.0399999999999991       -6.1932075651590521     
   115.20000000000002        9.0399999999999991       -6.3108231824913554     
   117.00000000000000        9.0399999999999991       -6.4380893950045239     
   118.80000000000003        9.0399999999999991       -6.5743622949663525     
   120.60000000000001        9.0399999999999991       -6.7189561319592617     
   122.40000000000002        9.0399999999999991       -6.8712060786119045     
   124.20000000000000        9.0399999999999991       -7.0303263828571927     
   126.00000000000000        9.0399999999999991       -7.1955595129568382     
   127.80000000000001        9.0399999999999991       -7.3661445399323240     
   129.60000000000002        9.0399999999999991       -7.5412362829230926     
   131.40000000000001        9.0399999999999991       -7.7200606635977156     
   133.20000000000002        9.0399999999999991       -7.9017955956895864     
   135.00000000000000        9.0399999999999991       -8.0855403896123708     
   136.79999999999998        9.0399999999999991       -8.2705460931810837     
   138.59999999999999        9.0399999999999991       -8.4558898564584251     
   140.40000000000001        9.0399999999999991       -8.6407721386594218     
   142.20000000000002        9.0399999999999991       -8.8243416310882061     
   144.00000000000000        9.0399999999999991       -9.0057607843827157     
   145.79999999999998        9.0399999999999991       -9.1842606940792990     
   147.59999999999999        9.0399999999999991       -9.3590406734805569     
   149.40000000000003        9.0399999999999991       -9.5292810064595521     
   151.20000000000002        9.0399999999999991       -9.6942400483042093     
   153.00000000000000        9.0399999999999991       -9.8531706072347340     
   154.79999999999998        9.0399999999999991       -10.005444504743892     
   156.59999999999997        9.0399999999999991       -10.150298265976806     
   158.39999999999998        9.0399999999999991       -10.287143743804332     
   160.20000000000002        9.0399999999999991       -10.415378064871595     
   162.00000000000000        9.0399999999999991       -10.534390738431057     
   163.79999999999998        9.0399999999999991       -10.643746933235571     
   165.59999999999999        9.0399999999999991       -10.742896732210029     
   167.40000000000001        9.0399999999999991       -10.831417815696199     
   169.19999999999999        9.0399999999999991       -10.908944352636253     
   171.00000000000000        9.0399999999999991       -10.975112509884891     
   172.80000000000001        9.0399999999999991       -11.029661961383692     
   174.59999999999999        9.0399999999999991       -11.072323677378407     
   176.40000000000001        9.0399999999999991       -11.102944390032967     
   178.20000000000002        9.0399999999999991       -11.128371183390612     
   180.00000000000000        9.0399999999999991       -11.127514544637911     
   0.0000000000000000        9.1200000000000010       -13.799226891156007     
   1.8000000000000003        9.1200000000000010       -13.791814131202720     
   3.6000000000000005        9.1200000000000010       -13.769582449664284     
   5.4000000000000004        9.1200000000000010       -13.732633108137556     
   7.2000000000000011        9.1200000000000010       -13.681078657692403     
   9.0000000000000000        9.1200000000000010       -13.615128549941684     
   10.800000000000001        9.1200000000000010       -13.534997389753087     
   12.600000000000001        9.1200000000000010       -13.441001998070028     
   14.400000000000002        9.1200000000000010       -13.333452741328044     
   16.200000000000003        9.1200000000000010       -13.212772274498590     
   18.000000000000000        9.1200000000000010       -13.079386001802384     
   19.799999999999997        9.1200000000000010       -12.933735561197430     
   21.600000000000001        9.1200000000000010       -12.776425187077841     
   23.400000000000002        9.1200000000000010       -12.607959697318062     
   25.200000000000003        9.1200000000000010       -12.428946969710449     
   27.000000000000000        9.1200000000000010       -12.240091188581737     
   28.800000000000004        9.1200000000000010       -12.041996694789903     
   30.600000000000005        9.1200000000000010       -11.835411144189933     
   32.400000000000006        9.1200000000000010       -11.621090052690281     
   34.199999999999996        9.1200000000000010       -11.399786406439116     
   36.000000000000000        9.1200000000000010       -11.172275938281130     
   37.800000000000004        9.1200000000000010       -10.939372672908677     
   39.599999999999994        9.1200000000000010       -10.701916822742245     
   41.399999999999999        9.1200000000000010       -10.460762271330442     
   43.200000000000003        9.1200000000000010       -10.216724662550211     
   45.000000000000000        9.1200000000000010       -9.9707340906485946     
   46.800000000000004        9.1200000000000010       -9.7235711120613662     
   48.599999999999994        9.1200000000000010       -9.4761762174415871     
   50.400000000000006        9.1200000000000010       -9.2293670751703569     
   52.200000000000003        9.1200000000000010       -8.9839965096344283     
   54.000000000000000        9.1200000000000010       -8.7409813286602738     
   55.799999999999997        9.1200000000000010       -8.5010927826082714     
   57.600000000000009        9.1200000000000010       -8.2651853743045116     
   59.400000000000013        9.1200000000000010       -8.0340585032099572     
   61.200000000000010        9.1200000000000010       -7.8084862510264506     
   63.000000000000000        9.1200000000000010       -7.5892373960829804     
   64.800000000000011        9.1200000000000010       -7.3770483351265010     
   66.600000000000009        9.1200000000000010       -7.1726173667998125     
   68.399999999999991        9.1200000000000010       -6.9766003386366160     
   70.200000000000003        9.1200000000000010       -6.7896404697065131     
   72.000000000000000        9.1200000000000010       -6.6123701344301997     
   73.799999999999997        9.1200000000000010       -6.4452676262362854     
   75.600000000000009        9.1200000000000010       -6.2889292309644222     
   77.399999999999991        9.1200000000000010       -6.1437956085780385     
   79.199999999999989        9.1200000000000010       -6.0102875645731020     
   81.000000000000000        9.1200000000000010       -5.8887665061144983     
   82.799999999999997        9.1200000000000010       -5.7796100934659389     
   84.599999999999994        9.1200000000000010       -5.6830536070010442     
   86.400000000000006        9.1200000000000010       -5.5993431478099032     
   88.200000000000003        9.1200000000000010       -5.5286982796432795     
   90.000000000000000        9.1200000000000010       -5.4711878380246297     
   91.799999999999997        9.1200000000000010       -5.4269094533345470     
   93.600000000000009        9.1200000000000010       -5.3959187651538887     
   95.400000000000006        9.1200000000000010       -5.3781391175081685     
   97.199999999999989        9.1200000000000010       -5.3735039218080178     
   99.000000000000014        9.1200000000000010       -5.3819197576156252     
   100.80000000000001        9.1200000000000010       -5.4031426408696142     
   102.59999999999999        9.1200000000000010       -5.4370003742128770     
   104.40000000000001        9.1200000000000010       -5.4831754348695085     
   106.19999999999999        9.1200000000000010       -5.5413438830976531     
   108.00000000000000        9.1200000000000010       -5.6111074823827050     
   109.80000000000000        9.1200000000000010       -5.6921261533908742     
   111.59999999999999        9.1200000000000010       -5.7838548579131421     
   113.40000000000001        9.1200000000000010       -5.8858080728296169     
   115.20000000000002        9.1200000000000010       -5.9974882783368333     
   117.00000000000000        9.1200000000000010       -6.1182767552292647     
   118.80000000000003        9.1200000000000010       -6.2475646647666920     
   120.60000000000001        9.1200000000000010       -6.3847036493551830     
   122.40000000000002        9.1200000000000010       -6.5290651262230437     
   124.20000000000000        9.1200000000000010       -6.6799062881203550     
   126.00000000000000        9.1200000000000010       -6.8365109972221410     
   127.80000000000001        9.1200000000000010       -6.9981599173531883     
   129.60000000000002        9.1200000000000010       -7.1640541332343304     
   131.40000000000001        9.1200000000000010       -7.3334619101975127     
   133.20000000000002        9.1200000000000010       -7.5056061741396505     
   135.00000000000000        9.1200000000000010       -7.6796356093321627     
   136.79999999999998        9.1200000000000010       -7.8548422556941544     
   138.59999999999999        9.1200000000000010       -8.0303538902657774     
   140.40000000000001        9.1200000000000010       -8.2054147911797521     
   142.20000000000002        9.1200000000000010       -8.3792203473755009     
   144.00000000000000        9.1200000000000010       -8.5509789608607107     
   145.79999999999998        9.1200000000000010       -8.7199638960427812     
   147.59999999999999        9.1200000000000010       -8.8854184092251955     
   149.40000000000003        9.1200000000000010       -9.0465677961976212     
   151.20000000000002        9.1200000000000010       -9.2027111211853452     
   153.00000000000000        9.1200000000000010       -9.3531422249872165     
   154.79999999999998        9.1200000000000010       -9.4972673941559353     
   156.59999999999997        9.1200000000000010       -9.6343651216741133     
   158.39999999999998        9.1200000000000010       -9.7638795456158043     
   160.20000000000002        9.1200000000000010       -9.8852409104284327     
   162.00000000000000        9.1200000000000010       -9.9978722826942885     
   163.79999999999998        9.1200000000000010       -10.101362688207178     
   165.59999999999999        9.1200000000000010       -10.195192452705284     
   167.40000000000001        9.1200000000000010       -10.278962458529660     
   169.19999999999999        9.1200000000000010       -10.352326970156721     
   171.00000000000000        9.1200000000000010       -10.414942158421145     
   172.80000000000001        9.1200000000000010       -10.466561993687121     
   174.59999999999999        9.1200000000000010       -10.506932243378117     
   176.40000000000001        9.1200000000000010       -10.535908051455094     
   178.20000000000002        9.1200000000000010       -10.559957629555171     
   180.00000000000000        9.1200000000000010       -10.559158240410159     
   0.0000000000000000        9.1999999999999993       -13.044126455243045     
   1.8000000000000003        9.1999999999999993       -13.037135235785225     
   3.6000000000000005        9.1999999999999993       -13.016167799623366     
   5.4000000000000004        9.1999999999999993       -12.981319747686509     
   7.2000000000000011        9.1999999999999993       -12.932697324296880     
   9.0000000000000000        9.1999999999999993       -12.870498265363803     
   10.800000000000001        9.1999999999999993       -12.794925155463035     
   12.600000000000001        9.1999999999999993       -12.706277090705669     
   14.400000000000002        9.1999999999999993       -12.604847054074648     
   16.200000000000003        9.1999999999999993       -12.491034052385428     
   18.000000000000000        9.1999999999999993       -12.365239671284069     
   19.799999999999997        9.1999999999999993       -12.227880809683347     
   21.600000000000001        9.1999999999999993       -12.079527899827157     
   23.400000000000002        9.1999999999999993       -11.920657471451902     
   25.200000000000003        9.1999999999999993       -11.751843363769119     
   27.000000000000000        9.1999999999999993       -11.573750348019193     
   28.800000000000004        9.1999999999999993       -11.386948890389096     
   30.600000000000005        9.1999999999999993       -11.192144782751976     
   32.400000000000006        9.1999999999999993       -10.990051223943233     
   34.199999999999996        9.1999999999999993       -10.781379008258478     
   36.000000000000000        9.1999999999999993       -10.566860395965822     
   37.800000000000004        9.1999999999999993       -10.347263793922867     
   39.599999999999994        9.1999999999999993       -10.123382325188327     
   41.399999999999999        9.1999999999999993       -9.8960220091156721     
   43.200000000000003        9.1999999999999993       -9.6659527389337665     
   45.000000000000000        9.1999999999999993       -9.4340524773376018     
   46.800000000000004        9.1999999999999993       -9.2010579555123417     
   48.599999999999994        9.1999999999999993       -8.9678569282653910     
   50.400000000000006        9.1999999999999993       -8.7352211489316414     
   52.200000000000003        9.1999999999999993       -8.5039555590433498     
   54.000000000000000        9.1999999999999993       -8.2749255123979495     
   55.799999999999997        9.1999999999999993       -8.0488588922769662     
   57.600000000000009        9.1999999999999993       -7.8265621921274846     
   59.400000000000013        9.1999999999999993       -7.6087898575384578     
   61.200000000000010        9.1999999999999993       -7.3962724152158534     
   63.000000000000000        9.1999999999999993       -7.1897353743635435     
   64.800000000000011        9.1999999999999993       -6.9898736554461127     
   66.600000000000009        9.1999999999999993       -6.7973461922026583     
   68.399999999999991        9.1999999999999993       -6.6127718213273754     
   70.200000000000003        9.1999999999999993       -6.4367574464658741     
   72.000000000000000        9.1999999999999993       -6.2698997233122542     
   73.799999999999997        9.1999999999999993       -6.1126497926638717     
   75.600000000000009        9.1999999999999993       -5.9655702177198080     
   77.399999999999991        9.1999999999999993       -5.8290765889243374     
   79.199999999999989        9.1999999999999993       -5.7035657423612047     
   81.000000000000000        9.1999999999999993       -5.5893784164399607     
   82.799999999999997        9.1999999999999993       -5.4868706950586592     
   84.599999999999994        9.1999999999999993       -5.3962642006241666     
   86.400000000000006        9.1999999999999993       -5.3177907719956998     
   88.200000000000003        9.1999999999999993       -5.2516571853851133     
   90.000000000000000        9.1999999999999993       -5.1979278733192134     
   91.799999999999997        9.1999999999999993       -5.1566944606309333     
   93.600000000000009        9.1999999999999993       -5.1280089174864267     
   95.400000000000006        9.1999999999999993       -5.1117982792467833     
   97.199999999999989        9.1999999999999993       -5.1079990896975414     
   99.000000000000014        9.1999999999999993       -5.1165225552465881     
   100.80000000000001        9.1999999999999993       -5.1371376974551799     
   102.59999999999999        9.1999999999999993       -5.1696813335994927     
   104.40000000000001        9.1999999999999993       -5.2138530440083368     
   106.19999999999999        9.1999999999999993       -5.2693463529822617     
   108.00000000000000        9.1999999999999993       -5.3357846259899127     
   109.80000000000000        9.1999999999999993       -5.4128461551717439     
   111.59999999999999        9.1999999999999993       -5.5000156821293702     
   113.40000000000001        9.1999999999999993       -5.5968341585754855     
   115.20000000000002        9.1999999999999993       -5.7028312136056520     
   117.00000000000000        9.1999999999999993       -5.8174220269309185     
   118.80000000000003        9.1999999999999993       -5.9400311167116744     
   120.60000000000001        9.1999999999999993       -6.0700456890488326     
   122.40000000000002        9.1999999999999993       -6.2068716333923151     
   124.20000000000000        9.1999999999999993       -6.3498069787033637     
   126.00000000000000        9.1999999999999993       -6.4981749492929124     
   127.80000000000001        9.1999999999999993       -6.6512957591956337     
   129.60000000000002        9.1999999999999993       -6.8084144812771097     
   131.40000000000001        9.1999999999999993       -6.9688396425131787     
   133.20000000000002        9.1999999999999993       -7.1318369643711650     
   135.00000000000000        9.1999999999999993       -7.2966020690062026     
   136.79999999999998        9.1999999999999993       -7.4624659710596264     
   138.59999999999999        9.1999999999999993       -7.6286045737113533     
   140.40000000000001        9.1999999999999993       -7.7943038129104645     
   142.20000000000002        9.1999999999999993       -7.9588034688599549     
   144.00000000000000        9.1999999999999993       -8.1213556247509899     
   145.79999999999998        9.1999999999999993       -8.2812736318420832     
   147.59999999999999        9.1999999999999993       -8.4378425173591651     
   149.40000000000003        9.1999999999999993       -8.5903303621509703     
   151.20000000000002        9.1999999999999993       -8.7380749266643782     
   153.00000000000000        9.1999999999999993       -8.8804090540432270     
   154.79999999999998        9.1999999999999993       -9.0167717931349909     
   156.59999999999997        9.1999999999999993       -9.1464815250026099     
   158.39999999999998        9.1999999999999993       -9.2690130765513103     
   160.20000000000002        9.1999999999999993       -9.3838281705725279     
   162.00000000000000        9.1999999999999993       -9.4903817680948350     
   163.79999999999998        9.1999999999999993       -9.5882855732834091     
   165.59999999999999        9.1999999999999993       -9.6770486548599770     
   167.40000000000001        9.1999999999999993       -9.7562939483711819     
   169.19999999999999        9.1999999999999993       -9.8256948190817663     
   171.00000000000000        9.1999999999999993       -9.8849264501537011     
   172.80000000000001        9.1999999999999993       -9.9337564009732411     
   174.59999999999999        9.1999999999999993       -9.9719445021619357     
   176.40000000000001        9.1999999999999993       -9.9993538936709179     
   178.20000000000002        9.1999999999999993       -10.022092887025984     
   180.00000000000000        9.1999999999999993       -10.021347107458062     
   0.0000000000000000        9.2800000000000011       -12.326104919275412     
   1.8000000000000003        9.2800000000000011       -12.319515731116557     
   3.6000000000000005        9.2800000000000011       -12.299754030203232     
   5.4000000000000004        9.2800000000000011       -12.266910012711238     
   7.2000000000000011        9.2800000000000011       -12.221083902284080     
   9.0000000000000000        9.2800000000000011       -12.162462249231307     
   10.800000000000001        9.2800000000000011       -12.091236162752953     
   12.600000000000001        9.2800000000000011       -12.007687816343450     
   14.400000000000002        9.2800000000000011       -11.912093597541967     
   16.200000000000003        9.2800000000000011       -11.804829935457644     
   18.000000000000000        9.2800000000000011       -11.686275676372038     
   19.799999999999997        9.2800000000000011       -11.556824101795904     
   21.600000000000001        9.2800000000000011       -11.417013371544577     
   23.400000000000002        9.2800000000000011       -11.267293010399843     
   25.200000000000003        9.2800000000000011       -11.108204361470417     
   27.000000000000000        9.2800000000000011       -10.940374567787156     
   28.800000000000004        9.2800000000000011       -10.764341758067562     
   30.600000000000005        9.2800000000000011       -10.580771757194075     
   32.400000000000006        9.2800000000000011       -10.390337365268891     
   34.199999999999996        9.2800000000000011       -10.193709098436003     
   36.000000000000000        9.2800000000000011       -9.9915777165659900     
   37.800000000000004        9.2800000000000011       -9.7846680781422215     
   39.599999999999994        9.2800000000000011       -9.5737283533281730     
   41.399999999999999        9.2800000000000011       -9.3595188694471982     
   43.200000000000003        9.2800000000000011       -9.1427658472145055     
   45.000000000000000        9.2800000000000011       -8.9242974833082886     
   46.800000000000004        9.2800000000000011       -8.7048086770263140     
   48.599999999999994        9.2800000000000011       -8.4851368416443549     
   50.400000000000006        9.2800000000000011       -8.2660099042507529     
   52.200000000000003        9.2800000000000011       -8.0481871014462083     
   54.000000000000000        9.2800000000000011       -7.8324846720193460     
   55.799999999999997        9.2800000000000011       -7.6195891087385688     
   57.600000000000009        9.2800000000000011       -7.4102610813785601     
   59.400000000000013        9.2800000000000011       -7.2052121307939636     
   61.200000000000010        9.2800000000000011       -7.0051312156268786     
   63.000000000000000        9.2800000000000011       -6.8107025506327554     
   64.800000000000011        9.2800000000000011       -6.6225814747113843     
   66.600000000000009        9.2800000000000011       -6.4413893571205803     
   68.399999999999991        9.2800000000000011       -6.2677097189119255     
   70.200000000000003        9.2800000000000011       -6.1021148127295115     
   72.000000000000000        9.2800000000000011       -5.9451672135887641     
   73.799999999999997        9.2800000000000011       -5.7972921634190557     
   75.600000000000009        9.2800000000000011       -5.6590200519306100     
   77.399999999999991        9.2800000000000011       -5.5307425609392658     
   79.199999999999989        9.2800000000000011       -5.4128336688898626     
   81.000000000000000        9.2800000000000011       -5.3056144092389603     
   82.799999999999997        9.2800000000000011       -5.2094202942930226     
   84.599999999999994        9.2800000000000011       -5.1244599378587941     
   86.400000000000006        9.2800000000000011       -5.0509515932098550     
   88.200000000000003        9.2800000000000011       -4.9890898595489857     
   90.000000000000000        9.2800000000000011       -4.9389350004888577     
   91.799999999999997        9.2800000000000011       -4.9005729413978774     
   93.600000000000009        9.2800000000000011       -4.8740521842034461     
   95.400000000000006        9.2800000000000011       -4.8593033261978977     
   97.199999999999989        9.2800000000000011       -4.8562659391664216     
   99.000000000000014        9.2800000000000011       -4.8648556847685098     
   100.80000000000001        9.2800000000000011       -4.8848540421904367     
   102.59999999999999        9.2800000000000011       -4.9161064743858773     
   104.40000000000001        9.2800000000000011       -4.9583289323946529     
   106.19999999999999        9.2800000000000011       -5.0112316557081611     
   108.00000000000000        9.2800000000000011       -5.0744586768225890     
   109.80000000000000        9.2800000000000011       -5.1477058691482291     
   111.59999999999999        9.2800000000000011       -5.2304864512329177     
   113.40000000000001        9.2800000000000011       -5.3223666947846429     
   115.20000000000002        9.2800000000000011       -5.4229021922698912     
   117.00000000000000        9.2800000000000011       -5.5315405332154475     
   118.80000000000003        9.2800000000000011       -5.6477381274345442     
   120.60000000000001        9.2800000000000011       -5.7709161798569797     
   122.40000000000002        9.2800000000000011       -5.9005135357515099     
   124.20000000000000        9.2800000000000011       -6.0358672575221739     
   126.00000000000000        9.2800000000000011       -6.1763381944300599     
   127.80000000000001        9.2800000000000011       -6.3212843644455079     
   129.60000000000002        9.2800000000000011       -6.4699928823410779     
   131.40000000000001        9.2800000000000011       -6.6218107571413780     
   133.20000000000002        9.2800000000000011       -6.7760446117707644     
   135.00000000000000        9.2800000000000011       -6.9319349253823503     
   136.79999999999998        9.2800000000000011       -7.0888499632676254     
   138.59999999999999        9.2800000000000011       -7.2460116189089412     
   140.40000000000001        9.2800000000000011       -7.4027456398695692     
   142.20000000000002        9.2800000000000011       -7.5583342278070269     
   144.00000000000000        9.2800000000000011       -7.7120712082929241     
   145.79999999999998        9.2800000000000011       -7.8633082411386299     
   147.59999999999999        9.2800000000000011       -8.0113702696436597     
   149.40000000000003        9.2800000000000011       -8.1555662583800039     
   151.20000000000002        9.2800000000000011       -8.2952709453295821     
   153.00000000000000        9.2800000000000011       -8.4298544425635100     
   154.79999999999998        9.2800000000000011       -8.5587871070220896     
   156.59999999999997        9.2800000000000011       -8.6814254326348141     
   158.39999999999998        9.2800000000000011       -8.7972735719942481     
   160.20000000000002        9.2800000000000011       -8.9058233265884255     
   162.00000000000000        9.2800000000000011       -9.0065601324959399     
   163.79999999999998        9.2800000000000011       -9.0991173656413888     
   165.59999999999999        9.2800000000000011       -9.1830315576910007     
   167.40000000000001        9.2800000000000011       -9.2579467166733291     
   169.19999999999999        9.2800000000000011       -9.3235544593924331     
   171.00000000000000        9.2800000000000011       -9.3795481349450629     
   172.80000000000001        9.2800000000000011       -9.4257082877645626     
   174.59999999999999        9.2800000000000011       -9.4618081852726572     
   176.40000000000001        9.2800000000000011       -9.4877186083343616     
   178.20000000000002        9.2800000000000011       -9.5092041330174517     
   180.00000000000000        9.2800000000000011       -9.5085089762616342     
   0.0000000000000000        9.3599999999999994       -11.652290958793341     
   1.8000000000000003        9.3599999999999994       -11.646079880354762     
   3.6000000000000005        9.3599999999999994       -11.627452171353706     
   5.4000000000000004        9.3599999999999994       -11.596492938216036     
   7.2000000000000011        9.3599999999999994       -11.553296735833671     
   9.0000000000000000        9.3599999999999994       -11.498039581326177     
   10.800000000000001        9.3599999999999994       -11.430901778947552     
   12.600000000000001        9.3599999999999994       -11.352149566835326     
   14.400000000000002        9.3599999999999994       -11.262043706607265     
   16.200000000000003        9.3599999999999994       -11.160939367002388     
   18.000000000000000        9.3599999999999994       -11.049193982841679     
   19.799999999999997        9.3599999999999994       -10.927178598201220     
   21.600000000000001        9.3599999999999994       -10.795400983073952     
   23.400000000000002        9.3599999999999994       -10.654285235870978     
   25.200000000000003        9.3599999999999994       -10.504342101484259     
   27.000000000000000        9.3599999999999994       -10.346163291106114     
   28.800000000000004        9.3599999999999994       -10.180256486940596     
   30.600000000000005        9.3599999999999994       -10.007249880983565     
   32.400000000000006        9.3599999999999994       -9.8277782348097329     
   34.199999999999996        9.3599999999999994       -9.6424741406986048     
   36.000000000000000        9.3599999999999994       -9.4519892842728357     
   37.800000000000004        9.3599999999999994       -9.2570075214738061     
   39.599999999999994        9.3599999999999994       -9.0582346977813870     
   41.399999999999999        9.3599999999999994       -8.8563881205049917     
   43.200000000000003        9.3599999999999994       -8.6521528938104701     
   45.000000000000000        9.3599999999999994       -8.4463103583023074     
   46.800000000000004        9.3599999999999994       -8.2395160325469021     
   48.599999999999994        9.3599999999999994       -8.0325599333573869     
   50.400000000000006        9.3599999999999994       -7.8261287300080609     
   52.200000000000003        9.3599999999999994       -7.6209386322690733     
   54.000000000000000        9.3599999999999994       -7.4177596403866506     
   55.799999999999997        9.3599999999999994       -7.2172392862973007     
   57.600000000000009        9.3599999999999994       -7.0200951033641612     
   59.400000000000013        9.3599999999999994       -6.8269982465468733     
   61.200000000000010        9.3599999999999994       -6.6385985484830279     
   63.000000000000000        9.3599999999999994       -6.4555413563176129     
   64.800000000000011        9.3599999999999994       -6.2784447555793399     
   66.600000000000009        9.3599999999999994       -6.1078947629348939     
   68.399999999999991        9.3599999999999994       -5.9444416659172887     
   70.200000000000003        9.3599999999999994       -5.7886251102775192     
   72.000000000000000        9.3599999999999994       -5.6409756018737829     
   73.799999999999997        9.3599999999999994       -5.5018940216674856     
   75.600000000000009        9.3599999999999994       -5.3718804877053135     
   77.399999999999991        9.3599999999999994       -5.2513041964926721     
   79.199999999999989        9.3599999999999994       -5.1405176315692653     
   81.000000000000000        9.3599999999999994       -5.0398233017812313     
   82.799999999999997        9.3599999999999994       -4.9495373786301711     
   84.599999999999994        9.3599999999999994       -4.8698562601153101     
   86.400000000000006        9.3599999999999994       -4.8009854403023304     
   88.200000000000003        9.3599999999999994       -4.7431080862686343     
   90.000000000000000        9.3599999999999994       -4.6962805736975497     
   91.799999999999997        9.3599999999999994       -4.6605834981944607     
   93.600000000000009        9.3599999999999994       -4.6360621338757042     
   95.400000000000006        9.3599999999999994       -4.6226504730362556     
   97.199999999999989        9.3599999999999994       -4.6202909793896421     
   99.000000000000014        9.3599999999999994       -4.6289035509661050     
   100.80000000000001        9.3599999999999994       -4.6482814418952918     
   102.59999999999999        9.3599999999999994       -4.6782782987911062     
   104.40000000000001        9.3599999999999994       -4.7186255335779919     
   106.19999999999999        9.3599999999999994       -4.7690491708825764     
   108.00000000000000        9.3599999999999994       -4.8292127509010676     
   109.80000000000000        9.3599999999999994       -4.8988287474240870     
   111.59999999999999        9.3599999999999994       -4.9774372433939726     
   113.40000000000001        9.3599999999999994       -5.0646284004510029     
   115.20000000000002        9.3599999999999994       -5.1599823066367216     
   117.00000000000000        9.3599999999999994       -5.2629771195079416     
   118.80000000000003        9.3599999999999994       -5.3730993282384176     
   120.60000000000001        9.3599999999999994       -5.4898022016447623     
   122.40000000000002        9.3599999999999994       -5.6125556657052966     
   124.20000000000000        9.3599999999999994       -5.7407335883978527     
   126.00000000000000        9.3599999999999994       -5.8737322970058923     
   127.80000000000001        9.3599999999999994       -6.0109454554402273     
   129.60000000000002        9.3599999999999994       -6.1516998161144505     
   131.40000000000001        9.3599999999999994       -6.2953786713284483     
   133.20000000000002        9.3599999999999994       -6.4413272057225495     
   135.00000000000000        9.3599999999999994       -6.5888281857084312     
   136.79999999999998        9.3599999999999994       -6.7372849973393256     
   138.59999999999999        9.3599999999999994       -6.8859628872723109     
   140.40000000000001        9.3599999999999994       -7.0342251346366300     
   142.20000000000002        9.3599999999999994       -7.1813939303554228     
   144.00000000000000        9.3599999999999994       -7.3268024485805281     
   145.79999999999998        9.3599999999999994       -7.4698384618464990     
   147.59999999999999        9.3599999999999994       -7.6098645395558773     
   149.40000000000003        9.3599999999999994       -7.7462281829432147     
   151.20000000000002        9.3599999999999994       -7.8783389857359580     
   153.00000000000000        9.3599999999999994       -8.0056021891924196     
   154.79999999999998        9.3599999999999994       -8.1275176628802424     
   156.59999999999997        9.3599999999999994       -8.2434778227664776     
   158.39999999999998        9.3599999999999994       -8.3530144642953488     
   160.20000000000002        9.3599999999999994       -8.4556477400491286     
   162.00000000000000        9.3599999999999994       -8.5508918094365640     
   163.79999999999998        9.3599999999999994       -8.6384004773038665     
   165.59999999999999        9.3599999999999994       -8.7177361587117499     
   167.40000000000001        9.3599999999999994       -8.7885627236830537     
   169.19999999999999        9.3599999999999994       -8.8505889923131189     
   171.00000000000000        9.3599999999999994       -8.9035254351346040     
   172.80000000000001        9.3599999999999994       -8.9471648360832816     
   174.59999999999999        9.3599999999999994       -8.9812931264372562     
   176.40000000000001        9.3599999999999994       -9.0057882896057340     
   178.20000000000002        9.3599999999999994       -9.0260910848048184     
   180.00000000000000        9.3599999999999994       -9.0254429893541577     
   0.0000000000000000        9.4400000000000013       -11.015725418057597     
   1.8000000000000003        9.4400000000000013       -11.009871860021844     
   3.6000000000000005        9.4400000000000013       -10.992316393391985     
   5.4000000000000004        9.4400000000000013       -10.963139306800386     
   7.2000000000000011        9.4400000000000013       -10.922429790089414     
   9.0000000000000000        9.4400000000000013       -10.870353890380812     
   10.800000000000001        9.4400000000000013       -10.807081685586134     
   12.600000000000001        9.4400000000000013       -10.732864330706978     
   14.400000000000002        9.4400000000000013       -10.647947798175458     
   16.200000000000003        9.4400000000000013       -10.552667133488868     
   18.000000000000000        9.4400000000000013       -10.447359506111781     
   19.799999999999997        9.4400000000000013       -10.332374913623692     
   21.600000000000001        9.4400000000000013       -10.208192361315975     
   23.400000000000002        9.4400000000000013       -10.075211883489303     
   25.200000000000003        9.4400000000000013       -9.9339152648420050     
   27.000000000000000        9.4400000000000013       -9.7848606805273768     
   28.800000000000004        9.4400000000000013       -9.6285269979772927     
   30.600000000000005        9.4400000000000013       -9.4655067908281456     
   32.400000000000006        9.4400000000000013       -9.2963988190677789     
   34.199999999999996        9.4400000000000013       -9.1217997827989468     
   36.000000000000000        9.4400000000000013       -8.9423243870453053     
   37.800000000000004        9.4400000000000013       -8.7586176821410930     
   39.599999999999994        9.4400000000000013       -8.5713454568721268     
   41.399999999999999        9.4400000000000013       -8.3811843042481673     
   43.200000000000003        9.4400000000000013       -8.1887804171941774     
   45.000000000000000        9.4400000000000013       -7.9948707913056900     
   46.800000000000004        9.4400000000000013       -7.8000736789219962     
   48.599999999999994        9.4400000000000013       -7.6051342415797842     
   50.400000000000006        9.4400000000000013       -7.4107001063593945     
   52.200000000000003        9.4400000000000013       -7.2174467664798225     
   54.000000000000000        9.4400000000000013       -7.0261004652314218     
   55.799999999999997        9.4400000000000013       -6.8372718691344998     
   57.600000000000009        9.4400000000000013       -6.6516376930391692     
   59.400000000000013        9.4400000000000013       -6.4698308782830978     
   61.200000000000010        9.4400000000000013       -6.2924642373396846     
   63.000000000000000        9.4400000000000013       -6.1201463423488223     
   64.800000000000011        9.4400000000000013       -5.9534600327563165     
   66.600000000000009        9.4400000000000013       -5.7929578793535592     
   68.399999999999991        9.4400000000000013       -5.6391587306699105     
   70.200000000000003        9.4400000000000013       -5.4925713871644914     
   72.000000000000000        9.4400000000000013       -5.3536960189214398     
   73.799999999999997        9.4400000000000013       -5.2229104700011799     
   75.600000000000009        9.4400000000000013       -5.1006862252760516     
   77.399999999999991        9.4400000000000013       -4.9873712209017027     
   79.199999999999989        9.4400000000000013       -4.8832976180818122     
   81.000000000000000        9.4400000000000013       -4.7887504159797647     
   82.799999999999997        9.4400000000000013       -4.7040275037791819     
   84.599999999999994        9.4400000000000013       -4.6293137436577583     
   86.400000000000006        9.4400000000000013       -4.5648025794603910     
   88.200000000000003        9.4400000000000013       -4.5106663846911417     
   90.000000000000000        9.4400000000000013       -4.4669578847856126     
   91.799999999999997        9.4400000000000013       -4.4337526599238579     
   93.600000000000009        9.4400000000000013       -4.4110929590418646     
   95.400000000000006        9.4400000000000013       -4.3989160200718480     
   97.199999999999989        9.4400000000000013       -4.3971670759645072     
   99.000000000000014        9.4400000000000013       -4.4057700668881710     
   100.80000000000001        9.4400000000000013       -4.4245294269278634     
   102.59999999999999        9.4400000000000013       -4.4533065820734947     
   104.40000000000001        9.4400000000000013       -4.4918476139231691     
   106.19999999999999        9.4400000000000013       -4.5398935235825872     
   108.00000000000000        9.4400000000000013       -4.5971263522154384     
   109.80000000000000        9.4400000000000013       -4.6632743214953614     
   111.59999999999999        9.4400000000000013       -4.7379029804851847     
   113.40000000000001        9.4400000000000013       -4.8206251402285769     
   115.20000000000002        9.4400000000000013       -4.9110441112671337     
   117.00000000000000        9.4400000000000013       -5.0086670230077859     
   118.80000000000003        9.4400000000000013       -5.1130088733590364     
   120.60000000000001        9.4400000000000013       -5.2235533184886211     
   122.40000000000002        9.4400000000000013       -5.3397997403285027     
   124.20000000000000        9.4400000000000013       -5.4611568829326922     
   126.00000000000000        9.4400000000000013       -5.5870546921379143     
   127.80000000000001        9.4400000000000013       -5.7169206088533855     
   129.60000000000002        9.4400000000000013       -5.8501189414809831     
   131.40000000000001        9.4400000000000013       -5.9860673616101669     
   133.20000000000002        9.4400000000000013       -6.1241475899025311     
   135.00000000000000        9.4400000000000013       -6.2636824556959034     
   136.79999999999998        9.4400000000000013       -6.4041086216633234     
   138.59999999999999        9.4400000000000013       -6.5447324052973173     
   140.40000000000001        9.4400000000000013       -6.6849526436276365     
   142.20000000000002        9.4400000000000013       -6.8241294118318843     
   144.00000000000000        9.4400000000000013       -6.9616331609271631     
   145.79999999999998        9.4400000000000013       -7.0968858756520685     
   147.59999999999999        9.4400000000000013       -7.2292857697751050     
   149.40000000000003        9.4400000000000013       -7.3582168502572749     
   151.20000000000002        9.4400000000000013       -7.4831217304307964     
   153.00000000000000        9.4400000000000013       -7.6034389292277424     
   154.79999999999998        9.4400000000000013       -7.7186962749623493     
   156.59999999999997        9.4400000000000013       -7.8283202102638860     
   158.39999999999998        9.4400000000000013       -7.9318687171613815     
   160.20000000000002        9.4400000000000013       -8.0288888045288758     
   162.00000000000000        9.4400000000000013       -8.1189218396123373     
   163.79999999999998        9.4400000000000013       -8.2016409805689143     
   165.59999999999999        9.4400000000000013       -8.2766331594394416     
   167.40000000000001        9.4400000000000013       -8.3435810608923351     
   169.19999999999999        9.4400000000000013       -8.4022098013145445     
   171.00000000000000        9.4400000000000013       -8.4522460690718137     
   172.80000000000001        9.4400000000000013       -8.4934942424874080     
   174.59999999999999        9.4400000000000013       -8.5257522480640642     
   176.40000000000001        9.4400000000000013       -8.5489048923924322     
   178.20000000000002        9.4400000000000013       -8.5680863293278939     
   180.00000000000000        9.4400000000000013       -8.5674822992333173     
   0.0000000000000000        9.5199999999999996       -10.414250562754967     
   1.8000000000000003        9.5199999999999996       -10.408734843496635     
   3.6000000000000005        9.5199999999999996       -10.392192591956050     
   5.4000000000000004        9.5199999999999996       -10.364699539527802     
   7.2000000000000011        9.5199999999999996       -10.326339801881907     
   9.0000000000000000        9.5199999999999996       -10.277269995680834     
   10.800000000000001        9.5199999999999996       -10.217650526694776     
   12.600000000000001        9.5199999999999996       -10.147718283196589     
   14.400000000000002        9.5199999999999996       -10.067705249882785     
   16.200000000000003        9.5199999999999996       -9.9779274383360033     
   18.000000000000000        9.5199999999999996       -9.8787028504867607     
   19.799999999999997        9.5199999999999996       -9.7703615781139206     
   21.600000000000001        9.5199999999999996       -9.6533554186481219     
   23.400000000000002        9.5199999999999996       -9.5280616470083253     
   25.200000000000003        9.5199999999999996       -9.3949346566974832     
   27.000000000000000        9.5199999999999996       -9.2545009028553320     
   28.800000000000004        9.5199999999999996       -9.1072120009107884     
   30.600000000000005        9.5199999999999996       -8.9536268357872526     
   32.400000000000006        9.5199999999999996       -8.7943101169207925     
   34.199999999999996        9.5199999999999996       -8.6298245981389456     
   36.000000000000000        9.5199999999999996       -8.4607500090746139     
   37.800000000000004        9.5199999999999996       -8.2876946985900357     
   39.599999999999994        9.5199999999999996       -8.1112865709407895     
   41.399999999999999        9.5199999999999996       -7.9321637130781042     
   43.200000000000003        9.5199999999999996       -7.7509355185803699     
   45.000000000000000        9.5199999999999996       -7.5682970429731986     
   46.800000000000004        9.5199999999999996       -7.3848312970410754     
   48.599999999999994        9.5199999999999996       -7.2012410206980180     
   50.400000000000006        9.5199999999999996       -7.0181369202850874     
   52.200000000000003        9.5199999999999996       -6.8361559846000777     
   54.000000000000000        9.5199999999999996       -6.6559830762679910     
   55.799999999999997        9.5199999999999996       -6.4781940023904845     
   57.600000000000009        9.5199999999999996       -6.3034268785307130     
   59.400000000000013        9.5199999999999996       -6.1322785119550050     
   61.200000000000010        9.5199999999999996       -5.9653267107731489     
   63.000000000000000        9.5199999999999996       -5.8031452751744190     
   64.800000000000011        9.5199999999999996       -5.6462837197276583     
   66.600000000000009        9.5199999999999996       -5.4952629940843432     
   68.399999999999991        9.5199999999999996       -5.3505722248898380     
   70.200000000000003        9.5199999999999996       -5.2126910528315360     
   72.000000000000000        9.5199999999999996       -5.0820909706451713     
   73.799999999999997        9.5199999999999996       -4.9591280514644165     
   75.600000000000009        9.5199999999999996       -4.8442467143642602     
   77.399999999999991        9.5199999999999996       -4.7377748060445564     
   79.199999999999989        9.5199999999999996       -4.6400252860107338     
   81.000000000000000        9.5199999999999996       -4.5512666132250086     
   82.799999999999997        9.5199999999999996       -4.4717794057737361     
   84.599999999999994        9.5199999999999996       -4.4017376383457920     
   86.400000000000006        9.5199999999999996       -4.3413233806872693     
   88.200000000000003        9.5199999999999996       -4.2906988213138195     
   90.000000000000000        9.5199999999999996       -4.2499132596751048     
   91.799999999999997        9.5199999999999996       -4.2190375582745308     
   93.600000000000009        9.5199999999999996       -4.1981111315225199     
   95.400000000000006        9.5199999999999996       -4.1870743161868003     
   97.199999999999989        9.5199999999999996       -4.1858749932333481     
   99.000000000000014        9.5199999999999996       -4.1944409551702169     
   100.80000000000001        9.5199999999999996       -4.2125872420479631     
   102.59999999999999        9.5199999999999996       -4.2401826680888384     
   104.40000000000001        9.5199999999999996       -4.2769872224940038     
   106.19999999999999        9.5199999999999996       -4.3227561040775839     
   108.00000000000000        9.5199999999999996       -4.3771888863316901     
   109.80000000000000        9.5199999999999996       -4.4400287180714564     
   111.59999999999999        9.5199999999999996       -4.5108652705354535     
   113.40000000000001        9.5199999999999996       -4.5893328114952530     
   115.20000000000002        9.5199999999999996       -4.6750566501566571     
   117.00000000000000        9.5199999999999996       -4.7675713542239579     
   118.80000000000003        9.5199999999999996       -4.8664189213347688     
   120.60000000000001        9.5199999999999996       -4.9711117845175172     
   122.40000000000002        9.5199999999999996       -5.0811772208634638     
   124.20000000000000        9.5199999999999996       -5.1960569976090936     
   126.00000000000000        9.5199999999999996       -5.3152128934480469     
   127.80000000000001        9.5199999999999996       -5.4381043315735438     
   129.60000000000002        9.5199999999999996       -5.5641311778014213     
   131.40000000000001        9.5199999999999996       -5.6927436548359491     
   133.20000000000002        9.5199999999999996       -5.8233580745745863     
   135.00000000000000        9.5199999999999996       -5.9553351941361417     
   136.79999999999998        9.5199999999999996       -6.0881431822359824     
   138.59999999999999        9.5199999999999996       -6.2211272366032562     
   140.40000000000001        9.5199999999999996       -6.3537198575788247     
   142.20000000000002        9.5199999999999996       -6.4853169841687661     
   144.00000000000000        9.5199999999999996       -6.6153243558379806     
   145.79999999999998        9.5199999999999996       -6.7431963453273305     
   147.59999999999999        9.5199999999999996       -6.8683649087972771     
   149.40000000000003        9.5199999999999996       -6.9902486098876970     
   151.20000000000002        9.5199999999999996       -7.1083213193348040     
   153.00000000000000        9.5199999999999996       -7.2220530569033645     
   154.79999999999998        9.5199999999999996       -7.3309981182541133     
   156.59999999999997        9.5199999999999996       -7.4346151539872372     
   158.39999999999998        9.5199999999999996       -7.5324869351028729     
   160.20000000000002        9.5199999999999996       -7.6241858923129300     
   162.00000000000000        9.5199999999999996       -7.7092791465160486     
   163.79999999999998        9.5199999999999996       -7.7874581768192845     
   165.59999999999999        9.5199999999999996       -7.8583331211957450     
   167.40000000000001        9.5199999999999996       -7.9216044739099143     
   169.19999999999999        9.5199999999999996       -7.9770127772538100     
   171.00000000000000        9.5199999999999996       -8.0243000704069374     
   172.80000000000001        9.5199999999999996       -8.0632817069854319     
   174.59999999999999        9.5199999999999996       -8.0937669671883317     
   176.40000000000001        9.5199999999999996       -8.1156471166952127     
   178.20000000000002        9.5199999999999996       -8.1337662044413879     
   180.00000000000000        9.5199999999999996       -8.1332034249086647     
   0.0000000000000000        9.5999999999999996       -9.8502639078773395     
   1.8000000000000003        9.5999999999999996       -9.8450647375471902     
   3.6000000000000005        9.5999999999999996       -9.8294718505746861     
   5.4000000000000004        9.5999999999999996       -9.8035567035621902     
   7.2000000000000011        9.5999999999999996       -9.7673986532269979     
   9.0000000000000000        9.5999999999999996       -9.7211454705939495     
   10.800000000000001        9.5999999999999996       -9.6649484899034199     
   12.600000000000001        9.5999999999999996       -9.5990312176056332     
   14.400000000000002        9.5999999999999996       -9.5236125192309675     
   16.200000000000003        9.5999999999999996       -9.4389905531573763     
   18.000000000000000        9.5999999999999996       -9.3454653435944266     
   19.799999999999997        9.5999999999999996       -9.2433483127268552     
   21.600000000000001        9.5999999999999996       -9.1330657376033120     
   23.400000000000002        9.5999999999999996       -9.0149735476719535     
   25.200000000000003        9.5999999999999996       -8.8895004456906577     
   27.000000000000000        9.5999999999999996       -8.7571431350743616     
   28.800000000000004        9.5999999999999996       -8.6183276727331162     
   30.600000000000005        9.5999999999999996       -8.4735813462012253     
   32.400000000000006        9.5999999999999996       -8.3234369287857177     
   34.199999999999996        9.5999999999999996       -8.1684253367943533     
   36.000000000000000        9.5999999999999996       -8.0090934974560479     
   37.800000000000004        9.5999999999999996       -7.8460153383560591     
   39.599999999999994        9.5999999999999996       -7.6797832331106219     
   41.399999999999999        9.5999999999999996       -7.5109991555445204     
   43.200000000000003        9.5999999999999996       -7.3402379882280790     
   45.000000000000000        9.5999999999999996       -7.1681554527272633     
   46.800000000000004        9.5999999999999996       -6.9953015118325652     
   48.599999999999994        9.5999999999999996       -6.8223391209264825     
   50.400000000000006        9.5999999999999996       -6.6498443639888265     
   52.200000000000003        9.5999999999999996       -6.4784181220512540     
   54.000000000000000        9.5999999999999996       -6.3087064517158806     
   55.799999999999997        9.5999999999999996       -6.1412524735903569     
   57.600000000000009        9.5999999999999996       -5.9766581080913967     
   59.400000000000013        9.5999999999999996       -5.8154862809874359     
   61.200000000000010        9.5999999999999996       -5.6582819793884118     
   63.000000000000000        9.5999999999999996       -5.5055864010127769     
   64.800000000000011        9.5999999999999996       -5.3579178161977552     
   66.600000000000009        9.5999999999999996       -5.2157675294088772     
   68.399999999999991        9.5999999999999996       -5.0795968045844493     
   70.200000000000003        9.5999999999999996       -4.9498579474961995     
   72.000000000000000        9.5999999999999996       -4.8269955689564572     
   73.799999999999997        9.5999999999999996       -4.7113453408761599     
   75.600000000000009        9.5999999999999996       -4.6033263131252591     
   77.399999999999991        9.5999999999999996       -4.5032475094530389     
   79.199999999999989        9.5999999999999996       -4.4114038996316776     
   81.000000000000000        9.5999999999999996       -4.3280484504068806     
   82.799999999999997        9.5999999999999996       -4.2534456020041951     
   84.599999999999994        9.5999999999999996       -4.1877591412268202     
   86.400000000000006        9.5999999999999996       -4.1311604934530699     
   88.200000000000003        9.5999999999999996       -4.0838023186746835     
   90.000000000000000        9.5999999999999996       -4.0457307299471781     
   91.799999999999997        9.5999999999999996       -4.0170121913948620     
   93.600000000000009        9.5999999999999996       -3.9976834860381190     
   95.400000000000006        9.5999999999999996       -3.9876878865889243     
   97.199999999999989        9.5999999999999996       -3.9869757868902651     
   99.000000000000014        9.5999999999999996       -3.9954786222793608     
   100.80000000000001        9.5999999999999996       -4.0130214125535071     
   102.59999999999999        9.5999999999999996       -4.0394799322950679     
   104.40000000000001        9.5999999999999996       -4.0746272481226580     
   106.19999999999999        9.5999999999999996       -4.1182319082842263     
   108.00000000000000        9.5999999999999996       -4.1700099644089086     
   109.80000000000000        9.5999999999999996       -4.2297185987147259     
   111.59999999999999        9.5999999999999996       -4.2969701434078154     
   113.40000000000001        9.5999999999999996       -4.3714190258963477     
   115.20000000000002        9.5999999999999996       -4.4527112232025505     
   117.00000000000000        9.5999999999999996       -4.5404070745840084     
   118.80000000000003        9.5999999999999996       -4.6340739373380027     
   120.60000000000001        9.5999999999999996       -4.7332512712585038     
   122.40000000000002        9.5999999999999996       -4.8374925524604331     
   124.20000000000000        9.5999999999999996       -4.9462705584530084     
   126.00000000000000        9.5999999999999996       -5.0590769608259505     
   127.80000000000001        9.5999999999999996       -5.1754012153786935     
   129.60000000000002        9.5999999999999996       -5.2946765746092410     
   131.40000000000001        9.5999999999999996       -5.4163838265034654     
   133.20000000000002        9.5999999999999996       -5.5399717619502571     
   135.00000000000000        9.5999999999999996       -5.6648367472027168     
   136.79999999999998        9.5999999999999996       -5.7904765338878565     
   138.59999999999999        9.5999999999999996       -5.9162728213357507     
   140.40000000000001        9.5999999999999996       -6.0416897157204055     
   142.20000000000002        9.5999999999999996       -6.1661568259930020     
   144.00000000000000        9.5999999999999996       -6.2891130209903716     
   145.79999999999998        9.5999999999999996       -6.4100430805912474     
   147.59999999999999        9.5999999999999996       -6.5284106382192082     
   149.40000000000003        9.5999999999999996       -6.6436666980998655     
   151.20000000000002        9.5999999999999996       -6.7553144750453651     
   153.00000000000000        9.5999999999999996       -6.8628535605442336     
   154.79999999999998        9.5999999999999996       -6.9658630982061052     
   156.59999999999997        9.5999999999999996       -7.0638319723026513     
   158.39999999999998        9.5999999999999996       -7.1563662253418823     
   160.20000000000002        9.5999999999999996       -7.2430621525563428     
   162.00000000000000        9.5999999999999996       -7.3235110498857825     
   163.79999999999998        9.5999999999999996       -7.3974215964250263     
   165.59999999999999        9.5999999999999996       -7.4644257129423179     
   167.40000000000001        9.5999999999999996       -7.5242406121801437     
   169.19999999999999        9.5999999999999996       -7.5766213173944505     
   171.00000000000000        9.5999999999999996       -7.6213242774020102     
   172.80000000000001        9.5999999999999996       -7.6581751489659542     
   174.59999999999999        9.5999999999999996       -7.6869938696161153     
   176.40000000000001        9.5999999999999996       -7.7076777687971951     
   178.20000000000002        9.5999999999999996       -7.7247986878419130     
   180.00000000000000        9.5999999999999996       -7.7242741640410841     
   0.0000000000000000        9.6799999999999997       -9.3173155481303933     
   1.8000000000000003        9.6799999999999997       -9.3124151356537297     
   3.6000000000000005        9.6799999999999997       -9.2977182559211435     
   5.4000000000000004        9.6799999999999997       -9.2732923271900916     
   7.2000000000000011        9.6799999999999997       -9.2392122110429540     
   9.0000000000000000        9.6799999999999997       -9.1956173224151598     
   10.800000000000001        9.6799999999999997       -9.1426504267110289     
   12.600000000000001        9.6799999999999997       -9.0805223892889675     
   14.400000000000002        9.6799999999999997       -9.0094396834821815     
   16.200000000000003        9.6799999999999997       -8.9296836027937836     
   18.000000000000000        9.6799999999999997       -8.8415371895890544     
   19.799999999999997        9.6799999999999997       -8.7452942311158921     
   21.600000000000001        9.6799999999999997       -8.6413568965935497     
   23.400000000000002        9.6799999999999997       -8.5300609533445915     
   25.200000000000003        9.6799999999999997       -8.4118108366489377     
   27.000000000000000        9.6799999999999997       -8.2870751457233762     
   28.800000000000004        9.6799999999999997       -8.1562557962453131     
   30.600000000000005        9.6799999999999997       -8.0198502287929756     
   32.400000000000006        9.6799999999999997       -7.8783610502539201     
   34.199999999999996        9.6799999999999997       -7.7322891043099178     
   36.000000000000000        9.6799999999999997       -7.5821503344101071     
   37.800000000000004        9.6799999999999997       -7.4284861552149328     
   39.599999999999994        9.6799999999999997       -7.2718553797139371     
   41.399999999999999        9.6799999999999997       -7.1128258712544126     
   43.200000000000003        9.6799999999999997       -6.9519399163814315     
   45.000000000000000        9.6799999999999997       -6.7898160837797041     
   46.800000000000004        9.6799999999999997       -6.6269731237270557     
   48.599999999999994        9.6799999999999997       -6.4640364139862827     
   50.400000000000006        9.6799999999999997       -6.3015493393372726     
   52.200000000000003        9.6799999999999997       -6.1400786784676207     
   54.000000000000000        9.6799999999999997       -5.9802338364042127     
   55.799999999999997        9.6799999999999997       -5.8225270651928271     
   57.600000000000009        9.6799999999999997       -5.6675261016479430     
   59.400000000000013        9.6799999999999997       -5.5157618745913775     
   61.200000000000010        9.6799999999999997       -5.3677483766736067     
   63.000000000000000        9.6799999999999997       -5.2239960180130591     
   64.800000000000011        9.6799999999999997       -5.0849935651425193     
   66.600000000000009        9.6799999999999997       -4.9512043300460853     
   68.399999999999991        9.6799999999999997       -4.8230632688165640     
   70.200000000000003        9.6799999999999997       -4.7009968783936307     
   72.000000000000000        9.6799999999999997       -4.5854243890697433     
   73.799999999999997        9.6799999999999997       -4.4766622163388146     
   75.600000000000009        9.6799999999999997       -4.3751054594381493     
   77.399999999999991        9.6799999999999997       -4.2810453774889119     
   79.199999999999989        9.6799999999999997       -4.1947599631513395     
   81.000000000000000        9.6799999999999997       -4.1164875662135980     
   82.799999999999997        9.6799999999999997       -4.0464773621858763     
   84.599999999999994        9.6799999999999997       -3.9848835334235728     
   86.400000000000006        9.6799999999999997       -3.9318674695992293     
   88.200000000000003        9.6799999999999997       -3.8875728494693593     
   90.000000000000000        9.6799999999999997       -3.8520427978193856     
   91.799999999999997        9.6799999999999997       -3.8253396452751094     
   93.600000000000009        9.6799999999999997       -3.8074977110537764     
   95.400000000000006        9.6799999999999997       -3.7984630648283657     
   97.199999999999989        9.6799999999999997       -3.7981884975857225     
   99.000000000000014        9.6799999999999997       -3.8066089094747149     
   100.80000000000001        9.6799999999999997       -3.8235587730100509     
   102.59999999999999        9.6799999999999997       -3.8489204622463529     
   104.40000000000001        9.6799999999999997       -3.8824794233817004     
   106.19999999999999        9.6799999999999997       -3.9240168411265781     
   108.00000000000000        9.6799999999999997       -3.9732643598263291     
   109.80000000000000        9.6799999999999997       -4.0299924440936712     
   111.59999999999999        9.6799999999999997       -4.0938348608240602     
   113.40000000000001        9.6799999999999997       -4.1644651082703659     
   115.20000000000002        9.6799999999999997       -4.2415487142355026     
   117.00000000000000        9.6799999999999997       -4.3246703911901880     
   118.80000000000003        9.6799999999999997       -4.4134214801271998     
   120.60000000000001        9.6799999999999997       -4.5073669995241890     
   122.40000000000002        9.6799999999999997       -4.6060852016713252     
   124.20000000000000        9.6799999999999997       -4.7090781862228530     
   126.00000000000000        9.6799999999999997       -4.8158658906795795     
   127.80000000000001        9.6799999999999997       -4.9259661683686193     
   129.60000000000002        9.6799999999999997       -5.0388438382908154     
   131.40000000000001        9.6799999999999997       -5.1540085884487681     
   133.20000000000002        9.6799999999999997       -5.2709399176309644     
   135.00000000000000        9.6799999999999997       -5.3890678573098834     
   136.79999999999998        9.6799999999999997       -5.5079181294360895     
   138.59999999999999        9.6799999999999997       -5.6269069408923862     
   140.40000000000001        9.6799999999999997       -5.7455282786879192     
   142.20000000000002        9.6799999999999997       -5.8632435825322151     
   144.00000000000000        9.6799999999999997       -5.9795230406627660     
   145.79999999999998        9.6799999999999997       -6.0938801794526727     
   147.59999999999999        9.6799999999999997       -6.2058085784327464     
   149.40000000000003        9.6799999999999997       -6.3147899086386836     
   151.20000000000002        9.6799999999999997       -6.4203551250803566     
   153.00000000000000        9.6799999999999997       -6.5220317739433167     
   154.79999999999998        9.6799999999999997       -6.6194224892342444     
   156.59999999999997        9.6799999999999997       -6.7120447341611706     
   158.39999999999998        9.6799999999999997       -6.7995265507092340     
   160.20000000000002        9.6799999999999997       -6.8814867932939965     
   162.00000000000000        9.6799999999999997       -6.9575396097978288     
   163.79999999999998        9.6799999999999997       -7.0274099395932232     
   165.59999999999999        9.6799999999999997       -7.0907502935173667     
   167.40000000000001        9.6799999999999997       -7.1472936882304303     
   169.19999999999999        9.6799999999999997       -7.1968088359029201     
   171.00000000000000        9.6799999999999997       -7.2390658061709221     
   172.80000000000001        9.6799999999999997       -7.2738999955370751     
   174.59999999999999        9.6799999999999997       -7.3011414152481660     
   176.40000000000001        9.6799999999999997       -7.3206931271229045     
   178.20000000000002        9.6799999999999997       -7.3368697549272905     
   180.00000000000000        9.6799999999999997       -7.3363810191225394     
   0.0000000000000000        9.7599999999999998       -8.8189829354608502     
   1.8000000000000003        9.7599999999999998       -8.8143612927799158     
   3.6000000000000005        9.7599999999999998       -8.8005004739688815     
   5.4000000000000004        9.7599999999999998       -8.7774641250268939     
   7.2000000000000011        9.7599999999999998       -8.7453229092200271     
   9.0000000000000000        9.7599999999999998       -8.7042084362759304     
   10.800000000000001        9.7599999999999998       -8.6542554683613240     
   12.600000000000001        9.7599999999999998       -8.5956630632608277     
   14.400000000000002        9.7599999999999998       -8.5286261200514719     
   16.200000000000003        9.7599999999999998       -8.4534101794830825     
   18.000000000000000        9.7599999999999998       -8.3702824226134922     
   19.799999999999997        9.7599999999999998       -8.2795201658723023     
   21.600000000000001        9.7599999999999998       -8.1815030601551193     
   23.400000000000002        9.7599999999999998       -8.0765480420238518     
   25.200000000000003        9.7599999999999998       -7.9650368806919758     
   27.000000000000000        9.7599999999999998       -7.8474119250032022     
   28.800000000000004        9.7599999999999998       -7.7240525439264811     
   30.600000000000005        9.7599999999999998       -7.5954283006186483     
   32.400000000000006        9.7599999999999998       -7.4620136267119115     
   34.199999999999996        9.7599999999999998       -7.3242812789316192     
   36.000000000000000        9.7599999999999998       -7.1827182630399582     
   37.800000000000004        9.7599999999999998       -7.0378356278192413     
   39.599999999999994        9.7599999999999998       -6.8901608420335725     
   41.399999999999999        9.7599999999999998       -6.7402299116322135     
   43.200000000000003        9.7599999999999998       -6.5885546814474178     
   45.000000000000000        9.7599999999999998       -6.4357190211253670     
   46.800000000000004        9.7599999999999998       -6.2822125331093694     
   48.599999999999994        9.7599999999999998       -6.1286255003497923     
   50.400000000000006        9.7599999999999998       -5.9754707717052842     
   52.200000000000003        9.7599999999999998       -5.8232832793586322     
   54.000000000000000        9.7599999999999998       -5.6726382003329929     
   55.799999999999997        9.7599999999999998       -5.5240189627537646     
   57.600000000000009        9.7599999999999998       -5.3779613824104411     
   59.400000000000013        9.7599999999999998       -5.2349665107284453     
   61.200000000000010        9.7599999999999998       -5.0955194000902120     
   63.000000000000000        9.7599999999999998       -4.9601017140240256     
   64.800000000000011        9.7599999999999998       -4.8291746724124520     
   66.600000000000009        9.7599999999999998       -4.7031754531083410     
   68.399999999999991        9.7599999999999998       -4.5825144525132302     
   70.200000000000003        9.7599999999999998       -4.4675940744547926     
   72.000000000000000        9.7599999999999998       -4.3588098566076887     
   73.799999999999997        9.7599999999999998       -4.2564602444335691     
   75.600000000000009        9.7599999999999998       -4.1609179811261070     
   77.399999999999991        9.7599999999999998       -4.0724577501432098     
   79.199999999999989        9.7599999999999998       -3.9913417045227710     
   81.000000000000000        9.7599999999999998       -3.9177945599122048     
   82.799999999999997        9.7599999999999998       -3.8520512525632133     
   84.599999999999994        9.7599999999999998       -3.7942570146136956     
   86.400000000000006        9.7599999999999998       -3.7445638826496772     
   88.200000000000003        9.7599999999999998       -3.7031071677043599     
   90.000000000000000        9.7599999999999998       -3.6699272266798459     
   91.799999999999997        9.7599999999999998       -3.6450825522478558     
   93.600000000000009        9.7599999999999998       -3.6286051858252417     
   95.400000000000006        9.7599999999999998       -3.6204438348881069     
   97.199999999999989        9.7599999999999998       -3.6205535545915257     
   99.000000000000014        9.7599999999999998       -3.6288725068031638     
   100.80000000000001        9.7599999999999998       -3.6452440207250736     
   102.59999999999999        9.7599999999999998       -3.6695566609237211     
   104.40000000000001        9.7599999999999998       -3.7016074648643107     
   106.19999999999999        9.7599999999999998       -3.7411894483875265     
   108.00000000000000        9.7599999999999998       -3.7880488490848716     
   109.80000000000000        9.7599999999999998       -3.8419685658506206     
   111.59999999999999        9.7599999999999998       -3.9026024170821509     
   113.40000000000001        9.7599999999999998       -3.9696417435122386     
   115.20000000000002        9.7599999999999998       -4.0427703635913330     
   117.00000000000000        9.7599999999999998       -4.1215957861866457     
   118.80000000000003        9.7599999999999998       -4.2057317843985125     
   120.60000000000001        9.7599999999999998       -4.2947672801244812     
   122.40000000000002        9.7599999999999998       -4.3883036975345053     
   124.20000000000000        9.7599999999999998       -4.4858705555008118     
   126.00000000000000        9.7599999999999998       -4.5870142233931634     
   127.80000000000001        9.7599999999999998       -4.6912791089591748     
   129.60000000000002        9.7599999999999998       -4.7981595462422968     
   131.40000000000001        9.7599999999999998       -4.9071922462694193     
   133.20000000000002        9.7599999999999998       -5.0178854196406721     
   135.00000000000000        9.7599999999999998       -5.1297005724364757     
   136.79999999999998        9.7599999999999998       -5.2421895794136510     
   138.59999999999999        9.7599999999999998       -5.3548009080690999     
   140.40000000000001        9.7599999999999998       -5.4670564822899514     
   142.20000000000002        9.7599999999999998       -5.5784475000865008     
   144.00000000000000        9.7599999999999998       -5.6884734295975523     
   145.79999999999998        9.7599999999999998       -5.7966746723839568     
   147.59999999999999        9.7599999999999998       -5.9025728034563336     
   149.40000000000003        9.7599999999999998       -6.0056781621176567     
   151.20000000000002        9.7599999999999998       -6.1055476363891614     
   153.00000000000000        9.7599999999999998       -6.2017349052358011     
   154.79999999999998        9.7599999999999998       -6.2938645633568298     
   156.59999999999997        9.7599999999999998       -6.3814807886725209     
   158.39999999999998        9.7599999999999998       -6.4642321893790271     
   160.20000000000002        9.7599999999999998       -6.5417587083863875     
   162.00000000000000        9.7599999999999998       -6.6136958549126215     
   163.79999999999998        9.7599999999999998       -6.6797837697321043     
   165.59999999999999        9.7599999999999998       -6.7396942100878281     
   167.40000000000001        9.7599999999999998       -6.7931749661586789     
   169.19999999999999        9.7599999999999998       -6.8400075466458059     
   171.00000000000000        9.7599999999999998       -6.8799747533411200     
   172.80000000000001        9.7599999999999998       -6.9129210876926948     
   174.59999999999999        9.7599999999999998       -6.9386859772033151     
   176.40000000000001        9.7599999999999998       -6.9571778426625599     
   178.20000000000002        9.7599999999999998       -6.9724709671429874     
   180.00000000000000        9.7599999999999998       -6.9720152836216727     
   0.0000000000000000        9.8399999999999999       -8.3477179965337882     
   1.8000000000000003        9.8399999999999999       -8.3433594137901412     
   3.6000000000000005        9.8399999999999999       -8.3302875403559877     
   5.4000000000000004        9.8399999999999999       -8.3085624593950893     
   7.2000000000000011        9.8399999999999999       -8.2782508694222834     
   9.0000000000000000        9.8399999999999999       -8.2394770085063076     
   10.800000000000001        9.8399999999999999       -8.1923680806579320     
   12.600000000000001        9.8399999999999999       -8.1371119920639643     
   14.400000000000002        9.8399999999999999       -8.0738927112024150     
   16.200000000000003        9.8399999999999999       -8.0029609012987706     
   18.000000000000000        9.8399999999999999       -7.9245687639048334     
   19.799999999999997        9.8399999999999999       -7.8389780606948749     
   21.600000000000001        9.8399999999999999       -7.7465471751836228     
   23.400000000000002        9.8399999999999999       -7.6475752608139311     
   25.200000000000003        9.8399999999999999       -7.5424226809466655     
   27.000000000000000        9.8399999999999999       -7.4315069929556739     
   28.800000000000004        9.8399999999999999       -7.3151862737920919     
   30.600000000000005        9.8399999999999999       -7.1939037591006176     
   32.400000000000006        9.8399999999999999       -7.0681072721491836     
   34.199999999999996        9.8399999999999999       -6.9382430452242145     
   36.000000000000000        9.8399999999999999       -6.8047707564466924     
   37.800000000000004        9.8399999999999999       -6.6681727782078521     
   39.599999999999994        9.8399999999999999       -6.5289469790957559     
   41.399999999999999        9.8399999999999999       -6.3875992805464197     
   43.200000000000003        9.8399999999999999       -6.2446127807565466     
   45.000000000000000        9.8399999999999999       -6.1005385812074557     
   46.800000000000004        9.8399999999999999       -5.9558387609294394     
   48.599999999999994        9.8399999999999999       -5.8110704616604787     
   50.400000000000006        9.8399999999999999       -5.6667176983167868     
   52.200000000000003        9.8399999999999999       -5.5232853313970791     
   54.000000000000000        9.8399999999999999       -5.3813162167717872     
   55.799999999999997        9.8399999999999999       -5.2412665671094558     
   57.600000000000009        9.8399999999999999       -5.1036420571992922     
   59.400000000000013        9.8399999999999999       -4.9689155284505393     
   61.200000000000010        9.8399999999999999       -4.8375447088674735     
   63.000000000000000        9.8399999999999999       -4.7099841208714945     
   64.800000000000011        9.8399999999999999       -4.5866689771272062     
   66.600000000000009        9.8399999999999999       -4.4680117829692838     
   68.399999999999991        9.8399999999999999       -4.3543997499338944     
   70.200000000000003        9.8399999999999999       -4.2462125380034133     
   72.000000000000000        9.8399999999999999       -4.1438233195784147     
   73.799999999999997        9.8399999999999999       -4.0475135812753065     
   75.600000000000009        9.8399999999999999       -3.9576349640813437     
   77.399999999999991        9.8399999999999999       -3.8744465102414281     
   79.199999999999989        9.8399999999999999       -3.7981954270781846     
   81.000000000000000        9.8399999999999999       -3.7290935682103967     
   82.799999999999997        9.8399999999999999       -3.6673624363061172     
   84.599999999999994        9.8399999999999999       -3.6131388266635942     
   86.400000000000006        9.8399999999999999       -3.5665659585055658     
   88.200000000000003        9.8399999999999999       -3.5277712564477302     
   90.000000000000000        9.8399999999999999       -3.4967924812808224     
   91.799999999999997        9.8399999999999999       -3.4736845186687217     
   93.600000000000009        9.8399999999999999       -3.4584772769255645     
   95.400000000000006        9.8399999999999999       -3.4511219742648569     
   97.199999999999989        9.8399999999999999       -3.4515758235624698     
   99.000000000000014        9.8399999999999999       -3.4597800867552237     
   100.80000000000001        9.8399999999999999       -3.4755864787073558     
   102.59999999999999        9.8399999999999999       -3.4988894307715004     
   104.40000000000001        9.8399999999999999       -3.5294969492787001     
   106.19999999999999        9.8399999999999999       -3.5672132454097412     
   108.00000000000000        9.8399999999999999       -3.6117983613699138     
   109.80000000000000        9.8399999999999999       -3.6630469608901928     
   111.59999999999999        9.8399999999999999       -3.7206318231468130     
   113.40000000000001        9.8399999999999999       -3.7842611625489404     
   115.20000000000002        9.8399999999999999       -3.8536360943982286     
   117.00000000000000        9.8399999999999999       -3.9283856808405266     
   118.80000000000003        9.8399999999999999       -4.0081449038533545     
   120.60000000000001        9.8399999999999999       -4.0925252839187349     
   122.40000000000002        9.8399999999999999       -4.1811501524078594     
   124.20000000000000        9.8399999999999999       -4.2735749476303457     
   126.00000000000000        9.8399999999999999       -4.3693710253109499     
   127.80000000000001        9.8399999999999999       -4.4681078949973303     
   129.60000000000002        9.8399999999999999       -4.5693077891389624     
   131.40000000000001        9.8399999999999999       -4.6725329625528600     
   133.20000000000002        9.8399999999999999       -4.7773187646809090     
   135.00000000000000        9.8399999999999999       -4.8831564501182907     
   136.79999999999998        9.8399999999999999       -4.9896226141314282     
   138.59999999999999        9.8399999999999999       -5.0961962144651158     
   140.40000000000001        9.8399999999999999       -5.2024255801134220     
   142.20000000000002        9.8399999999999999       -5.3078300344817926     
   144.00000000000000        9.8399999999999999       -5.4119367186971132     
   145.79999999999998        9.8399999999999999       -5.5143114350662392     
   147.59999999999999        9.8399999999999999       -5.6145022172284911     
   149.40000000000003        9.8399999999999999       -5.7120464982220245     
   151.20000000000002        9.8399999999999999       -5.8065256752599161     
   153.00000000000000        9.8399999999999999       -5.8975181247156501     
   154.79999999999998        9.8399999999999999       -5.9846691967349361     
   156.59999999999997        9.8399999999999999       -6.0675483153663787     
   158.39999999999998        9.8399999999999999       -6.1458235258014939     
   160.20000000000002        9.8399999999999999       -6.2191547008148227     
   162.00000000000000        9.8399999999999999       -6.2871975366983346     
   163.79999999999998        9.8399999999999999       -6.3497065413456015     
   165.59999999999999        9.8399999999999999       -6.4063716599453846     
   167.40000000000001        9.8399999999999999       -6.4569546444393362     
   169.19999999999999        9.8399999999999999       -6.5012490970239529     
   171.00000000000000        9.8399999999999999       -6.5390498515947453     
   172.80000000000001        9.8399999999999999       -6.5702100144333109     
   174.59999999999999        9.8399999999999999       -6.5945779113939764     
   176.40000000000001        9.8399999999999999       -6.6120670280426861     
   178.20000000000002        9.8399999999999999       -6.6265245947690179     
   180.00000000000000        9.8399999999999999       -6.6260998374516351     
   0.0000000000000000        9.9199999999999999       -7.9080258993796857     
   1.8000000000000003        9.9199999999999999       -7.9039119806679068     
   3.6000000000000005        9.9199999999999999       -7.8915738813208947     
   5.4000000000000004        9.9199999999999999       -7.8710683672369131     
   7.2000000000000011        9.9199999999999999       -7.8424584460051383     
   9.0000000000000000        9.9199999999999999       -7.8058614923907923     
   10.800000000000001        9.9199999999999999       -7.7613976740685491     
   12.600000000000001        9.9199999999999999       -7.7092445147763335     
   14.400000000000002        9.9199999999999999       -7.6495758070276816     
   16.200000000000003        9.9199999999999999       -7.5826283627441304     
   18.000000000000000        9.9199999999999999       -7.5086404378391114     
   19.799999999999997        9.9199999999999999       -7.4278593132280868     
   21.600000000000001        9.9199999999999999       -7.3406235718160442     
   23.400000000000002        9.9199999999999999       -7.2472158121512891     
   25.200000000000003        9.9199999999999999       -7.1479764692676868     
   27.000000000000000        9.9199999999999999       -7.0433000196112037     
   28.800000000000004        9.9199999999999999       -6.9335247190437226     
   30.600000000000005        9.9199999999999999       -6.8190692928796270     
   32.400000000000006        9.9199999999999999       -6.7003567930684884     
   34.199999999999996        9.9199999999999999       -6.5778087593175005     
   36.000000000000000        9.9199999999999999       -6.4518594296652489     
   37.800000000000004        9.9199999999999999       -6.3229644808070811     
   39.599999999999994        9.9199999999999999       -6.1915942258030645     
   41.399999999999999        9.9199999999999999       -6.0582265799986752     
   43.200000000000003        9.9199999999999999       -5.9233178820545476     
   45.000000000000000        9.9199999999999999       -5.7873887289428190     
   46.800000000000004        9.9199999999999999       -5.6508755804006086     
   48.599999999999994        9.9199999999999999       -5.5143047271757686     
   50.400000000000006        9.9199999999999999       -5.3781333452516726     
   52.200000000000003        9.9199999999999999       -5.2428383038581501     
   54.000000000000000        9.9199999999999999       -5.1089323729670824     
   55.799999999999997        9.9199999999999999       -4.9768464349763892     
   57.600000000000009        9.9199999999999999       -4.8470581100757837     
   59.400000000000013        9.9199999999999999       -4.7200139838832991     
   61.200000000000010        9.9199999999999999       -4.5961463538137810     
   63.000000000000000        9.9199999999999999       -4.4758844827298541     
   64.800000000000011        9.9199999999999999       -4.3596393801128963     
   66.600000000000009        9.9199999999999999       -4.2478005914976888     
   68.399999999999991        9.9199999999999999       -4.1407337544386644     
   70.200000000000003        9.9199999999999999       -4.0387973659482039     
   72.000000000000000        9.9199999999999999       -3.9423437882871393     
   73.799999999999997        9.9199999999999999       -3.8516387334663365     
   75.600000000000009        9.9199999999999999       -3.7670142091310601     
   77.399999999999991        9.9199999999999999       -3.6887147104975444     
   79.199999999999989        9.9199999999999999       -3.6169735457815628     
   81.000000000000000        9.9199999999999999       -3.5519906102940100     
   82.799999999999997        9.9199999999999999       -3.4939749161991971     
   84.599999999999994        9.9199999999999999       -3.4430554221417990     
   86.400000000000006        9.9199999999999999       -3.3993671563718415     
   88.200000000000003        9.9199999999999999       -3.3630302196367579     
   90.000000000000000        9.9199999999999999       -3.3340799760574180     
   91.799999999999997        9.9199999999999999       -3.3125679731446755     
   93.600000000000009        9.9199999999999999       -3.2985221537894893     
   95.400000000000006        9.9199999999999999       -3.2918960958279149     
   97.199999999999989        9.9199999999999999       -3.2926490429324273     
   99.000000000000014        9.9199999999999999       -3.3007251654350687     
   100.80000000000001        9.9199999999999999       -3.3159840092784938     
   102.59999999999999        9.9199999999999999       -3.3383254908199040     
   104.40000000000001        9.9199999999999999       -3.3675678531204625     
   106.19999999999999        9.9199999999999999       -3.4035257548734901     
   108.00000000000000        9.9199999999999999       -3.4459721157925118     
   109.80000000000000        9.9199999999999999       -3.4947125771725340     
   111.59999999999999        9.9199999999999999       -3.5494375975287999     
   113.40000000000001        9.9199999999999999       -3.6098711265486196     
   115.20000000000002        9.9199999999999999       -3.6757304086922247     
   117.00000000000000        9.9199999999999999       -3.7466645992465386     
   118.80000000000003        9.9199999999999999       -3.8223284522855954     
   120.60000000000001        9.9199999999999999       -3.9023545543964921     
   122.40000000000002        9.9199999999999999       -3.9863866588101238     
   124.20000000000000        9.9199999999999999       -4.0740043621746551     
   126.00000000000000        9.9199999999999999       -4.1648023091640294     
   127.80000000000001        9.9199999999999999       -4.2583734054201461     
   129.60000000000002        9.9199999999999999       -4.3542658837289725     
   131.40000000000001        9.9199999999999999       -4.4520658058499327     
   133.20000000000002        9.9199999999999999       -4.5513338133020014     
   135.00000000000000        9.9199999999999999       -4.6515888828495235     
   136.79999999999998        9.9199999999999999       -4.7524306486099901     
   138.59999999999999        9.9199999999999999       -4.8533664803853869     
   140.40000000000001        9.9199999999999999       -4.9539693140211174     
   142.20000000000002        9.9199999999999999       -5.0537846814731866     
   144.00000000000000        9.9199999999999999       -5.1523655105526434     
   145.79999999999998        9.9199999999999999       -5.2493012734573750     
   147.59999999999999        9.9199999999999999       -5.3441646584425264     
   149.40000000000003        9.9199999999999999       -5.4365183441197695     
   151.20000000000002        9.9199999999999999       -5.5259665655828663     
   153.00000000000000        9.9199999999999999       -5.6121107118078770     
   154.79999999999998        9.9199999999999999       -5.6946154735893035     
   156.59999999999997        9.9199999999999999       -5.7730737974514454     
   158.39999999999998        9.9199999999999999       -5.8471718400885422     
   160.20000000000002        9.9199999999999999       -5.9165880442014567     
   162.00000000000000        9.9199999999999999       -5.9809969149410769     
   163.79999999999998        9.9199999999999999       -6.0401663479838970     
   165.59999999999999        9.9199999999999999       -6.0938032342149082     
   167.40000000000001        9.9199999999999999       -6.1416823345513460     
   169.19999999999999        9.9199999999999999       -6.1836085194971027     
   171.00000000000000        9.9199999999999999       -6.2193878334258406     
   172.80000000000001        9.9199999999999999       -6.2488814004340520     
   174.59999999999999        9.9199999999999999       -6.2719458369010628     
   176.40000000000001        9.9199999999999999       -6.2884993478334490     
   178.20000000000002        9.9199999999999999       -6.3021776984913753     
   180.00000000000000        9.9199999999999999       -6.3017814061437303     
   0.0000000000000000        10.000000000000000       -7.4941205523804388     
   1.8000000000000003        10.000000000000000       -7.4902362358580383     
   3.6000000000000005        10.000000000000000       -7.4785867385177989     
   5.4000000000000004        10.000000000000000       -7.4592257103098820     
   7.2000000000000011        10.000000000000000       -7.4322126923392524     
   9.0000000000000000        10.000000000000000       -7.3976586127969437     
   10.800000000000001        10.000000000000000       -7.3556770307450154     
   12.600000000000001        10.000000000000000       -7.3064357179808255     
   14.400000000000002        10.000000000000000       -7.2500989096111468     
   16.200000000000003        10.000000000000000       -7.1868904074894857     
   18.000000000000000        10.000000000000000       -7.1170353693514476     
   19.799999999999997        10.000000000000000       -7.0407674756771890     
   21.600000000000001        10.000000000000000       -6.9584067111507890     
   23.400000000000002        10.000000000000000       -6.8702201261391815     
   25.200000000000003        10.000000000000000       -6.7765294384672945     
   27.000000000000000        10.000000000000000       -6.6777074458217873     
   28.800000000000004        10.000000000000000       -6.5740737885950535     
   30.600000000000005        10.000000000000000       -6.4660241713074038     
   32.400000000000006        10.000000000000000       -6.3539583803743014     
   34.199999999999996        10.000000000000000       -6.2382747644131715     
   36.000000000000000        10.000000000000000       -6.1193836685072629     
   37.800000000000004        10.000000000000000       -5.9977156971234908     
   39.599999999999994        10.000000000000000       -5.8737152836695197     
   41.399999999999999        10.000000000000000       -5.7478340409360058     
   43.200000000000003        10.000000000000000       -5.6205031766525320     
   45.000000000000000        10.000000000000000       -5.4922146386523432     
   46.800000000000004        10.000000000000000       -5.3633808278619606     
   48.599999999999994        10.000000000000000       -5.2344990611270124     
   50.400000000000006        10.000000000000000       -5.1060013104513029     
   52.200000000000003        10.000000000000000       -4.9783381587575031     
   54.000000000000000        10.000000000000000       -4.8519941220320781     
   55.799999999999997        10.000000000000000       -4.7273762971979121     
   57.600000000000009        10.000000000000000       -4.6049359596268467     
   59.400000000000013        10.000000000000000       -4.4850950405038192     
   61.200000000000010        10.000000000000000       -4.3682619584231723     
   63.000000000000000        10.000000000000000       -4.2548422583946452     
   64.800000000000011        10.000000000000000       -4.1452242248308870     
   66.600000000000009        10.000000000000000       -4.0397758466714428     
   68.399999999999991        10.000000000000000       -3.9388425071593076     
   70.200000000000003        10.000000000000000       -3.8427628353783598     
   72.000000000000000        10.000000000000000       -3.7518696573634394     
   73.799999999999997        10.000000000000000       -3.6664138802495070     
   75.600000000000009        10.000000000000000       -3.5867090814729994     
   77.399999999999991        10.000000000000000       -3.5129861050690105     
   79.199999999999989        10.000000000000000       -3.4454652169653208     
   81.000000000000000        10.000000000000000       -3.3843350937922261     
   82.799999999999997        10.000000000000000       -3.3297930291066469     
   84.599999999999994        10.000000000000000       -3.2819606355839923     
   86.400000000000006        10.000000000000000       -3.2409652626699170     
   88.200000000000003        10.000000000000000       -3.2069201470516151     
   90.000000000000000        10.000000000000000       -3.1798584182033158     
   91.799999999999997        10.000000000000000       -3.1598285044298624     
   93.600000000000009        10.000000000000000       -3.1468565191730189     
   95.400000000000006        10.000000000000000       -3.1408982744261431     
   97.199999999999989        10.000000000000000       -3.1419149390346766     
   99.000000000000014        10.000000000000000       -3.1498534330060544     
   100.80000000000001        10.000000000000000       -3.1645806770281117     
   102.59999999999999        10.000000000000000       -3.1860017578506188     
   104.40000000000001        10.000000000000000       -3.2139445533393118     
   106.19999999999999        10.000000000000000       -3.2482335549162755     
   108.00000000000000        10.000000000000000       -3.2886537980070809     
   109.80000000000000        10.000000000000000       -3.3350212543638973     
   111.59999999999999        10.000000000000000       -3.3870430094864790     
   113.40000000000001        10.000000000000000       -3.4444578133094454     
   115.20000000000002        10.000000000000000       -3.5069980804144709     
   117.00000000000000        10.000000000000000       -3.5743318603798606     
   118.80000000000003        10.000000000000000       -3.6461324997018520     
   120.60000000000001        10.000000000000000       -3.7220523929385010     
   122.40000000000002        10.000000000000000       -3.8017544957269447     
   124.20000000000000        10.000000000000000       -3.8848411174786941     
   126.00000000000000        10.000000000000000       -3.9709287985017223     
   127.80000000000001        10.000000000000000       -4.0596324404374293     
   129.60000000000002        10.000000000000000       -4.1505247185859888     
   131.40000000000001        10.000000000000000       -4.2432140760733006     
   133.20000000000002        10.000000000000000       -4.3372849308083019     
   135.00000000000000        10.000000000000000       -4.4322823187964460     
   136.79999999999998        10.000000000000000       -4.5278275327864490     
   138.59999999999999        10.000000000000000       -4.6234546492589566     
   140.40000000000001        10.000000000000000       -4.7187597351399564     
   142.20000000000002        10.000000000000000       -4.8133129579476481     
   144.00000000000000        10.000000000000000       -4.9066914842722804     
   145.79999999999998        10.000000000000000       -4.9985070358184576     
   147.59999999999999        10.000000000000000       -5.0883554751157209     
   149.40000000000003        10.000000000000000       -5.1758232098417540     
   151.20000000000002        10.000000000000000       -5.2605359415380022     
   153.00000000000000        10.000000000000000       -5.3421166893247376     
   154.79999999999998        10.000000000000000       -5.4202483236608936     
   156.59999999999997        10.000000000000000       -5.4945458993156890     
   158.39999999999998        10.000000000000000       -5.5647125968268778     
   160.20000000000002        10.000000000000000       -5.6304443129582946     
   162.00000000000000        10.000000000000000       -5.6914332309126427     
   163.79999999999998        10.000000000000000       -5.7474598305050133     
   165.59999999999999        10.000000000000000       -5.7982469291051997     
   167.40000000000001        10.000000000000000       -5.8435815148267896     
   169.19999999999999        10.000000000000000       -5.8832790493917724     
   171.00000000000000        10.000000000000000       -5.9171561135314281     
   172.80000000000001        10.000000000000000       -5.9450813674832688     
   174.59999999999999        10.000000000000000       -5.9669192194610972     
   176.40000000000001        10.000000000000000       -5.9825923105361731     
   178.20000000000002        10.000000000000000       -5.9955377239468337     
   180.00000000000000        10.000000000000000       -5.9951679026231925     
   0.0000000000000000        10.080000000000000       -7.1039168144508711     
   1.8000000000000003        10.080000000000000       -7.1002482400635358     
   3.6000000000000005        10.080000000000000       -7.0892457769395314     
   5.4000000000000004        10.080000000000000       -7.0709601445272323     
   7.2000000000000011        10.080000000000000       -7.0454476241646375     
   9.0000000000000000        10.080000000000000       -7.0128130813303908     
   10.800000000000001        10.080000000000000       -6.9731638604299935     
   12.600000000000001        10.080000000000000       -6.9266585620933911     
   14.400000000000002        10.080000000000000       -6.8734524337462499     
   16.200000000000003        10.080000000000000       -6.8137570420476710     
   18.000000000000000        10.080000000000000       -6.7477852271293823     
   19.799999999999997        10.080000000000000       -6.6757578798562651     
   21.600000000000001        10.080000000000000       -6.5979774942392062     
   23.400000000000002        10.080000000000000       -6.5146964996747689     
   25.200000000000003        10.080000000000000       -6.4262190123019263     
   27.000000000000000        10.080000000000000       -6.3328974425782247     
   28.800000000000004        10.080000000000000       -6.2350339258168432     
   30.600000000000005        10.080000000000000       -6.1330025177124323     
   32.400000000000006        10.080000000000000       -6.0271811260543418     
   34.199999999999996        10.080000000000000       -5.9179462912894847     
   36.000000000000000        10.080000000000000       -5.8056858904863535     
   37.800000000000004        10.080000000000000       -5.6908069511366302     
   39.599999999999994        10.080000000000000       -5.5737295705099781     
   41.399999999999999        10.080000000000000       -5.4548806278148732     
   43.200000000000003        10.080000000000000       -5.3346676997506304     
   45.000000000000000        10.080000000000000       -5.2135557938345629     
   46.800000000000004        10.080000000000000       -5.0919346892590847     
   48.599999999999994        10.080000000000000       -4.9702744577496132     
   50.400000000000006        10.080000000000000       -4.8489833729760852     
   52.200000000000003        10.080000000000000       -4.7284873016838995     
   54.000000000000000        10.080000000000000       -4.6092441929582471     
   55.799999999999997        10.080000000000000       -4.4916387807485885     
   57.600000000000009        10.080000000000000       -4.3760975701130294     
   59.400000000000013        10.080000000000000       -4.2630193123818385     
   61.200000000000010        10.080000000000000       -4.1527899761945433     
   63.000000000000000        10.080000000000000       -4.0457928082827035     
   64.800000000000011        10.080000000000000       -3.9423947289520536     
   66.600000000000009        10.080000000000000       -3.8429434624676220     
   68.399999999999991        10.080000000000000       -3.7477653526946688     
   70.200000000000003        10.080000000000000       -3.6571803530139695     
   72.000000000000000        10.080000000000000       -3.5715029259785100     
   73.799999999999997        10.080000000000000       -3.4909700662932170     
   75.600000000000009        10.080000000000000       -3.4158780286865205     
   77.399999999999991        10.080000000000000       -3.3464448303592449     
   79.199999999999989        10.080000000000000       -3.2828784833266123     
   81.000000000000000        10.080000000000000       -3.2253571259213656     
   82.799999999999997        10.080000000000000       -3.1740670432031139     
   84.599999999999994        10.080000000000000       -3.1291229528637086     
   86.400000000000006        10.080000000000000       -3.0906449963217275     
   88.200000000000003        10.080000000000000       -3.0587399687313495     
   90.000000000000000        10.080000000000000       -3.0334389130557273     
   91.799999999999997        10.080000000000000       -3.0147873389796871     
   93.600000000000009        10.080000000000000       -3.0028096546275251     
   95.400000000000006        10.080000000000000       -2.9974637893834801     
   97.199999999999989        10.080000000000000       -2.9987127387845831     
   99.000000000000014        10.080000000000000       -3.0065060251110109     
   100.80000000000001        10.080000000000000       -3.0207175221662430     
   102.59999999999999        10.080000000000000       -3.0412571960557155     
   104.40000000000001        10.080000000000000       -3.0679620036788497     
   106.19999999999999        10.080000000000000       -3.1006657015755468     
   108.00000000000000        10.080000000000000       -3.1391647378191143     
   109.80000000000000        10.080000000000000       -3.1832848172435160     
   111.59999999999999        10.080000000000000       -3.2327486815594986     
   113.40000000000001        10.080000000000000       -3.2873090182939499     
   115.20000000000002        10.080000000000000       -3.3467125273881164     
   117.00000000000000        10.080000000000000       -3.4106450469925602     
   118.80000000000003        10.080000000000000       -3.4787974279909859     
   120.60000000000001        10.080000000000000       -3.5508407125985695     
   122.40000000000002        10.080000000000000       -3.6264559342041411     
   124.20000000000000        10.080000000000000       -3.7052667819900145     
   126.00000000000000        10.080000000000000       -3.7869104070794193     
   127.80000000000001        10.080000000000000       -3.8710224160680120     
   129.60000000000002        10.080000000000000       -3.9571984904106308     
   131.40000000000001        10.080000000000000       -4.0450681401188842     
   133.20000000000002        10.080000000000000       -4.1342381620024957     
   135.00000000000000        10.080000000000000       -4.2242781181699831     
   136.79999999999998        10.080000000000000       -4.3148296873854566     
   138.59999999999999        10.080000000000000       -4.4054520806055155     
   140.40000000000001        10.080000000000000       -4.4957631352292537     
   142.20000000000002        10.080000000000000       -4.5853562041771845     
   144.00000000000000        10.080000000000000       -4.6738312657996754     
   145.79999999999998        10.080000000000000       -4.7608209818197640     
   147.59999999999999        10.080000000000000       -4.8459430243359796     
   149.40000000000003        10.080000000000000       -4.9288061320920420     
   151.20000000000002        10.080000000000000       -5.0090562087846102     
   153.00000000000000        10.080000000000000       -5.0863366292579020     
   154.79999999999998        10.080000000000000       -5.1603473733208673     
   156.59999999999997        10.080000000000000       -5.2307243003555364     
   158.39999999999998        10.080000000000000       -5.2971866120585585     
   160.20000000000002        10.080000000000000       -5.3594466306172643     
   162.00000000000000        10.080000000000000       -5.4172131749108630     
   163.79999999999998        10.080000000000000       -5.4702785680112997     
   165.59999999999999        10.080000000000000       -5.5183806142949585     
   167.40000000000001        10.080000000000000       -5.5613178084069306     
   169.19999999999999        10.080000000000000       -5.5989155791227168     
   171.00000000000000        10.080000000000000       -5.6310004221377046     
   172.80000000000001        10.080000000000000       -5.6574480897998161     
   174.59999999999999        10.080000000000000       -5.6781303224829669     
   176.40000000000001        10.080000000000000       -5.6929739360832876     
   178.20000000000002        10.080000000000000       -5.7052291105309125     
   180.00000000000000        10.080000000000000       -5.7048839413963073     
   0.0000000000000000        10.160000000000000       -6.7388331971920898     
   1.8000000000000003        10.160000000000000       -6.7353656705169040     
   3.6000000000000005        10.160000000000000       -6.7249661714556792     
   5.4000000000000004        10.160000000000000       -6.7076826857780727     
   7.2000000000000011        10.160000000000000       -6.6835684544207385     
   9.0000000000000000        10.160000000000000       -6.6527226875451984     
   10.800000000000001        10.160000000000000       -6.6152469329724326     
   12.600000000000001        10.160000000000000       -6.5712912365360747     
   14.400000000000002        10.160000000000000       -6.5210024625833114     
   16.200000000000003        10.160000000000000       -6.4645807649424203     
   18.000000000000000        10.160000000000000       -6.4022274945176179     
   19.799999999999997        10.160000000000000       -6.3341516130076387     
   21.600000000000001        10.160000000000000       -6.2606392991890729     
   23.400000000000002        10.160000000000000       -6.1819293454302038     
   25.200000000000003        10.160000000000000       -6.0983094500146136     
   27.000000000000000        10.160000000000000       -6.0101130068265975     
   28.800000000000004        10.160000000000000       -5.9176258244078772     
   30.600000000000005        10.160000000000000       -5.8212017656100450     
   32.400000000000006        10.160000000000000       -5.7211983314045387     
   34.199999999999996        10.160000000000000       -5.6179717216065104     
   36.000000000000000        10.160000000000000       -5.5118888573873379     
   37.800000000000004        10.160000000000000       -5.4033347759968233     
   39.599999999999994        10.160000000000000       -5.2927068765050409     
   41.399999999999999        10.160000000000000       -5.1804089694731648     
   43.200000000000003        10.160000000000000       -5.0668265921422382     
   45.000000000000000        10.160000000000000       -4.9523996250626467     
   46.800000000000004        10.160000000000000       -4.8374967505060873     
   48.599999999999994        10.160000000000000       -4.7225626295588610     
   50.400000000000006        10.160000000000000       -4.6079834351124500     
   52.200000000000003        10.160000000000000       -4.4941619837248936     
   54.000000000000000        10.160000000000000       -4.3815314477116392     
   55.799999999999997        10.160000000000000       -4.2704557072550715     
   57.600000000000009        10.160000000000000       -4.1613381676593573     
   59.400000000000013        10.160000000000000       -4.0545559648486638     
   61.200000000000010        10.160000000000000       -3.9504741334026239     
   63.000000000000000        10.160000000000000       -3.8494551277850011     
   64.800000000000011        10.160000000000000       -3.7518459479577659     
   66.600000000000009        10.160000000000000       -3.6579754239571174     
   68.399999999999991        10.160000000000000       -3.5681521489639541     
   70.200000000000003        10.160000000000000       -3.4826786652244879     
   72.000000000000000        10.160000000000000       -3.4018523156807783     
   73.799999999999997        10.160000000000000       -3.3258971288795314     
   75.600000000000009        10.160000000000000       -3.2550932114188220     
   77.399999999999991        10.160000000000000       -3.1896466276143496     
   79.199999999999989        10.160000000000000       -3.1297539713179354     
   81.000000000000000        10.160000000000000       -3.0755835636523972     
   82.799999999999997        10.160000000000000       -3.0273114338205209     
   84.599999999999994        10.160000000000000       -2.9850458820591124     
   86.400000000000006        10.160000000000000       -2.9489003402953431     
   88.200000000000003        10.160000000000000       -2.9189756094564014     
   90.000000000000000        10.160000000000000       -2.8953008019832911     
   91.799999999999997        10.160000000000000       -2.8779187206137564     
   93.600000000000009        10.160000000000000       -2.8668521986580386     
   95.400000000000006        10.160000000000000       -2.8620611576405715     
   97.199999999999989        10.160000000000000       -2.8635103139545928     
   99.000000000000014        10.160000000000000       -2.8711516343829744     
   100.80000000000001        10.160000000000000       -2.8848654969402334     
   102.59999999999999        10.160000000000000       -2.9045664368360100     
   104.40000000000001        10.160000000000000       -2.9300998986982578     
   106.19999999999999        10.160000000000000       -2.9613083003180507     
   108.00000000000000        10.160000000000000       -2.9979987547524893     
   109.80000000000000        10.160000000000000       -3.0400060644718598     
   111.59999999999999        10.160000000000000       -3.0870675955377012     
   113.40000000000001        10.160000000000000       -3.1389490560092481     
   115.20000000000002        10.160000000000000       -3.1954104906719856     
   117.00000000000000        10.160000000000000       -3.2561543511648012     
   118.80000000000003        10.160000000000000       -3.3208878364671706     
   120.60000000000001        10.160000000000000       -3.3892994034411559     
   122.40000000000002        10.160000000000000       -3.4610869680950218     
   124.20000000000000        10.160000000000000       -3.5358941830830863     
   126.00000000000000        10.160000000000000       -3.6133774452115062     
   127.80000000000001        10.160000000000000       -3.6931916943100491     
   129.60000000000002        10.160000000000000       -3.7749540920153546     
   131.40000000000001        10.160000000000000       -3.8583138186721437     
   133.20000000000002        10.160000000000000       -3.9428985653361632     
   135.00000000000000        10.160000000000000       -4.0283007915760010     
   136.79999999999998        10.160000000000000       -4.1141812101455120     
   138.59999999999999        10.160000000000000       -4.2001224964164470     
   140.40000000000001        10.160000000000000       -4.2857628128748235     
   142.20000000000002        10.160000000000000       -4.3707171574120682     
   144.00000000000000        10.160000000000000       -4.4546068043063460     
   145.79999999999998        10.160000000000000       -4.5370839642780920     
   147.59999999999999        10.160000000000000       -4.6177866693838308     
   149.40000000000003        10.160000000000000       -4.6963445045077163     
   151.20000000000002        10.160000000000000       -4.7724222325638914     
   153.00000000000000        10.160000000000000       -4.8456822304650888     
   154.79999999999998        10.160000000000000       -4.9158404504441213     
   156.59999999999997        10.160000000000000       -4.9825521718982468     
   158.39999999999998        10.160000000000000       -5.0455515526301156     
   160.20000000000002        10.160000000000000       -5.1045662476790836     
   162.00000000000000        10.160000000000000       -5.1593206044839324     
   163.79999999999998        10.160000000000000       -5.2096180023824248     
   165.59999999999999        10.160000000000000       -5.2552102349601224     
   167.40000000000001        10.160000000000000       -5.2959065379434502     
   169.19999999999999        10.160000000000000       -5.3315416442021739     
   171.00000000000000        10.160000000000000       -5.3619513044178913     
   172.80000000000001        10.160000000000000       -5.3870178914122873     
   174.59999999999999        10.160000000000000       -5.4066199895140095     
   176.40000000000001        10.160000000000000       -5.4206883119515723     
   178.20000000000002        10.160000000000000       -5.4322986404028750     
   180.00000000000000        10.160000000000000       -5.4319762128866866     
   0.0000000000000000        10.240000000000000       -6.3940384810833368     
   1.8000000000000003        10.240000000000000       -6.3907601390012498     
   3.6000000000000005        10.240000000000000       -6.3809280252325067     
   5.4000000000000004        10.240000000000000       -6.3645875509232352     
   7.2000000000000011        10.240000000000000       -6.3417890938565114     
   9.0000000000000000        10.240000000000000       -6.3126265380864712     
   10.800000000000001        10.240000000000000       -6.2771959726605369     
   12.600000000000001        10.240000000000000       -6.2356393866903446     
   14.400000000000002        10.240000000000000       -6.1880957499770881     
   16.200000000000003        10.240000000000000       -6.1347544680461805     
   18.000000000000000        10.240000000000000       -6.0758060719341227     
   19.799999999999997        10.240000000000000       -6.0114482894305974     
   21.600000000000001        10.240000000000000       -5.9419519339248481     
   23.400000000000002        10.240000000000000       -5.8675429557821657     
   25.200000000000003        10.240000000000000       -5.7884935920058789     
   27.000000000000000        10.240000000000000       -5.7051193274729313     
   28.800000000000004        10.240000000000000       -5.6176905960107444     
   30.600000000000005        10.240000000000000       -5.5265422441135978     
   32.400000000000006        10.240000000000000       -5.4320125551873684     
   34.199999999999996        10.240000000000000       -5.3344385741912870     
   36.000000000000000        10.240000000000000       -5.2341674881853422     
   37.800000000000004        10.240000000000000       -5.1315636262534596     
   39.599999999999994        10.240000000000000       -5.0270030127092307     
   41.399999999999999        10.240000000000000       -4.9208677347086009     
   43.200000000000003        10.240000000000000       -4.8135225759517803     
   45.000000000000000        10.240000000000000       -4.7053837551881346     
   46.800000000000004        10.240000000000000       -4.5968000896790517     
   48.599999999999994        10.240000000000000       -4.4881923120771585     
   50.400000000000006        10.240000000000000       -4.3799257851649624     
   52.200000000000003        10.240000000000000       -4.2723816212812862     
   54.000000000000000        10.240000000000000       -4.1659696622694495     
   55.799999999999997        10.240000000000000       -4.0610341537421064     
   57.600000000000009        10.240000000000000       -3.9579567508574778     
   59.400000000000013        10.240000000000000       -3.8570942379514306     
   61.200000000000010        10.240000000000000       -3.7587919400980030     
   63.000000000000000        10.240000000000000       -3.6633927360424368     
   64.800000000000011        10.240000000000000       -3.5712248716212782     
   66.600000000000009        10.240000000000000       -3.4825993895816358     
   68.399999999999991        10.240000000000000       -3.3978081732638410     
   70.200000000000003        10.240000000000000       -3.3171373751106175     
   72.000000000000000        10.240000000000000       -3.2408682230427037     
   73.799999999999997        10.240000000000000       -3.1692125434678307     
   75.600000000000009        10.240000000000000       -3.1024352434119127     
   77.399999999999991        10.240000000000000       -3.0407311398463595     
   79.199999999999989        10.240000000000000       -2.9842860831146418     
   81.000000000000000        10.240000000000000       -2.9332591590931152     
   82.799999999999997        10.240000000000000       -2.8878167485910304     
   84.599999999999994        10.240000000000000       -2.8480611194656484     
   86.400000000000006        10.240000000000000       -2.8140993962053980     
   88.200000000000003        10.240000000000000       -2.7860267461495543     
   90.000000000000000        10.240000000000000       -2.7638704763718129     
   91.799999999999997        10.240000000000000       -2.7476708528282039     
   93.600000000000009        10.240000000000000       -2.7374492385679372     
   95.400000000000006        10.240000000000000       -2.7331674450741161     
   97.199999999999989        10.240000000000000       -2.7347918231105997     
   99.000000000000014        10.240000000000000       -2.7422766554994391     
   100.80000000000001        10.240000000000000       -2.7555084606715368     
   102.59999999999999        10.240000000000000       -2.7744060912291499     
   104.40000000000001        10.240000000000000       -2.7988230006366144     
   106.19999999999999        10.240000000000000       -2.8286097788965328     
   108.00000000000000        10.240000000000000       -2.8635835987808020     
   109.80000000000000        10.240000000000000       -2.9035878458456001     
   111.59999999999999        10.240000000000000       -2.9483736755252448     
   113.40000000000001        10.240000000000000       -2.9977190742405884     
   115.20000000000002        10.240000000000000       -3.0513966705016022     
   117.00000000000000        10.240000000000000       -3.1091245787169739     
   118.80000000000003        10.240000000000000       -3.1706254104464215     
   120.60000000000001        10.240000000000000       -3.2356040396823156     
   122.40000000000002        10.240000000000000       -3.3037742981681317     
   124.20000000000000        10.240000000000000       -3.3747986563838790     
   126.00000000000000        10.240000000000000       -3.4483516525478572     
   127.80000000000001        10.240000000000000       -3.5241064501445529     
   129.60000000000002        10.240000000000000       -3.6017004567421469     
   131.40000000000001        10.240000000000000       -3.6808013934014641     
   133.20000000000002        10.240000000000000       -3.7610566446098015     
   135.00000000000000        10.240000000000000       -3.8420802502098175     
   136.79999999999998        10.240000000000000       -3.9235508633793055     
   138.59999999999999        10.240000000000000       -4.0050732732806242     
   140.40000000000001        10.240000000000000       -4.0863047984964460     
   142.20000000000002        10.240000000000000       -4.1668808360923801     
   144.00000000000000        10.240000000000000       -4.2464427303846985     
   145.79999999999998        10.240000000000000       -4.3246611161144068     
   147.59999999999999        10.240000000000000       -4.4011932129826032     
   149.40000000000003        10.240000000000000       -4.4756882511787097     
   151.20000000000002        10.240000000000000       -4.5478287667981121     
   153.00000000000000        10.240000000000000       -4.6172950441476655     
   154.79999999999998        10.240000000000000       -4.6838180884257614     
   156.59999999999997        10.240000000000000       -4.7470714794108657     
   158.39999999999998        10.240000000000000       -4.8068034697040645     
   160.20000000000002        10.240000000000000       -4.8627561636719303     
   162.00000000000000        10.240000000000000       -4.9146685420577567     
   163.79999999999998        10.240000000000000       -4.9623544040073897     
   165.59999999999999        10.240000000000000       -5.0055787254832653     
   167.40000000000001        10.240000000000000       -5.0441608643039988     
   169.19999999999999        10.240000000000000       -5.0779443213202144     
   171.00000000000000        10.240000000000000       -5.1067735685249973     
   172.80000000000001        10.240000000000000       -5.1305372178112183     
   174.59999999999999        10.240000000000000       -5.1491203026956569     
   176.40000000000001        10.240000000000000       -5.1624572093288501     
   178.20000000000002        10.240000000000000       -5.1734594293620901     
   180.00000000000000        10.240000000000000       -5.1731582140058538     
   0.0000000000000000        10.320000000000000       -6.0718087836795602     
   1.8000000000000003        10.320000000000000       -6.0687064489408149     
   3.6000000000000005        10.320000000000000       -6.0594022004732748     
   5.4000000000000004        10.320000000000000       -6.0439390516509981     
   7.2000000000000011        10.320000000000000       -6.0223647141553762     
   9.0000000000000000        10.320000000000000       -5.9947681119642855     
   10.800000000000001        10.320000000000000       -5.9612402509158215     
   12.600000000000001        10.320000000000000       -5.9219156171761487     
   14.400000000000002        10.320000000000000       -5.8769258291317037     
   16.200000000000003        10.320000000000000       -5.8264502828462534     
   18.000000000000000        10.320000000000000       -5.7706694336713902     
   19.799999999999997        10.320000000000000       -5.7097705484414858     
   21.600000000000001        10.320000000000000       -5.6440101312358761     
   23.400000000000002        10.320000000000000       -5.5736021742697712     
   25.200000000000003        10.320000000000000       -5.4988045167642312     
   27.000000000000000        10.320000000000000       -5.4199159659884621     
   28.800000000000004        10.320000000000000       -5.3371926394677081     
   30.600000000000005        10.320000000000000       -5.2509516753313372     
   32.400000000000006        10.320000000000000       -5.1615134615817997     
   34.199999999999996        10.320000000000000       -5.0691972065891715     
   36.000000000000000        10.320000000000000       -4.9743317215908824     
   37.800000000000004        10.320000000000000       -4.8772620528211554     
   39.599999999999994        10.320000000000000       -4.7783443211348100     
   41.399999999999999        10.320000000000000       -4.6779403857987329     
   43.200000000000003        10.320000000000000       -4.5763957064816791     
   45.000000000000000        10.320000000000000       -4.4741044689769023     
   46.800000000000004        10.320000000000000       -4.3713969949286584     
   48.599999999999994        10.320000000000000       -4.2686717363042019     
   50.400000000000006        10.320000000000000       -4.1662746804756887     
   52.200000000000003        10.320000000000000       -4.0645667317425485     
   54.000000000000000        10.320000000000000       -3.9639360092211828     
   55.799999999999997        10.320000000000000       -3.8647084790977275     
   57.600000000000009        10.320000000000000       -3.7672455465510617     
   59.400000000000013        10.320000000000000       -3.6718850490604993     
   61.200000000000010        10.320000000000000       -3.5789539632393454     
   63.000000000000000        10.320000000000000       -3.4887769442389445     
   64.800000000000011        10.320000000000000       -3.4016647799007402     
   66.600000000000009        10.320000000000000       -3.3179119558680861     
   68.399999999999991        10.320000000000000       -3.2377948022997511     
   70.200000000000003        10.320000000000000       -3.1615842167786177     
   72.000000000000000        10.320000000000000       -3.0895464285155150     
   73.799999999999997        10.320000000000000       -3.0218819105163210     
   75.600000000000009        10.320000000000000       -2.9588414242062733     
   77.399999999999991        10.320000000000000       -2.9006093228901109     
   79.199999999999989        10.320000000000000       -2.8473614627210058     
   81.000000000000000        10.320000000000000       -2.7992483405477904     
   82.799999999999997        10.320000000000000       -2.7564273633598271     
   84.599999999999994        10.320000000000000       -2.7189951938629684     
   86.400000000000006        10.320000000000000       -2.6870530952129013     
   88.200000000000003        10.320000000000000       -2.6606910012035367     
   90.000000000000000        10.320000000000000       -2.6399345516755477     
   91.799999999999997        10.320000000000000       -2.6248216639972912     
   93.600000000000009        10.320000000000000       -2.6153723461767937     
   95.400000000000006        10.320000000000000       -2.6115501849460037     
   97.199999999999989        10.320000000000000       -2.6133230681887598     
   99.000000000000014        10.320000000000000       -2.6206474508308273     
   100.80000000000001        10.320000000000000       -2.6334155860523256     
   102.59999999999999        10.320000000000000       -2.6515503628452706     
   104.40000000000001        10.320000000000000       -2.6749127098429710     
   106.19999999999999        10.320000000000000       -2.7033608443133823     
   108.00000000000000        10.320000000000000       -2.7367213245347517     
   109.80000000000000        10.320000000000000       -2.7748455458474490     
   111.59999999999999        10.320000000000000       -2.8174975233868285     
   113.40000000000001        10.320000000000000       -2.8644666954954467     
   115.20000000000002        10.320000000000000       -2.9155374269049990     
   117.00000000000000        10.320000000000000       -2.9704424364322479     
   118.80000000000003        10.320000000000000       -3.0289187067784864     
   120.60000000000001        10.320000000000000       -3.0906864186851704     
   122.40000000000002        10.320000000000000       -3.1554742433352643     
   124.20000000000000        10.320000000000000       -3.2229621939361062     
   126.00000000000000        10.320000000000000       -3.2928417210556691     
   127.80000000000001        10.320000000000000       -3.3648029768852314     
   129.60000000000002        10.320000000000000       -3.4385022413369866     
   131.40000000000001        10.320000000000000       -3.5136245189941988     
   133.20000000000002        10.320000000000000       -3.5898355514173659     
   135.00000000000000        10.320000000000000       -3.6667694929582684     
   136.79999999999998        10.320000000000000       -3.7441217201875303     
   138.59999999999999        10.320000000000000       -3.8215176331492722     
   140.40000000000001        10.320000000000000       -3.8986324056524575     
   142.20000000000002        10.320000000000000       -3.9751204476672508     
   144.00000000000000        10.320000000000000       -4.0506418094448335     
   145.79999999999998        10.320000000000000       -4.1248842979055480     
   147.59999999999999        10.320000000000000       -4.1975230159330028     
   149.40000000000003        10.320000000000000       -4.2682255028655316     
   151.20000000000002        10.320000000000000       -4.3366908595312932     
   153.00000000000000        10.320000000000000       -4.4026160596042025     
   154.79999999999998        10.320000000000000       -4.4657461381262777     
   156.59999999999997        10.320000000000000       -4.5257717295290689     
   158.39999999999998        10.320000000000000       -4.5824542228255760     
   160.20000000000002        10.320000000000000       -4.6355491886436795     
   162.00000000000000        10.320000000000000       -4.6848092449499514     
   163.79999999999998        10.320000000000000       -4.7300579024836047     
   165.59999999999999        10.320000000000000       -4.7710724219099978     
   167.40000000000001        10.320000000000000       -4.8076815944177387     
   169.19999999999999        10.320000000000000       -4.8397370923231113     
   171.00000000000000        10.320000000000000       -4.8670915151604426     
   172.80000000000001        10.320000000000000       -4.8896392895138447     
   174.59999999999999        10.320000000000000       -4.9072714588778199     
   176.40000000000001        10.320000000000000       -4.9199258326183504     
   178.20000000000002        10.320000000000000       -4.9303608546711475     
   180.00000000000000        10.320000000000000       -4.9300791673489899     
   0.0000000000000000        10.400000000000000       -5.7668728749357800     
   1.8000000000000003        10.400000000000000       -5.7639364656579932     
   3.6000000000000005        10.400000000000000       -5.7551298458394440     
   5.4000000000000004        10.400000000000000       -5.7404937665104505     
   7.2000000000000011        10.400000000000000       -5.7200734241293834     
   9.0000000000000000        10.400000000000000       -5.6939530628863722     
   10.800000000000001        10.400000000000000       -5.6622188929783253     
   12.600000000000001        10.400000000000000       -5.6249983216763439     
   14.400000000000002        10.400000000000000       -5.5824160318263871     
   16.200000000000003        10.400000000000000       -5.5346419757900245     
   18.000000000000000        10.400000000000000       -5.4818471030629761     
   19.799999999999997        10.400000000000000       -5.4242088113692235     
   21.600000000000001        10.400000000000000       -5.3619701041647501     
   23.400000000000002        10.400000000000000       -5.2953336922618703     
   25.200000000000003        10.400000000000000       -5.2245438314275843     
   27.000000000000000        10.400000000000000       -5.1498835942377710     
   28.800000000000004        10.400000000000000       -5.0715955923069522     
   30.600000000000005        10.400000000000000       -4.9899802569409051     
   32.400000000000006        10.400000000000000       -4.9053410931137353     
   34.199999999999996        10.400000000000000       -4.8179804819782817     
   36.000000000000000        10.400000000000000       -4.7282098989577959     
   37.800000000000004        10.400000000000000       -4.6363561987671735     
   39.599999999999994        10.400000000000000       -4.5427567253348693     
   41.399999999999999        10.400000000000000       -4.4477542551037654     
   43.200000000000003        10.400000000000000       -4.3516760181998748     
   45.000000000000000        10.400000000000000       -4.2548954146163487     
   46.800000000000004        10.400000000000000       -4.1577253187886347     
   48.599999999999994        10.400000000000000       -4.0605431636015439     
   50.400000000000006        10.400000000000000       -3.9636766594155319     
   52.200000000000003        10.400000000000000       -3.8674676479668566     
   54.000000000000000        10.400000000000000       -3.7722837565621274     
   55.799999999999997        10.400000000000000       -3.6784337093796866     
   57.600000000000009        10.400000000000000       -3.5862598101075194     
   59.400000000000013        10.400000000000000       -3.4960820247442719     
   61.200000000000010        10.400000000000000       -3.4082100233436341     
   63.000000000000000        10.400000000000000       -3.3229512725200712     
   64.800000000000011        10.400000000000000       -3.2406000942763296     
   66.600000000000009        10.400000000000000       -3.1614353587865320     
   68.399999999999991        10.400000000000000       -3.0857187283341245     
   70.200000000000003        10.400000000000000       -3.0137067143061875     
   72.000000000000000        10.400000000000000       -2.9456514015877073     
   73.799999999999997        10.400000000000000       -2.8817425592063080     
   75.600000000000009        10.400000000000000       -2.8222176096057128     
   77.399999999999991        10.400000000000000       -2.7672510420009329     
   79.199999999999989        10.400000000000000       -2.7170092916079067     
   81.000000000000000        10.400000000000000       -2.6716347605256607     
   82.799999999999997        10.400000000000000       -2.6312763979158924     
   84.599999999999994        10.400000000000000       -2.5960255878634806     
   86.400000000000006        10.400000000000000       -2.5659780731787718     
   88.200000000000003        10.400000000000000       -2.5412188598125494     
   90.000000000000000        10.400000000000000       -2.5217720254604461     
   91.799999999999997        10.400000000000000       -2.5076732823344932     
   93.600000000000009        10.400000000000000       -2.4989413709371178     
   95.400000000000006        10.400000000000000       -2.4955415646670991     
   97.199999999999989        10.400000000000000       -2.4974432133207856     
   99.000000000000014        10.400000000000000       -2.5046048329633361     
   100.80000000000001        10.400000000000000       -2.5169241000849873     
   102.59999999999999        10.400000000000000       -2.5343277241205806     
   104.40000000000001        10.400000000000000       -2.5566836993972348     
   106.19999999999999        10.400000000000000       -2.5838574523388611     
   108.00000000000000        10.400000000000000       -2.6156844096157705     
   109.80000000000000        10.400000000000000       -2.6520235365356863     
   111.59999999999999        10.400000000000000       -2.6926509951577788     
   113.40000000000001        10.400000000000000       -2.7373670420488185     
   115.20000000000002        10.400000000000000       -2.7859671283396246     
   117.00000000000000        10.400000000000000       -2.8381977659305981     
   118.80000000000003        10.400000000000000       -2.8938095103122690     
   120.60000000000001        10.400000000000000       -2.9525369978254457     
   122.40000000000002        10.400000000000000       -3.0141229140620611     
   124.20000000000000        10.400000000000000       -3.0782638376616913     
   126.00000000000000        10.400000000000000       -3.1446671895209199     
   127.80000000000001        10.400000000000000       -3.2130391640213927     
   129.60000000000002        10.400000000000000       -3.2830538607229385     
   131.40000000000001        10.400000000000000       -3.3544126042024764     
   133.20000000000002        10.400000000000000       -3.4267984689418571     
   135.00000000000000        10.400000000000000       -3.4998646005440084     
   136.79999999999998        10.400000000000000       -3.5733221662515549     
   138.59999999999999        10.400000000000000       -3.6468160253128694     
   140.40000000000001        10.400000000000000       -3.7200382098567890     
   142.20000000000002        10.400000000000000       -3.7926610804556162     
   144.00000000000000        10.400000000000000       -3.8643623479891627     
   145.79999999999998        10.400000000000000       -3.9348460322575285     
   147.59999999999999        10.400000000000000       -4.0038041197397600     
   149.40000000000003        10.400000000000000       -4.0709214350779526     
   151.20000000000002        10.400000000000000       -4.1359127178268693     
   153.00000000000000        10.400000000000000       -4.1984906977038783     
   154.79999999999998        10.400000000000000       -4.2584136555815100     
   156.59999999999997        10.400000000000000       -4.3153883260426369     
   158.39999999999998        10.400000000000000       -4.3691885001247623     
   160.20000000000002        10.400000000000000       -4.4195824614468169     
   162.00000000000000        10.400000000000000       -4.4663357019801051     
   163.79999999999998        10.400000000000000       -4.5092809013558810     
   165.59999999999999        10.400000000000000       -4.5482069171432435     
   167.40000000000001        10.400000000000000       -4.5829514461732526     
   169.19999999999999        10.400000000000000       -4.6133738751496214     
   171.00000000000000        10.400000000000000       -4.6393344761942599     
   172.80000000000001        10.400000000000000       -4.6607331653982804     
   174.59999999999999        10.400000000000000       -4.6774666597123433     
   176.40000000000001        10.400000000000000       -4.6894760003722133     
   178.20000000000002        10.400000000000000       -4.6993751947701625     
   180.00000000000000        10.400000000000000       -4.6991117569423881     
   0.0000000000000000        10.480000000000000       -5.4821312750546252     
   1.8000000000000003        10.480000000000000       -5.4793490483828773     
   3.6000000000000005        10.480000000000000       -5.4710048391240278     
   5.4000000000000004        10.480000000000000       -5.4571372938559009     
   7.2000000000000011        10.480000000000000       -5.4377892696944974     
   9.0000000000000000        10.480000000000000       -5.4130406578098258     
   10.800000000000001        10.480000000000000       -5.3829732079863177     
   12.600000000000001        10.480000000000000       -5.3477077429636157     
   14.400000000000002        10.480000000000000       -5.3073624948479559     
   16.200000000000003        10.480000000000000       -5.2620986318649194     
   18.000000000000000        10.480000000000000       -5.2120782619388306     
   19.799999999999997        10.480000000000000       -5.1574696036148620     
   21.600000000000001        10.480000000000000       -5.0985031025068093     
   23.400000000000002        10.480000000000000       -5.0353709769131729     
   25.200000000000003        10.480000000000000       -4.9683048484538741     
   27.000000000000000        10.480000000000000       -4.8975731542471372     
   28.800000000000004        10.480000000000000       -4.8234059446607924     
   30.600000000000005        10.480000000000000       -4.7460881117310896     
   32.400000000000006        10.480000000000000       -4.6659074575669841     
   34.199999999999996        10.480000000000000       -4.5831507127404825     
   36.000000000000000        10.480000000000000       -4.4981132292006718     
   37.800000000000004        10.480000000000000       -4.4111049423102902     
   39.599999999999994        10.480000000000000       -4.3224457322674796     
   41.399999999999999        10.480000000000000       -4.2324606274770762     
   43.200000000000003        10.480000000000000       -4.1414599043051386     
   45.000000000000000        10.480000000000000       -4.0497976307438659     
   46.800000000000004        10.480000000000000       -3.9577704560224163     
   48.599999999999994        10.480000000000000       -3.8657362645490925     
   50.400000000000006        10.480000000000000       -3.7740057699332668     
   52.200000000000003        10.480000000000000       -3.6829030864907728     
   54.000000000000000        10.480000000000000       -3.5927767844825844     
   55.799999999999997        10.480000000000000       -3.5039195551716995     
   57.600000000000009        10.480000000000000       -3.4166559393583378     
   59.400000000000013        10.480000000000000       -3.3312892848850710     
   61.200000000000010        10.480000000000000       -3.2481131695176302     
   63.000000000000000        10.480000000000000       -3.1674190776092841     
   64.800000000000011        10.480000000000000       -3.0894860215561235     
   66.600000000000009        10.480000000000000       -3.0145783533644712     
   68.399999999999991        10.480000000000000       -2.9429440990427307     
   70.200000000000003        10.480000000000000       -2.8748263959633142     
   72.000000000000000        10.480000000000000       -2.8104641802029651     
   73.799999999999997        10.480000000000000       -2.7500372732979059     
   75.600000000000009        10.480000000000000       -2.6937706985069338     
   77.399999999999991        10.480000000000000       -2.6418297792951790     
   79.199999999999989        10.480000000000000       -2.5943721975756837     
   81.000000000000000        10.480000000000000       -2.5515328362262051     
   82.799999999999997        10.480000000000000       -2.5134527874270254     
   84.599999999999994        10.480000000000000       -2.4802185365370235     
   86.400000000000006        10.480000000000000       -2.4519207027720538     
   88.200000000000003        10.480000000000000       -2.4286397198390350     
   90.000000000000000        10.480000000000000       -2.4103982249334175     
   91.799999999999997        10.480000000000000       -2.3972298914701970     
   93.600000000000009        10.480000000000000       -2.3891522936208935     
   95.400000000000006        10.480000000000000       -2.3861322872416277     
   97.199999999999989        10.480000000000000       -2.3881405954307233     
   99.000000000000014        10.480000000000000       -2.3951376650858895     
   100.80000000000001        10.480000000000000       -2.4070262319142746     
   102.59999999999999        10.480000000000000       -2.4237365730659768     
   104.40000000000001        10.480000000000000       -2.4451432701506821     
   106.19999999999999        10.480000000000000       -2.4711184702741602     
   108.00000000000000        10.480000000000000       -2.5015058645741175     
   109.80000000000000        10.480000000000000       -2.5361714745517601     
   111.59999999999999        10.480000000000000       -2.5749027771037110     
   113.40000000000001        10.480000000000000       -2.6175101071655531     
   115.20000000000002        10.480000000000000       -2.6637992436175231     
   117.00000000000000        10.480000000000000       -2.7135295444648477     
   118.80000000000003        10.480000000000000       -2.7664642061484472     
   120.60000000000001        10.480000000000000       -2.8223513272112379     
   122.40000000000002        10.480000000000000       -2.8809466447303591     
   124.20000000000000        10.480000000000000       -2.9419621623002672     
   126.00000000000000        10.480000000000000       -3.0051201718199994     
   127.80000000000001        10.480000000000000       -3.0701418053090346     
   129.60000000000002        10.480000000000000       -3.1367177536139792     
   131.40000000000001        10.480000000000000       -3.2045645369476148     
   133.20000000000002        10.480000000000000       -3.2733813676760408     
   135.00000000000000        10.480000000000000       -3.3428390720593733     
   136.79999999999998        10.480000000000000       -3.4126635196386643     
   138.59999999999999        10.480000000000000       -3.4825176851699373     
   140.40000000000001        10.480000000000000       -3.5521092959172433     
   142.20000000000002        10.480000000000000       -3.6211274236281676     
   144.00000000000000        10.480000000000000       -3.6892662202268460     
   145.79999999999998        10.480000000000000       -3.7562447991307786     
   147.59999999999999        10.480000000000000       -3.8217708641926338     
   149.40000000000003        10.480000000000000       -3.8855453308707224     
   151.20000000000002        10.480000000000000       -3.9472974970809473     
   153.00000000000000        10.480000000000000       -4.0067547597097501     
   154.79999999999998        10.480000000000000       -4.0636877307338910     
   156.59999999999997        10.480000000000000       -4.1178181313660236     
   158.39999999999998        10.480000000000000       -4.1689312978656545     
   160.20000000000002        10.480000000000000       -4.2168073480456281     
   162.00000000000000        10.480000000000000       -4.2612237575098408     
   163.79999999999998        10.480000000000000       -4.3020217415993631     
   165.59999999999999        10.480000000000000       -4.3390009524215083     
   167.40000000000001        10.480000000000000       -4.3720073767842180     
   169.19999999999999        10.480000000000000       -4.4009075825305901     
   171.00000000000000        10.480000000000000       -4.4255689836275538     
   172.80000000000001        10.480000000000000       -4.4458966062933358     
   174.59999999999999        10.480000000000000       -4.4617924483616607     
   176.40000000000001        10.480000000000000       -4.4732005596947140     
   178.20000000000002        10.480000000000000       -4.4826005532586883     
   180.00000000000000        10.480000000000000       -4.4823538883646687     
   0.0000000000000000        10.559999999999999       -5.2136882225571650     
   1.8000000000000003        10.559999999999999       -5.2110507295707738     
   3.6000000000000005        10.559999999999999       -5.2031405925376255     
   5.4000000000000004        10.559999999999999       -5.1899944807481946     
   7.2000000000000011        10.559999999999999       -5.1716530536115783     
   9.0000000000000000        10.559999999999999       -5.1481921124467345     
   10.800000000000001        10.559999999999999       -5.1196892165890411     
   12.600000000000001        10.559999999999999       -5.0862590023884788     
   14.400000000000002        10.559999999999999       -5.0480136416277244     
   16.200000000000003        10.559999999999999       -5.0051060495832402     
   18.000000000000000        10.559999999999999       -4.9576900275744737     
   19.799999999999997        10.559999999999999       -4.9059251705745623     
   21.600000000000001        10.559999999999999       -4.8500301256382743     
   23.400000000000002        10.559999999999999       -4.7901872538360752     
   25.200000000000003        10.559999999999999       -4.7266163071398459     
   27.000000000000000        10.559999999999999       -4.6595719724724969     
   28.800000000000004        10.559999999999999       -4.5892724996734939     
   30.600000000000005        10.559999999999999       -4.5159881817699654     
   32.400000000000006        10.559999999999999       -4.4399920684047451     
   34.199999999999996        10.559999999999999       -4.3615561871078015     
   36.000000000000000        10.559999999999999       -4.2809607426372445     
   37.800000000000004        10.559999999999999       -4.1984997754657378     
   39.599999999999994        10.559999999999999       -4.1144767595584533     
   41.399999999999999        10.559999999999999       -4.0292000501550378     
   43.200000000000003        10.559999999999999       -3.9429639971840182     
   45.000000000000000        10.559999999999999       -3.8561045073537441     
   46.800000000000004        10.559999999999999       -3.7689029886510244     
   48.599999999999994        10.559999999999999       -3.6816989612326432     
   50.400000000000006        10.559999999999999       -3.5947871728231924     
   52.200000000000003        10.559999999999999       -3.5084750853831883     
   54.000000000000000        10.559999999999999       -3.4230933674346984     
   55.799999999999997        10.559999999999999       -3.3389196508158081     
   57.600000000000009        10.559999999999999       -3.2562617912511285     
   59.400000000000013        10.559999999999999       -3.1754075275258811     
   61.200000000000010        10.559999999999999       -3.0966353227433876     
   63.000000000000000        10.559999999999999       -3.0202216501683954     
   64.800000000000011        10.559999999999999       -2.9464311434368455     
   66.600000000000009        10.559999999999999       -2.8755145197487950     
   68.399999999999991        10.559999999999999       -2.8077069992604131     
   70.200000000000003        10.559999999999999       -2.7432391600992614     
   72.000000000000000        10.559999999999999       -2.6823375908712523     
   73.799999999999997        10.559999999999999       -2.6251727743862459     
   75.600000000000009        10.559999999999999       -2.5719580911519508     
   77.399999999999991        10.559999999999999       -2.5228502607920085     
   79.199999999999989        10.559999999999999       -2.4779987490828739     
   81.000000000000000        10.559999999999999       -2.4375313826414295     
   82.799999999999997        10.559999999999999       -2.4015818800189233     
   84.599999999999994        10.559999999999999       -2.3702321331972267     
   86.400000000000006        10.559999999999999       -2.3435679567231338     
   88.200000000000003        10.559999999999999       -2.3216654978310407     
   90.000000000000000        10.559999999999999       -2.3045460505108277     
   91.799999999999997        10.559999999999999       -2.2922413826966324     
   93.600000000000009        10.559999999999999       -2.2847679830320713     
   95.400000000000006        10.559999999999999       -2.2820942051753459     
   97.199999999999989        10.559999999999999       -2.2841920734395025     
   99.000000000000014        10.559999999999999       -2.2910238598787944     
   100.80000000000001        10.559999999999999       -2.3024970654040744     
   102.59999999999999        10.559999999999999       -2.3185453305879147     
   104.40000000000001        10.559999999999999       -2.3390494382215410     
   106.19999999999999        10.559999999999999       -2.3638878618896735     
   108.00000000000000        10.559999999999999       -2.3929120699922057     
   109.80000000000000        10.559999999999999       -2.4259947256509129     
   111.59999999999999        10.559999999999999       -2.4629339495989706     
   113.40000000000001        10.559999999999999       -2.5035495584492984     
   115.20000000000002        10.559999999999999       -2.5476570470073847     
   117.00000000000000        10.559999999999999       -2.5950278558486271     
   118.80000000000003        10.559999999999999       -2.6454370710359658     
   120.60000000000001        10.559999999999999       -2.6986454524042127     
   122.40000000000002        10.559999999999999       -2.7544210121658090     
   124.20000000000000        10.559999999999999       -2.8124902594930070     
   126.00000000000000        10.559999999999999       -2.8725894710737649     
   127.80000000000001        10.559999999999999       -2.9344538261538853     
   129.60000000000002        10.559999999999999       -2.9977896167273799     
   131.40000000000001        10.559999999999999       -3.0623276523026872     
   133.20000000000002        10.559999999999999       -3.1277823198642936     
   135.00000000000000        10.559999999999999       -3.1938410699848383     
   136.79999999999998        10.559999999999999       -3.2602435971966131     
   138.59999999999999        10.559999999999999       -3.3266699087816840     
   140.40000000000001        10.559999999999999       -3.3928424895955511     
   142.20000000000002        10.559999999999999       -3.4584661236126468     
   144.00000000000000        10.559999999999999       -3.5232504208553403     
   145.79999999999998        10.559999999999999       -3.5869286862499958     
   147.59999999999999        10.559999999999999       -3.6492234011013918     
   149.40000000000003        10.559999999999999       -3.7098506090097665     
   151.20000000000002        10.559999999999999       -3.7685532955341063     
   153.00000000000000        10.559999999999999       -3.8250726471760710     
   154.79999999999998        10.559999999999999       -3.8791908697771382     
   156.59999999999997        10.559999999999999       -3.9306437738090434     
   158.39999999999998        10.559999999999999       -3.9792275502173284     
   160.20000000000002        10.559999999999999       -4.0247334427740249     
   162.00000000000000        10.559999999999999       -4.0669501931765693     
   163.79999999999998        10.559999999999999       -4.1057270421516403     
   165.59999999999999        10.559999999999999       -4.1408737897463190     
   167.40000000000001        10.559999999999999       -4.1722442165750415     
   169.19999999999999        10.559999999999999       -4.1997116418674771     
   171.00000000000000        10.559999999999999       -4.2231501937227751     
   172.80000000000001        10.559999999999999       -4.2424697027340770     
   174.59999999999999        10.559999999999999       -4.2575771312592625     
   176.40000000000001        10.559999999999999       -4.2684193578632232     
   178.20000000000002        10.559999999999999       -4.2773496910323399     
   180.00000000000000        10.559999999999999       -4.2771186207514500     
   0.0000000000000000        10.640000000000001       -4.9600757017133956     
   1.8000000000000003        10.640000000000001       -4.9575743703445587     
   3.6000000000000005        10.640000000000001       -4.9500725969788126     
   5.4000000000000004        10.640000000000001       -4.9376051890748007     
   7.2000000000000011        10.640000000000001       -4.9202107369139121     
   9.0000000000000000        10.640000000000001       -4.8979611908932918     
   10.800000000000001        10.640000000000001       -4.8709301649815879     
   12.600000000000001        10.640000000000001       -4.8392264706058592     
   14.400000000000002        10.640000000000001       -4.8029565736593227     
   16.200000000000003        10.640000000000001       -4.7622656187234078     
   18.000000000000000        10.640000000000001       -4.7172995861825306     
   19.799999999999997        10.640000000000001       -4.6682099518350038     
   21.600000000000001        10.640000000000001       -4.6152042535201048     
   23.400000000000002        10.640000000000001       -4.5584555718031536     
   25.200000000000003        10.640000000000001       -4.4981724830560879     
   27.000000000000000        10.640000000000001       -4.4345967277064675     
   28.800000000000004        10.640000000000001       -4.3679354456488984     
   30.600000000000005        10.640000000000001       -4.2984451845154101     
   32.400000000000006        10.640000000000001       -4.2263851042887897     
   34.199999999999996        10.640000000000001       -4.1520133896508442     
   36.000000000000000        10.640000000000001       -4.0755959844514758     
   37.800000000000004        10.640000000000001       -3.9974119642940806     
   39.599999999999994        10.640000000000001       -3.9177493569177884     
   41.399999999999999        10.640000000000001       -3.8369008201694799     
   43.200000000000003        10.640000000000001       -3.7551457101178651     
   45.000000000000000        10.640000000000001       -3.6728028349718813     
   46.800000000000004        10.640000000000001       -3.5901392546536286     
   48.599999999999994        10.640000000000001       -3.5074772000949785     
   50.400000000000006        10.640000000000001       -3.4250963888824919     
   52.200000000000003        10.640000000000001       -3.3432886064946121     
   54.000000000000000        10.640000000000001       -3.2623676684458420     
   55.799999999999997        10.640000000000001       -3.1825970307591405     
   57.600000000000009        10.640000000000001       -3.1042688424198830     
   59.400000000000013        10.640000000000001       -3.0276561490826239     
   61.200000000000010        10.640000000000001       -2.9530231865243413     
   63.000000000000000        10.640000000000001       -2.8806322983886177     
   64.800000000000011        10.640000000000001       -2.8107345843893299     
   66.600000000000009        10.640000000000001       -2.7435679286285142     
   68.399999999999991        10.640000000000001       -2.6793554990363222     
   70.200000000000003        10.640000000000001       -2.6183160539000747     
   72.000000000000000        10.640000000000001       -2.5606645615549155     
   73.799999999999997        10.640000000000001       -2.5065627183997421     
   75.600000000000009        10.640000000000001       -2.4562129486022899     
   77.399999999999991        10.640000000000001       -2.4097638776985582     
   79.199999999999989        10.640000000000001       -2.3673572426092209     
   81.000000000000000        10.640000000000001       -2.3291142335794652     
   82.799999999999997        10.640000000000001       -2.2951616339358356     
   84.599999999999994        10.640000000000001       -2.2655770190363897     
   86.400000000000006        10.640000000000001       -2.2404416878389402     
   88.200000000000003        10.640000000000001       -2.2198277600759257     
   90.000000000000000        10.640000000000001       -2.2037552743416331     
   91.799999999999997        10.640000000000001       -2.1922542136106893     
   93.600000000000009        10.640000000000001       -2.1853400538318803     
   95.400000000000006        10.640000000000001       -2.1829825690431135     
   97.199999999999989        10.640000000000001       -2.1851550187641262     
   99.000000000000014        10.640000000000001       -2.1918214036966708     
   100.80000000000001        10.640000000000001       -2.2028937224156042     
   102.59999999999999        10.640000000000001       -2.2183087928558716     
   104.40000000000001        10.640000000000001       -2.2379532478296298     
   106.19999999999999        10.640000000000001       -2.2617115288861944     
   108.00000000000000        10.640000000000001       -2.2894424387202905     
   109.80000000000000        10.640000000000001       -2.3210249050705474     
   111.59999999999999        10.640000000000001       -2.3562670826408536     
   113.40000000000001        10.640000000000001       -2.3949977273433101     
   115.20000000000002        10.640000000000001       -2.4370414937945251     
   117.00000000000000        10.640000000000001       -2.4821812112613868     
   118.80000000000003        10.640000000000001       -2.5302031726422505     
   120.60000000000001        10.640000000000001       -2.5808800712587301     
   122.40000000000002        10.640000000000001       -2.6339914889654530     
   124.20000000000000        10.640000000000001       -2.6892776051422103     
   126.00000000000000        10.640000000000001       -2.7464878760213014     
   127.80000000000001        10.640000000000001       -2.8053707190276471     
   129.60000000000002        10.640000000000001       -2.8656471277006510     
   131.40000000000001        10.640000000000001       -2.9270613773526191     
   133.20000000000002        10.640000000000001       -2.9893421544102328     
   135.00000000000000        10.640000000000001       -3.0521925740670608     
   136.79999999999998        10.640000000000001       -3.1153653587543197     
   138.59999999999999        10.640000000000001       -3.1785565644228462     
   140.40000000000001        10.640000000000001       -3.2415025817498488     
   142.20000000000002        10.640000000000001       -3.3039229994169110     
   144.00000000000000        10.640000000000001       -3.3655419925702059     
   145.79999999999998        10.640000000000001       -3.4261062380942917     
   147.59999999999999        10.640000000000001       -3.4853521408705337     
   149.40000000000003        10.640000000000001       -3.5430099981175012     
   151.20000000000002        10.640000000000001       -3.5988356920354514     
   153.00000000000000        10.640000000000001       -3.6525834015464893     
   154.79999999999998        10.640000000000001       -3.7040462565993364     
   156.59999999999997        10.640000000000001       -3.7529733417642630     
   158.39999999999998        10.640000000000001       -3.7991710753585926     
   160.20000000000002        10.640000000000001       -3.8424411837424457     
   162.00000000000000        10.640000000000001       -3.8825830229021809     
   163.79999999999998        10.640000000000001       -3.9194533953375839     
   165.59999999999999        10.640000000000001       -3.9528716616859261     
   167.40000000000001        10.640000000000001       -3.9826989456417801     
   169.19999999999999        10.640000000000001       -4.0088149274267755     
   171.00000000000000        10.640000000000001       -4.0311000607469847     
   172.80000000000001        10.640000000000001       -4.0494687028168750     
   174.59999999999999        10.640000000000001       -4.0638324931496799     
   176.40000000000001        10.640000000000001       -4.0741409755607467     
   178.20000000000002        10.640000000000001       -4.0826285006570737     
   180.00000000000000        10.640000000000001       -4.0824119636201059     
   0.0000000000000000        10.719999999999999       -4.7222722970252420     
   1.8000000000000003        10.719999999999999       -4.7198980236033865     
   3.6000000000000005        10.719999999999999       -4.7127773110115827     
   5.4000000000000004        10.719999999999999       -4.7009432275991783     
   7.2000000000000011        10.719999999999999       -4.6844324311754750     
   9.0000000000000000        10.719999999999999       -4.6633132751759261     
   10.800000000000001        10.719999999999999       -4.6376556886846174     
   12.600000000000001        10.719999999999999       -4.6075630424082830     
   14.400000000000002        10.719999999999999       -4.5731364730564161     
   16.200000000000003        10.719999999999999       -4.5345138671001415     
   18.000000000000000        10.719999999999999       -4.4918339001857630     
   19.799999999999997        10.719999999999999       -4.4452404650253889     
   21.600000000000001        10.719999999999999       -4.3949307229478158     
   23.400000000000002        10.719999999999999       -4.3410690869607080     
   25.200000000000003        10.719999999999999       -4.2838536955053987     
   27.000000000000000        10.719999999999999       -4.2235141967471881     
   28.800000000000004        10.719999999999999       -4.1602473545849845     
   30.600000000000005        10.719999999999999       -4.0942968785215079     
   32.400000000000006        10.719999999999999       -4.0259089559007171     
   34.199999999999996        10.719999999999999       -3.9553288427828797     
   36.000000000000000        10.719999999999999       -3.8828091640571420     
   37.800000000000004        10.719999999999999       -3.8086150188908898     
   39.599999999999994        10.719999999999999       -3.7330200090955410     
   41.399999999999999        10.719999999999999       -3.6563021321695959     
   43.200000000000003        10.719999999999999       -3.5787267414261064     
   45.000000000000000        10.719999999999999       -3.5005966760998750     
   46.800000000000004        10.719999999999999       -3.4221655972324592     
   48.599999999999994        10.719999999999999       -3.3437395890431540     
   50.400000000000006        10.719999999999999       -3.2655843333963110     
   52.200000000000003        10.719999999999999       -3.1879769763534371     
   54.000000000000000        10.719999999999999       -3.1112155949367617     
   55.799999999999997        10.719999999999999       -3.0355504082993581     
   57.600000000000009        10.719999999999999       -2.9612588983343859     
   59.400000000000013        10.719999999999999       -2.8886003908472908     
   61.200000000000010        10.719999999999999       -2.8178258371618754     
   63.000000000000000        10.719999999999999       -2.7491843879238607     
   64.800000000000011        10.719999999999999       -2.6829145065943387     
   66.600000000000009        10.719999999999999       -2.6192420959817047     
   68.399999999999991        10.719999999999999       -2.5583790724649602     
   70.200000000000003        10.719999999999999       -2.5005331600376186     
   72.000000000000000        10.719999999999999       -2.4459084793271795     
   73.799999999999997        10.719999999999999       -2.3946585269399936     
   75.600000000000009        10.719999999999999       -2.3469754998870020     
   77.399999999999991        10.719999999999999       -2.3030004709715932     
   79.199999999999989        10.719999999999999       -2.2628679657152904     
   81.000000000000000        10.719999999999999       -2.2266929837928391     
   82.799999999999997        10.719999999999999       -2.1945958387889561     
   84.599999999999994        10.719999999999999       -2.1666500830496167     
   86.400000000000006        10.719999999999999       -2.1429328066588593     
   88.200000000000003        10.719999999999999       -2.1235123765479553     
   90.000000000000000        10.719999999999999       -2.1084076686366586     
   91.799999999999997        10.719999999999999       -2.0976470084393526     
   93.600000000000009        10.719999999999999       -2.0912449360069356     
   95.400000000000006        10.719999999999999       -2.0891725628025517     
   97.199999999999989        10.719999999999999       -2.0914043127351789     
   99.000000000000014        10.719999999999999       -2.0979058119097433     
   100.80000000000001        10.719999999999999       -2.1085932714829787     
   102.59999999999999        10.719999999999999       -2.1234064883025847     
   104.40000000000001        10.719999999999999       -2.1422375712204258     
   106.19999999999999        10.719999999999999       -2.1649765479550491     
   108.00000000000000        10.719999999999999       -2.1914890839149592     
   109.80000000000000        10.719999999999999       -2.2216599700129263     
   111.59999999999999        10.719999999999999       -2.2553067459073319     
   113.40000000000001        10.719999999999999       -2.2922665295531588     
   115.20000000000002        10.719999999999999       -2.3323725435250906     
   117.00000000000000        10.719999999999999       -2.3754182674647590     
   118.80000000000003        10.719999999999999       -2.4212004745908642     
   120.60000000000001        10.719999999999999       -2.4695030173420820     
   122.40000000000002        10.719999999999999       -2.5201162965773234     
   124.20000000000000        10.719999999999999       -2.5727932731704675     
   126.00000000000000        10.719999999999999       -2.6272957262251886     
   127.80000000000001        10.719999999999999       -2.6833844506408782     
   129.60000000000002        10.719999999999999       -2.7407941845313513     
   131.40000000000001        10.719999999999999       -2.7992817929747358     
   133.20000000000002        10.719999999999999       -2.8585893308636439     
   135.00000000000000        10.719999999999999       -2.9184345571925729     
   136.79999999999998        10.719999999999999       -2.9785823743614612     
   138.59999999999999        10.719999999999999       -3.0387438405048437     
   140.40000000000001        10.719999999999999       -3.0986683460870763     
   142.20000000000002        10.719999999999999       -3.1580893192038828     
   144.00000000000000        10.719999999999999       -3.2167445503122716     
   145.79999999999998        10.719999999999999       -3.2743932165222729     
   147.59999999999999        10.719999999999999       -3.3307847380810776     
   149.40000000000003        10.719999999999999       -3.3856627356783395     
   151.20000000000002        10.719999999999999       -3.4387951468259335     
   153.00000000000000        10.719999999999999       -3.4899482949696514     
   154.79999999999998        10.719999999999999       -3.5389255217780473     
   156.59999999999997        10.719999999999999       -3.5854883189574172     
   158.39999999999998        10.719999999999999       -3.6294526649712866     
   160.20000000000002        10.719999999999999       -3.6706300844890283     
   162.00000000000000        10.719999999999999       -3.7088298545592346     
   163.79999999999998        10.719999999999999       -3.7439158463334334     
   165.59999999999999        10.719999999999999       -3.7757163563791951     
   167.40000000000001        10.719999999999999       -3.8040993720888490     
   169.19999999999999        10.719999999999999       -3.8289505194579592     
   171.00000000000000        10.719999999999999       -3.8501561645885660     
   172.80000000000001        10.719999999999999       -3.8676348958980586     
   174.59999999999999        10.719999999999999       -3.8813027244335307     
   176.40000000000001        10.719999999999999       -3.8911116854076848     
   178.20000000000002        10.719999999999999       -3.8991849824259237     
   180.00000000000000        10.719999999999999       -3.8989818603599415     
   0.0000000000000000        10.800000000000001       -4.4970691534429683     
   1.8000000000000003        10.800000000000001       -4.4948147096877404     
   3.6000000000000005        10.800000000000001       -4.4880533794739659     
   5.4000000000000004        10.800000000000001       -4.4768165895623921     
   7.2000000000000011        10.800000000000001       -4.4611391738704329     
   9.0000000000000000        10.800000000000001       -4.4410860906738634     
   10.800000000000001        10.800000000000001       -4.4167237911433208     
   12.600000000000001        10.800000000000001       -4.3881505105578125     
   14.400000000000002        10.800000000000001       -4.3554623557623557     
   16.200000000000003        10.800000000000001       -4.3187903624226252     
   18.000000000000000        10.800000000000001       -4.2782663116082791     
   19.799999999999997        10.800000000000001       -4.2340269389028222     
   21.600000000000001        10.800000000000001       -4.1862596113437887     
   23.400000000000002        10.800000000000001       -4.1351205614000053     
   25.200000000000003        10.800000000000001       -4.0807980757193079     
   27.000000000000000        10.800000000000001       -4.0235103889760628     
   28.800000000000004        10.800000000000001       -3.9634444722265223     
   30.600000000000005        10.800000000000001       -3.9008319177404172     
   32.400000000000006        10.800000000000001       -3.8359066688599905     
   34.199999999999996        10.800000000000001       -3.7689017794270439     
   36.000000000000000        10.800000000000001       -3.7000573037936797     
   37.800000000000004        10.800000000000001       -3.6296251500507810     
   39.599999999999994        10.800000000000001       -3.5578653047566879     
   41.399999999999999        10.800000000000001       -3.4850419290345749     
   43.200000000000003        10.800000000000001       -3.4114071608889178     
   45.000000000000000        10.800000000000001       -3.3372487680369818     
   46.800000000000004        10.800000000000001       -3.2628077667457154     
   48.599999999999994        10.800000000000001       -3.1883750022794741     
   50.400000000000006        10.800000000000001       -3.1142029108168821     
   52.200000000000003        10.800000000000001       -3.0405548229279162     
   54.000000000000000        10.800000000000001       -2.9677139626178257     
   55.799999999999997        10.800000000000001       -2.8959180580883217     
   57.600000000000009        10.800000000000001       -2.8254307500905043     
   59.400000000000013        10.800000000000001       -2.7564984177734879     
   61.200000000000010        10.800000000000001       -2.6893594770233169     
   63.000000000000000        10.800000000000001       -2.6242506295281256     
   64.800000000000011        10.800000000000001       -2.5613984155676439     
   66.600000000000009        10.800000000000001       -2.5010174332666684     
   68.399999999999991        10.800000000000001       -2.4433089834176860     
   70.200000000000003        10.800000000000001       -2.3884703796546454     
   72.000000000000000        10.800000000000001       -2.3366955085066845     
   73.799999999999997        10.800000000000001       -2.2881301325981687     
   75.600000000000009        10.800000000000001       -2.2429568009033636     
   77.399999999999991        10.800000000000001       -2.2013094633183306     
   79.199999999999989        10.800000000000001       -2.1633158447919425     
   81.000000000000000        10.800000000000001       -2.1290851082982152     
   82.799999999999997        10.800000000000001       -2.0987314671904009     
   84.599999999999994        10.800000000000001       -2.0723246837027975     
   86.400000000000006        10.800000000000001       -2.0499378823591803     
   88.200000000000003        10.800000000000001       -2.0316358951558704     
   90.000000000000000        10.800000000000001       -2.0174365085611745     
   91.799999999999997        10.800000000000001       -2.0073664914944560     
   93.600000000000009        10.800000000000001       -2.0014395086744390     
   95.400000000000006        10.800000000000001       -1.9996279425811130     
   97.199999999999989        10.800000000000001       -2.0019073247520667     
   99.000000000000014        10.800000000000001       -2.0082448241624427     
   100.80000000000001        10.800000000000001       -2.0185606374903751     
   102.59999999999999        10.800000000000001       -2.0327973822959287     
   104.40000000000001        10.800000000000001       -2.0508523457560108     
   106.19999999999999        10.800000000000001       -2.0726208378361117     
   108.00000000000000        10.800000000000001       -2.0979750113759312     
   109.80000000000000        10.800000000000001       -2.1268052009317375     
   111.59999999999999        10.800000000000001       -2.1589378148125205     
   113.40000000000001        10.800000000000001       -2.1942178737539559     
   115.20000000000002        10.800000000000001       -2.2324866974302306     
   117.00000000000000        10.800000000000001       -2.2735478285919211     
   118.80000000000003        10.800000000000001       -2.3172079428988996     
   120.60000000000001        10.800000000000001       -2.3632614359983668     
   122.40000000000002        10.800000000000001       -2.4115089307148407     
   124.20000000000000        10.800000000000001       -2.4617154626391802     
   126.00000000000000        10.800000000000001       -2.5136544524439119     
   127.80000000000001        10.800000000000001       -2.5670983880042826     
   129.60000000000002        10.800000000000001       -2.6217949910036804     
   131.40000000000001        10.800000000000001       -2.6775130196179489     
   133.20000000000002        10.800000000000001       -2.7340071568807125     
   135.00000000000000        10.800000000000001       -2.7910089938622020     
   136.79999999999998        10.800000000000001       -2.8482949386333791     
   138.59999999999999        10.800000000000001       -2.9055902194087677     
   140.40000000000001        10.800000000000001       -2.9626565059807350     
   142.20000000000002        10.800000000000001       -3.0192402983110345     
   144.00000000000000        10.800000000000001       -3.0750922469348341     
   145.79999999999998        10.800000000000001       -3.1299833360269362     
   147.59999999999999        10.800000000000001       -3.1836752790580256     
   149.40000000000003        10.800000000000001       -3.2359242806231650     
   151.20000000000002        10.800000000000001       -3.2865096645872640     
   153.00000000000000        10.800000000000001       -3.3352092247543652     
   154.79999999999998        10.800000000000001       -3.3818359480668096     
   156.59999999999997        10.800000000000001       -3.4261630440738666     
   158.39999999999998        10.800000000000001       -3.4680155208617927     
   160.20000000000002        10.800000000000001       -3.5072141573450519     
   162.00000000000000        10.800000000000001       -3.5435776004721835     
   163.79999999999998        10.800000000000001       -3.5769763979470950     
   165.59999999999999        10.800000000000001       -3.6072472856322451     
   167.40000000000001        10.800000000000001       -3.6342647334669547     
   169.19999999999999        10.800000000000001       -3.6579199830838904     
   171.00000000000000        10.800000000000001       -3.6781049844540448     
   172.80000000000001        10.800000000000001       -3.6947423223099354     
   174.59999999999999        10.800000000000001       -3.7077521362497663     
   176.40000000000001        10.800000000000001       -3.7170888146485659     
   178.20000000000002        10.800000000000001       -3.7247706223610737     
   180.00000000000000        10.800000000000001       -3.7245800339867832     
   0.0000000000000000        10.879999999999999       -4.2859895355852693     
   1.8000000000000003        10.879999999999999       -4.2838468550775914     
   3.6000000000000005        10.879999999999999       -4.2774207151762367     
   5.4000000000000004        10.879999999999999       -4.2667410099768697     
   7.2000000000000011        10.879999999999999       -4.2518408707664337     
   9.0000000000000000        10.879999999999999       -4.2327820860522278     
   10.800000000000001        10.879999999999999       -4.2096278602398964     
   12.600000000000001        10.879999999999999       -4.1824716341564354     
   14.400000000000002        10.879999999999999       -4.1514048190671939     
   16.200000000000003        10.879999999999999       -4.1165520547414207     
   18.000000000000000        10.879999999999999       -4.0780386857553461     
   19.799999999999997        10.879999999999999       -4.0359947662774172     
   21.600000000000001        10.879999999999999       -3.9905985193261611     
   23.400000000000002        10.879999999999999       -3.9419985407290774     
   25.200000000000003        10.879999999999999       -3.8903739199565148     
   27.000000000000000        10.879999999999999       -3.8359322362825994     
   28.800000000000004        10.879999999999999       -3.7788513191706832     
   30.600000000000005        10.879999999999999       -3.7193514487783039     
   32.400000000000006        10.879999999999999       -3.6576551381992122     
   34.199999999999996        10.879999999999999       -3.5939840502987570     
   36.000000000000000        10.879999999999999       -3.5285665047204620     
   37.800000000000004        10.879999999999999       -3.4616420955571447     
   39.599999999999994        10.879999999999999       -3.3934580994601857     
   41.399999999999999        10.879999999999999       -3.3242657613664814     
   43.200000000000003        10.879999999999999       -3.2543048833404136     
   45.000000000000000        10.879999999999999       -3.1838491638395610     
   46.800000000000004        10.879999999999999       -3.1131278164496416     
   48.599999999999994        10.879999999999999       -3.0424174612206851     
   50.400000000000006        10.879999999999999       -2.9719581708558187     
   52.200000000000003        10.879999999999999       -2.9020003804926890     
   54.000000000000000        10.879999999999999       -2.8328134499309998     
   55.799999999999997        10.879999999999999       -2.7646234493086674     
   57.600000000000009        10.879999999999999       -2.6976811005232402     
   59.400000000000013        10.879999999999999       -2.6322206994054169     
   61.200000000000010        10.879999999999999       -2.5684689627208757     
   63.000000000000000        10.879999999999999       -2.5066509739502618     
   64.800000000000011        10.879999999999999       -2.4469821463350283     
   66.600000000000009        10.879999999999999       -2.3896665287166874     
   68.399999999999991        10.879999999999999       -2.3348955162848473     
   70.200000000000003        10.879999999999999       -2.2828567088500962     
   72.000000000000000        10.879999999999999       -2.2337344438378008     
   73.799999999999997        10.879999999999999       -2.1876672697580211     
   75.600000000000009        10.879999999999999       -2.1448287340000740     
   77.399999999999991        10.879999999999999       -2.1053461432071199     
   79.199999999999989        10.879999999999999       -2.0693408801799174     
   81.000000000000000        10.879999999999999       -2.0369166659802178     
   82.799999999999997        10.879999999999999       -2.0081820259886993     
   84.599999999999994        10.879999999999999       -1.9832031919633004     
   86.400000000000006        10.879999999999999       -1.9620495941341538     
   88.200000000000003        10.879999999999999       -1.9447827723978390     
   90.000000000000000        10.879999999999999       -1.9314195050098455     
   91.799999999999997        10.879999999999999       -1.9219851164144264     
   93.600000000000009        10.879999999999999       -1.9164924630953766     
   95.400000000000006        10.879999999999999       -1.9149151237917499     
   97.199999999999989        10.879999999999999       -1.9172296736915651     
   99.000000000000014        10.879999999999999       -1.9234047318708167     
   100.80000000000001        10.879999999999999       -1.9333642262956108     
   102.59999999999999        10.879999999999999       -1.9470534179382983     
   104.40000000000001        10.879999999999999       -1.9643744391386035     
   106.19999999999999        10.879999999999999       -1.9852275420154468     
   108.00000000000000        10.879999999999999       -2.0094909470268614     
   109.80000000000000        10.879999999999999       -2.0370601748508292     
   111.59999999999999        10.879999999999999       -2.0677699250954187     
   113.40000000000001        10.879999999999999       -2.1014726076585371     
   115.20000000000002        10.879999999999999       -2.1380171127464802     
   117.00000000000000        10.879999999999999       -2.1772163896081764     
   118.80000000000003        10.879999999999999       -2.2188863702284105     
   120.60000000000001        10.879999999999999       -2.2628313048682926     
   122.40000000000002        10.879999999999999       -2.3088613708133341     
   124.20000000000000        10.879999999999999       -2.3567528882759432     
   126.00000000000000        10.879999999999999       -2.4062901578718492     
   127.80000000000001        10.879999999999999       -2.4572565952658256     
   129.60000000000002        10.879999999999999       -2.5094120550621533     
   131.40000000000001        10.879999999999999       -2.5625364097736867     
   133.20000000000002        10.879999999999999       -2.6163961430522740     
   135.00000000000000        10.879999999999999       -2.6707357707644062     
   136.79999999999998        10.879999999999999       -2.7253424529189285     
   138.59999999999999        10.879999999999999       -2.7799546577887684     
   140.40000000000001        10.879999999999999       -2.8343455292151289     
   142.20000000000002        10.879999999999999       -2.8882737811521335     
   144.00000000000000        10.879999999999999       -2.9415020801119804     
   145.79999999999998        10.879999999999999       -2.9938124425940611     
   147.59999999999999        10.879999999999999       -3.0449780681884793     
   149.40000000000003        10.879999999999999       -3.0947669188409663     
   151.20000000000002        10.879999999999999       -3.1429689571120951     
   153.00000000000000        10.879999999999999       -3.1893726937050002     
   154.79999999999998        10.879999999999999       -3.2338001277364703     
   156.59999999999997        10.879999999999999       -3.2760354162704859     
   158.39999999999998        10.879999999999999       -3.3159120040814072     
   160.20000000000002        10.879999999999999       -3.3532593162828404     
   162.00000000000000        10.879999999999999       -3.3879047537638440     
   163.79999999999998        10.879999999999999       -3.4197251025432949     
   165.59999999999999        10.879999999999999       -3.4485649827702805     
   167.40000000000001        10.879999999999999       -3.4743049209595220     
   169.19999999999999        10.879999999999999       -3.4968414054192620     
   171.00000000000000        10.879999999999999       -3.5160716028437826     
   172.80000000000001        10.879999999999999       -3.5319218317663936     
   174.59999999999999        10.879999999999999       -3.5443160887959682     
   176.40000000000001        10.879999999999999       -3.5532109609713478     
   178.20000000000002        10.879999999999999       -3.5605267102161031     
   180.00000000000000        10.879999999999999       -3.5603476799901856     
   0.0000000000000000        10.960000000000001       -4.0856111625987488     
   1.8000000000000003        10.960000000000001       -4.0835741590763863     
   3.6000000000000005        10.960000000000001       -4.0774649561263718     
   5.4000000000000004        10.960000000000001       -4.0673119974287815     
   7.2000000000000011        10.960000000000001       -4.0531468031960642     
   9.0000000000000000        10.960000000000001       -4.0350281623580031     
   10.800000000000001        10.960000000000001       -4.0130162070825275     
   12.600000000000001        10.960000000000001       -3.9871998412101846     
   14.400000000000002        10.960000000000001       -3.9576660328267979     
   16.200000000000003        10.960000000000001       -3.9245333692984952     
   18.000000000000000        10.960000000000001       -3.8879211045870270     
   19.799999999999997        10.960000000000001       -3.8479529706289366     
   21.600000000000001        10.960000000000001       -3.8047985374359201     
   23.400000000000002        10.960000000000001       -3.7585991748523129     
   25.200000000000003        10.960000000000001       -3.7095252694412437     
   27.000000000000000        10.960000000000001       -3.6577743174880260     
   28.800000000000004        10.960000000000001       -3.6035154985688429     
   30.600000000000005        10.960000000000001       -3.5469583886395721     
   32.400000000000006        10.960000000000001       -3.4883146849652777     
   34.199999999999996        10.960000000000001       -3.4277952719475779     
   36.000000000000000        10.960000000000001       -3.3656173655935442     
   37.800000000000004        10.960000000000001       -3.3020089082152850     
   39.599999999999994        10.960000000000001       -3.2372051501147645     
   41.399999999999999        10.960000000000001       -3.1714451148011360     
   43.200000000000003        10.960000000000001       -3.1049569323169637     
   45.000000000000000        10.960000000000001       -3.0380009885851122     
   46.800000000000004        10.960000000000001       -2.9707953302573280     
   48.599999999999994        10.960000000000001       -2.9036031175495847     
   50.400000000000006        10.960000000000001       -2.8366527257193432     
   52.200000000000003        10.960000000000001       -2.7701823890802713     
   54.000000000000000        10.960000000000001       -2.7044483497542937     
   55.799999999999997        10.960000000000001       -2.6396656485698333     
   57.600000000000009        10.960000000000001       -2.5760727848407345     
   59.400000000000013        10.960000000000001       -2.5138926228181675     
   61.200000000000010        10.960000000000001       -2.4533408114718083     
   63.000000000000000        10.960000000000001       -2.3946314431881510     
   64.800000000000011        10.960000000000001       -2.3379694051399245     
   66.600000000000009        10.960000000000001       -2.2835487670772405     
   68.399999999999991        10.960000000000001       -2.2315515544713014     
   70.200000000000003        10.960000000000001       -2.1821561790324209     
   72.000000000000000        10.960000000000001       -2.1355379460836903     
   73.799999999999997        10.960000000000001       -2.0918285823013512     
   75.600000000000009        10.960000000000001       -2.0511931213728065     
   77.399999999999991        10.960000000000001       -2.0137525885894458     
   79.199999999999989        10.960000000000001       -1.9796223704675513     
   81.000000000000000        10.960000000000001       -1.9489010439546042     
   82.799999999999997        10.960000000000001       -1.9216917574494841     
   84.599999999999994        10.960000000000001       -1.8980574079492549     
   86.400000000000006        10.960000000000001       -1.8780639358892566     
   88.200000000000003        10.960000000000001       -1.8617697720903799     
   90.000000000000000        10.960000000000001       -1.8491907475680793     
   91.799999999999997        10.960000000000001       -1.8403508265878772     
   93.600000000000009        10.960000000000001       -1.8352621076903466     
   95.400000000000006        10.960000000000001       -1.8338993090255540     
   97.199999999999989        10.960000000000001       -1.8362400007262654     
   99.000000000000014        10.960000000000001       -1.8422541815194022     
   100.80000000000001        10.960000000000001       -1.8518693182602042     
   102.59999999999999        10.960000000000001       -1.8650331810425149     
   104.40000000000001        10.960000000000001       -1.8816524953609295     
   106.19999999999999        10.960000000000001       -1.9016321982474409     
   108.00000000000000        10.960000000000001       -1.9248562603307038     
   109.80000000000000        10.960000000000001       -1.9512251180132392     
   111.59999999999999        10.960000000000001       -1.9805813257759408     
   113.40000000000001        10.960000000000001       -2.0127842943930565     
   115.20000000000002        10.960000000000001       -2.0476900865414955     
   117.00000000000000        10.960000000000001       -2.0851205616929467     
   118.80000000000003        10.960000000000001       -2.1249004198128199     
   120.60000000000001        10.960000000000001       -2.1668432453543289     
   122.40000000000002        10.960000000000001       -2.2107682655768479     
   124.20000000000000        10.960000000000001       -2.2564624882430859     
   126.00000000000000        10.960000000000001       -2.3037205183498428     
   127.80000000000001        10.960000000000001       -2.3523361211067915     
   129.60000000000002        10.960000000000001       -2.4020806412536655     
   131.40000000000001        10.960000000000001       -2.4527444771577978     
   133.20000000000002        10.960000000000001       -2.5041052877854630     
   135.00000000000000        10.960000000000001       -2.5559198282650732     
   136.79999999999998        10.960000000000001       -2.6079854409876360     
   138.59999999999999        10.960000000000001       -2.6600531315903488     
   140.40000000000001        10.960000000000001       -2.7119069094932833     
   142.20000000000002        10.960000000000001       -2.7633170544585299     
   144.00000000000000        10.960000000000001       -2.8140576112023523     
   145.79999999999998        10.960000000000001       -2.8639210431722093     
   147.59999999999999        10.960000000000001       -2.9126914262671209     
   149.40000000000003        10.960000000000001       -2.9601478552923295     
   151.20000000000002        10.960000000000001       -3.0060903666126633     
   153.00000000000000        10.960000000000001       -3.0503176185673997     
   154.79999999999998        10.960000000000001       -3.0926601441006980     
   156.59999999999997        10.960000000000001       -3.1329124658088165     
   158.39999999999998        10.960000000000001       -3.1709160171644557     
   160.20000000000002        10.960000000000001       -3.2065084100884458     
   162.00000000000000        10.960000000000001       -3.2395253340528218     
   163.79999999999998        10.960000000000001       -3.2698494822750046     
   165.59999999999999        10.960000000000001       -3.2973329398912243     
   167.40000000000001        10.960000000000001       -3.3218619681624419     
   169.19999999999999        10.960000000000001       -3.3433380233135535     
   171.00000000000000        10.960000000000001       -3.3616632113865159     
   172.80000000000001        10.960000000000001       -3.3767673863775611     
   174.59999999999999        10.960000000000001       -3.3885781967630955     
   176.40000000000001        10.960000000000001       -3.3970543115139717     
   178.20000000000002        10.960000000000001       -3.4040232280718583     
   180.00000000000000        10.960000000000001       -3.4038550253223394     
   0.0000000000000000        11.039999999999999       -3.8978475235161385     
   1.8000000000000003        11.039999999999999       -3.8959090580994715     
   3.6000000000000005        11.039999999999999       -3.8900953818251525     
   5.4000000000000004        11.039999999999999       -3.8804335845180082     
   7.2000000000000011        11.039999999999999       -3.8669536827887865     
   9.0000000000000000        11.039999999999999       -3.8497116657865056     
   10.800000000000001        11.039999999999999       -3.8287647983142943     
   12.600000000000001        11.039999999999999       -3.8041977494765415     
   14.400000000000002        11.039999999999999       -3.7760933404658461     
   16.200000000000003        11.039999999999999       -3.7445645094852216     
   18.000000000000000        11.039999999999999       -3.7097248259078492     
   19.799999999999997        11.039999999999999       -3.6716921210718003     
   21.600000000000001        11.039999999999999       -3.6306278884050487     
   23.400000000000002        11.039999999999999       -3.5866667538181973     
   25.200000000000003        11.039999999999999       -3.5399709811861761     
   27.000000000000000        11.039999999999999       -3.4907286557698165     
   28.800000000000004        11.039999999999999       -3.4391008844364013     
   30.600000000000005        11.039999999999999       -3.3852872525617528     
   32.400000000000006        11.039999999999999       -3.3294893628335376     
   34.199999999999996        11.039999999999999       -3.2719080401876557     
   36.000000000000000        11.039999999999999       -3.2127501377732353     
   37.800000000000004        11.039999999999999       -3.1522327234603034     
   39.599999999999994        11.039999999999999       -3.0905798235865332     
   41.399999999999999        11.039999999999999       -3.0280190557589401     
   43.200000000000003        11.039999999999999       -2.9647676572962416     
   45.000000000000000        11.039999999999999       -2.9010735898540885     
   46.800000000000004        11.039999999999999       -2.8371444793436642     
   48.599999999999994        11.039999999999999       -2.7732309245551332     
   50.400000000000006        11.039999999999999       -2.7095503850317515     
   52.200000000000003        11.039999999999999       -2.6463297095434068     
   54.000000000000000        11.039999999999999       -2.5838128987724387     
   55.799999999999997        11.039999999999999       -2.5222047021664342     
   57.600000000000009        11.039999999999999       -2.4617322136573012     
   59.400000000000013        11.039999999999999       -2.4026076308173572     
   61.200000000000010        11.039999999999999       -2.3450362757398695     
   63.000000000000000        11.039999999999999       -2.2892219856836560     
   64.800000000000011        11.039999999999999       -2.2353598270111878     
   66.600000000000009        11.039999999999999       -2.1836345594905904     
   68.399999999999991        11.039999999999999       -2.1342194676905191     
   70.200000000000003        11.039999999999999       -2.0872843920981454     
   72.000000000000000        11.039999999999999       -2.0429962125638594     
   73.799999999999997        11.039999999999999       -2.0014802940961247     
   75.600000000000009        11.039999999999999       -1.9628937291062172     
   77.399999999999991        11.039999999999999       -1.9273516860163165     
   79.199999999999989        11.039999999999999       -1.8949639607041906     
   81.000000000000000        11.039999999999999       -1.8658243352027259     
   82.799999999999997        11.039999999999999       -1.8400309456177530     
   84.599999999999994        11.039999999999999       -1.8176435835055829     
   86.400000000000006        11.039999999999999       -1.7987249391390414     
   88.200000000000003        11.039999999999999       -1.7833305486765638     
   90.000000000000000        11.039999999999999       -1.7714753669827177     
   91.799999999999997        11.039999999999999       -1.7631820966215148     
   93.600000000000009        11.039999999999999       -1.7584621367363225     
   95.400000000000006        11.039999999999999       -1.7572912776220486     
   97.199999999999989        11.039999999999999       -1.7596480266525116     
   99.000000000000014        11.039999999999999       -1.7655036789694236     
   100.80000000000001        11.039999999999999       -1.7747890138801639     
   102.59999999999999        11.039999999999999       -1.7874541524010326     
   104.40000000000001        11.039999999999999       -1.8034101167518937     
   106.19999999999999        11.039999999999999       -1.8225662263073641     
   108.00000000000000        11.039999999999999       -1.8448118285996333     
   109.80000000000000        11.039999999999999       -1.8700519577439167     
   111.59999999999999        11.039999999999999       -1.8981365101214800     
   113.40000000000001        11.039999999999999       -1.9289314409464262     
   115.20000000000002        11.039999999999999       -1.9622995174563562     
   117.00000000000000        11.039999999999999       -1.9980709261107525     
   118.80000000000003        11.039999999999999       -2.0360785609411405     
   120.60000000000001        11.039999999999999       -2.0761447290174360     
   122.40000000000002        11.039999999999999       -2.1180971147170755     
   124.20000000000000        11.039999999999999       -2.1617327117852216     
   126.00000000000000        11.039999999999999       -2.2068557532983499     
   127.80000000000001        11.039999999999999       -2.2532696745686418     
   129.60000000000002        11.039999999999999       -2.3007565552489715     
   131.40000000000001        11.039999999999999       -2.3491166281158038     
   133.20000000000002        11.039999999999999       -2.3981379927760407     
   135.00000000000000        11.039999999999999       -2.4475888382289557     
   136.79999999999998        11.039999999999999       -2.4972760200596884     
   138.59999999999999        11.039999999999999       -2.5469622557504894     
   140.40000000000001        11.039999999999999       -2.5964417054388655     
   142.20000000000002        11.039999999999999       -2.6454954532093931     
   144.00000000000000        11.039999999999999       -2.6939081727352852     
   145.79999999999998        11.039999999999999       -2.7414820867060268     
   147.59999999999999        11.039999999999999       -2.7880114309440285     
   149.40000000000003        11.039999999999999       -2.8332856995025018     
   151.20000000000002        11.039999999999999       -2.8771143389396800     
   153.00000000000000        11.039999999999999       -2.9193054865005057     
   154.79999999999998        11.039999999999999       -2.9596976470013034     
   156.59999999999997        11.039999999999999       -2.9980950249321889     
   158.39999999999998        11.039999999999999       -3.0343465161859826     
   160.20000000000002        11.039999999999999       -3.0682973798378583     
   162.00000000000000        11.039999999999999       -3.0997910472995254     
   163.79999999999998        11.039999999999999       -3.1287157299961721     
   165.59999999999999        11.039999999999999       -3.1549304855235492     
   167.40000000000001        11.039999999999999       -3.1783269318346603     
   169.19999999999999        11.039999999999999       -3.1988111656091647     
   171.00000000000000        11.039999999999999       -3.2162899064148713     
   172.80000000000001        11.039999999999999       -3.2306963107177666     
   174.59999999999999        11.039999999999999       -3.2419614378931496     
   176.40000000000001        11.039999999999999       -3.2500459017113386     
   178.20000000000002        11.039999999999999       -3.2566905865282205     
   180.00000000000000        11.039999999999999       -3.2565323613686905     
   0.0000000000000000        11.120000000000001       -3.7202190794861014     
   1.8000000000000003        11.120000000000001       -3.7183734455408084     
   3.6000000000000005        11.120000000000001       -3.7128381811251918     
   5.4000000000000004        11.120000000000001       -3.7036390994642798     
   7.2000000000000011        11.120000000000001       -3.6908047995428639     
   9.0000000000000000        11.120000000000001       -3.6743886305765172     
   10.800000000000001        11.120000000000001       -3.6544451539006451     
   12.600000000000001        11.120000000000001       -3.6310550456963302     
   14.400000000000002        11.120000000000001       -3.6042972172905667     
   16.200000000000003        11.120000000000001       -3.5742792803304573     
   18.000000000000000        11.120000000000001       -3.5411094444250484     
   19.799999999999997        11.120000000000001       -3.5048999776164820     
   21.600000000000001        11.120000000000001       -3.4658047579131424     
   23.400000000000002        11.120000000000001       -3.4239520529196890     
   25.200000000000003        11.120000000000001       -3.3794964680011068     
   27.000000000000000        11.120000000000001       -3.3326172149814788     
   28.800000000000004        11.120000000000001       -3.2834677897410010     
   30.600000000000005        11.120000000000001       -3.2322383579775678     
   32.400000000000006        11.120000000000001       -3.1791210047983203     
   34.199999999999996        11.120000000000001       -3.1243070708562075     
   36.000000000000000        11.120000000000001       -3.0679936390447997     
   37.800000000000004        11.120000000000001       -3.0103875246419687     
   39.599999999999994        11.120000000000001       -2.9517021719047754     
   41.399999999999999        11.120000000000001       -2.8921544449277290     
   43.200000000000003        11.120000000000001       -2.8319513116936892     
   45.000000000000000        11.120000000000001       -2.7713290201747132     
   46.800000000000004        11.120000000000001       -2.7104853724181219     
   48.599999999999994        11.120000000000001       -2.6496591244690864     
   50.400000000000006        11.120000000000001       -2.5890574454558370     
   52.200000000000003        11.120000000000001       -2.5288964507433724     
   54.000000000000000        11.120000000000001       -2.4694086004881632     
   55.799999999999997        11.120000000000001       -2.4107889429779052     
   57.600000000000009        11.120000000000001       -2.3532538204160134     
   59.400000000000013        11.120000000000001       -2.2970053754872763     
   61.200000000000010        11.120000000000001       -2.2422391960017580     
   63.000000000000000        11.120000000000001       -2.1891494527135400     
   64.800000000000011        11.120000000000001       -2.1379219552169770     
   66.600000000000009        11.120000000000001       -2.0887326884055923     
   68.399999999999991        11.120000000000001       -2.0417466988017674     
   70.200000000000003        11.120000000000001       -1.9971257489665661     
   72.000000000000000        11.120000000000001       -1.9550287783692506     
   73.799999999999997        11.120000000000001       -1.9155751582273588     
   75.600000000000009        11.120000000000001       -1.8789144973871434     
   77.399999999999991        11.120000000000001       -1.8451564467145676     
   79.199999999999989        11.120000000000001       -1.8144055356843607     
   81.000000000000000        11.120000000000001       -1.7867510304752308     
   82.799999999999997        11.120000000000001       -1.7622863463534695     
   84.599999999999994        11.120000000000001       -1.7410683525546409     
   86.400000000000006        11.120000000000001       -1.7231566805600087     
   88.200000000000003        11.120000000000001       -1.7086041430532437     
   90.000000000000000        11.120000000000001       -1.6974248752369068     
   91.799999999999997        11.120000000000001       -1.6896403963798368     
   93.600000000000009        11.120000000000001       -1.6852614526787710     
   95.400000000000006        11.120000000000001       -1.6842648523406605     
   97.199999999999989        11.120000000000001       -1.6866299934009334     
   99.000000000000014        11.120000000000001       -1.6923294004049785     
   100.80000000000001        11.120000000000001       -1.7012969835033704     
   102.59999999999999        11.120000000000001       -1.7134850876367178     
   104.40000000000001        11.120000000000001       -1.7288087941325354     
   106.19999999999999        11.120000000000001       -1.7471815621788629     
   108.00000000000000        11.120000000000001       -1.7684978171089314     
   109.80000000000000        11.120000000000001       -1.7926669358708229     
   111.59999999999999        11.120000000000001       -1.8195457458490312     
   113.40000000000001        11.120000000000001       -1.8490063810487196     
   115.20000000000002        11.120000000000001       -1.8809179384421775     
   117.00000000000000        11.120000000000001       -1.9151184643644741     
   118.80000000000003        11.120000000000001       -1.9514485872653013     
   120.60000000000001        11.120000000000001       -1.9897388470501745     
   122.40000000000002        11.120000000000001       -2.0298249104203041     
   124.20000000000000        11.120000000000001       -2.0715131953164221     
   126.00000000000000        11.120000000000001       -2.1146170213345541     
   127.80000000000001        11.120000000000001       -2.1589489498227170     
   129.60000000000002        11.120000000000001       -2.2043011906432497     
   131.40000000000001        11.120000000000001       -2.2504832573246323     
   133.20000000000002        11.120000000000001       -2.2972931018708769     
   135.00000000000000        11.120000000000001       -2.3445097023240260     
   136.79999999999998        11.120000000000001       -2.3919488916431622     
   138.59999999999999        11.120000000000001       -2.4393844382370986     
   140.40000000000001        11.120000000000001       -2.4866200806076613     
   142.20000000000002        11.120000000000001       -2.5334470975064129     
   144.00000000000000        11.120000000000001       -2.5796601917117554     
   145.79999999999998        11.120000000000001       -2.6250707945629324     
   147.59999999999999        11.120000000000001       -2.6694827282723437     
   149.40000000000003        11.120000000000001       -2.7126952988327493     
   151.20000000000002        11.120000000000001       -2.7545268317175160     
   153.00000000000000        11.120000000000001       -2.7947944077127693     
   154.79999999999998        11.120000000000001       -2.8333440536026839     
   156.59999999999997        11.120000000000001       -2.8699891084986886     
   158.39999999999998        11.120000000000001       -2.9045855093833297     
   160.20000000000002        11.120000000000001       -2.9369857304639813     
   162.00000000000000        11.120000000000001       -2.9670405074873951     
   163.79999999999998        11.120000000000001       -2.9946432586584466     
   165.59999999999999        11.120000000000001       -3.0196596197588592     
   167.40000000000001        11.120000000000001       -3.0419862627819589     
   169.19999999999999        11.120000000000001       -3.0615336627102261     
   171.00000000000000        11.120000000000001       -3.0782128918101850     
   172.80000000000001        11.120000000000001       -3.0919602224908971     
   174.59999999999999        11.120000000000001       -3.1027099321298075     
   176.40000000000001        11.120000000000001       -3.1104244695094461     
   178.20000000000002        11.120000000000001       -3.1167630286490011     
   180.00000000000000        11.120000000000001       -3.1166141073406521     
   0.0000000000000000        11.199999999999999       -3.5517726217740169     
   1.8000000000000003        11.199999999999999       -3.5500146725744939     
   3.6000000000000005        11.199999999999999       -3.5447423844272530     
   5.4000000000000004        11.199999999999999       -3.5359803636858445     
   7.2000000000000011        11.199999999999999       -3.5237558692999293     
   9.0000000000000000        11.199999999999999       -3.5081197548209140     
   10.800000000000001        11.199999999999999       -3.4891240260319512     
   12.600000000000001        11.199999999999999       -3.4668455844357577     
   14.400000000000002        11.199999999999999       -3.4413596454090842     
   16.200000000000003        11.199999999999999       -3.4127687852066479     
   18.000000000000000        11.199999999999999       -3.3811761468289689     
   19.799999999999997        11.199999999999999       -3.3466887394331399     
   21.600000000000001        11.199999999999999       -3.3094532418267102     
   23.400000000000002        11.199999999999999       -3.2695919113267058     
   25.200000000000003        11.199999999999999       -3.2272521137095156     
   27.000000000000000        11.199999999999999       -3.1826046725458830     
   28.800000000000004        11.199999999999999       -3.1357958894147191     
   30.600000000000005        11.199999999999999       -3.0870070255765993     
   32.400000000000006        11.199999999999999       -3.0364211692921943     
   34.199999999999996        11.199999999999999       -2.9842206960193742     
   36.000000000000000        11.199999999999999       -2.9305934532014346     
   37.800000000000004        11.199999999999999       -2.8757365647247202     
   39.599999999999994        11.199999999999999       -2.8198534720439925     
   41.399999999999999        11.199999999999999       -2.7631508744961382     
   43.200000000000003        11.199999999999999       -2.7058260332939348     
   45.000000000000000        11.199999999999999       -2.6481041240009198     
   46.800000000000004        11.199999999999999       -2.5901736634184291     
   48.599999999999994        11.199999999999999       -2.5322622134173822     
   50.400000000000006        11.199999999999999       -2.4745672169738073     
   52.200000000000003        11.199999999999999       -2.4172946445339267     
   54.000000000000000        11.199999999999999       -2.3606660482401227     
   55.799999999999997        11.199999999999999       -2.3048673077969619     
   57.600000000000009        11.199999999999999       -2.2501046035146404     
   59.400000000000013        11.199999999999999       -2.1965705752287201     
   61.200000000000010        11.199999999999999       -2.1444516111677916     
   63.000000000000000        11.199999999999999       -2.0939327466937168     
   64.800000000000011        11.199999999999999       -2.0451910435499521     
   66.600000000000009        11.199999999999999       -1.9983941945470287     
   68.399999999999991        11.199999999999999       -1.9536994618334631     
   70.200000000000003        11.199999999999999       -1.9112609750830130     
   72.000000000000000        11.199999999999999       -1.8712301710114243     
   73.799999999999997        11.199999999999999       -1.8337207588528608     
   75.600000000000009        11.199999999999999       -1.7988752767917986     
   77.399999999999991        11.199999999999999       -1.7667981641534349     
   79.199999999999989        11.199999999999999       -1.7375889764110899     
   81.000000000000000        11.199999999999999       -1.7113327155065527     
   82.799999999999997        11.199999999999999       -1.6881183386699663     
   84.599999999999994        11.199999999999999       -1.6679999578188869     
   86.400000000000006        11.199999999999999       -1.6510343180931293     
   88.200000000000003        11.199999999999999       -1.6372716629301649     
   90.000000000000000        11.199999999999999       -1.6267253585530193     
   91.799999999999997        11.199999999999999       -1.6194158114037263     
   93.600000000000009        11.199999999999999       -1.6153531563523877     
   95.400000000000006        11.199999999999999       -1.6145151702454037     
   97.199999999999989        11.199999999999999       -1.6168820994169844     
   99.000000000000014        11.199999999999999       -1.6224276370094075     
   100.80000000000001        11.199999999999999       -1.6310886597565841     
   102.59999999999999        11.199999999999999       -1.6428196215655462     
   104.40000000000001        11.199999999999999       -1.6575394480526162     
   106.19999999999999        11.199999999999999       -1.6751655189685919     
   108.00000000000000        11.199999999999999       -1.6955970671274405     
   109.80000000000000        11.199999999999999       -1.7187475819149969     
   111.59999999999999        11.199999999999999       -1.7444804504807727     
   113.40000000000001        11.199999999999999       -1.7726736552345037     
   115.20000000000002        11.199999999999999       -1.8032022842154971     
   117.00000000000000        11.199999999999999       -1.8359118216583858     
   118.80000000000003        11.199999999999999       -1.8706502151976385     
   120.60000000000001        11.199999999999999       -1.9072557951424489     
   122.40000000000002        11.199999999999999       -1.9455717816201352     
   124.20000000000000        11.199999999999999       -1.9854135093409278     
   126.00000000000000        11.199999999999999       -2.0266028952595225     
   127.80000000000001        11.199999999999999       -2.0689611353416226     
   129.60000000000002        11.199999999999999       -2.1122900235060276     
   131.40000000000001        11.199999999999999       -2.1564078539690543     
   133.20000000000002        11.199999999999999       -2.2011218998507194     
   135.00000000000000        11.199999999999999       -2.2462213458789666     
   136.79999999999998        11.199999999999999       -2.2915305184446475     
   138.59999999999999        11.199999999999999       -2.3368336400142340     
   140.40000000000001        11.199999999999999       -2.3819435105453897     
   142.20000000000002        11.199999999999999       -2.4266610528805010     
   144.00000000000000        11.199999999999999       -2.4707904571850081     
   145.79999999999998        11.199999999999999       -2.5141518662070235     
   147.59999999999999        11.199999999999999       -2.5565581706057037     
   149.40000000000003        11.199999999999999       -2.5978179579427367     
   151.20000000000002        11.199999999999999       -2.6377579528260888     
   153.00000000000000        11.199999999999999       -2.6762036961221485     
   154.79999999999998        11.199999999999999       -2.7130083302806507     
   156.59999999999997        11.199999999999999       -2.7479938348407211     
   158.39999999999998        11.199999999999999       -2.7810228073854262     
   160.20000000000002        11.199999999999999       -2.8119545471221015     
   162.00000000000000        11.199999999999999       -2.8406466989698238     
   163.79999999999998        11.199999999999999       -2.8669976066668084     
   165.59999999999999        11.199999999999999       -2.8908791281542370     
   167.40000000000001        11.199999999999999       -2.9121927161612007     
   169.19999999999999        11.199999999999999       -2.9308529872395441     
   171.00000000000000        11.199999999999999       -2.9467751308266719     
   172.80000000000001        11.199999999999999       -2.9598983668320038     
   174.59999999999999        11.199999999999999       -2.9701600164515232     
   176.40000000000001        11.199999999999999       -2.9775242643340327     
   178.20000000000002        11.199999999999999       -2.9835730581967761     
   180.00000000000000        11.199999999999999       -2.9834328375091319     
   0.0000000000000000        11.280000000000001       -3.3932263788161601     
   1.8000000000000003        11.280000000000001       -3.3915505937667270     
   3.6000000000000005        11.280000000000001       -3.3865247250198927     
   5.4000000000000004        11.280000000000001       -3.3781722469156064     
   7.2000000000000011        11.280000000000001       -3.3665191616572354     
   9.0000000000000000        11.280000000000001       -3.3516139820097584     
   10.800000000000001        11.280000000000001       -3.3335063169852779     
   12.600000000000001        11.280000000000001       -3.3122695276988905     
   14.400000000000002        11.280000000000001       -3.2879753632068627     
   16.200000000000003        11.280000000000001       -3.2607216769404146     
   18.000000000000000        11.280000000000001       -3.2306068599879678     
   19.799999999999997        11.280000000000001       -3.1977329893926321     
   21.600000000000001        11.280000000000001       -3.1622399915826209     
   23.400000000000002        11.280000000000001       -3.1242444871623616     
   25.200000000000003        11.280000000000001       -3.0838870520208177     
   27.000000000000000        11.280000000000001       -3.0413306423192710     
   28.800000000000004        11.280000000000001       -2.9967148126140870     
   30.600000000000005        11.280000000000001       -2.9502124728269630     
   32.400000000000006        11.280000000000001       -2.9019982733590224     
   34.199999999999996        11.280000000000001       -2.8522461816819504     
   36.000000000000000        11.280000000000001       -2.8011353838652484     
   37.800000000000004        11.280000000000001       -2.7488539148142141     
   39.599999999999994        11.280000000000001       -2.6955958349943270     
   41.399999999999999        11.280000000000001       -2.6415583109645424     
   43.200000000000003        11.280000000000001       -2.5869295010155513     
   45.000000000000000        11.280000000000001       -2.5319241966612025     
   46.800000000000004        11.280000000000001       -2.4767222075713113     
   48.599999999999994        11.280000000000001       -2.4215405976184141     
   50.400000000000006        11.280000000000001       -2.3665676892622400     
   52.200000000000003        11.280000000000001       -2.3119999396697262     
   54.000000000000000        11.280000000000001       -2.2580486718767743     
   55.799999999999997        11.280000000000001       -2.2048911685925936     
   57.600000000000009        11.280000000000001       -2.1527240813003745     
   59.400000000000013        11.280000000000001       -2.1017311394586771     
   61.200000000000010        11.280000000000001       -2.0520901055640164     
   63.000000000000000        11.280000000000001       -2.0039774495751526     
   64.800000000000011        11.280000000000001       -1.9575620315341686     
   66.600000000000009        11.280000000000001       -1.9130037702584146     
   68.399999999999991        11.280000000000001       -1.8704526303383873     
   70.200000000000003        11.280000000000001       -1.8300555861006635     
   72.000000000000000        11.280000000000001       -1.7919570410848795     
   73.799999999999997        11.280000000000001       -1.7562653984831851     
   75.600000000000009        11.280000000000001       -1.7231165688383367     
   77.399999999999991        11.280000000000001       -1.6926101081729381     
   79.199999999999989        11.280000000000001       -1.6648409115752583     
   81.000000000000000        11.280000000000001       -1.6398899865687313     
   82.799999999999997        11.280000000000001       -1.6178421141755908     
   84.599999999999994        11.280000000000001       -1.5987488258011888     
   86.400000000000006        11.280000000000001       -1.5826641650453563     
   88.200000000000003        11.280000000000001       -1.5696359713329850     
   90.000000000000000        11.280000000000001       -1.5596768959502949     
   91.799999999999997        11.280000000000001       -1.5528063078014092     
   93.600000000000009        11.280000000000001       -1.5490337747406508     
   95.400000000000006        11.280000000000001       -1.5483379889625852     
   97.199999999999989        11.280000000000001       -1.5506999992295332     
   99.000000000000014        11.280000000000001       -1.5560946016055739     
   100.80000000000001        11.280000000000001       -1.5644614626441251     
   102.59999999999999        11.280000000000001       -1.5757570213982552     
   104.40000000000001        11.280000000000001       -1.5899038167220074     
   106.19999999999999        11.280000000000001       -1.6068229131214615     
   108.00000000000000        11.280000000000001       -1.6264180602470990     
   109.80000000000000        11.280000000000001       -1.6486066121542031     
   111.59999999999999        11.280000000000001       -1.6732581167521949     
   113.40000000000001        11.280000000000001       -1.7002560497218406     
   115.20000000000002        11.280000000000001       -1.7294811261478182     
   117.00000000000000        11.280000000000001       -1.7607858146890398     
   118.80000000000003        11.280000000000001       -1.7940249359349629     
   120.60000000000001        11.280000000000001       -1.8290441351677229     
   122.40000000000002        11.280000000000001       -1.8656937250491628     
   124.20000000000000        11.280000000000001       -1.9037974118479633     
   126.00000000000000        11.280000000000001       -1.9431851842864372     
   127.80000000000001        11.280000000000001       -1.9836863449397535     
   129.60000000000002        11.280000000000001       -2.0251116850064768     
   131.40000000000001        11.280000000000001       -2.0672877421126330     
   133.20000000000002        11.280000000000001       -2.1100305397023145     
   135.00000000000000        11.280000000000001       -2.1531388435590646     
   136.79999999999998        11.280000000000001       -2.1964449535633332     
   138.59999999999999        11.280000000000001       -2.2397429050422715     
   140.40000000000001        11.280000000000001       -2.2828540040844691     
   142.20000000000002        11.280000000000001       -2.3255882261540859     
   144.00000000000000        11.280000000000001       -2.3677586668557269     
   145.79999999999998        11.280000000000001       -2.4091936461686716     
   147.59999999999999        11.280000000000001       -2.4497145668001794     
   149.40000000000003        11.280000000000001       -2.4891387281473252     
   151.20000000000002        11.280000000000001       -2.5273007385540303     
   153.00000000000000        11.280000000000001       -2.5640340796265484     
   154.79999999999998        11.280000000000001       -2.5991985730049660     
   156.59999999999997        11.280000000000001       -2.6326243078118829     
   158.39999999999998        11.280000000000001       -2.6641801334958872     
   160.20000000000002        11.280000000000001       -2.6937317551853699     
   162.00000000000000        11.280000000000001       -2.7211433025021368     
   163.79999999999998        11.280000000000001       -2.7463177425854108     
   165.59999999999999        11.280000000000001       -2.7691327731142570     
   167.40000000000001        11.280000000000001       -2.7894943339721889     
   169.19999999999999        11.280000000000001       -2.8073209289815675     
   171.00000000000000        11.280000000000001       -2.8225316117581434     
   172.80000000000001        11.280000000000001       -2.8350683687684706     
   174.59999999999999        11.280000000000001       -2.8448713779309807     
   176.40000000000001        11.280000000000001       -2.8519064532537146     
   178.20000000000002        11.280000000000001       -2.8576830682272578     
   180.00000000000000        11.280000000000001       -2.8575509064726781     
   0.0000000000000000        11.359999999999999       -3.2425042380658655     
   1.8000000000000003        11.359999999999999       -3.2409062757063363     
   3.6000000000000005        11.359999999999999       -3.2361138058473422     
   5.4000000000000004        11.359999999999999       -3.2281492297319616     
   7.2000000000000011        11.359999999999999       -3.2170373583622216     
   9.0000000000000000        11.359999999999999       -3.2028244856094128     
   10.800000000000001        11.359999999999999       -3.1855579486714269     
   12.600000000000001        11.359999999999999       -3.1653077526668714     
   14.400000000000002        11.359999999999999       -3.1421423610446939     
   16.200000000000003        11.359999999999999       -3.1161551504089369     
   18.000000000000000        11.359999999999999       -3.0874400075984987     
   19.799999999999997        11.359999999999999       -3.0560943347020344     
   21.600000000000001        11.359999999999999       -3.0222516574262825     
   23.400000000000002        11.359999999999999       -2.9860232536511000     
   25.200000000000003        11.359999999999999       -2.9475432632862475     
   27.000000000000000        11.359999999999999       -2.9069671849889840     
   28.800000000000004        11.359999999999999       -2.8644281782781884     
   30.600000000000005        11.359999999999999       -2.8200912370178064     
   32.400000000000006        11.359999999999999       -2.7741230136583379     
   34.199999999999996        11.359999999999999       -2.7266895061868590     
   36.000000000000000        11.359999999999999       -2.6779616910717565     
   37.800000000000004        11.359999999999999       -2.6281189883078833     
   39.599999999999994        11.359999999999999       -2.5773465667090281     
   41.399999999999999        11.359999999999999       -2.5258325573902658     
   43.200000000000003        11.359999999999999       -2.4737564909014256     
   45.000000000000000        11.359999999999999       -2.4213233164103376     
   46.800000000000004        11.359999999999999       -2.3687045913653035     
   48.599999999999994        11.359999999999999       -2.3161074294851769     
   50.400000000000006        11.359999999999999       -2.2637115092766358     
   52.200000000000003        11.359999999999999       -2.2117042716554067     
   54.000000000000000        11.359999999999999       -2.1602873447839976     
   55.799999999999997        11.359999999999999       -2.1096298641189937     
   57.600000000000009        11.359999999999999       -2.0599194504514977     
   59.400000000000013        11.359999999999999       -2.0113313890363753     
   61.200000000000010        11.359999999999999       -1.9640352681462554     
   63.000000000000000        11.359999999999999       -1.9181994408015564     
   64.800000000000011        11.359999999999999       -1.8739849950363361     
   66.600000000000009        11.359999999999999       -1.8315444832747634     
   68.399999999999991        11.359999999999999       -1.7910209555258707     
   70.200000000000003        11.359999999999999       -1.7525546064399999     
   72.000000000000000        11.359999999999999       -1.7162831757799002     
   73.799999999999997        11.359999999999999       -1.6823100406347287     
   75.600000000000009        11.359999999999999       -1.6507648323923731     
   77.399999999999991        11.359999999999999       -1.6217424818979849     
   79.199999999999989        11.359999999999999       -1.5953334704670525     
   81.000000000000000        11.359999999999999       -1.5716150233362405     
   82.799999999999997        11.359999999999999       -1.5506679669041246     
   84.599999999999994        11.359999999999999       -1.5325413909703645     
   86.400000000000006        11.359999999999999       -1.5172867827945984     
   88.200000000000003        11.359999999999999       -1.5049497075837821     
   90.000000000000000        11.359999999999999       -1.4955421439491052     
   91.799999999999997        11.359999999999999       -1.4890824822437998     
   93.600000000000009        11.359999999999999       -1.4855797579067240     
   95.400000000000006        11.359999999999999       -1.4850135362462975     
   97.199999999999989        11.359999999999999       -1.4873656320608943     
   99.000000000000014        11.359999999999999       -1.4926118923546312     
   100.80000000000001        11.359999999999999       -1.5006946340678740     
   102.59999999999999        11.359999999999999       -1.5115721836469942     
   104.40000000000001        11.359999999999999       -1.5251705110179248     
   106.19999999999999        11.359999999999999       -1.5414141795337897     
   108.00000000000000        11.359999999999999       -1.5602112266066572     
   109.80000000000000        11.359999999999999       -1.5814826756418248     
   111.59999999999999        11.359999999999999       -1.6051039209344484     
   113.40000000000001        11.359999999999999       -1.6309636516019750     
   115.20000000000002        11.359999999999999       -1.6589479229464221     
   117.00000000000000        11.359999999999999       -1.6889158308062826     
   118.80000000000003        11.359999999999999       -1.7207287171889194     
   120.60000000000001        11.359999999999999       -1.7542391678286173     
   122.40000000000002        11.359999999999999       -1.7893042248508237     
   124.20000000000000        11.359999999999999       -1.8257555366378184     
   126.00000000000000        11.359999999999999       -1.8634307496847959     
   127.80000000000001        11.359999999999999       -1.9021668572837862     
   129.60000000000002        11.359999999999999       -1.9417831857616787     
   131.40000000000001        11.359999999999999       -1.9821140929747478     
   133.20000000000002        11.359999999999999       -2.0229839031344312     
   135.00000000000000        11.359999999999999       -2.0642004703588337     
   136.79999999999998        11.359999999999999       -2.1056036585034410     
   138.59999999999999        11.359999999999999       -2.1469968107929081     
   140.40000000000001        11.359999999999999       -2.1882093020907241     
   142.20000000000002        11.359999999999999       -2.2290596946798642     
   144.00000000000000        11.359999999999999       -2.2693695313032869     
   145.79999999999998        11.359999999999999       -2.3089748884835406     
   147.59999999999999        11.359999999999999       -2.3477052428023581     
   149.40000000000003        11.359999999999999       -2.3853861568283441     
   151.20000000000002        11.359999999999999       -2.4218597167588372     
   153.00000000000000        11.359999999999999       -2.4569669359619959     
   154.79999999999998        11.359999999999999       -2.4905739715316728     
   156.59999999999997        11.359999999999999       -2.5225186041555547     
   158.39999999999998        11.359999999999999       -2.5526756132649000     
   160.20000000000002        11.359999999999999       -2.5809167798914543     
   162.00000000000000        11.359999999999999       -2.6071123841066095     
   163.79999999999998        11.359999999999999       -2.6311697785128261     
   165.59999999999999        11.359999999999999       -2.6529721993919710     
   167.40000000000001        11.359999999999999       -2.6724298425927229     
   169.19999999999999        11.359999999999999       -2.6894648989514782     
   171.00000000000000        11.359999999999999       -2.7040000870428722     
   172.80000000000001        11.359999999999999       -2.7159800173989104     
   174.59999999999999        11.359999999999999       -2.7253475773338529     
   176.40000000000001        11.359999999999999       -2.7320701263389289     
   178.20000000000002        11.359999999999999       -2.7375884203557739     
   180.00000000000000        11.359999999999999       -2.7374638168754126     
   0.0000000000000000        11.440000000000001       -3.1006610149865761     
   1.8000000000000003        11.440000000000001       -3.0991359751931267     
   3.6000000000000005        11.440000000000001       -3.0945622082156903     
   5.4000000000000004        11.440000000000001       -3.0869611087575741     
   7.2000000000000011        11.440000000000001       -3.0763563706552448     
   9.0000000000000000        11.440000000000001       -3.0627922065819022     
   10.800000000000001        11.440000000000001       -3.0463138230682669     
   12.600000000000001        11.440000000000001       -3.0269880775310121     
   14.400000000000002        11.440000000000001       -3.0048803519396143     
   16.200000000000003        11.440000000000001       -2.9800798239554194     
   18.000000000000000        11.440000000000001       -2.9526761559244665     
   19.799999999999997        11.440000000000001       -2.9227623654582784     
   21.600000000000001        11.440000000000001       -2.8904659747883161     
   23.400000000000002        11.440000000000001       -2.8558932511411705     
   25.200000000000003        11.440000000000001       -2.8191722982159186     
   27.000000000000000        11.440000000000001       -2.7804516201988503     
   28.800000000000004        11.440000000000001       -2.7398583791468081     
   30.600000000000005        11.440000000000001       -2.6975501445528698     
   32.400000000000006        11.440000000000001       -2.6536860678234113     
   34.199999999999996        11.440000000000001       -2.6084246727677245     
   36.000000000000000        11.440000000000001       -2.5619292365464736     
   37.800000000000004        11.440000000000001       -2.5143710997241380     
   39.599999999999994        11.440000000000001       -2.4659270921851073     
   41.399999999999999        11.440000000000001       -2.4167768713498901     
   43.200000000000003        11.440000000000001       -2.3670918767365294     
   45.000000000000000        11.440000000000001       -2.3170678270353608     
   46.800000000000004        11.440000000000001       -2.2668685412603891     
   48.599999999999994        11.440000000000001       -2.2166918017686950     
   50.400000000000006        11.440000000000001       -2.1667091813531587     
   52.200000000000003        11.440000000000001       -2.1170996660347283     
   54.000000000000000        11.440000000000001       -2.0680557924921348     
   55.799999999999997        11.440000000000001       -2.0197390568415474     
   57.600000000000009        11.440000000000001       -1.9723286117689709     
   59.400000000000013        11.440000000000001       -1.9259918247910763     
   61.200000000000010        11.440000000000001       -1.8808906198452466     
   63.000000000000000        11.440000000000001       -1.8371857394576716     
   64.800000000000011        11.440000000000001       -1.7950309848822841     
   66.600000000000009        11.440000000000001       -1.7545720024084033     
   68.399999999999991        11.440000000000001       -1.7159453598937713     
   70.200000000000003        11.440000000000001       -1.6792848964832752     
   72.000000000000000        11.440000000000001       -1.6447221052427345     
   73.799999999999997        11.440000000000001       -1.6123556531481424     
   75.600000000000009        11.440000000000001       -1.5823092858752434     
   77.399999999999991        11.440000000000001       -1.5546736004263280     
   79.199999999999989        11.440000000000001       -1.5295349426668876     
   81.000000000000000        11.440000000000001       -1.5069669949054409     
   82.799999999999997        11.440000000000001       -1.4870468789545987     
   84.599999999999994        11.440000000000001       -1.4698213996218106     
   86.400000000000006        11.440000000000001       -1.4553396515497796     
   88.200000000000003        11.440000000000001       -1.4436450720425626     
   90.000000000000000        11.440000000000001       -1.4347490144420638     
   91.799999999999997        11.440000000000001       -1.4286689568548756     
   93.600000000000009        11.440000000000001       -1.4254134410526542     
   95.400000000000006        11.440000000000001       -1.4249628573862612     
   97.199999999999989        11.440000000000001       -1.4272997452209095     
   99.000000000000014        11.440000000000001       -1.4324009434168303     
   100.80000000000001        11.440000000000001       -1.4402112614029308     
   102.59999999999999        11.440000000000001       -1.4506908022187077     
   104.40000000000001        11.440000000000001       -1.4637687606804757     
   106.19999999999999        11.440000000000001       -1.4793729885805120     
   108.00000000000000        11.440000000000001       -1.4974155519106933     
   109.80000000000000        11.440000000000001       -1.5178209223899548     
   111.59999999999999        11.440000000000001       -1.5404699851391526     
   113.40000000000001        11.440000000000001       -1.5652563261846968     
   115.20000000000002        11.440000000000001       -1.5920710166196825     
   117.00000000000000        11.440000000000001       -1.6207793754722863     
   118.80000000000003        11.440000000000001       -1.6512488686319200     
   120.60000000000001        11.440000000000001       -1.6833385987834715     
   122.40000000000002        11.440000000000001       -1.7169119269576183     
   124.20000000000000        11.440000000000001       -1.7518079580975825     
   126.00000000000000        11.440000000000001       -1.7878715283826627     
   127.80000000000001        11.440000000000001       -1.8249468515946135     
   129.60000000000002        11.440000000000001       -1.8628612666973394     
   131.40000000000001        11.440000000000001       -1.9014564733295252     
   133.20000000000002        11.440000000000001       -1.9405645882238560     
   135.00000000000000        11.440000000000001       -1.9800019968202218     
   136.79999999999998        11.440000000000001       -2.0196156639638208     
   138.59999999999999        11.440000000000001       -2.0592176699461593     
   140.40000000000001        11.440000000000001       -2.0986449639763065     
   142.20000000000002        11.440000000000001       -2.1377241685910700     
   144.00000000000000        11.440000000000001       -2.1762847555923401     
   145.79999999999998        11.440000000000001       -2.2141700824762354     
   147.59999999999999        11.440000000000001       -2.2512172043799676     
   149.40000000000003        11.440000000000001       -2.2872594398802009     
   151.20000000000002        11.440000000000001       -2.3221458942146240     
   153.00000000000000        11.440000000000001       -2.3557246502119682     
   154.79999999999998        11.440000000000001       -2.3878678118482335     
   156.59999999999997        11.440000000000001       -2.4184203788789049     
   158.39999999999998        11.440000000000001       -2.4472626968597972     
   160.20000000000002        11.440000000000001       -2.4742722496859098     
   162.00000000000000        11.440000000000001       -2.4993250900624182     
   163.79999999999998        11.440000000000001       -2.5223326870820033     
   165.59999999999999        11.440000000000001       -2.5431834752563383     
   167.40000000000001        11.440000000000001       -2.5617916450727312     
   169.19999999999999        11.440000000000001       -2.5780828480184810     
   171.00000000000000        11.440000000000001       -2.5919832424464611     
   172.80000000000001        11.440000000000001       -2.6034399018843275     
   174.59999999999999        11.440000000000001       -2.6123982565199171     
   176.40000000000001        11.440000000000001       -2.6188271165128327     
   178.20000000000002        11.440000000000001       -2.6241027651222293     
   180.00000000000000        11.440000000000001       -2.6239851597423911     
   0.0000000000000000        11.520000000000000       -2.9661045753916775     
   1.8000000000000003        11.520000000000000       -2.9646484584896693     
   3.6000000000000005        11.520000000000000       -2.9602813989324770     
   5.4000000000000004        11.520000000000000       -2.9530238392584147     
   7.2000000000000011        11.520000000000000       -2.9428984166155496     
   9.0000000000000000        11.520000000000000       -2.9299473749678757     
   10.800000000000001        11.520000000000000       -2.9142139054793446     
   12.600000000000001        11.520000000000000       -2.8957618880269305     
   14.400000000000002        11.520000000000000       -2.8746537898491766     
   16.200000000000003        11.520000000000000       -2.8509748166759485     
   18.000000000000000        11.520000000000000       -2.8248106348928608     
   19.799999999999997        11.520000000000000       -2.7962501149186774     
   21.600000000000001        11.520000000000000       -2.7654151000333638     
   23.400000000000002        11.520000000000000       -2.7324071180668668     
   25.200000000000003        11.520000000000000       -2.6973485630757472     
   27.000000000000000        11.520000000000000       -2.6603813230329152     
   28.800000000000004        11.520000000000000       -2.6216268872929076     
   30.600000000000005        11.520000000000000       -2.5812358026343682     
   32.400000000000006        11.520000000000000       -2.5393601253334239     
   34.199999999999996        11.520000000000000       -2.4961513096205423     
   36.000000000000000        11.520000000000000       -2.4517653501865722     
   37.800000000000004        11.520000000000000       -2.4063659455778175     
   39.599999999999994        11.520000000000000       -2.3601220382439845     
   41.399999999999999        11.520000000000000       -2.3132052707752178     
   43.200000000000003        11.520000000000000       -2.2657794300530338     
   45.000000000000000        11.520000000000000       -2.2180315040965777     
   46.800000000000004        11.520000000000000       -2.1701179931365915     
   48.599999999999994        11.520000000000000       -2.1222278536193691     
   50.400000000000006        11.520000000000000       -2.0745249922439331     
   52.200000000000003        11.520000000000000       -2.0271803986410433     
   54.000000000000000        11.520000000000000       -1.9803780108526259     
   55.799999999999997        11.520000000000000       -1.9342721004750032     
   57.600000000000009        11.520000000000000       -1.8890338115827601     
   59.400000000000013        11.520000000000000       -1.8448230239257568     
   61.200000000000010        11.520000000000000       -1.8017944135266557     
   63.000000000000000        11.520000000000000       -1.7601015260186303     
   64.800000000000011        11.520000000000000       -1.7198912721352058     
   66.600000000000009        11.520000000000000       -1.6813027678822137     
   68.399999999999991        11.520000000000000       -1.6444664520734185     
   70.200000000000003        11.520000000000000       -1.6095101547027042     
   72.000000000000000        11.520000000000000       -1.5765594626957307     
   73.799999999999997        11.520000000000000       -1.5457085908616184     
   75.600000000000009        11.520000000000000       -1.5170757203993837     
   77.399999999999991        11.520000000000000       -1.4907473522620445     
   79.199999999999989        11.520000000000000       -1.4668059240236477     
   81.000000000000000        11.520000000000000       -1.4453217703809580     
   82.799999999999997        11.520000000000000       -1.4263685126019150     
   84.599999999999994        11.520000000000000       -1.4099907981985293     
   86.400000000000006        11.520000000000000       -1.3962354627020870     
   88.200000000000003        11.520000000000000       -1.3851439347930099     
   90.000000000000000        11.520000000000000       -1.3767269809972760     
   91.799999999999997        11.520000000000000       -1.3710012210711402     
   93.600000000000009        11.520000000000000       -1.3679747344975315     
   95.400000000000006        11.520000000000000       -1.3676286971023990     
   97.199999999999989        11.520000000000000       -1.3699463386460957     
   99.000000000000014        11.520000000000000       -1.3749054412799664     
   100.80000000000001        11.520000000000000       -1.3824531776097144     
   102.59999999999999        11.520000000000000       -1.3925513364447055     
   104.40000000000001        11.520000000000000       -1.4051321687276510     
   106.19999999999999        11.520000000000000       -1.4201266424742929     
   108.00000000000000        11.520000000000000       -1.4374506401864813     
   109.80000000000000        11.520000000000000       -1.4570319010005908     
   111.59999999999999        11.520000000000000       -1.4787565100415496     
   113.40000000000001        11.520000000000000       -1.5025226913220324     
   115.20000000000002        11.520000000000000       -1.5282262663523909     
   117.00000000000000        11.520000000000000       -1.5557384469635012     
   118.80000000000003        11.520000000000000       -1.5849324978176806     
   120.60000000000001        11.520000000000000       -1.6156736922270620     
   122.40000000000002        11.520000000000000       -1.6478313743852333     
   124.20000000000000        11.520000000000000       -1.6812517087758057     
   126.00000000000000        11.520000000000000       -1.7157863385173220     
   127.80000000000001        11.520000000000000       -1.7512863133940457     
   129.60000000000002        11.520000000000000       -1.7875865578164298     
   131.40000000000001        11.520000000000000       -1.8245357220114375     
   133.20000000000002        11.520000000000000       -1.8619732996944480     
   135.00000000000000        11.520000000000000       -1.8997237522440249     
   136.79999999999998        11.520000000000000       -1.9376407669541682     
   138.59999999999999        11.520000000000000       -1.9755446945210990     
   140.40000000000001        11.520000000000000       -2.0132796542764537     
   142.20000000000002        11.520000000000000       -2.0506798985344030     
   144.00000000000000        11.520000000000000       -2.0875824046203224     
   145.79999999999998        11.520000000000000       -2.1238374222130525     
   147.59999999999999        11.520000000000000       -2.1592891800832215     
   149.40000000000003        11.520000000000000       -2.1937783382220020     
   151.20000000000002        11.520000000000000       -2.2271606458317730     
   153.00000000000000        11.520000000000000       -2.2592908772833944     
   154.79999999999998        11.520000000000000       -2.2900467657738686     
   156.59999999999997        11.520000000000000       -2.3192801438920858     
   158.39999999999998        11.520000000000000       -2.3468766258684139     
   160.20000000000002        11.520000000000000       -2.3727190935161069     
   162.00000000000000        11.520000000000000       -2.3966890633349309     
   163.79999999999998        11.520000000000000       -2.4187019010196771     
   165.59999999999999        11.520000000000000       -2.4386509610865765     
   167.40000000000001        11.520000000000000       -2.4564542150390443     
   169.19999999999999        11.520000000000000       -2.4720405899723472     
   171.00000000000000        11.520000000000000       -2.4853394999496947     
   172.80000000000001        11.520000000000000       -2.4963003498245273     
   174.59999999999999        11.520000000000000       -2.5048709765416790     
   176.40000000000001        11.520000000000000       -2.5110215634183461     
   178.20000000000002        11.520000000000000       -2.5160673897706411     
   180.00000000000000        11.520000000000000       -2.5159563292776768     
   0.0000000000000000        11.600000000000000       -2.8382991726389024     
   1.8000000000000003        11.600000000000000       -2.8369082909438088     
   3.6000000000000005        11.600000000000000       -2.8327368790376291     
   5.4000000000000004        11.600000000000000       -2.8258044774669617     
   7.2000000000000011        11.600000000000000       -2.8161327224894563     
   9.0000000000000000        11.600000000000000       -2.8037619931539592     
   10.800000000000001        11.600000000000000       -2.7887335716391970     
   12.600000000000001        11.600000000000000       -2.7711085172905845     
   14.400000000000002        11.600000000000000       -2.7509465364659671     
   16.200000000000003        11.600000000000000       -2.7283290724252840     
   18.000000000000000        11.600000000000000       -2.7033380064520705     
   19.799999999999997        11.600000000000000       -2.6760582807010440     
   21.600000000000001        11.600000000000000       -2.6466063589386466     
   23.400000000000002        11.600000000000000       -2.6150792798670457     
   25.200000000000003        11.600000000000000       -2.5815940292112298     
   27.000000000000000        11.600000000000000       -2.5462862277408522     
   28.800000000000004        11.600000000000000       -2.5092719917365063     
   30.600000000000005        11.600000000000000       -2.4706952158548297     
   32.400000000000006        11.600000000000000       -2.4307012357569744     
   34.199999999999996        11.600000000000000       -2.3894348093898965     
   36.000000000000000        11.600000000000000       -2.3470450335594339     
   37.800000000000004        11.600000000000000       -2.3036883683611338     
   39.599999999999994        11.600000000000000       -2.2595262853686782     
   41.399999999999999        11.600000000000000       -2.2147228356962194     
   43.200000000000003        11.600000000000000       -2.1694345580458947     
   45.000000000000000        11.600000000000000       -2.1238401708956598     
   46.800000000000004        11.600000000000000       -2.0780892428394693     
   48.599999999999994        11.600000000000000       -2.0323623707418652     
   50.400000000000006        11.600000000000000       -1.9868162007741770     
   52.200000000000003        11.600000000000000       -1.9416141491675480     
   54.000000000000000        11.600000000000000       -1.8969320100087432     
   55.799999999999997        11.600000000000000       -1.8529172130380185     
   57.600000000000009        11.600000000000000       -1.8097333176083525     
   59.400000000000013        11.600000000000000       -1.7675331123412719     
   61.200000000000010        11.600000000000000       -1.7264644094726640     
   63.000000000000000        11.600000000000000       -1.6866739392648120     
   64.800000000000011        11.600000000000000       -1.6483020874443164     
   66.600000000000009        11.600000000000000       -1.6114817864080453     
   68.399999999999991        11.600000000000000       -1.5763376716058708     
   70.200000000000003        11.600000000000000       -1.5429918833253637     
   72.000000000000000        11.600000000000000       -1.5115644164431017     
   73.799999999999997        11.600000000000000       -1.4821452714457792     
   75.600000000000009        11.600000000000000       -1.4548473613096022     
   77.399999999999991        11.600000000000000       -1.4297533101787661     
   79.199999999999989        11.600000000000000       -1.4069418567590322     
   81.000000000000000        11.600000000000000       -1.3864801681687031     
   82.799999999999997        11.600000000000000       -1.3684385532154686     
   84.599999999999994        11.600000000000000       -1.3528596197381182     
   86.400000000000006        11.600000000000000       -1.3397880671389046     
   88.200000000000003        11.600000000000000       -1.3292634253263913     
   90.000000000000000        11.600000000000000       -1.3212959092648717     
   91.799999999999997        11.600000000000000       -1.3159013298671054     
   93.600000000000009        11.600000000000000       -1.3130873330516444     
   95.400000000000006        11.600000000000000       -1.3128358433657032     
   97.199999999999989        11.600000000000000       -1.3151307491912618     
   99.000000000000014        11.600000000000000       -1.3199507309138778     
   100.80000000000001        11.600000000000000       -1.3272452047360690     
   102.59999999999999        11.600000000000000       -1.3369775611806269     
   104.40000000000001        11.600000000000000       -1.3490829513273657     
   106.19999999999999        11.600000000000000       -1.3634953002421191     
   108.00000000000000        11.600000000000000       -1.3801341109823855     
   109.80000000000000        11.600000000000000       -1.3989302229209677     
   111.59999999999999        11.600000000000000       -1.4197746525541015     
   113.40000000000001        11.600000000000000       -1.4425700226911162     
   115.20000000000002        11.600000000000000       -1.4672166601187706     
   117.00000000000000        11.600000000000000       -1.4935913643298011     
   118.80000000000003        11.600000000000000       -1.5215728984928529     
   120.60000000000001        11.600000000000000       -1.5510323867047446     
   122.40000000000002        11.600000000000000       -1.5818448462486014     
   124.20000000000000        11.600000000000000       -1.6138631345229859     
   126.00000000000000        11.600000000000000       -1.6469453481397602     
   127.80000000000001        11.600000000000000       -1.6809490178358573     
   129.60000000000002        11.600000000000000       -1.7157162590104613     
   131.40000000000001        11.600000000000000       -1.7511023112478277     
   133.20000000000002        11.600000000000000       -1.7869536615514419     
   135.00000000000000        11.600000000000000       -1.8231024267749159     
   136.79999999999998        11.600000000000000       -1.8594086671228693     
   138.59999999999999        11.600000000000000       -1.8957005728331142     
   140.40000000000001        11.600000000000000       -1.9318290601294066     
   142.20000000000002        11.600000000000000       -1.9676356136481483     
   144.00000000000000        11.600000000000000       -2.0029643251948972     
   145.79999999999998        11.600000000000000       -2.0376719776607790     
   147.59999999999999        11.600000000000000       -2.0716095995973389     
   149.40000000000003        11.600000000000000       -2.1046248096377305     
   151.20000000000002        11.600000000000000       -2.1365796546552018     
   153.00000000000000        11.600000000000000       -2.1673352516516067     
   154.79999999999998        11.600000000000000       -2.1967746697538777     
   156.59999999999997        11.600000000000000       -2.2247562178111941     
   158.39999999999998        11.600000000000000       -2.2511705041042918     
   160.20000000000002        11.600000000000000       -2.2759055268299182     
   162.00000000000000        11.600000000000000       -2.2988479811604563     
   163.79999999999998        11.600000000000000       -2.3199169263739012     
   165.59999999999999        11.600000000000000       -2.3390103801377928     
   167.40000000000001        11.600000000000000       -2.3560498977496374     
   169.19999999999999        11.600000000000000       -2.3709675110749515     
   171.00000000000000        11.600000000000000       -2.3836957199566902     
   172.80000000000001        11.600000000000000       -2.3941861390107517     
   174.59999999999999        11.600000000000000       -2.4023888862789415     
   176.40000000000001        11.600000000000000       -2.4082754466727287     
   178.20000000000002        11.600000000000000       -2.4131032969682971     
   180.00000000000000        11.600000000000000       -2.4129983668312609     
   0.0000000000000000        11.680000000000000       -2.7175026530013393     
   1.8000000000000003        11.680000000000000       -2.7161731980832853     
   3.6000000000000005        11.680000000000000       -2.7121860119299712     
   5.4000000000000004        11.680000000000000       -2.7055597849575950     
   7.2000000000000011        11.680000000000000       -2.6963152102016910     
   9.0000000000000000        11.680000000000000       -2.6844909090788036     
   10.800000000000001        11.680000000000000       -2.6701263647321487     
   12.600000000000001        11.680000000000000       -2.6532799782595915     
   14.400000000000002        11.680000000000000       -2.6340088541491093     
   16.200000000000003        11.680000000000000       -2.6123908896896095     
   18.000000000000000        11.680000000000000       -2.5885043989974656     
   19.799999999999997        11.680000000000000       -2.5624306222341207     
   21.600000000000001        11.680000000000000       -2.5342809531533912     
   23.400000000000002        11.680000000000000       -2.5041481999869957     
   25.200000000000003        11.680000000000000       -2.4721442515500209     
   27.000000000000000        11.680000000000000       -2.4383988221387720     
   28.800000000000004        11.680000000000000       -2.4030229646266763     
   30.600000000000005        11.680000000000000       -2.3661543045770501     
   32.400000000000006        11.680000000000000       -2.3279318441132175     
   34.199999999999996        11.680000000000000       -2.2884940307072394     
   36.000000000000000        11.680000000000000       -2.2479834607536313     
   37.800000000000004        11.680000000000000       -2.2065497729899559     
   39.599999999999994        11.680000000000000       -2.1643473986314459     
   41.399999999999999        11.680000000000000       -2.1215332348532532     
   43.200000000000003        11.680000000000000       -2.0782569901709307     
   45.000000000000000        11.680000000000000       -2.0346895901015163     
   46.800000000000004        11.680000000000000       -1.9909740716851603     
   48.599999999999994        11.680000000000000       -1.9472831541481346     
   50.400000000000006        11.680000000000000       -1.9037666422494088     
   52.200000000000003        11.680000000000000       -1.8605808159453043     
   54.000000000000000        11.680000000000000       -1.8178937952521028     
   55.799999999999997        11.680000000000000       -1.7758465634746434     
   57.600000000000009        11.680000000000000       -1.7345955332834022     
   59.400000000000013        11.680000000000000       -1.6942868120309480     
   61.200000000000010        11.680000000000000       -1.6550617450867016     
   63.000000000000000        11.680000000000000       -1.6170606415639559     
   64.800000000000011        11.680000000000000       -1.5804177398489925     
   66.600000000000009        11.680000000000000       -1.5452601469150182     
   68.399999999999991        11.680000000000000       -1.5117070313237027     
   70.200000000000003        11.680000000000000       -1.4798751736819227     
   72.000000000000000        11.680000000000000       -1.4498793013046314     
   73.799999999999997        11.680000000000000       -1.4218054460097274     
   75.600000000000009        11.680000000000000       -1.3957615585908871     
   77.399999999999991        11.680000000000000       -1.3718266127976091     
   79.199999999999989        11.680000000000000       -1.3500758647293591     
   81.000000000000000        11.680000000000000       -1.3305734998001151     
   82.799999999999997        11.680000000000000       -1.3133867085538977     
   84.599999999999994        11.680000000000000       -1.2985561805010464     
   86.400000000000006        11.680000000000000       -1.2861246058003468     
   88.200000000000003        11.680000000000000       -1.2761297288976132     
   90.000000000000000        11.680000000000000       -1.2685812493780402     
   91.799999999999997        11.680000000000000       -1.2634942202289023     
   93.600000000000009        11.680000000000000       -1.2608758832354723     
   95.400000000000006        11.680000000000000       -1.2607088734000584     
   97.199999999999989        11.680000000000000       -1.2629777046097319     
   99.000000000000014        11.680000000000000       -1.2676619086348946     
   100.80000000000001        11.680000000000000       -1.2747130213775368     
   102.59999999999999        11.680000000000000       -1.2840959479054479     
   104.40000000000001        11.680000000000000       -1.2957485778976887     
   106.19999999999999        11.680000000000000       -1.3096076286421545     
   108.00000000000000        11.680000000000000       -1.3255960208984152     
   109.80000000000000        11.680000000000000       -1.3436475211730421     
   111.59999999999999        11.680000000000000       -1.3636577993430716     
   113.40000000000001        11.680000000000000       -1.3855336294679472     
   115.20000000000002        11.680000000000000       -1.4091795899144226     
   117.00000000000000        11.680000000000000       -1.4344777521103396     
   118.80000000000003        11.680000000000000       -1.4613120670469564     
   120.60000000000001        11.680000000000000       -1.4895591786863682     
   122.40000000000002        11.680000000000000       -1.5190994565861755     
   124.20000000000000        11.680000000000000       -1.5497920717802149     
   126.00000000000000        11.680000000000000       -1.5815012087247122     
   127.80000000000001        11.680000000000000       -1.6140905118067486     
   129.60000000000002        11.680000000000000       -1.6474088793729456     
   131.40000000000001        11.680000000000000       -1.6813177666817376     
   133.20000000000002        11.680000000000000       -1.7156702571219546     
   135.00000000000000        11.680000000000000       -1.7503056881097192     
   136.79999999999998        11.680000000000000       -1.7850901311829168     
   138.59999999999999        11.680000000000000       -1.8198591704680978     
   140.40000000000001        11.680000000000000       -1.8544701330205133     
   142.20000000000002        11.680000000000000       -1.8887713246986912     
   144.00000000000000        11.680000000000000       -1.9226135473238803     
   145.79999999999998        11.680000000000000       -1.9558597457015958     
   147.59999999999999        11.680000000000000       -1.9883673614866990     
   149.40000000000003        11.680000000000000       -2.0199905760612844     
   151.20000000000002        11.680000000000000       -2.0505973757986600     
   153.00000000000000        11.680000000000000       -2.0800548594620425     
   154.79999999999998        11.680000000000000       -2.1082511287513150     
   156.59999999999997        11.680000000000000       -2.1350505999994498     
   158.39999999999998        11.680000000000000       -2.1603485914952243     
   160.20000000000002        11.680000000000000       -2.1840379266394256     
   162.00000000000000        11.680000000000000       -2.2060101843966065     
   163.79999999999998        11.680000000000000       -2.2261879076413327     
   165.59999999999999        11.680000000000000       -2.2444735115547454     
   167.40000000000001        11.680000000000000       -2.2607919312512168     
   169.19999999999999        11.680000000000000       -2.2750781266759841     
   171.00000000000000        11.680000000000000       -2.2872675077072784     
   172.80000000000001        11.680000000000000       -2.2973137729938884     
   174.59999999999999        11.680000000000000       -2.3051691917177410     
   176.40000000000001        11.680000000000000       -2.3108064763663503     
   178.20000000000002        11.680000000000000       -2.3154286110689255     
   180.00000000000000        11.680000000000000       -2.3153293869542702     
   0.0000000000000000        11.760000000000000       -2.6024905752317102     
   1.8000000000000003        11.760000000000000       -2.6012194197643965     
   3.6000000000000005        11.760000000000000       -2.5974070801696652     
   5.4000000000000004        11.760000000000000       -2.5910714393556424     
   7.2000000000000011        11.760000000000000       -2.5822322945250336     
   9.0000000000000000        11.760000000000000       -2.5709265976300979     
   10.800000000000001        11.760000000000000       -2.5571921231322463     
   12.600000000000001        11.760000000000000       -2.5410847472500353     
   14.400000000000002        11.760000000000000       -2.5226591032725825     
   16.200000000000003        11.760000000000000       -2.5019897204400250     
   18.000000000000000        11.760000000000000       -2.4791515247978575     
   19.799999999999997        11.760000000000000       -2.4542222404565823     
   21.600000000000001        11.760000000000000       -2.4273084455122671     
   23.400000000000002        11.760000000000000       -2.3984989302791142     
   25.200000000000003        11.760000000000000       -2.3679007425836893     
   27.000000000000000        11.760000000000000       -2.3356379866977881     
   28.800000000000004        11.760000000000000       -2.3018169065543188     
   30.600000000000005        11.760000000000000       -2.2665691733907463     
   32.400000000000006        11.760000000000000       -2.2300277738822167     
   34.199999999999996        11.760000000000000       -2.1923251620670321     
   36.000000000000000        11.760000000000000       -2.1535977605531067     
   37.800000000000004        11.760000000000000       -2.1139887294669966     
   39.599999999999994        11.760000000000000       -2.0736458134428570     
   41.399999999999999        11.760000000000000       -2.0327191152592312     
   43.200000000000003        11.760000000000000       -1.9913518567161501     
   45.000000000000000        11.760000000000000       -1.9497075619973132     
   46.800000000000004        11.760000000000000       -1.9079230653276180     
   48.599999999999994        11.760000000000000       -1.8661636043218861     
   50.400000000000006        11.760000000000000       -1.8245724867014583     
   52.200000000000003        11.760000000000000       -1.7832992153227345     
   54.000000000000000        11.760000000000000       -1.7425046222322582     
   55.799999999999997        11.760000000000000       -1.7023235691833742     
   57.600000000000009        11.760000000000000       -1.6629056820783255     
   59.400000000000013        11.760000000000000       -1.6243907237462636     
   61.200000000000010        11.760000000000000       -1.5869138987956293     
   63.000000000000000        11.760000000000000       -1.5506094190746096     
   64.800000000000011        11.760000000000000       -1.5156056859006581     
   66.600000000000009        11.760000000000000       -1.4820242750772885     
   68.399999999999991        11.760000000000000       -1.4499791646828362     
   70.200000000000003        11.760000000000000       -1.4195820467434637     
   72.000000000000000        11.760000000000000       -1.3909426475574145     
   73.799999999999997        11.760000000000000       -1.3641432320115356     
   75.600000000000009        11.760000000000000       -1.3392870400931776     
   77.399999999999991        11.760000000000000       -1.3164495810752443     
   79.199999999999989        11.760000000000000       -1.2957028060218474     
   81.000000000000000        11.760000000000000       -1.2771080712319602     
   82.799999999999997        11.760000000000000       -1.2607296084154305     
   84.599999999999994        11.760000000000000       -1.2466062882951667     
   86.400000000000006        11.760000000000000       -1.2347788958814583     
   88.200000000000003        11.760000000000000       -1.2252834830912624     
   90.000000000000000        11.760000000000000       -1.2181292636627126     
   91.799999999999997        11.760000000000000       -1.2133305743026033     
   93.600000000000009        11.760000000000000       -1.2108942766447370     
   95.400000000000006        11.760000000000000       -1.2108036844783612     
   97.199999999999989        11.760000000000000       -1.2130439097611379     
   99.000000000000014        11.760000000000000       -1.2175952969254340     
   100.80000000000001        11.760000000000000       -1.2244113995138102     
   102.59999999999999        11.760000000000000       -1.2334585652739904     
   104.40000000000001        11.760000000000000       -1.2446772894854909     
   106.19999999999999        11.760000000000000       -1.2580069459562579     
   108.00000000000000        11.760000000000000       -1.2733737061888870     
   109.80000000000000        11.760000000000000       -1.2907141213231055     
   111.59999999999999        11.760000000000000       -1.3099282858957215     
   113.40000000000001        11.760000000000000       -1.3309269215238095     
   115.20000000000002        11.760000000000000       -1.3536186494086206     
   117.00000000000000        11.760000000000000       -1.3778905531785428     
   118.80000000000003        11.760000000000000       -1.4036315160613311     
   120.60000000000001        11.760000000000000       -1.4307234296666169     
   122.40000000000002        11.760000000000000       -1.4590517519181672     
   124.20000000000000        11.760000000000000       -1.4884816555196583     
   126.00000000000000        11.760000000000000       -1.5188831120148711     
   127.80000000000001        11.760000000000000       -1.5501255773286615     
   129.60000000000002        11.760000000000000       -1.5820643971575477     
   131.40000000000001        11.760000000000000       -1.6145669350846337     
   133.20000000000002        11.760000000000000       -1.6474925444512420     
   135.00000000000000        11.760000000000000       -1.6806874255618289     
   136.79999999999998        11.760000000000000       -1.7140233639027120     
   138.59999999999999        11.760000000000000       -1.7473429709952513     
   140.40000000000001        11.760000000000000       -1.7805096672245777     
   142.20000000000002        11.760000000000000       -1.8133782415911583     
   144.00000000000000        11.760000000000000       -1.8458058733116443     
   145.79999999999998        11.760000000000000       -1.8776613637553274     
   147.59999999999999        11.760000000000000       -1.9088082496923540     
   149.40000000000003        11.760000000000000       -1.9391069496957387     
   151.20000000000002        11.760000000000000       -1.9684310950957939     
   153.00000000000000        11.760000000000000       -1.9966534696612279     
   154.79999999999998        11.760000000000000       -2.0236669581927877     
   156.59999999999997        11.760000000000000       -2.0493417812633363     
   158.39999999999998        11.760000000000000       -2.0735777335870660     
   160.20000000000002        11.760000000000000       -2.0962722243252507     
   162.00000000000000        11.760000000000000       -2.1173214737548705     
   163.79999999999998        11.760000000000000       -2.1366513356600692     
   165.59999999999999        11.760000000000000       -2.1541684043072755     
   167.40000000000001        11.760000000000000       -2.1698008268934572     
   169.19999999999999        11.760000000000000       -2.1834863461466343     
   171.00000000000000        11.760000000000000       -2.1951631374675729     
   172.80000000000001        11.760000000000000       -2.2047868801462207     
   174.59999999999999        11.760000000000000       -2.2123118876444616     
   176.40000000000001        11.760000000000000       -2.2177120391563250     
   178.20000000000002        11.760000000000000       -2.2221385470266819     
   180.00000000000000        11.760000000000000       -2.2220446834858407     
   0.0000000000000000        11.840000000000000       -2.4938022503237107     
   1.8000000000000003        11.840000000000000       -2.4925859933239600     
   3.6000000000000005        11.840000000000000       -2.4889383003661907     
   5.4000000000000004        11.840000000000000       -2.4828762932439572     
   7.2000000000000011        11.840000000000000       -2.4744189249029929     
   9.0000000000000000        11.840000000000000       -2.4636015737972885     
   10.800000000000001        11.840000000000000       -2.4504604040445099     
   12.600000000000001        11.840000000000000       -2.4350489121464167     
   14.400000000000002        11.840000000000000       -2.4174194024116233     
   16.200000000000003        11.840000000000000       -2.3976432296871080     
   18.000000000000000        11.840000000000000       -2.3757921268738862     
   19.799999999999997        11.840000000000000       -2.3519405044041681     
   21.600000000000001        11.840000000000000       -2.3261904015657029     
   23.400000000000002        11.840000000000000       -2.2986268220855628     
   25.200000000000003        11.840000000000000       -2.2693522513423909     
   27.000000000000000        11.840000000000000       -2.2384855062412496     
   28.800000000000004        11.840000000000000       -2.2061282987172959     
   30.600000000000005        11.840000000000000       -2.1724066882705202     
   32.400000000000006        11.840000000000000       -2.1374479923265657     
   34.199999999999996        11.840000000000000       -2.1013790165404673     
   36.000000000000000        11.840000000000000       -2.0643303652116693     
   37.800000000000004        11.840000000000000       -2.0264390928805880     
   39.599999999999994        11.840000000000000       -1.9878466426282926     
   41.399999999999999        11.840000000000000       -1.9486967141352969     
   43.200000000000003        11.840000000000000       -1.9091264162811274     
   45.000000000000000        11.840000000000000       -1.8692922981357660     
   46.800000000000004        11.840000000000000       -1.8293253488525190     
   48.599999999999994        11.840000000000000       -1.7893837554330174     
   50.400000000000006        11.840000000000000       -1.7496047033178186     
   52.200000000000003        11.840000000000000       -1.7101313091288455     
   54.000000000000000        11.840000000000000       -1.6711175371189313     
   55.799999999999997        11.840000000000000       -1.6326924810115002     
   57.600000000000009        11.840000000000000       -1.5949993715968764     
   59.400000000000013        11.840000000000000       -1.5581719936078668     
   61.200000000000010        11.840000000000000       -1.5223397657305389     
   63.000000000000000        11.840000000000000       -1.4876311549639070     
   64.800000000000011        11.840000000000000       -1.4541690631483521     
   66.600000000000009        11.840000000000000       -1.4220698550669053     
   68.399999999999991        11.840000000000000       -1.3914426190273208     
   70.200000000000003        11.840000000000000       -1.3623942534090565     
   72.000000000000000        11.840000000000000       -1.3350297734655099     
   73.799999999999997        11.840000000000000       -1.3094278965630022     
   75.600000000000009        11.840000000000000       -1.2856874253345285     
   77.399999999999991        11.840000000000000       -1.2638806067587907     
   79.199999999999989        11.840000000000000       -1.2440762799570679     
   81.000000000000000        11.840000000000000       -1.2263331380054601     
   82.799999999999997        11.840000000000000       -1.2107126271175686     
   84.599999999999994        11.840000000000000       -1.1972519073620869     
   86.400000000000006        11.840000000000000       -1.1859899716911662     
   88.200000000000003        11.840000000000000       -1.1769612804309313     
   90.000000000000000        11.840000000000000       -1.1701745933812966     
   91.799999999999997        11.840000000000000       -1.1656435760651584     
   93.600000000000009        11.840000000000000       -1.1633747358306437     
   95.400000000000006        11.840000000000000       -1.1633520305311391     
   97.199999999999989        11.840000000000000       -1.1655611400819630     
   99.000000000000014        11.840000000000000       -1.1699831791750301     
   100.80000000000001        11.840000000000000       -1.1765736076349840     
   102.59999999999999        11.840000000000000       -1.1853001374057111     
   104.40000000000001        11.840000000000000       -1.1961057243255655     
   106.19999999999999        11.840000000000000       -1.2089322507394775     
   108.00000000000000        11.840000000000000       -1.2237089568808446     
   109.80000000000000        11.840000000000000       -1.2403750231415662     
   111.59999999999999        11.840000000000000       -1.2588347194672198     
   113.40000000000001        11.840000000000000       -1.2790024930339141     
   115.20000000000002        11.840000000000000       -1.3007907803801635     
   117.00000000000000        11.840000000000000       -1.3240913943264325     
   118.80000000000003        11.840000000000000       -1.3487978718483813     
   120.60000000000001        11.840000000000000       -1.3747970556104117     
   122.40000000000002        11.840000000000000       -1.4019792043602752     
   124.20000000000000        11.840000000000000       -1.4302151526110685     
   126.00000000000000        11.840000000000000       -1.4593803313412026     
   127.80000000000001        11.840000000000000       -1.4893496788888312     
   129.60000000000002        11.840000000000000       -1.5199846227234595     
   131.40000000000001        11.840000000000000       -1.5511580999356769     
   133.20000000000002        11.840000000000000       -1.5827353782300355     
   135.00000000000000        11.840000000000000       -1.6145691312011849     
   136.79999999999998        11.840000000000000       -1.6465365343309444     
   138.59999999999999        11.840000000000000       -1.6784868273455291     
   140.40000000000001        11.840000000000000       -1.7102891781159251     
   142.20000000000002        11.840000000000000       -1.7418044905413714     
   144.00000000000000        11.840000000000000       -1.7728959589411288     
   145.79999999999998        11.840000000000000       -1.8034379086513703     
   147.59999999999999        11.840000000000000       -1.8332996252078710     
   149.40000000000003        11.840000000000000       -1.8623474097894359     
   151.20000000000002        11.840000000000000       -1.8904602178722489     
   153.00000000000000        11.840000000000000       -1.9175161950167818     
   154.79999999999998        11.840000000000000       -1.9434127373978185     
   156.59999999999997        11.840000000000000       -1.9680255395641166     
   158.39999999999998        11.840000000000000       -1.9912586182418759     
   160.20000000000002        11.840000000000000       -2.0130137075654204     
   162.00000000000000        11.840000000000000       -2.0331914050382043     
   163.79999999999998        11.840000000000000       -2.0517206872620122     
   165.59999999999999        11.840000000000000       -2.0685120897030989     
   167.40000000000001        11.840000000000000       -2.0834967889560332     
   169.19999999999999        11.840000000000000       -2.0966151522826793     
   171.00000000000000        11.840000000000000       -2.1078079632186824     
   172.80000000000001        11.840000000000000       -2.1170327690854980     
   174.59999999999999        11.840000000000000       -2.1242458112466371     
   176.40000000000001        11.840000000000000       -2.1294220693041930     
   178.20000000000002        11.840000000000000       -2.1336639461357816     
   180.00000000000000        11.840000000000000       -2.1335750709519603     
   0.0000000000000000        11.920000000000000       -2.3900791021565508     
   1.8000000000000003        11.920000000000000       -2.3889150861463699     
   3.6000000000000005        11.920000000000000       -2.3854240697572724     
   5.4000000000000004        11.920000000000000       -2.3796224499497214     
   7.2000000000000011        11.920000000000000       -2.3715283757421095     
   9.0000000000000000        11.920000000000000       -2.3611757271370393     
   10.800000000000001        11.920000000000000       -2.3485991348052160     
   12.600000000000001        11.920000000000000       -2.3338498290498286     
   14.400000000000002        11.920000000000000       -2.3169778964087464     
   16.200000000000003        11.920000000000000       -2.2980516687752770     
   18.000000000000000        11.920000000000000       -2.2771398383340493     
   19.799999999999997        11.920000000000000       -2.2543136600863121     
   21.600000000000001        11.920000000000000       -2.2296708510106340     
   23.400000000000002        11.920000000000000       -2.2032928091349824     
   25.200000000000003        11.920000000000000       -2.1752776752016167     
   27.000000000000000        11.920000000000000       -2.1457392310645576     
   28.800000000000004        11.920000000000000       -2.1147748732126956     
   30.600000000000005        11.920000000000000       -2.0825053173042822     
   32.400000000000006        11.920000000000000       -2.0490524822303273     
   34.199999999999996        11.920000000000000       -2.0145377950745273     
   36.000000000000000        11.920000000000000       -1.9790863197917521     
   37.800000000000004        11.920000000000000       -1.9428292970209353     
   39.599999999999994        11.920000000000000       -1.9059021693592575     
   41.399999999999999        11.920000000000000       -1.8684425393589517     
   43.200000000000003        11.920000000000000       -1.8305816952528651     
   45.000000000000000        11.920000000000000       -1.7924695442743976     
   46.800000000000004        11.920000000000000       -1.7542315102151345     
   48.599999999999994        11.920000000000000       -1.7160190664705601     
   50.400000000000006        11.920000000000000       -1.6779635692105666     
   52.200000000000003        11.920000000000000       -1.6402020544294640     
   54.000000000000000        11.920000000000000       -1.6028819471169682     
   55.799999999999997        11.920000000000000       -1.5661268493553711     
   57.600000000000009        11.920000000000000       -1.5300739030382942     
   59.400000000000013        11.920000000000000       -1.4948512012794772     
   61.200000000000010        11.920000000000000       -1.4605826542521805     
   63.000000000000000        11.920000000000000       -1.4273912596179024     
   64.800000000000011        11.920000000000000       -1.3953946836531597     
   66.600000000000009        11.920000000000000       -1.3647043303872815     
   68.399999999999991        11.920000000000000       -1.3354246334182749     
   70.200000000000003        11.920000000000000       -1.3076579280172644     
   72.000000000000000        11.920000000000000       -1.2815047450476276     
   73.799999999999997        11.920000000000000       -1.2570404258136816     
   75.600000000000009        11.920000000000000       -1.2343595493230968     
   77.399999999999991        11.920000000000000       -1.2135312582394335     
   79.199999999999989        11.920000000000000       -1.1946214306085388     
   81.000000000000000        11.920000000000000       -1.1776862258731631     
   82.799999999999997        11.920000000000000       -1.1627844401633767     
   84.599999999999994        11.920000000000000       -1.1499516073011435     
   86.400000000000006        11.920000000000000       -1.1392250164648308     
   88.200000000000003        11.920000000000000       -1.1306376151677755     
   90.000000000000000        11.920000000000000       -1.1241977340534390     
   91.799999999999997        11.920000000000000       -1.1199184025581066     
   93.600000000000009        11.920000000000000       -1.1178057937988315     
   95.400000000000006        11.920000000000000       -1.1178444823543809     
   97.199999999999989        11.920000000000000       -1.1200206923652418     
   99.000000000000014        11.920000000000000       -1.1243162754378506     
   100.80000000000001        11.920000000000000       -1.1306885103958746     
   102.59999999999999        11.920000000000000       -1.1391064118123970     
   104.40000000000001        11.920000000000000       -1.1495152824558943     
   106.19999999999999        11.920000000000000       -1.1618593972799274     
   108.00000000000000        11.920000000000000       -1.1760709227034871     
   109.80000000000000        11.920000000000000       -1.1920915466584525     
   111.59999999999999        11.920000000000000       -1.2098295193618132     
   113.40000000000001        11.920000000000000       -1.2292028397305943     
   115.20000000000002        11.920000000000000       -1.2501275815233766     
   117.00000000000000        11.920000000000000       -1.2725000652157934     
   118.80000000000003        11.920000000000000       -1.2962182635324178     
   120.60000000000001        11.920000000000000       -1.3211737380345459     
   122.40000000000002        11.920000000000000       -1.3472613232182680     
   124.20000000000000        11.920000000000000       -1.3743572494089944     
   126.00000000000000        11.920000000000000       -1.4023421505745897     
   127.80000000000001        11.920000000000000       -1.4310961898733967     
   129.60000000000002        11.920000000000000       -1.4604865904443121     
   131.40000000000001        11.920000000000000       -1.4903916008460785     
   133.20000000000002        11.920000000000000       -1.5206821248624030     
   135.00000000000000        11.920000000000000       -1.5512170044953675     
   136.79999999999998        11.920000000000000       -1.5818785516922851     
   138.59999999999999        11.920000000000000       -1.6125223220063560     
   140.40000000000001        11.920000000000000       -1.6430229601488218     
   142.20000000000002        11.920000000000000       -1.6732471967552600     
   144.00000000000000        11.920000000000000       -1.7030639577439159     
   145.79999999999998        11.920000000000000       -1.7323528321473312     
   147.59999999999999        11.920000000000000       -1.7609885832432508     
   149.40000000000003        11.920000000000000       -1.7888431173553025     
   151.20000000000002        11.920000000000000       -1.8158004630679536     
   153.00000000000000        11.920000000000000       -1.8417438748213124     
   154.79999999999998        11.920000000000000       -1.8665750475310006     
   156.59999999999997        11.920000000000000       -1.8901748913045830     
   158.39999999999998        11.920000000000000       -1.9124514457999982     
   160.20000000000002        11.920000000000000       -1.9333105660636052     
   162.00000000000000        11.920000000000000       -1.9526570201893585     
   163.79999999999998        11.920000000000000       -1.9704227604099209     
   165.59999999999999        11.920000000000000       -1.9865220772605097     
   167.40000000000001        11.920000000000000       -2.0008890337866423     
   169.19999999999999        11.920000000000000       -2.0134664979571388     
   171.00000000000000        11.920000000000000       -2.0241977382948133     
   172.80000000000001        11.920000000000000       -2.0330420820366082     
   174.59999999999999        11.920000000000000       -2.0399576073892427     
   176.40000000000001        11.920000000000000       -2.0449203424834246     
   178.20000000000002        11.920000000000000       -2.0489861978958013     
   180.00000000000000        11.920000000000000       -2.0489020227491599     
   0.0000000000000000        12.000000000000000       -2.2920711457658998     
   1.8000000000000003        12.000000000000000       -2.2909563277388072     
   3.6000000000000005        12.000000000000000       -2.2876128616074789     
   5.4000000000000004        12.000000000000000       -2.2820564610825418     
   7.2000000000000011        12.000000000000000       -2.2743045174721348     
   9.0000000000000000        12.000000000000000       -2.2643894983381099     
   10.800000000000001        12.000000000000000       -2.2523445890286040     
   12.600000000000001        12.000000000000000       -2.2382188837492443     
   14.400000000000002        12.000000000000000       -2.2220603787147355     
   16.200000000000003        12.000000000000000       -2.2039345564256143     
   18.000000000000000        12.000000000000000       -2.1839072430375390     
   19.799999999999997        12.000000000000000       -2.1620467194727038     
   21.600000000000001        12.000000000000000       -2.1384466285268044     
   23.400000000000002        12.000000000000000       -2.1131849698230134     
   25.200000000000003        12.000000000000000       -2.0863557890848439     
   27.000000000000000        12.000000000000000       -2.0580681222827142     
   28.800000000000004        12.000000000000000       -2.0284152986194477     
   30.600000000000005        12.000000000000000       -1.9975129969275904     
   32.400000000000006        12.000000000000000       -1.9654780478052771     
   34.199999999999996        12.000000000000000       -1.9324268089653789     
   36.000000000000000        12.000000000000000       -1.8984791225583271     
   37.800000000000004        12.000000000000000       -1.8637607495856323     
   39.599999999999994        12.000000000000000       -1.8284014771775610     
   41.399999999999999        12.000000000000000       -1.7925331613875479     
   43.200000000000003        12.000000000000000       -1.7562816047244965     
   45.000000000000000        12.000000000000000       -1.7197904545097231     
   46.800000000000004        12.000000000000000       -1.6831798896817849     
   48.599999999999994        12.000000000000000       -1.6465950562204075     
   50.400000000000006        12.000000000000000       -1.6101618167713554     
   52.200000000000003        12.000000000000000       -1.5740114768843663     
   54.000000000000000        12.000000000000000       -1.5382852987448161     
   55.799999999999997        12.000000000000000       -1.5031017094718397     
   57.600000000000009        12.000000000000000       -1.4685921129298207     
   59.400000000000013        12.000000000000000       -1.4348792388489344     
   61.200000000000010        12.000000000000000       -1.4020818067259262     
   63.000000000000000        12.000000000000000       -1.3703176605416689     
   64.800000000000011        12.000000000000000       -1.3396995333655886     
   66.600000000000009        12.000000000000000       -1.3103341551823235     
   68.399999999999991        12.000000000000000       -1.2823215741537126     
   70.200000000000003        12.000000000000000       -1.2557598265286685     
   72.000000000000000        12.000000000000000       -1.2307452184118874     
   73.799999999999997        12.000000000000000       -1.2073499113964121     
   75.600000000000009        12.000000000000000       -1.1856645056729385     
   77.399999999999991        12.000000000000000       -1.1657552204833146     
   79.199999999999989        12.000000000000000       -1.1476851455366659     
   81.000000000000000        12.000000000000000       -1.1315080549861514     
   82.799999999999997        12.000000000000000       -1.1172802498965724     
   84.599999999999994        12.000000000000000       -1.1050357343868409     
   86.400000000000006        12.000000000000000       -1.0948101948488560     
   88.200000000000003        12.000000000000000       -1.0866351560715799     
   90.000000000000000        12.000000000000000       -1.0805185477275081     
   91.799999999999997        12.000000000000000       -1.0764728031775121     
   93.600000000000009        12.000000000000000       -1.0745037840735190     
   95.400000000000006        12.000000000000000       -1.0745966501530813     
   97.199999999999989        12.000000000000000       -1.0767381423500151     
   99.000000000000014        12.000000000000000       -1.0809108107340868     
   100.80000000000001        12.000000000000000       -1.0870736528419678     
   102.59999999999999        12.000000000000000       -1.0951969150725069     
   104.40000000000001        12.000000000000000       -1.1052281166374964     
   106.19999999999999        12.000000000000000       -1.1171137919775098     
   108.00000000000000        12.000000000000000       -1.1307888700631452     
   109.80000000000000        12.000000000000000       -1.1461974066176606     
   111.59999999999999        12.000000000000000       -1.1632514082068683     
   113.40000000000001        12.000000000000000       -1.1818722260093495     
   115.20000000000002        12.000000000000000       -1.2019793665984362     
   117.00000000000000        12.000000000000000       -1.2234734039251438     
   118.80000000000003        12.000000000000000       -1.2462564963421257     
   120.60000000000001        12.000000000000000       -1.2702246579579015     
   122.40000000000002        12.000000000000000       -1.2952770407898586     
   124.20000000000000        12.000000000000000       -1.3212949658390443     
   126.00000000000000        12.000000000000000       -1.3481639758804256     
   127.80000000000001        12.000000000000000       -1.3757691633981459     
   129.60000000000002        12.000000000000000       -1.4039832190252293     
   131.40000000000001        12.000000000000000       -1.4326894022054264     
   133.20000000000002        12.000000000000000       -1.4617639335996455     
   135.00000000000000        12.000000000000000       -1.4910714739268227     
   136.79999999999998        12.000000000000000       -1.5204991807859138     
   138.59999999999999        12.000000000000000       -1.5499085672838164     
   140.40000000000001        12.000000000000000       -1.5791794445466543     
   142.20000000000002        12.000000000000000       -1.6081840394446059     
   144.00000000000000        12.000000000000000       -1.6367966843395676     
   145.79999999999998        12.000000000000000       -1.6649019334456370     
   147.59999999999999        12.000000000000000       -1.6923797169458075     
   149.40000000000003        12.000000000000000       -1.7191072280977835     
   151.20000000000002        12.000000000000000       -1.7449732806818656     
   153.00000000000000        12.000000000000000       -1.7698659479624259     
   154.79999999999998        12.000000000000000       -1.7936909797233689     
   156.59999999999997        12.000000000000000       -1.8163342052771845     
   158.39999999999998        12.000000000000000       -1.8377074588910625     
   160.20000000000002        12.000000000000000       -1.8577204824973625     
   162.00000000000000        12.000000000000000       -1.8762819778090949     
   163.79999999999998        12.000000000000000       -1.8933267038788506     
   165.59999999999999        12.000000000000000       -1.9087724928602323     
   167.40000000000001        12.000000000000000       -1.9225561303132275     
   169.19999999999999        12.000000000000000       -1.9346228429032821     
   171.00000000000000        12.000000000000000       -1.9449182429155760     
   172.80000000000001        12.000000000000000       -1.9534033364457559     
   174.59999999999999        12.000000000000000       -1.9600379341207197     
   176.40000000000001        12.000000000000000       -1.9647990530993893     
   178.20000000000002        12.000000000000000       -1.9686987680885029     
   180.00000000000000        12.000000000000000       -1.9686189660258657     
