   0.0000000000000000        4.0000000000000000        63756.499606139936     
   0.0000000000000000        4.0800000000000001        55396.346380110153     
   0.0000000000000000        4.1600000000000001        48023.344396318957     
   0.0000000000000000        4.2400000000000002        41519.960046599743     
   0.0000000000000000        4.3200000000000003        35880.762968687108     
   0.0000000000000000        4.4000000000000004        30909.676795313455     
   0.0000000000000000        4.4800000000000004        26631.859659664475     
   0.0000000000000000        4.5600000000000005        22861.239150269284     
   0.0000000000000000        4.6399999999999997        19640.255759657870     
   0.0000000000000000        4.7199999999999998        16836.397776714846     
   0.0000000000000000        4.7999999999999998        14391.837813097267     
   0.0000000000000000        4.8799999999999999        12301.434883712271     
   0.0000000000000000        4.9600000000000000        10477.759773106674     
   0.0000000000000000        5.0400000000000000        8929.1549256186627     
   0.0000000000000000        5.1200000000000001        7577.0563043363200     
   0.0000000000000000        5.2000000000000002        6436.8840154410864     
   0.0000000000000000        5.2800000000000002        5454.5905605133494     
   0.0000000000000000        5.3600000000000003        4606.1216301479781     
   0.0000000000000000        5.4399999999999995        3889.2592285559763     
   0.0000000000000000        5.5199999999999996        3269.4415766467787     
   0.0000000000000000        5.5999999999999996        2749.5222383933265     
   0.0000000000000000        5.6799999999999997        2299.5482045101280     
   0.0000000000000000        5.7599999999999998        1924.8862727233609     
   0.0000000000000000        5.8399999999999999        1605.4531783783498     
   0.0000000000000000        5.9199999999999999        1332.1877122646135     
   0.0000000000000000        6.0000000000000000        1104.3007064156600     
   0.0000000000000000        6.0800000000000001        909.22531330964341     
   0.0000000000000000        6.1600000000000001        747.89937162613626     
   0.0000000000000000        6.2400000000000002        611.62479013533186     
   0.0000000000000000        6.3200000000000003        496.53160505621497     
   0.0000000000000000        6.4000000000000004        401.30466417570477     
   0.0000000000000000        6.4800000000000004        320.91022858086637     
   0.0000000000000000        6.5600000000000005        255.07687147647039     
   0.0000000000000000        6.6400000000000006        199.55947836213917     
   0.0000000000000000        6.7200000000000006        154.62863028003449     
   0.0000000000000000        6.7999999999999998        117.42078433806527     
   0.0000000000000000        6.8799999999999999        86.639864534254841     
   0.0000000000000000        6.9600000000000000        61.867417904789711     
   0.0000000000000000        7.0400000000000000        41.478019289756951     
   0.0000000000000000        7.1200000000000001        25.369150756029121     
   0.0000000000000000        7.2000000000000002        12.219382170756058     
   0.0000000000000000        7.2799999999999994        2.0823685299814030     
   0.0000000000000000        7.3599999999999994       -5.9086008184791474     
   0.0000000000000000        7.4399999999999995       -12.153354729034195     
   0.0000000000000000        7.5199999999999996       -16.785093062709102     
   0.0000000000000000        7.5999999999999996       -20.278317486933087     
   0.0000000000000000        7.6799999999999997       -22.679275736384124     
   0.0000000000000000        7.7599999999999998       -24.353417656757145     
   0.0000000000000000        7.8399999999999999       -25.306974000502166     
   0.0000000000000000        7.9199999999999999       -25.770588391284704     
   0.0000000000000000        8.0000000000000000       -25.853694057634268     
   0.0000000000000000        8.0800000000000001       -25.601159876925315     
   0.0000000000000000        8.1600000000000001       -25.128648489271104     
   0.0000000000000000        8.2400000000000002       -24.460609674892645     
   0.0000000000000000        8.3200000000000003       -23.676036914064905     
   0.0000000000000000        8.4000000000000004       -22.791258747536727     
   0.0000000000000000        8.4800000000000004       -21.852082449985733     
   0.0000000000000000        8.5599999999999987       -20.881792846430404     
   0.0000000000000000        8.6400000000000006       -19.897550637856451     
   0.0000000000000000        8.7199999999999989       -18.915176577213167     
   0.0000000000000000        8.8000000000000007       -17.948744072595602     
   0.0000000000000000        8.8799999999999990       -17.005252206403846     
   0.0000000000000000        8.9600000000000009       -16.090086757405881     
   0.0000000000000000        9.0399999999999991       -15.211237209382690     
   0.0000000000000000        9.1200000000000010       -14.367085559950526     
   0.0000000000000000        9.1999999999999993       -13.565442963528257     
   0.0000000000000000        9.2800000000000011       -12.800012993832555     
   0.0000000000000000        9.3599999999999994       -12.079183107493780     
   0.0000000000000000        9.4400000000000013       -11.396866004794425     
   0.0000000000000000        9.5199999999999996       -10.751445356758117     
   0.0000000000000000        9.5999999999999996       -10.146012364039327     
   0.0000000000000000        9.6799999999999997       -9.5740447341392851     
   0.0000000000000000        9.7599999999999998       -9.0397228317342400     
   0.0000000000000000        9.8399999999999999       -8.5350185228256539     
   0.0000000000000000        9.9199999999999999       -8.0650286744025141     
   0.0000000000000000        10.000000000000000       -7.6234856076386563     
   0.0000000000000000        10.080000000000000       -7.2081375320448604     
   0.0000000000000000        10.160000000000000       -6.8205816893172866     
   0.0000000000000000        10.240000000000000       -6.4554784964174630     
   0.0000000000000000        10.320000000000000       -6.1153336985009989     
   0.0000000000000000        10.400000000000000       -5.7942978505190057     
   0.0000000000000000        10.480000000000000       -5.4955374640946930     
   0.0000000000000000        10.559999999999999       -5.2147165281372150     
   0.0000000000000000        10.640000000000001       -4.9501832338403826     
   0.0000000000000000        10.719999999999999       -4.7029640982558956     
   0.0000000000000000        10.800000000000001       -4.4695054248309383     
   0.0000000000000000        10.879999999999999       -4.2514196597451912     
   0.0000000000000000        10.960000000000001       -4.0449452235144729     
   0.0000000000000000        11.039999999999999       -3.8521075744748021     
   0.0000000000000000        11.120000000000001       -3.6701851957074001     
   0.0000000000000000        11.199999999999999       -3.4981189049938815     
   0.0000000000000000        11.280000000000001       -3.3366396364746125     
   0.0000000000000000        11.359999999999999       -3.1834976062387019     
   0.0000000000000000        11.440000000000001       -3.0397803766432707     
   0.0000000000000000        11.520000000000000       -2.9037684468816867     
   0.0000000000000000        11.600000000000000       -2.7748712953259411     
   0.0000000000000000        11.680000000000000       -2.6533340308726223     
   0.0000000000000000        11.760000000000000       -2.5378502141056862     
   0.0000000000000000        11.840000000000000       -2.4289610368424364     
   0.0000000000000000        11.920000000000000       -2.3252332687733581     
   0.0000000000000000        12.000000000000000       -2.2274264638023302     
   1.8000000000000003        4.0000000000000000        63416.196371202168     
   1.8000000000000003        4.0800000000000001        55102.983232022256     
   1.8000000000000003        4.1600000000000001        47770.858567205498     
   1.8000000000000003        4.2400000000000002        41303.119362459496     
   1.8000000000000003        4.3200000000000003        35694.472636649523     
   1.8000000000000003        4.4000000000000004        30750.067426578753     
   1.8000000000000003        4.4800000000000004        26494.983363434691     
   1.8000000000000003        4.5600000000000005        22744.248901450981     
   1.8000000000000003        4.6399999999999997        19540.109849923352     
   1.8000000000000003        4.7199999999999998        16750.817444891865     
   1.8000000000000003        4.7999999999999998        14318.880442968435     
   1.8000000000000003        4.8799999999999999        12239.205624081718     
   1.8000000000000003        4.9600000000000000        10424.844674621352     
   1.8000000000000003        5.0400000000000000        8884.1087515075087     
   1.8000000000000003        5.1200000000000001        7538.8544263585500     
   1.8000000000000003        5.2000000000000002        6404.4297875788952     
   1.8000000000000003        5.2800000000000002        5427.0726566918020     
   1.8000000000000003        5.3600000000000003        4582.8561256291014     
   1.8000000000000003        5.4399999999999995        3869.5773056638377     
   1.8000000000000003        5.5199999999999996        3252.8524749935914     
   1.8000000000000003        5.5999999999999996        2735.5231426430450     
   1.8000000000000003        5.6799999999999997        2287.7884491114610     
   1.8000000000000003        5.7599999999999998        1914.9897540647862     
   1.8000000000000003        5.8399999999999999        1597.1450339900655     
   1.8000000000000003        5.9199999999999999        1325.2387773116229     
   1.8000000000000003        6.0000000000000000        1098.4863097573179     
   1.8000000000000003        6.0800000000000001        904.38334241771076     
   1.8000000000000003        6.1600000000000001        743.86338406346999     
   1.8000000000000003        6.2400000000000002        608.27141737713282     
   1.8000000000000003        6.3200000000000003        493.75663345232005     
   1.8000000000000003        6.4000000000000004        399.01041128699291     
   1.8000000000000003        6.4800000000000004        319.02377935488045     
   1.8000000000000003        6.5600000000000005        253.52662916841339     
   1.8000000000000003        6.6400000000000006        198.29468852966210     
   1.8000000000000003        6.7200000000000006        153.59714455993210     
   1.8000000000000003        6.7999999999999998        116.58449321640188     
   1.8000000000000003        6.8799999999999999        85.966988350502533     
   1.8000000000000003        6.9600000000000000        61.328160127123745     
   1.8000000000000003        7.0400000000000000        41.050569106661108     
   1.8000000000000003        7.1200000000000001        25.032112242213508     
   1.8000000000000003        7.2000000000000002        11.957890784160186     
   1.8000000000000003        7.2799999999999994        1.8811904683973291     
   1.8000000000000003        7.3599999999999994       -6.0604022021577171     
   1.8000000000000003        7.4399999999999995       -12.264751130837839     
   1.8000000000000003        7.5199999999999996       -16.864460268496508     
   1.8000000000000003        7.5999999999999996       -20.331638881368328     
   1.8000000000000003        7.6799999999999997       -22.712379826377585     
   1.8000000000000003        7.7599999999999998       -24.370248400190285     
   1.8000000000000003        7.8399999999999999       -25.311530175735733     
   1.8000000000000003        7.9199999999999999       -25.765664023687652     
   1.8000000000000003        8.0000000000000000       -25.841522988936532     
   1.8000000000000003        8.0800000000000001       -25.583792993199502     
   1.8000000000000003        8.1600000000000001       -25.107496094101812     
   1.8000000000000003        8.2400000000000002       -24.437011776935396     
   1.8000000000000003        8.3200000000000003       -23.650859679310010     
   1.8000000000000003        8.4000000000000004       -22.765347811319092     
   1.8000000000000003        8.4800000000000004       -21.825993894799772     
   1.8000000000000003        8.5599999999999987       -20.855944530540270     
   1.8000000000000003        8.6400000000000006       -19.872300272616673     
   1.8000000000000003        8.7199999999999989       -18.890745635171864     
   1.8000000000000003        8.8000000000000007       -17.925318036811522     
   1.8000000000000003        8.8799999999999990       -16.982936146030497     
   1.8000000000000003        8.9600000000000009       -16.068944013003293     
   1.8000000000000003        9.0399999999999991       -15.191300117370165     
   1.8000000000000003        9.1200000000000010       -14.348357762103763     
   1.8000000000000003        9.1999999999999993       -13.547905882608910     
   1.8000000000000003        9.2800000000000011       -12.783637892657664     
   1.8000000000000003        9.3599999999999994       -12.063922076736365     
   1.8000000000000003        9.4400000000000013       -11.382669711597105     
   1.8000000000000003        9.5199999999999996       -10.738261405531393     
   1.8000000000000003        9.5999999999999996       -10.133779268131439     
   1.8000000000000003        9.6799999999999997       -9.5627081181503932     
   1.8000000000000003        9.7599999999999998       -9.0292189073246014     
   1.8000000000000003        9.8399999999999999       -8.5252956462595861     
   1.8000000000000003        9.9199999999999999       -8.0560249646549522     
   1.8000000000000003        10.000000000000000       -7.6151495960133744     
   1.8000000000000003        10.080000000000000       -7.2004214316953954     
   1.8000000000000003        10.160000000000000       -6.8134345592097993     
   1.8000000000000003        10.240000000000000       -6.4488591363133878     
   1.8000000000000003        10.320000000000000       -6.1091964160641803     
   1.8000000000000003        10.400000000000000       -5.7886078184535261     
   1.8000000000000003        10.480000000000000       -5.4902544011455978     
   1.8000000000000003        10.559999999999999       -5.2098083164949092     
   1.8000000000000003        10.640000000000001       -4.9456210149723292     
   1.8000000000000003        10.719999999999999       -4.6987176027042485     
   1.8000000000000003        10.800000000000001       -4.4655509316289299     
   1.8000000000000003        10.879999999999999       -4.2477311081864819     
   1.8000000000000003        10.960000000000001       -4.0415032472654797     
   1.8000000000000003        11.039999999999999       -3.8488898743632185     
   1.8000000000000003        11.120000000000001       -3.6671742868562767     
   1.8000000000000003        11.199999999999999       -3.4952992908850709     
   1.8000000000000003        11.280000000000001       -3.3339950326829042     
   1.8000000000000003        11.359999999999999       -3.1810154589400952     
   1.8000000000000003        11.440000000000001       -3.0374468296187884     
   1.8000000000000003        11.520000000000000       -2.9015724457495122     
   1.8000000000000003        11.600000000000000       -2.7728028579613100     
   1.8000000000000003        11.680000000000000       -2.6513830831255745     
   1.8000000000000003        11.760000000000000       -2.5360086673313909     
   1.8000000000000003        11.840000000000000       -2.4272203025221786     
   1.8000000000000003        11.920000000000000       -2.3235867846067735     
   1.8000000000000003        12.000000000000000       -2.2258668984058807     
   3.6000000000000005        4.0000000000000000        62395.178566164344     
   3.6000000000000005        4.0800000000000001        54222.803496926754     
   3.6000000000000005        4.1600000000000001        47013.325690738144     
   3.6000000000000005        4.2400000000000002        40652.534431476299     
   3.6000000000000005        4.3200000000000003        35135.549059696234     
   3.6000000000000005        4.4000000000000004        30271.195434383335     
   3.6000000000000005        4.4800000000000004        26084.317724285465     
   3.6000000000000005        4.5600000000000005        22393.247462785850     
   3.6000000000000005        4.6399999999999997        19239.646386016746     
   3.6000000000000005        4.7199999999999998        16494.054881996999     
   3.6000000000000005        4.7999999999999998        14099.990282427469     
   3.6000000000000005        4.8799999999999999        12052.502701722491     
   3.6000000000000005        4.9600000000000000        10266.086702239736     
   3.6000000000000005        5.0400000000000000        8748.9595841966038     
   3.6000000000000005        5.1200000000000001        7424.2398805675812     
   3.6000000000000005        5.2000000000000002        6307.0596153866309     
   3.6000000000000005        5.2800000000000002        5344.5126573505404     
   3.6000000000000005        5.3600000000000003        4513.0543418746092     
   3.6000000000000005        5.4399999999999995        3810.5271099870488     
   3.6000000000000005        5.5199999999999996        3203.0814611154215     
   3.6000000000000005        5.5999999999999996        2693.5227392517008     
   3.6000000000000005        5.6799999999999997        2252.5065738673129     
   3.6000000000000005        5.7599999999999998        1885.2980060572752     
   3.6000000000000005        5.8399999999999999        1572.2187611813868     
   3.6000000000000005        5.9199999999999999        1304.3904320969455     
   3.6000000000000005        6.0000000000000000        1081.0418274350793     
   3.6000000000000005        6.0800000000000001        889.85634888394475     
   3.6000000000000005        6.1600000000000001        731.75451498055668     
   3.6000000000000005        6.2400000000000002        598.21054003495124     
   3.6000000000000005        6.3200000000000003        485.43108418136711     
   3.6000000000000005        6.4000000000000004        392.12712165455389     
   3.6000000000000005        6.4800000000000004        313.36398855400694     
   3.6000000000000005        6.5600000000000005        248.87553169266485     
   3.6000000000000005        6.6400000000000006        194.50001027764759     
   3.6000000000000005        6.7200000000000006        150.50242941495773     
   3.6000000000000005        6.7999999999999998        114.07540460029878     
   3.6000000000000005        6.8799999999999999        83.948180589594784     
   3.6000000000000005        6.9600000000000000        59.710237354205383     
   3.6000000000000005        7.0400000000000000        39.768094293526019     
   3.6000000000000005        7.1200000000000001        24.020893098230310     
   3.6000000000000005        7.2000000000000002        11.173330537807461     
   3.6000000000000005        7.2799999999999994        1.2775844753132697     
   3.6000000000000005        7.3599999999999994       -6.5158662211251066     
   3.6000000000000005        7.4399999999999995       -12.598990193615119     
   3.6000000000000005        7.5199999999999996       -17.102603549390864     
   3.6000000000000005        7.5999999999999996       -20.491637844502549     
   3.6000000000000005        7.6799999999999997       -22.811721283882573     
   3.6000000000000005        7.7599999999999998       -24.420765110705542     
   3.6000000000000005        7.8399999999999999       -25.325219386416062     
   3.6000000000000005        7.9199999999999999       -25.750908460091100     
   3.6000000000000005        8.0000000000000000       -25.805024705464476     
   3.6000000000000005        8.0800000000000001       -25.531705145997950     
   3.6000000000000005        8.1600000000000001       -25.044049945747659     
   3.6000000000000005        8.2400000000000002       -24.366227699253127     
   3.6000000000000005        8.3200000000000003       -23.575336402187236     
   3.6000000000000005        8.4000000000000004       -22.687622478529743     
   3.6000000000000005        8.4800000000000004       -21.747734919686646     
   3.6000000000000005        8.5599999999999987       -20.778405620516228     
   3.6000000000000005        8.6400000000000006       -19.796554685552223     
   3.6000000000000005        8.7199999999999989       -18.817457873811474     
   3.6000000000000005        8.8000000000000007       -17.855044633070449     
   3.6000000000000005        8.8799999999999990       -16.915992365268643     
   3.6000000000000005        8.9600000000000009       -16.005519923251420     
   3.6000000000000005        9.0399999999999991       -15.131492768753111     
   3.6000000000000005        9.1200000000000010       -14.292178108608853     
   3.6000000000000005        9.1999999999999993       -13.495298218809973     
   3.6000000000000005        9.2800000000000011       -12.734516024429993     
   3.6000000000000005        9.3599999999999994       -12.018142292705289     
   3.6000000000000005        9.4400000000000013       -11.340084024417999     
   3.6000000000000005        9.5199999999999996       -10.698712637167235     
   3.6000000000000005        9.5999999999999996       -10.097082966215805     
   3.6000000000000005        9.6799999999999997       -9.5287011616577146     
   3.6000000000000005        9.7599999999999998       -8.9977099359810779     
   3.6000000000000005        9.8399999999999999       -8.4961297319826752     
   3.6000000000000005        9.9199999999999999       -8.0290164674516262     
   3.6000000000000005        10.000000000000000       -7.5901441119810418     
   3.6000000000000005        10.080000000000000       -7.1772756021207762     
   3.6000000000000005        10.160000000000000       -6.7919955627968065     
   3.6000000000000005        10.240000000000000       -6.4290033737590662     
   3.6000000000000005        10.320000000000000       -6.0907868119412196     
   3.6000000000000005        10.400000000000000       -5.7715398921260315     
   3.6000000000000005        10.480000000000000       -5.4744073104089299     
   3.6000000000000005        10.559999999999999       -5.1950857092867118     
   3.6000000000000005        10.640000000000001       -4.9319363170425508     
   3.6000000000000005        10.719999999999999       -4.6859800072602535     
   3.6000000000000005        10.800000000000001       -4.4536892771512369     
   3.6000000000000005        10.879999999999999       -4.2366672142645339     
   3.6000000000000005        10.960000000000001       -4.0311790163100678     
   3.6000000000000005        11.039999999999999       -3.8392384106870217     
   3.6000000000000005        11.120000000000001       -3.6581431374346880     
   3.6000000000000005        11.199999999999999       -3.4868419677285010     
   3.6000000000000005        11.280000000000001       -3.3260626843394352     
   3.6000000000000005        11.359999999999999       -3.1735704254812696     
   3.6000000000000005        11.440000000000001       -3.0304475442666132     
   3.6000000000000005        11.520000000000000       -2.8949857470047040     
   3.6000000000000005        11.600000000000000       -2.7665988010603977     
   3.6000000000000005        11.680000000000000       -2.6455314473869880     
   3.6000000000000005        11.760000000000000       -2.5304851883551667     
   3.6000000000000005        11.840000000000000       -2.4219992165148163     
   3.6000000000000005        11.920000000000000       -2.3186484061118704     
   3.6000000000000005        12.000000000000000       -2.2211892350104701     
   5.4000000000000004        4.0000000000000000        60743.369438151611     
   5.4000000000000004        4.0800000000000001        52798.525731878843     
   5.4000000000000004        4.1600000000000001        45787.256927999391     
   5.4000000000000004        4.2400000000000002        39599.356698834446     
   5.4000000000000004        4.3200000000000003        34230.596698747024     
   5.4000000000000004        4.4000000000000004        29495.727007617432     
   5.4000000000000004        4.4800000000000004        25419.203362776519     
   5.4000000000000004        4.5600000000000005        21824.686550167280     
   5.4000000000000004        4.6399999999999997        18752.889186365377     
   5.4000000000000004        4.7199999999999998        16078.047601234362     
   5.4000000000000004        4.7999999999999998        13745.307143517870     
   5.4000000000000004        4.8799999999999999        11749.947160045169     
   5.4000000000000004        4.9600000000000000        10008.794571304048     
   5.4000000000000004        5.0400000000000000        8529.9131394287542     
   5.4000000000000004        5.1200000000000001        7238.4627702629241     
   5.4000000000000004        5.2000000000000002        6149.2246413018347     
   5.4000000000000004        5.2800000000000002        5210.6778998124837     
   5.4000000000000004        5.3600000000000003        4399.8963862756582     
   5.4000000000000004        5.4399999999999995        3714.7954635876049     
   5.4000000000000004        5.5199999999999996        3122.3906855256791     
   5.4000000000000004        5.5999999999999996        2625.4284892649916     
   5.4000000000000004        5.6799999999999997        2195.3039691450626     
   5.4000000000000004        5.7599999999999998        1837.1582934360565     
   5.4000000000000004        5.8399999999999999        1531.8053293520195     
   5.4000000000000004        5.9199999999999999        1270.5888053089216     
   5.4000000000000004        6.0000000000000000        1052.7592996211040     
   5.4000000000000004        6.0800000000000001        866.30442078785666     
   5.4000000000000004        6.1600000000000001        712.12357652870355     
   5.4000000000000004        6.2400000000000002        581.90046818421797     
   5.4000000000000004        6.3200000000000003        471.93491231960326     
   5.4000000000000004        6.4000000000000004        380.96963603759650     
   5.4000000000000004        6.4800000000000004        304.19045381035966     
   5.4000000000000004        6.5600000000000005        241.33761586694436     
   5.4000000000000004        6.6400000000000006        188.35077762270078     
   5.4000000000000004        6.7200000000000006        145.48815767032923     
   5.4000000000000004        6.7999999999999998        110.01067362686099     
   5.4000000000000004        6.8799999999999999        80.678366843283200     
   5.4000000000000004        6.9600000000000000        57.090365878287976     
   5.4000000000000004        7.0400000000000000        37.692044935397746     
   5.4000000000000004        7.1200000000000001        22.384565241658240     
   5.4000000000000004        7.2000000000000002        9.9044025729803522     
   5.4000000000000004        7.2799999999999994       0.30193974122433109     
   5.4000000000000004        7.3599999999999994       -7.2514360914635834     
   5.4000000000000004        7.4399999999999995       -13.138132497561051     
   5.4000000000000004        7.5199999999999996       -17.486064853435092     
   5.4000000000000004        7.5999999999999996       -20.748524819088967     
   5.4000000000000004        7.6799999999999997       -22.970385543938100     
   5.4000000000000004        7.7599999999999998       -24.500390052164054     
   5.4000000000000004        7.8399999999999999       -25.345253455293129     
   5.4000000000000004        7.9199999999999999       -25.724939354550980     
   5.4000000000000004        8.0000000000000000       -25.743914802271664     
   5.4000000000000004        8.0800000000000001       -25.445425870154061     
   5.4000000000000004        8.1600000000000001       -24.939457186612962     
   5.4000000000000004        8.2400000000000002       -24.249834371439377     
   5.4000000000000004        8.3200000000000003       -23.451351474162365     
   5.4000000000000004        8.4000000000000004       -22.560153926694060     
   5.4000000000000004        8.4800000000000004       -21.619483085999214     
   5.4000000000000004        8.5599999999999987       -20.651398764848594     
   5.4000000000000004        8.6400000000000006       -19.672528006739018     
   5.4000000000000004        8.7199999999999989       -18.697484785098371     
   5.4000000000000004        8.8000000000000007       -17.740022876677656     
   5.4000000000000004        8.8799999999999990       -16.806429285086573     
   5.4000000000000004        8.9600000000000009       -15.901720131562728     
   5.4000000000000004        9.0399999999999991       -15.033609914205861     
   5.4000000000000004        9.1200000000000010       -14.200226892916657     
   5.4000000000000004        9.1999999999999993       -13.409184987467217     
   5.4000000000000004        9.2800000000000011       -12.654098417200851     
   5.4000000000000004        9.3599999999999994       -11.943184319008907     
   5.4000000000000004        9.4400000000000013       -11.270343316880068     
   5.4000000000000004        9.5199999999999996       -10.633932126899392     
   5.4000000000000004        9.5999999999999996       -10.036961268233554     
   5.4000000000000004        9.6799999999999997       -9.4729719139900652     
   5.4000000000000004        9.7599999999999998       -8.9460608098772063     
   5.4000000000000004        9.8399999999999999       -8.4483079402742280     
   5.4000000000000004        9.9199999999999999       -7.9847191847565480     
   5.4000000000000004        10.000000000000000       -7.5491195082431766     
   5.4000000000000004        10.080000000000000       -7.1392898841397701     
   5.4000000000000004        10.160000000000000       -6.7567995210298823     
   5.4000000000000004        10.240000000000000       -6.3963954569076504     
   5.4000000000000004        10.320000000000000       -6.0605434918273904     
   5.4000000000000004        10.400000000000000       -5.7434907875974970     
   5.4000000000000004        10.480000000000000       -5.4483553464457861     
   5.4000000000000004        10.559999999999999       -5.1708737370768292     
   5.4000000000000004        10.640000000000001       -4.9094231220863849     
   5.4000000000000004        10.719999999999999       -4.6650174528163273     
   5.4000000000000004        10.800000000000001       -4.4341612590078183     
   5.4000000000000004        10.879999999999999       -4.2184461554608914     
   5.4000000000000004        10.960000000000001       -4.0141700960094751     
   5.4000000000000004        11.039999999999999       -3.8233324262818287     
   5.4000000000000004        11.120000000000001       -3.6432544441297035     
   5.4000000000000004        11.199999999999999       -3.4728946448721025     
   5.4000000000000004        11.280000000000001       -3.3129769317719466     
   5.4000000000000004        11.359999999999999       -3.1612847095918339     
   5.4000000000000004        11.440000000000001       -3.0188939286967091     
   5.4000000000000004        11.520000000000000       -2.8841100167522438     
   5.4000000000000004        11.600000000000000       -2.7563519864473882     
   5.4000000000000004        11.680000000000000       -2.6358641118624919     
   5.4000000000000004        11.760000000000000       -2.5213576263681863     
   5.4000000000000004        11.840000000000000       -2.4133692543234480     
   5.4000000000000004        11.920000000000000       -2.3104838090927364     
   5.4000000000000004        12.000000000000000       -2.2134539773667310     
   7.2000000000000011        4.0000000000000000        58506.980810134053     
   7.2000000000000011        4.0800000000000001        50869.708891907736     
   7.2000000000000011        4.1600000000000001        44126.475978331633     
   7.2000000000000011        4.2400000000000002        38172.455167173910     
   7.2000000000000011        4.3200000000000003        33004.278838352795     
   7.2000000000000011        4.4000000000000004        28444.681085425687     
   7.2000000000000011        4.4800000000000004        24517.580331609453     
   7.2000000000000011        4.5600000000000005        21053.830577229415     
   7.2000000000000011        4.6399999999999997        18092.853026026405     
   7.2000000000000011        4.7199999999999998        15513.876580748127     
   7.2000000000000011        4.7999999999999998        13264.245185773050     
   7.2000000000000011        4.8799999999999999        11339.544501209832     
   7.2000000000000011        4.9600000000000000        9659.7562802258217     
   7.2000000000000011        5.0400000000000000        8232.7338248217729     
   7.2000000000000011        5.1200000000000001        6986.4004973659175     
   7.2000000000000011        5.2000000000000002        5935.0604878138902     
   7.2000000000000011        5.2800000000000002        5029.0690216704179     
   7.2000000000000011        5.3600000000000003        4246.3374999178905     
   7.2000000000000011        5.4399999999999995        3584.8793843932353     
   7.2000000000000011        5.5199999999999996        3012.8826274907187     
   7.2000000000000011        5.5999999999999996        2533.0133037337905     
   7.2000000000000011        5.6799999999999997        2117.6691241850335     
   7.2000000000000011        5.7599999999999998        1771.8229286807066     
   7.2000000000000011        5.8399999999999999        1476.9560163866242     
   7.2000000000000011        5.9199999999999999        1224.7133639598360     
   7.2000000000000011        6.0000000000000000        1014.3749576784170     
   7.2000000000000011        6.0800000000000001        834.34112571913818     
   7.2000000000000011        6.1600000000000001        685.48254838409980     
   7.2000000000000011        6.2400000000000002        559.76718521445321     
   7.2000000000000011        6.3200000000000003        453.62125594767241     
   7.2000000000000011        6.4000000000000004        365.83055645961866     
   7.2000000000000011        6.4800000000000004        291.74441838977572     
   7.2000000000000011        6.5600000000000005        231.11176830589352     
   7.2000000000000011        6.6400000000000006        180.00989695816460     
   7.2000000000000011        6.7200000000000006        138.68780278491420     
   7.2000000000000011        6.7999999999999998        104.49912330999382     
   7.2000000000000011        6.8799999999999999        76.245706855880101     
   7.2000000000000011        6.9600000000000000        53.539780230966336     
   7.2000000000000011        7.0400000000000000        34.879466822134077     
   7.2000000000000011        7.1200000000000001        20.168670937500973     
   7.2000000000000011        7.2000000000000002        8.1870119873850591     
   7.2000000000000011        7.2799999999999994       -1.0175617075845647     
   7.2000000000000011        7.3599999999999994       -8.2452773932187231     
   7.2000000000000011        7.4399999999999995       -13.865561719239187     
   7.2000000000000011        7.5199999999999996       -18.002389996605238     
   7.2000000000000011        7.5999999999999996       -21.093252215230105     
   7.2000000000000011        7.6799999999999997       -23.181994134221547     
   7.2000000000000011        7.7599999999999998       -24.604913748759223     
   7.2000000000000011        7.8399999999999999       -25.369083375580239     
   7.2000000000000011        7.9199999999999999       -25.686511650659934     
   7.2000000000000011        8.0000000000000000       -25.657966148874486     
   7.2000000000000011        8.0800000000000001       -25.325482168599081     
   7.2000000000000011        8.1600000000000001       -24.794816620598386     
   7.2000000000000011        8.2400000000000002       -24.089328004883992     
   7.2000000000000011        8.3200000000000003       -23.280684957072925     
   7.2000000000000011        8.4000000000000004       -22.384894072472761     
   7.2000000000000011        8.4800000000000004       -21.443287570275039     
   7.2000000000000011        8.5599999999999987       -20.477013549743763     
   7.2000000000000011        8.6400000000000006       -19.502300538500780     
   7.2000000000000011        8.7199999999999989       -18.532865776056074     
   7.2000000000000011        8.8000000000000007       -17.582223657809323     
   7.2000000000000011        8.8799999999999990       -16.656132528376606     
   7.2000000000000011        8.9600000000000009       -15.759333749765739     
   7.2000000000000011        9.0399999999999991       -14.899336691681038     
   7.2000000000000011        9.1200000000000010       -14.074082029415363     
   7.2000000000000011        9.1999999999999993       -13.291036182633450     
   7.2000000000000011        9.2800000000000011       -12.543748394238438     
   7.2000000000000011        9.3599999999999994       -11.840308137028510     
   7.2000000000000011        9.4400000000000013       -11.174608244018454     
   7.2000000000000011        9.5199999999999996       -10.544985787710749     
   7.2000000000000011        9.5999999999999996       -9.9543909905796486     
   7.2000000000000011        9.6799999999999997       -9.3964132411302241     
   7.2000000000000011        9.7599999999999998       -8.8750866138539237     
   7.2000000000000011        9.8399999999999999       -8.3825726411370507     
   7.2000000000000011        9.9199999999999999       -7.9238089082675947     
   7.2000000000000011        10.000000000000000       -7.4926901397285173     
   7.2000000000000011        10.080000000000000       -7.0870219898564697     
   7.2000000000000011        10.160000000000000       -6.7083526275083756     
   7.2000000000000011        10.240000000000000       -6.3514942099416132     
   7.2000000000000011        10.320000000000000       -6.0188825103859100     
   7.2000000000000011        10.400000000000000       -5.7048372913685279     
   7.2000000000000011        10.480000000000000       -5.4124400659468694     
   7.2000000000000011        10.559999999999999       -5.1374819343926248     
   7.2000000000000011        10.640000000000001       -4.8783618125985981     
   7.2000000000000011        10.719999999999999       -4.6360841635327574     
   7.2000000000000011        10.800000000000001       -4.4071972748709340     
   7.2000000000000011        10.879999999999999       -4.1932770456888235     
   7.2000000000000011        10.960000000000001       -3.9906661919125934     
   7.2000000000000011        11.039999999999999       -3.8013443573523640     
   7.2000000000000011        11.120000000000001       -3.6226650339043385     
   7.2000000000000011        11.199999999999999       -3.4535999972756684     
   7.2000000000000011        11.280000000000001       -3.2948678114081069     
   7.2000000000000011        11.359999999999999       -3.1442768622148751     
   7.2000000000000011        11.440000000000001       -3.0028943035952209     
   7.2000000000000011        11.520000000000000       -2.8690443321902785     
   7.2000000000000011        11.600000000000000       -2.7421531265214716     
   7.2000000000000011        11.680000000000000       -2.6224642967613470     
   7.2000000000000011        11.760000000000000       -2.5087023986131252     
   7.2000000000000011        11.840000000000000       -2.4014007487987543     
   7.2000000000000011        11.920000000000000       -2.2991577813303330     
   7.2000000000000011        12.000000000000000       -2.2027209584376903     
   9.0000000000000000        4.0000000000000000        55776.566702200937     
   9.0000000000000000        4.0800000000000001        48513.887090079472     
   9.0000000000000000        4.1600000000000001        42097.289405090742     
   9.0000000000000000        4.2400000000000002        36428.434147173815     
   9.0000000000000000        4.3200000000000003        31504.961757421737     
   9.0000000000000000        4.4000000000000004        27159.283806202890     
   9.0000000000000000        4.4800000000000004        23414.640937360633     
   9.0000000000000000        4.5600000000000005        20110.627230105769     
   9.0000000000000000        4.6399999999999997        17285.074997369444     
   9.0000000000000000        4.7199999999999998        14823.286871814531     
   9.0000000000000000        4.7999999999999998        12675.280411654394     
   9.0000000000000000        4.8799999999999999        10837.007532826961     
   9.0000000000000000        4.9600000000000000        9232.2960859965660     
   9.0000000000000000        5.0400000000000000        7868.7374860431628     
   9.0000000000000000        5.1200000000000001        6677.6283049770200     
   9.0000000000000000        5.2000000000000002        5672.6866035859202     
   9.0000000000000000        5.2800000000000002        4806.5591532370672     
   9.0000000000000000        5.3600000000000003        4058.1802464350299     
   9.0000000000000000        5.4399999999999995        3425.6819082163402     
   9.0000000000000000        5.5199999999999996        2878.6857633376781     
   9.0000000000000000        5.5999999999999996        2419.7586067515044     
   9.0000000000000000        5.6799999999999997        2022.5250215867111     
   9.0000000000000000        5.7599999999999998        1691.7511549385533     
   9.0000000000000000        5.8399999999999999        1409.7353139624572     
   9.0000000000000000        5.9199999999999999        1168.4912215552738     
   9.0000000000000000        6.0000000000000000        967.33464082296803     
   9.0000000000000000        6.0800000000000001        795.17142115984814     
   9.0000000000000000        6.1600000000000001        652.83689050809551     
   9.0000000000000000        6.2400000000000002        532.64727034394025     
   9.0000000000000000        6.3200000000000003        431.18363851363250     
   9.0000000000000000        6.4000000000000004        347.28452332407471     
   9.0000000000000000        6.4800000000000004        276.49966228141483     
   9.0000000000000000        6.5600000000000005        218.58858745144568     
   9.0000000000000000        6.6400000000000006        169.79730771894509     
   9.0000000000000000        6.7200000000000006        130.36350334341523     
   9.0000000000000000        6.7999999999999998        97.754483681692975     
   9.0000000000000000        6.8799999999999999        70.823352469916756     
   9.0000000000000000        6.9600000000000000        49.198395137310072     
   9.0000000000000000        7.0400000000000000        31.442411592085030     
   9.0000000000000000        7.1200000000000001        17.462672040343083     
   9.0000000000000000        7.2000000000000002        6.0916960003003000     
   9.0000000000000000        7.2799999999999994       -2.6255484628356007     
   9.0000000000000000        7.3599999999999994       -9.4544835040478414     
   9.0000000000000000        7.4399999999999995       -14.748618028821269     
   9.0000000000000000        7.5199999999999996       -18.627092430823737     
   9.0000000000000000        7.5999999999999996       -21.508023188756425     
   9.0000000000000000        7.6799999999999997       -23.433991852377154     
   9.0000000000000000        7.7599999999999998       -24.726040656807797     
   9.0000000000000000        7.8399999999999999       -25.391674797515758     
   9.0000000000000000        7.9199999999999999       -25.633152204456625     
   9.0000000000000000        8.0000000000000000       -25.546705237066337     
   9.0000000000000000        8.0800000000000001       -25.172882256584263     
   9.0000000000000000        8.1600000000000001       -24.612260211292252     
   9.0000000000000000        8.2400000000000002       -23.887621924660625     
   9.0000000000000000        8.3200000000000003       -23.066808590183641     
   9.0000000000000000        8.4000000000000004       -22.165653183832326     
   9.0000000000000000        8.4800000000000004       -21.223150708917505     
   9.0000000000000000        8.5599999999999987       -20.259332754372917     
   9.0000000000000000        8.6400000000000006       -19.289937920593182     
   9.0000000000000000        8.7199999999999989       -18.327587264346086     
   9.0000000000000000        8.8000000000000007       -17.385499913239027     
   9.0000000000000000        8.8799999999999990       -16.468788635078941     
   9.0000000000000000        8.9600000000000009       -15.581858813706658     
   9.0000000000000000        9.0399999999999991       -14.731967942335457     
   9.0000000000000000        9.1200000000000010       -13.916828748322956     
   9.0000000000000000        9.1999999999999993       -13.143726011646542     
   9.0000000000000000        9.2800000000000011       -12.406131555643892     
   9.0000000000000000        9.3599999999999994       -11.711977228401492     
   9.0000000000000000        9.4400000000000013       -11.055148011642702     
   9.0000000000000000        9.5199999999999996       -10.433957509979610     
   9.0000000000000000        9.5999999999999996       -9.8512817478993533     
   9.0000000000000000        9.6799999999999997       -9.3007705480170202     
   9.0000000000000000        9.7599999999999998       -8.7863806124293156     
   9.0000000000000000        9.8399999999999999       -8.3003748711503107     
   9.0000000000000000        9.9199999999999999       -7.8476064538209789     
   9.0000000000000000        10.000000000000000       -7.4220566621615705     
   9.0000000000000000        10.080000000000000       -7.0215617954555078     
   9.0000000000000000        10.160000000000000       -6.6476440058564430     
   9.0000000000000000        10.240000000000000       -6.2951961224929773     
   9.0000000000000000        10.320000000000000       -5.9666167236781966     
   9.0000000000000000        10.400000000000000       -5.6563154766640906     
   9.0000000000000000        10.480000000000000       -5.3673286603780674     
   9.0000000000000000        10.559999999999999       -5.0955148864333699     
   9.0000000000000000        10.640000000000001       -4.8392999824278977     
   9.0000000000000000        10.719999999999999       -4.5996765982440069     
   9.0000000000000000        10.800000000000001       -4.3732472099217548     
   9.0000000000000000        10.879999999999999       -4.1615681700438882     
   9.0000000000000000        10.960000000000001       -3.9610376570827390     
   9.0000000000000000        11.039999999999999       -3.7736108083237334     
   9.0000000000000000        11.120000000000001       -3.5966810090743793     
   9.0000000000000000        11.199999999999999       -3.4292364747787922     
   9.0000000000000000        11.280000000000001       -3.2719890800030598     
   9.0000000000000000        11.359999999999999       -3.1227782015033592     
   9.0000000000000000        11.440000000000001       -2.9826600026031209     
   9.0000000000000000        11.520000000000000       -2.8499819715332855     
   9.0000000000000000        11.600000000000000       -2.7241791617507602     
   9.0000000000000000        11.680000000000000       -2.6054943104752413     
   9.0000000000000000        11.760000000000000       -2.4926685285190002     
   9.0000000000000000        11.840000000000000       -2.3862308427826862     
   9.0000000000000000        11.920000000000000       -2.2847966390509220     
   9.0000000000000000        12.000000000000000       -2.1891068212439246     
   10.800000000000001        4.0000000000000000        52629.647521260027     
   10.800000000000001        4.0800000000000001        45797.483743142802     
   10.800000000000001        4.1600000000000001        39756.541267570261     
   10.800000000000001        4.2400000000000002        34415.851704033594     
   10.800000000000001        4.3200000000000003        29774.160936636275     
   10.800000000000001        4.4000000000000004        25674.941639259108     
   10.800000000000001        4.4800000000000004        22140.624602280543     
   10.800000000000001        4.5600000000000005        19020.821629076254     
   10.800000000000001        4.6399999999999997        16351.517692348907     
   10.800000000000001        4.7199999999999998        14024.986992699516     
   10.800000000000001        4.7999999999999998        11994.314473518960     
   10.800000000000001        4.8799999999999999        10255.863986143637     
   10.800000000000001        4.9600000000000000        8737.8887048147881     
   10.800000000000001        5.0400000000000000        7447.6716939721073     
   10.800000000000001        5.1200000000000001        6320.3963505888460     
   10.800000000000001        5.2000000000000002        5369.1002144530539     
   10.800000000000001        5.2800000000000002        4549.0725175831740     
   10.800000000000001        5.3600000000000003        3840.4268833774154     
   10.800000000000001        5.4399999999999995        3241.4303897021073     
   10.800000000000001        5.5199999999999996        2723.3600434573596     
   10.800000000000001        5.5999999999999996        2288.6666746792826     
   10.800000000000001        5.6799999999999997        1912.3925482212387     
   10.800000000000001        5.7599999999999998        1599.0640277130012     
   10.800000000000001        5.8399999999999999        1331.9238784659740     
   10.800000000000001        5.9199999999999999        1103.4120741503216     
   10.800000000000001        6.0000000000000000        912.88544188921162     
   10.800000000000001        6.0800000000000001        749.83461933911440     
   10.800000000000001        6.1600000000000001        615.05381912538087     
   10.800000000000001        6.2400000000000002        501.26224845046426     
   10.800000000000001        6.3200000000000003        405.22016856412591     
   10.800000000000001        6.4000000000000004        325.82708124580716     
   10.800000000000001        6.4800000000000004        258.86471474601217     
   10.800000000000001        6.5600000000000005        204.10484042257175     
   10.800000000000001        6.6400000000000006        157.98881987196538     
   10.800000000000001        6.7200000000000006        120.74120719796527     
   10.800000000000001        6.7999999999999998        89.960945092269426     
   10.800000000000001        6.8799999999999999        64.560493396147365     
   10.800000000000001        6.9600000000000000        44.186734264656160     
   10.800000000000001        7.0400000000000000        27.477374007540565     
   10.800000000000001        7.1200000000000001        14.343584454701951     
   10.800000000000001        7.2000000000000002        3.6791539639563489     
   10.800000000000001        7.2799999999999994       -4.4743948141732197     
   10.800000000000001        7.3599999999999994       -10.842172246160333     
   10.800000000000001        7.4399999999999995       -15.759249529884960     
   10.800000000000001        7.5199999999999996       -19.339162107171706     
   10.800000000000001        7.5999999999999996       -21.977590073486677     
   10.800000000000001        7.6799999999999997       -23.715644744706626     
   10.800000000000001        7.7599999999999998       -24.856703881277596     
   10.800000000000001        7.8399999999999999       -25.408767162169912     
   10.800000000000001        7.9199999999999999       -25.562803480243986     
   10.800000000000001        8.0000000000000000       -25.409793626428698     
   10.800000000000001        8.0800000000000001       -24.988560577356530     
   10.800000000000001        8.1600000000000001       -24.393686938468953     
   10.800000000000001        8.2400000000000002       -23.647284806007903     
   10.800000000000001        8.3200000000000003       -22.812768810026604     
   10.800000000000001        8.4000000000000004       -21.905766227300912     
   10.800000000000001        8.4800000000000004       -20.962570008312394     
   10.800000000000001        8.5599999999999987       -20.001920441561079     
   10.800000000000001        8.6400000000000006       -19.038986913342448     
   10.800000000000001        8.7199999999999989       -18.085125393508470     
   10.800000000000001        8.8000000000000007       -17.153210621449468     
   10.800000000000001        8.8799999999999990       -16.247611222001481     
   10.800000000000001        8.9600000000000009       -15.372344680062364     
   10.800000000000001        9.0399999999999991       -14.534376255953106     
   10.800000000000001        9.1200000000000010       -13.731157464530773     
   10.800000000000001        9.1999999999999993       -12.969761624012449     
   10.800000000000001        9.2800000000000011       -12.243573961582067     
   10.800000000000001        9.3599999999999994       -11.560342258139247     
   10.800000000000001        9.4400000000000013       -10.913944727121656     
   10.800000000000001        9.5199999999999996       -10.302668634334466     
   10.800000000000001        9.5999999999999996       -9.7293036961681878     
   10.800000000000001        9.6799999999999997       -9.1875715334610764     
   10.800000000000001        9.7599999999999998       -8.6813385033722810     
   10.800000000000001        9.8399999999999999       -8.2029869100865067     
   10.800000000000001        9.9199999999999999       -7.7572710756251757     
   10.800000000000001        10.000000000000000       -7.3382740091733973     
   10.800000000000001        10.080000000000000       -6.9438680289779624     
   10.800000000000001        10.160000000000000       -6.5755448514215367     
   10.800000000000001        10.240000000000000       -6.2282918787906381     
   10.800000000000001        10.320000000000000       -5.9044640887686697     
   10.800000000000001        10.400000000000000       -5.5985764982053183     
   10.800000000000001        10.480000000000000       -5.3136123156758943     
   10.800000000000001        10.559999999999999       -5.0455092384694105     
   10.800000000000001        10.640000000000001       -4.7927245934895852     
   10.800000000000001        10.719999999999999       -4.5562371025393977     
   10.800000000000001        10.800000000000001       -4.3327127407977981     
   10.800000000000001        10.879999999999999       -4.1236848414274236     
   10.800000000000001        10.960000000000001       -3.9256166166875945     
   10.800000000000001        11.039999999999999       -3.7404343401425684     
   10.800000000000001        11.120000000000001       -3.5655781795297794     
   10.800000000000001        11.199999999999999       -3.4000556064264393     
   10.800000000000001        11.280000000000001       -3.2445705523731498     
   10.800000000000001        11.359999999999999       -3.0969987843042843     
   10.800000000000001        11.440000000000001       -2.9583834553677106     
   10.800000000000001        11.520000000000000       -2.8270994132914642     
   10.800000000000001        11.600000000000000       -2.7025921128756600     
   10.800000000000001        11.680000000000000       -2.5851032000565817     
   10.800000000000001        11.760000000000000       -2.4733932625124404     
   10.800000000000001        11.840000000000000       -2.3679862061428154     
   10.800000000000001        11.920000000000000       -2.2675173950754024     
   10.800000000000001        12.000000000000000       -2.1727199289428980     
   12.600000000000001        4.0000000000000000        49179.114907214273     
   12.600000000000001        4.0800000000000001        42817.274496523321     
   12.600000000000001        4.1600000000000001        37187.086118580723     
   12.600000000000001        4.2400000000000002        32205.513557159713     
   12.600000000000001        4.3200000000000003        27872.434895487128     
   12.600000000000001        4.4000000000000004        24043.319746870846     
   12.600000000000001        4.4800000000000004        20739.670271682251     
   12.600000000000001        4.5600000000000005        17822.003611279695     
   12.600000000000001        4.6399999999999997        15324.256388178739     
   12.600000000000001        4.7199999999999998        13146.306277482045     
   12.600000000000001        4.7999999999999998        11244.581566653129     
   12.600000000000001        4.8799999999999999        9615.8833208214710     
   12.600000000000001        4.9600000000000000        8193.3063611860744     
   12.600000000000001        5.0400000000000000        6983.7864015048863     
   12.600000000000001        5.1200000000000001        5926.7672965329648     
   12.600000000000001        5.2000000000000002        5034.5333311396880     
   12.600000000000001        5.2800000000000002        4265.2730474016944     
   12.600000000000001        5.3600000000000003        3600.3937449057216     
   12.600000000000001        5.4399999999999995        3038.3083095396751     
   12.600000000000001        5.5199999999999996        2552.1131109715684     
   12.600000000000001        5.5999999999999996        2144.1296309774484     
   12.600000000000001        5.6799999999999997        1790.9597858936497     
   12.600000000000001        5.7599999999999998        1496.8647980525711     
   12.600000000000001        5.8399999999999999        1246.1270175504069     
   12.600000000000001        5.9199999999999999        1031.6555743985875     
   12.600000000000001        6.0000000000000000        852.85207613768205     
   12.600000000000001        6.0800000000000001        699.85142942229857     
   12.600000000000001        6.1600000000000001        573.40223560626544     
   12.600000000000001        6.2400000000000002        466.66784103982314     
   12.600000000000001        6.3200000000000003        376.60597692782858     
   12.600000000000001        6.4000000000000004        302.18328045242299     
   12.600000000000001        6.4800000000000004        239.43729657188106     
   12.600000000000001        6.5600000000000005        188.15323862816024     
   12.600000000000001        6.6400000000000006        144.98794697949145     
   12.600000000000001        6.7200000000000006        110.15146647423565     
   12.600000000000001        6.7999999999999998        81.387958668309182     
   12.600000000000001        6.8799999999999999        57.675367937636175     
   12.600000000000001        6.9600000000000000        38.681093295078277     
   12.600000000000001        7.0400000000000000        23.125493167603835     
   12.600000000000001        7.1200000000000001        10.924049164094662     
   12.600000000000001        7.2000000000000002        1.0381563062988906     
   12.600000000000001        7.2799999999999994       -6.4944555326499716     
   12.600000000000001        7.3599999999999994       -12.354414071685893     
   12.600000000000001        7.4399999999999995       -16.856442915189731     
   12.600000000000001        7.5199999999999996       -20.107885279962399     
   12.600000000000001        7.5999999999999996       -22.479666784098161     
   12.600000000000001        7.6799999999999997       -24.011267650380127     
   12.600000000000001        7.7599999999999998       -24.986580653904831     
   12.600000000000001        7.8399999999999999       -25.414141072468002     
   12.600000000000001        7.9199999999999999       -25.472467024599297     
   12.600000000000001        8.0000000000000000       -25.246746046702214     
   12.600000000000001        8.0800000000000001       -24.773892499168586     
   12.600000000000001        8.1600000000000001       -24.141881916784580     
   12.600000000000001        8.2400000000000002       -23.372080408386157     
   12.600000000000001        8.3200000000000003       -22.523027410510270     
   12.600000000000001        8.4000000000000004       -21.610116402575649     
   12.600000000000001        8.4800000000000004       -20.666665916166743     
   12.600000000000001        8.5599999999999987       -19.709994024955762     
   12.600000000000001        8.6400000000000006       -18.754639351110015     
   12.600000000000001        8.7199999999999989       -17.810568520589495     
   12.600000000000001        8.8000000000000007       -16.890272662776226     
   12.600000000000001        8.8799999999999990       -15.997304512150960     
   12.600000000000001        8.9600000000000009       -15.135255322087531     
   12.600000000000001        9.0399999999999991       -14.310767105748488     
   12.600000000000001        9.1200000000000010       -13.521007269561141     
   12.600000000000001        9.1999999999999993       -12.772814157643548     
   12.600000000000001        9.2800000000000011       -12.059481991641899     
   12.600000000000001        9.3599999999999994       -11.388553183693093     
   12.600000000000001        9.4400000000000013       -10.753901927662083     
   12.600000000000001        9.5199999999999996       -10.153787670076866     
   12.600000000000001        9.5999999999999996       -9.5909043246629633     
   12.600000000000001        9.6799999999999997       -9.0590554229873455     
   12.600000000000001        9.7599999999999998       -8.5620065291036731     
   12.600000000000001        9.8399999999999999       -8.0922745592114449     
   12.600000000000001        9.9199999999999999       -7.6545033181958386     
   12.600000000000001        10.000000000000000       -7.2428901863668296     
   12.600000000000001        10.080000000000000       -6.8553480122633816     
   12.600000000000001        10.160000000000000       -6.4933344717840482     
   12.600000000000001        10.240000000000000       -6.1519430289516812     
   12.600000000000001        10.320000000000000       -5.8334797683735244     
   12.600000000000001        10.400000000000000       -5.5325777855346283     
   12.600000000000001        10.480000000000000       -5.2521607096798935     
   12.600000000000001        10.559999999999999       -4.9882548452354394     
   12.600000000000001        10.640000000000001       -4.7393527723212738     
   12.600000000000001        10.719999999999999       -4.5064174761514222     
   12.600000000000001        10.800000000000001       -4.2861861065188709     
   12.600000000000001        10.879999999999999       -4.0801660272474862     
   12.600000000000001        10.960000000000001       -3.8848934063079517     
   12.600000000000001        11.039999999999999       -3.7022619505159602     
   12.600000000000001        11.120000000000001       -3.5297643155140048     
   12.600000000000001        11.199999999999999       -3.3664295446431831     
   12.600000000000001        11.280000000000001       -3.2129525140967514     
   12.600000000000001        11.359999999999999       -3.0672498886885973     
   12.600000000000001        11.440000000000001       -2.9303500473631523     
   12.600000000000001        11.520000000000000       -2.8006586009735619     
   12.600000000000001        11.600000000000000       -2.6776326653393978     
   12.600000000000001        11.680000000000000       -2.5615125636762781     
   12.600000000000001        11.760000000000000       -2.4510808277477514     
   12.600000000000001        11.840000000000000       -2.3468554863756248     
   12.600000000000001        11.920000000000000       -2.2474944632685303     
   12.600000000000001        12.000000000000000       -2.1537219369055292     
   14.400000000000002        4.0000000000000000        45512.641915095257     
   14.400000000000002        4.0800000000000001        39648.513764290365     
   14.400000000000002        4.1600000000000001        34453.431089372381     
   14.400000000000002        4.2400000000000002        29852.608973903018     
   14.400000000000002        4.3200000000000003        25847.034226895430     
   14.400000000000002        4.4000000000000004        22304.768949610458     
   14.400000000000002        4.4800000000000004        19246.280569935359     
   14.400000000000002        4.5600000000000005        16543.580720771177     
   14.400000000000002        4.6399999999999997        14228.402585822334     
   14.400000000000002        4.7199999999999998        12208.654964237461     
   14.400000000000002        4.7999999999999998        10444.295063528087     
   14.400000000000002        4.8799999999999999        8932.5714079770969     
   14.400000000000002        4.9600000000000000        7611.7108476599642     
   14.400000000000002        5.0400000000000000        6488.2690564232480     
   14.400000000000002        5.1200000000000001        5506.2153203188745     
   14.400000000000002        5.2000000000000002        4677.0251467196376     
   14.400000000000002        5.2800000000000002        3961.9700614862645     
   14.400000000000002        5.3600000000000003        3343.8326541389820     
   14.400000000000002        5.4399999999999995        2821.1780401033561     
   14.400000000000002        5.5199999999999996        2369.0408535805996     
   14.400000000000002        5.5999999999999996        1989.6025252823795     
   14.400000000000002        5.6799999999999997        1661.1283708073547     
   14.400000000000002        5.7599999999999998        1387.5952368348019     
   14.400000000000002        5.8399999999999999        1154.3948582593307     
   14.400000000000002        5.9199999999999999        954.93698926593129     
   14.400000000000002        6.0000000000000000        788.67052489092271     
   14.400000000000002        6.0800000000000001        646.41858720626215     
   14.400000000000002        6.1600000000000001        528.88068082298457     
   14.400000000000002        6.2400000000000002        429.69478179698973     
   14.400000000000002        6.3200000000000003        346.02963337120531     
   14.400000000000002        6.4000000000000004        276.92353935891043     
   14.400000000000002        6.4800000000000004        218.68758405741710     
   14.400000000000002        6.5600000000000005        171.12128878525380     
   14.400000000000002        6.6400000000000006        131.11197598228975     
   14.400000000000002        6.7200000000000006        98.854133820157514     
   14.400000000000002        6.7999999999999998        72.247282907949412     
   14.400000000000002        6.8799999999999999        50.339427634565403     
   14.400000000000002        6.9600000000000000        32.819917364016376     
   14.400000000000002        7.0400000000000000        18.497551904078524     
   14.400000000000002        7.1200000000000001        7.2924300947798510     
   14.400000000000002        7.2000000000000002       -1.7617080790960837     
   14.400000000000002        7.2799999999999994       -8.6311804794157894     
   14.400000000000002        7.3599999999999994       -13.949013411137804     
   14.400000000000002        7.4399999999999995       -18.008153559553669     
   14.400000000000002        7.5199999999999996       -20.909308828711840     
   14.400000000000002        7.5999999999999996       -22.996918688897306     
   14.400000000000002        7.6799999999999997       -24.308707245115681     
   14.400000000000002        7.7599999999999998       -25.107724750542829     
   14.400000000000002        7.8399999999999999       -25.403067337266855     
   14.400000000000002        7.9199999999999999       -25.359936957288205     
   14.400000000000002        8.0000000000000000       -25.057323675953139     
   14.400000000000002        8.0800000000000001       -24.530093578044252     
   14.400000000000002        8.1600000000000001       -23.859160960891952     
   14.400000000000002        8.2400000000000002       -23.065086378101405     
   14.400000000000002        8.3200000000000003       -22.201203684376097     
   14.400000000000002        8.4000000000000004       -21.282647716896207     
   14.400000000000002        8.4800000000000004       -20.339562839094363     
   14.400000000000002        8.5599999999999987       -19.387748458480822     
   14.400000000000002        8.6400000000000006       -18.441064868985762     
   14.400000000000002        8.7199999999999989       -17.508000097463075     
   14.400000000000002        8.8000000000000007       -16.600630270120728     
   14.400000000000002        8.8799999999999990       -15.721641485117098     
   14.400000000000002        8.9600000000000009       -14.874171081503803     
   14.400000000000002        9.0399999999999991       -14.064514156607792     
   14.400000000000002        9.1200000000000010       -13.289539200548550     
   14.400000000000002        9.1999999999999993       -12.555831042583378     
   14.400000000000002        9.2800000000000011       -11.856592173249808     
   14.400000000000002        9.3599999999999994       -11.199142393624580     
   14.400000000000002        9.4400000000000013       -10.577355889310605     
   14.400000000000002        9.5199999999999996       -9.9894638807669711     
   14.400000000000002        9.5999999999999996       -9.4380570403865924     
   14.400000000000002        9.6799999999999997       -8.9170299073233608     
   14.400000000000002        9.7599999999999998       -8.4300387947404580     
   14.400000000000002        9.8399999999999999       -7.9697482856016721     
   14.400000000000002        9.9199999999999999       -7.5406820454147985     
   14.400000000000002        10.000000000000000       -7.1371625291775134     
   14.400000000000002        10.080000000000000       -6.7571469406416620     
   14.400000000000002        10.160000000000000       -6.4020559530033037     
   14.400000000000002        10.240000000000000       -6.0670986692495674     
   14.400000000000002        10.320000000000000       -5.7545278692537813     
   14.400000000000002        10.400000000000000       -5.4591053064924679     
   14.400000000000002        10.480000000000000       -5.1836895733445179     
   14.400000000000002        10.559999999999999       -4.9244034787290758     
   14.400000000000002        10.640000000000001       -4.6797779509605322     
   14.400000000000002        10.719999999999999       -4.4507586746682106     
   14.400000000000002        10.800000000000001       -4.2341603558150780     
   14.400000000000002        10.879999999999999       -4.0314618557001918     
   14.400000000000002        10.960000000000001       -3.8392789139957633     
   14.400000000000002        11.039999999999999       -3.6594694892268516     
   14.400000000000002        11.120000000000001       -3.4895834932627325     
   14.400000000000002        11.199999999999999       -3.3286734610006019     
   14.400000000000002        11.280000000000001       -3.1774242157633594     
   14.400000000000002        11.359999999999999       -3.0337971206509202     
   14.400000000000002        11.440000000000001       -2.8988042223919210     
   14.400000000000002        11.520000000000000       -2.7708847713974443     
   14.400000000000002        11.600000000000000       -2.6495085932780467     
   14.400000000000002        11.680000000000000       -2.5349144488596314     
   14.400000000000002        11.760000000000000       -2.4259089195422625     
   14.400000000000002        11.840000000000000       -2.3230034633326184     
   14.400000000000002        11.920000000000000       -2.2248807892364812     
   14.400000000000002        12.000000000000000       -2.1322551435649522     
   16.200000000000003        4.0000000000000000        41744.547701779877     
   16.200000000000003        4.0800000000000001        36389.393463538523     
   16.200000000000003        4.1600000000000001        31639.797742128183     
   16.200000000000003        4.2400000000000002        27429.236401811049     
   16.200000000000003        4.3200000000000003        23759.719126008025     
   16.200000000000003        4.4000000000000004        20512.057388445060     
   16.200000000000003        4.4800000000000004        17705.595890641376     
   16.200000000000003        4.5600000000000005        15224.043741608320     
   16.200000000000003        4.6399999999999997        13096.836360056834     
   16.200000000000003        4.7199999999999998        11240.076515919054     
   16.200000000000003        4.7999999999999998        9617.3188112426269     
   16.200000000000003        4.8799999999999999        8226.2504197970975     
   16.200000000000003        4.9600000000000000        7010.3567713703924     
   16.200000000000003        5.0400000000000000        5975.7893871342867     
   16.200000000000003        5.1200000000000001        5071.1663120326975     
   16.200000000000003        5.2000000000000002        4307.1214597402786     
   16.200000000000003        5.2800000000000002        3648.0975163102694     
   16.200000000000003        5.3600000000000003        3078.2912687317730     
   16.200000000000003        5.4399999999999995        2596.4209139457462     
   16.200000000000003        5.5199999999999996        2179.5193081056204     
   16.200000000000003        5.5999999999999996        1829.6207020756042     
   16.200000000000003        5.6799999999999997        1526.7075232260529     
   16.200000000000003        5.7599999999999998        1274.4610728622254     
   16.200000000000003        5.8399999999999999        1059.4190960189997     
   16.200000000000003        5.9199999999999999        875.50845767842486     
   16.200000000000003        6.0000000000000000        722.22627808352877     
   16.200000000000003        6.0800000000000001        591.10747214915239     
   16.200000000000003        6.1600000000000001        482.80029813322994     
   16.200000000000003        6.2400000000000002        391.43386504342163     
   16.200000000000003        6.3200000000000003        314.39524691419285     
   16.200000000000003        6.4000000000000004        250.79680844869435     
   16.200000000000003        6.4800000000000004        197.23288502366512     
   16.200000000000003        6.5600000000000005        153.51773180581438     
   16.200000000000003        6.6400000000000006        116.77743071338463     
   16.200000000000003        6.7200000000000006        87.190307594511907     
   16.200000000000003        6.7999999999999998        62.816857932451335     
   16.200000000000003        6.8799999999999999        42.777682235795332     
   16.200000000000003        6.9600000000000000        26.784874697922476     
   16.200000000000003        7.0400000000000000        13.738896113537093     
   16.200000000000003        7.1200000000000001        3.5646376836098574     
   16.200000000000003        7.2000000000000002       -4.6291782997968509     
   16.200000000000003        7.2799999999999994       -10.813051171059431     
   16.200000000000003        7.3599999999999994       -15.570668988338776     
   16.200000000000003        7.4399999999999995       -19.172403449584575     
   16.200000000000003        7.5199999999999996       -21.712073567669123     
   16.200000000000003        7.5999999999999996       -23.506671203825938     
   16.200000000000003        7.6799999999999997       -24.592086521219926     
   16.200000000000003        7.7599999999999998       -25.209777704484214     
   16.200000000000003        7.8399999999999999       -25.369406302019868     
   16.200000000000003        7.9199999999999999       -25.222381839761137     
   16.200000000000003        8.0000000000000000       -24.841273218574123     
   16.200000000000003        8.0800000000000001       -24.258815863939091     
   16.200000000000003        8.1600000000000001       -23.548616814989806     
   16.200000000000003        8.2400000000000002       -22.730392165852173     
   16.200000000000003        8.3200000000000003       -21.852094973733553     
   16.200000000000003        8.4000000000000004       -20.928580917719056     
   16.200000000000003        8.4800000000000004       -19.986715721846640     
   16.200000000000003        8.5599999999999987       -19.040728897046392     
   16.200000000000003        8.6400000000000006       -18.103773221142557     
   16.200000000000003        8.7199999999999989       -17.182814762434475     
   16.200000000000003        8.8000000000000007       -16.289493546378122     
   16.200000000000003        8.8799999999999990       -15.425605815324364     
   16.200000000000003        8.9600000000000009       -14.593821273454591     
   16.200000000000003        9.0399999999999991       -13.800074073839024     
   16.200000000000003        9.1200000000000010       -13.040929568916741     
   16.200000000000003        9.1999999999999993       -12.322707060771370     
   16.200000000000003        9.2800000000000011       -11.638521389651221     
   16.200000000000003        9.3599999999999994       -10.995457836929821     
   16.200000000000003        9.4400000000000013       -10.387396227646430     
   16.200000000000003        9.5199999999999996       -9.8125405496076166     
   16.200000000000003        9.5999999999999996       -9.2733734921861259     
   16.200000000000003        9.6799999999999997       -8.7638883526521951     
   16.200000000000003        9.7599999999999998       -8.2876263490289865     
   16.200000000000003        9.8399999999999999       -7.8374099086030515     
   16.200000000000003        9.9199999999999999       -7.4176356775887191     
   16.200000000000003        10.000000000000000       -7.0227593085749485     
   16.200000000000003        10.080000000000000       -6.6507852812920261     
   16.200000000000003        10.160000000000000       -6.3030951477002315     
   16.200000000000003        10.240000000000000       -5.9750207132114035     
   16.200000000000003        10.320000000000000       -5.6687581990472360     
   16.200000000000003        10.400000000000000       -5.3792057697024251     
   16.200000000000003        10.480000000000000       -5.1091529058415137     
   16.200000000000003        10.559999999999999       -4.8548246833099471     
   16.200000000000003        10.640000000000001       -4.6147926076926549     
   16.200000000000003        10.719999999999999       -4.3899838213432796     
   16.200000000000003        10.800000000000001       -4.1772952670381231     
   16.200000000000003        10.879999999999999       -3.9781753194845044     
   16.200000000000003        10.960000000000001       -3.7893241889435321     
   16.200000000000003        11.039999999999999       -3.6125615913897260     
   16.200000000000003        11.120000000000001       -3.4454982310339930     
   16.200000000000003        11.199999999999999       -3.2872115339761154     
   16.200000000000003        11.280000000000001       -3.1383754254393201     
   16.200000000000003        11.359999999999999       -2.9969988366534821     
   16.200000000000003        11.440000000000001       -2.8640761967112440     
   16.200000000000003        11.520000000000000       -2.7380825782920262     
   16.200000000000003        11.600000000000000       -2.6185012884178578     
   16.200000000000003        11.680000000000000       -2.5055692760562676     
   16.200000000000003        11.760000000000000       -2.3981188014504018     
   16.200000000000003        11.840000000000000       -2.2966541413902903     
   16.200000000000003        11.920000000000000       -2.1998845470886170     
   16.200000000000003        12.000000000000000       -2.1085134625798196     
   18.000000000000000        4.0000000000000000        37961.936484028236     
   18.000000000000000        4.0800000000000001        33114.887034174091     
   18.000000000000000        4.1600000000000001        28810.618564878663     
   18.000000000000000        4.2400000000000002        24990.655165355412     
   18.000000000000000        4.3200000000000003        21657.903442978506     
   18.000000000000000        4.4000000000000004        18705.758941106928     
   18.000000000000000        4.4800000000000004        16152.373211038966     
   18.000000000000000        4.5600000000000005        13893.068760420796     
   18.000000000000000        4.6399999999999997        11954.937323077193     
   18.000000000000000        4.7199999999999998        10262.240393317188     
   18.000000000000000        4.7999999999999998        8782.1110166686449     
   18.000000000000000        4.8799999999999999        7512.6529966199532     
   18.000000000000000        4.9600000000000000        6402.6129953686441     
   18.000000000000000        5.0400000000000000        5457.7216352992627     
   18.000000000000000        5.1200000000000001        4631.2612169653476     
   18.000000000000000        5.2000000000000002        3933.0091779265108     
   18.000000000000000        5.2800000000000002        3330.5945853149519     
   18.000000000000000        5.3600000000000003        2809.6347293904023     
   18.000000000000000        5.4399999999999995        2368.9976928161623     
   18.000000000000000        5.5199999999999996        1987.7292057344184     
   18.000000000000000        5.5999999999999996        1667.7121233902105     
   18.000000000000000        5.6799999999999997        1390.6611032166154     
   18.000000000000000        5.7599999999999998        1159.9570690064991     
   18.000000000000000        5.8399999999999999        963.29476351709457     
   18.000000000000000        5.9199999999999999        795.12307345210661     
   18.000000000000000        6.0000000000000000        654.98710469972616     
   18.000000000000000        6.0800000000000001        535.14135048212347     
   18.000000000000000        6.1600000000000001        436.18173517806656     
   18.000000000000000        6.2400000000000002        352.73414549812912     
   18.000000000000000        6.3200000000000003        282.40647468117061     
   18.000000000000000        6.4000000000000004        224.38588887581884     
   18.000000000000000        6.4800000000000004        175.55345601082499     
   18.000000000000000        6.5600000000000005        135.73825310508988     
   18.000000000000000        6.6400000000000006        102.30816287990706     
   18.000000000000000        6.7200000000000006        75.425089676409783     
   18.000000000000000        6.7999999999999998        53.312595569261113     
   18.000000000000000        6.8799999999999999        35.164824640664072     
   18.000000000000000        6.9600000000000000        20.716912710806188     
   18.000000000000000        7.0400000000000000        8.9621984517699484     
   18.000000000000000        7.1200000000000001      -0.16956274290555473     
   18.000000000000000        7.2000000000000002       -7.4936665795637678     
   18.000000000000000        7.2799999999999994       -12.984833536917813     
   18.000000000000000        7.3599999999999994       -17.176753843450967     
   18.000000000000000        7.4399999999999995       -20.316918324534871     
   18.000000000000000        7.5199999999999996       -22.492151587545745     
   18.000000000000000        7.5999999999999996       -23.991636648791317     
   18.000000000000000        7.6799999999999997       -24.849389076718499     
   18.000000000000000        7.7599999999999998       -25.284999027474353     
   18.000000000000000        7.8399999999999999       -25.308682304076136     
   18.000000000000000        7.9199999999999999       -25.057882763131023     
   18.000000000000000        8.0000000000000000       -24.598665058054351     
   18.000000000000000        8.0800000000000001       -23.961596364837018     
   18.000000000000000        8.1600000000000001       -23.212892349657746     
   18.000000000000000        8.2400000000000002       -22.371402027549497     
   18.000000000000000        8.3200000000000003       -21.479643003511363     
   18.000000000000000        8.4000000000000004       -20.552174854353591     
   18.000000000000000        8.4800000000000004       -19.612554161660512     
   18.000000000000000        8.5599999999999987       -18.673424431365842     
   18.000000000000000        8.6400000000000006       -17.747216105357303     
   18.000000000000000        8.7199999999999989       -16.839365467004114     
   18.000000000000000        8.8000000000000007       -15.961063438063720     
   18.000000000000000        8.8799999999999990       -15.113214458037877     
   18.000000000000000        8.9600000000000009       -14.298017683465250     
   18.000000000000000        9.0399999999999991       -13.521039801709138     
   18.000000000000000        9.1200000000000010       -12.778546932103156     
   18.000000000000000        9.1999999999999993       -12.076585942115242     
   18.000000000000000        9.2800000000000011       -11.408191727885841     
   18.000000000000000        9.3599999999999994       -10.780207330668283     
   18.000000000000000        9.4400000000000013       -10.186525051378648     
   18.000000000000000        9.5199999999999996       -9.6253236943242246     
   18.000000000000000        9.5999999999999996       -9.0989753260492865     
   18.000000000000000        9.6799999999999997       -8.6015786455366978     
   18.000000000000000        9.7599999999999998       -8.1365559800587786     
   18.000000000000000        9.8399999999999999       -7.6968954814758286     
   18.000000000000000        9.9199999999999999       -7.2868620535732394     
   18.000000000000000        10.000000000000000       -6.9010506196916959     
   18.000000000000000        10.080000000000000       -6.5375151368501054     
   18.000000000000000        10.160000000000000       -6.1975965798336912     
   18.000000000000000        10.240000000000000       -5.8767545334924920     
   18.000000000000000        10.320000000000000       -5.5771263199491967     
   18.000000000000000        10.400000000000000       -5.2937520371720739     
   18.000000000000000        10.480000000000000       -5.0293490725457044     
   18.000000000000000        10.559999999999999       -4.7802488477031035     
   18.000000000000000        10.640000000000001       -4.5450649928888440     
   18.000000000000000        10.719999999999999       -4.3247051244555914     
   18.000000000000000        10.800000000000001       -4.1161517608037794     
   18.000000000000000        10.879999999999999       -3.9208212443963579     
   18.000000000000000        10.960000000000001       -3.7355017986286110     
   18.000000000000000        11.039999999999999       -3.5619729517283245     
   18.000000000000000        11.120000000000001       -3.3979087629478864     
   18.000000000000000        11.199999999999999       -3.2424125394922823     
   18.000000000000000        11.280000000000001       -3.0961465885499400     
   18.000000000000000        11.359999999999999       -2.9571695419319108     
   18.000000000000000        11.440000000000001       -2.8264571472661197     
   18.000000000000000        11.520000000000000       -2.7025219320358107     
   18.000000000000000        11.600000000000000       -2.5848612378055162     
   18.000000000000000        11.680000000000000       -2.4737099480893869     
   18.000000000000000        11.760000000000000       -2.3679272518036028     
   18.000000000000000        11.840000000000000       -2.2680097047886232     
   18.000000000000000        11.920000000000000       -2.1726944820229219     
   18.000000000000000        12.000000000000000       -2.0826734725535334     
   19.799999999999997        4.0000000000000000        34234.735538531138     
   19.799999999999997        4.0800000000000001        29885.320404299517     
   19.799999999999997        4.1600000000000001        26017.847760883968     
   19.799999999999997        4.2400000000000002        22581.511200662717     
   19.799999999999997        4.3200000000000003        19579.962568469782     
   19.799999999999997        4.4000000000000004        16918.768016775975     
   19.799999999999997        4.4800000000000004        14614.832904930696     
   19.799999999999997        4.5600000000000005        12574.784868103026     
   19.799999999999997        4.6399999999999997        10823.366727169481     
   19.799999999999997        4.7199999999999998        9292.8076328742227     
   19.799999999999997        4.7999999999999998        7953.7315099551197     
   19.799999999999997        4.8799999999999999        6804.6273083640235     
   19.799999999999997        4.9600000000000000        5799.4069295690451     
   19.799999999999997        5.0400000000000000        4943.3699911961276     
   19.799999999999997        5.1200000000000001        4194.3920690568693     
   19.799999999999997        5.2000000000000002        3561.3941923822545     
   19.799999999999997        5.2800000000000002        3015.1482986920259     
   19.799999999999997        5.3600000000000003        2542.6722630525874     
   19.799999999999997        5.4399999999999995        2142.9777813489591     
   19.799999999999997        5.5199999999999996        1797.1013976762479     
   19.799999999999997        5.5999999999999996        1506.7728618140384     
   19.799999999999997        5.6799999999999997        1255.4227866911783     
   19.799999999999997        5.7599999999999998        1046.1321442216467     
   19.799999999999997        5.8399999999999999        867.74276608167042     
   19.799999999999997        5.9199999999999999        715.22103855560795     
   19.799999999999997        6.0000000000000000        588.15888565153796     
   19.799999999999997        6.0800000000000001        479.52524859144728     
   19.799999999999997        6.1600000000000001        389.86352261144839     
   19.799999999999997        6.2400000000000002        314.29312356248619     
   19.799999999999997        6.3200000000000003        250.64129704806379     
   19.799999999999997        6.4000000000000004        198.16940168562496     
   19.799999999999997        6.4800000000000004        154.04360662293243     
   19.799999999999997        6.5600000000000005        118.10762565530787     
   19.799999999999997        6.6400000000000006        87.969881992930524     
   19.799999999999997        6.7200000000000006        63.775886450131900     
   19.799999999999997        6.7999999999999998        43.911462451683853     
   19.799999999999997        6.8799999999999999        27.643939067029688     
   19.799999999999997        6.9600000000000000        14.731381599136480     
   19.799999999999997        7.0400000000000000        4.2595760214047562     
   19.799999999999997        7.1200000000000001       -3.8368712509906864     
   19.799999999999997        7.2000000000000002       -10.297621679309318     
   19.799999999999997        7.2799999999999994       -15.101579431478019     
   19.799999999999997        7.3599999999999994       -18.732663774908158     
   19.799999999999997        7.4399999999999995       -21.415583872993608     
   19.799999999999997        7.5199999999999996       -23.230186519335938     
   19.799999999999997        7.5999999999999996       -24.437978462889067     
   19.799999999999997        7.6799999999999997       -25.071090922343238     
   19.799999999999997        7.7599999999999998       -25.327359523646479     
   19.799999999999997        7.8399999999999999       -25.217530566934332     
   19.799999999999997        7.9199999999999999       -24.865158113856836     
   19.799999999999997        8.0000000000000000       -24.329835122793597     
   19.799999999999997        8.0800000000000001       -23.639959929975586     
   19.799999999999997        8.1600000000000001       -22.854405673750346     
   19.799999999999997        8.2400000000000002       -21.991145238542387     
   19.799999999999997        8.3200000000000003       -21.087305005975477     
   19.799999999999997        8.4000000000000004       -20.157134633368617     
   19.799999999999997        8.4800000000000004       -19.220911675066247     
   19.799999999999997        8.5599999999999987       -18.289706323005372     
   19.799999999999997        8.6400000000000006       -17.375223740008593     
   19.799999999999997        8.7199999999999989       -16.481391626739189     
   19.799999999999997        8.8000000000000007       -15.618945536560568     
   19.799999999999997        8.8799999999999990       -14.787913500913234     
   19.799999999999997        8.9600000000000009       -13.990030045824586     
   19.799999999999997        9.0399999999999991       -13.230494051568671     
   19.799999999999997        9.1200000000000010       -12.505282878589501     
   19.799999999999997        9.1999999999999993       -11.820168278117372     
   19.799999999999997        9.2800000000000011       -11.168115773616330     
   19.799999999999997        9.3599999999999994       -10.555721932153149     
   19.799999999999997        9.4400000000000013       -9.9768992588143650     
   19.799999999999997        9.5199999999999996       -9.4298042583321031     
   19.799999999999997        9.5999999999999996       -8.9166974690026013     
   19.799999999999997        9.6799999999999997       -8.4317886634225658     
   19.799999999999997        9.7599999999999998       -7.9783791853984871     
   19.799999999999997        9.8399999999999999       -7.5496288404410041     
   19.799999999999997        9.9199999999999999       -7.1496678670523748     
   19.799999999999997        10.000000000000000       -6.7732348022226354     
   19.799999999999997        10.080000000000000       -6.4184346731206086     
   19.799999999999997        10.160000000000000       -6.0865669738660646     
   19.799999999999997        10.240000000000000       -5.7732224786611166     
   19.799999999999997        10.320000000000000       -5.4804780357771321     
   19.799999999999997        10.400000000000000       -5.2035193297129991     
   19.799999999999997        10.480000000000000       -4.9449895916517699     
   19.799999999999997        10.559999999999999       -4.7013292581310671     
   19.799999999999997        10.640000000000001       -4.4711950617891176     
   19.799999999999997        10.719999999999999       -4.2554743291353567     
   19.799999999999997        10.800000000000001       -4.0512373687501002     
   19.799999999999997        10.879999999999999       -3.8598673177085621     
   19.799999999999997        10.960000000000001       -3.6782428168900378     
   19.799999999999997        11.039999999999999       -3.5081017283673250     
   19.799999999999997        11.120000000000001       -3.3471832121418683     
   19.799999999999997        11.199999999999999       -3.1946171036326412     
   19.799999999999997        11.280000000000001       -3.0510534820053037     
   19.799999999999997        11.359999999999999       -2.9146021909775310     
   19.799999999999997        11.440000000000001       -2.7862194248366374     
   19.799999999999997        11.520000000000000       -2.6644563345183836     
   19.799999999999997        11.600000000000000       -2.5488246662681466     
   19.799999999999997        11.680000000000000       -2.4395569844923468     
   19.799999999999997        11.760000000000000       -2.3355403352062805     
   19.799999999999997        11.840000000000000       -2.2372630774325932     
   19.799999999999997        11.920000000000000       -2.1434913716282389     
   19.799999999999997        12.000000000000000       -2.0549049033981563     
   21.600000000000001        4.0000000000000000        30657.494955081787     
   21.600000000000001        4.0800000000000001        26782.300623860880     
   21.600000000000001        4.1600000000000001        23331.798765175379     
   21.600000000000001        4.2400000000000002        20262.252461395921     
   21.600000000000001        4.3200000000000003        17577.874109210072     
   21.600000000000001        4.4000000000000004        15195.654428880931     
   21.600000000000001        4.4800000000000004        13131.223959900373     
   21.600000000000001        4.5600000000000005        11301.905834601046     
   21.600000000000001        4.6399999999999997        9730.1442606747150     
   21.600000000000001        4.7199999999999998        8355.7352060412850     
   21.600000000000001        4.7999999999999998        7152.6135870935950     
   21.600000000000001        4.8799999999999999        6119.6095447144171     
   21.600000000000001        4.9600000000000000        5215.5710882400963     
   21.600000000000001        5.0400000000000000        4445.3659091302943     
   21.600000000000001        5.1200000000000001        3771.2749861047928     
   21.600000000000001        5.2000000000000002        3201.3833799624158     
   21.600000000000001        5.2800000000000002        2709.4829367370694     
   21.600000000000001        5.3600000000000003        2283.9367286735283     
   21.600000000000001        5.4399999999999995        1923.8896839639294     
   21.600000000000001        5.5199999999999996        1612.2973682674424     
   21.600000000000001        5.5999999999999996        1350.7381541954544     
   21.600000000000001        5.6799999999999997        1124.2997742232792     
   21.600000000000001        5.7599999999999998        935.77083372467291     
   21.600000000000001        5.8399999999999999        775.10200152717903     
   21.600000000000001        5.9199999999999999        637.75984753364310     
   21.600000000000001        6.0000000000000000        523.38069796667969     
   21.600000000000001        6.0800000000000001        425.62527980823739     
   21.600000000000001        6.1600000000000001        344.98548305813307     
   21.600000000000001        6.2400000000000002        277.05892844733768     
   21.600000000000001        6.3200000000000003        219.88537694146154     
   21.600000000000001        6.4000000000000004        172.79794015310961     
   21.600000000000001        6.4800000000000004        133.23931136784279     
   21.600000000000001        6.5600000000000005        101.06728689957819     
   21.600000000000001        6.6400000000000006        74.123724594121555     
   21.600000000000001        6.7200000000000006        52.538161228724228     
   21.600000000000001        6.7999999999999998        34.853938954219565     
   21.600000000000001        6.8799999999999999        20.409438171166787     
   21.600000000000001        6.9600000000000000        8.9849859791320696     
   21.600000000000001        7.0400000000000000      -0.24385463101614432     
   21.600000000000001        7.1200000000000001       -7.3377547385965025     
   21.600000000000001        7.2000000000000002       -12.962921408292162     
   21.600000000000001        7.2799999999999994       -17.102300059177267     
   21.600000000000001        7.3599999999999994       -20.191471246727929     
   21.600000000000001        7.4399999999999995       -22.433012537486590     
   21.600000000000001        7.5199999999999996       -23.899975548893394     
   21.600000000000001        7.5999999999999996       -24.826994875949826     
   21.600000000000001        7.6799999999999997       -25.244349676142342     
   21.600000000000001        7.7599999999999998       -25.328764172871942     
   21.600000000000001        7.8399999999999999       -25.091474320904208     
   21.600000000000001        7.9199999999999999       -24.642559042375062     
   21.600000000000001        8.0000000000000000       -24.035329417843812     
   21.600000000000001        8.0800000000000001       -23.296064706034254     
   21.600000000000001        8.1600000000000001       -22.476525160806457     
   21.600000000000001        8.2400000000000002       -21.593816977953917     
   21.600000000000001        8.3200000000000003       -20.679853983791485     
   21.600000000000001        8.4000000000000004       -19.748566399484801     
   21.600000000000001        8.4800000000000004       -18.817065273840530     
   21.600000000000001        8.5599999999999987       -17.894899332347212     
   21.600000000000001        8.6400000000000006       -16.993061690990267     
   21.600000000000001        8.7199999999999989       -16.114032110621917     
   21.600000000000001        8.8000000000000007       -15.268093704418234     
   21.600000000000001        8.8799999999999990       -14.454437043706681     
   21.600000000000001        8.9600000000000009       -13.674349940233322     
   21.600000000000001        9.0399999999999991       -12.932671539250586     
   21.600000000000001        9.1200000000000010       -12.225109823656435     
   21.600000000000001        9.1999999999999993       -11.557164508192912     
   21.600000000000001        9.2800000000000011       -10.921746179476520     
   21.600000000000001        9.3599999999999994       -10.325205456445662     
   21.600000000000001        9.4400000000000013       -9.7614839644861391     
   21.600000000000001        9.5199999999999996       -9.2287199192496878     
   21.600000000000001        9.5999999999999996       -8.7290637894044210     
   21.600000000000001        9.6799999999999997       -8.2568407511347868     
   21.600000000000001        9.7599999999999998       -7.8152313972801348     
   21.600000000000001        9.8399999999999999       -7.3975704399461462     
   21.600000000000001        9.9199999999999999       -7.0078529901078950     
   21.600000000000001        10.000000000000000       -6.6409631712596591     
   21.600000000000001        10.080000000000000       -6.2950578399449775     
   21.600000000000001        10.160000000000000       -5.9713948612616550     
   21.600000000000001        10.240000000000000       -5.6656973277543861     
   21.600000000000001        10.320000000000000       -5.3799810867923288     
   21.600000000000001        10.400000000000000       -5.1095785053099334     
   21.600000000000001        10.480000000000000       -4.8570578529362729     
   21.600000000000001        10.559999999999999       -4.6189693221255430     
   21.600000000000001        10.640000000000001       -4.3940129468761029     
   21.600000000000001        10.719999999999999       -4.1830553019529164     
   21.600000000000001        10.800000000000001       -3.9832551627207633     
   21.600000000000001        10.879999999999999       -3.7959617988232282     
   21.600000000000001        10.960000000000001       -3.6181451153874225     
   21.600000000000001        11.039999999999999       -3.4515004704003918     
   21.600000000000001        11.120000000000001       -3.2938327522189224     
   21.600000000000001        11.199999999999999       -3.1442985027426795     
   21.600000000000001        11.280000000000001       -3.0035351148776797     
   21.600000000000001        11.359999999999999       -2.8697043048926596     
   21.600000000000001        11.440000000000001       -2.7437421061316920     
   21.600000000000001        11.520000000000000       -2.6242388261628786     
   21.600000000000001        11.600000000000000       -2.5107207356802244     
   21.600000000000001        11.680000000000000       -2.4034178271057565     
   21.600000000000001        11.760000000000000       -2.3012454912891247     
   21.600000000000001        11.840000000000000       -2.2046835031170553     
   21.600000000000001        11.920000000000000       -2.1125276312150820     
   21.600000000000001        12.000000000000000       -2.0254448534090841     
   23.400000000000002        4.0000000000000000        27267.615858323876     
   23.400000000000002        4.0800000000000001        23838.425816142026     
   23.400000000000002        4.1600000000000001        20780.811598318804     
   23.400000000000002        4.2400000000000002        18057.446020122294     
   23.400000000000002        4.3200000000000003        15672.919121283976     
   23.400000000000002        4.4000000000000004        13554.792764143853     
   23.400000000000002        4.4800000000000004        11717.411225064143     
   23.400000000000002        4.5600000000000005        10088.078739693692     
   23.400000000000002        4.6399999999999997        8687.0173733864631     
   23.400000000000002        4.7199999999999998        7461.1135083769614     
   23.400000000000002        4.7999999999999998        6387.4002797419325     
   23.400000000000002        4.8799999999999999        5465.0027650160464     
   23.400000000000002        4.9600000000000000        4657.4251929151633     
   23.400000000000002        5.0400000000000000        3969.1077180111993     
   23.400000000000002        5.1200000000000001        3366.5028331908516     
   23.400000000000002        5.2000000000000002        2856.8894078553008     
   23.400000000000002        5.2800000000000002        2416.9244413694610     
   23.400000000000002        5.3600000000000003        2036.2466719376298     
   23.400000000000002        5.4399999999999995        1714.1226574582354     
   23.400000000000002        5.5199999999999996        1435.3347381669762     
   23.400000000000002        5.5999999999999996        1201.3133881277729     
   23.400000000000002        5.6799999999999997        998.72684425618934     
   23.400000000000002        5.7599999999999998        830.08215909246485     
   23.400000000000002        5.8399999999999999        686.38864991350090     
   23.400000000000002        5.9199999999999999        563.59037060171943     
   23.400000000000002        6.0000000000000000        461.36518162338649     
   23.400000000000002        6.0800000000000001        374.03544743204435     
   23.400000000000002        6.1600000000000001        302.04315258313073     
   23.400000000000002        6.2400000000000002        241.44361337989358     
   23.400000000000002        6.3200000000000003        190.47996554767647     
   23.400000000000002        6.4000000000000004        148.55385999702892     
   23.400000000000002        6.4800000000000004        113.37293114311329     
   23.400000000000002        6.5600000000000005        84.808353971080436     
   23.400000000000002        6.6400000000000006        60.925774136522691     
   23.400000000000002        6.7200000000000006        41.839350387139881     
   23.400000000000002        6.7999999999999998        26.243485229205792     
   23.400000000000002        6.8799999999999999        13.544703051364802     
   23.400000000000002        6.9600000000000000        3.5446835725405745     
   23.400000000000002        7.0400000000000000       -4.4948823263916600     
   23.400000000000002        7.1200000000000001       -10.630122024875133     
   23.400000000000002        7.2000000000000002       -15.456769568162963     
   23.400000000000002        7.2799999999999994       -18.961623737810186     
   23.400000000000002        7.3599999999999994       -21.533886261141557     
   23.400000000000002        7.4399999999999995       -23.354894498926338     
   23.400000000000002        7.5199999999999996       -24.491160799990439     
   23.400000000000002        7.5999999999999996       -25.151545507858479     
   23.400000000000002        7.6799999999999997       -25.364527118197852     
   23.400000000000002        7.7599999999999998       -25.286592930584881     
   23.400000000000002        7.8399999999999999       -24.929421031828184     
   23.400000000000002        7.9199999999999999       -24.390177699084610     
   23.400000000000002        8.0000000000000000       -23.716150672407377     
   23.400000000000002        8.0800000000000001       -22.931572297413400     
   23.400000000000002        8.1600000000000001       -22.081398145428690     
   23.400000000000002        8.2400000000000002       -21.181885691042449     
   23.400000000000002        8.3200000000000003       -20.259972990761394     
   23.400000000000002        8.4000000000000004       -19.329263680375856     
   23.400000000000002        8.4800000000000004       -18.403850329469957     
   23.400000000000002        8.5599999999999987       -17.491828961021980     
   23.400000000000002        8.6400000000000006       -16.603501118603521     
   23.400000000000002        8.7199999999999989       -15.739976026294661     
   23.400000000000002        8.8000000000000007       -14.911091531924932     
   23.400000000000002        8.8799999999999990       -14.115249609712080     
   23.400000000000002        8.9600000000000009       -13.353314378746033     
   23.400000000000002        9.0399999999999991       -12.629777031358746     
   23.400000000000002        9.1200000000000010       -11.940099157319871     
   23.400000000000002        9.1999999999999993       -11.289514121604423     
   23.400000000000002        9.2800000000000011       -10.670893391521794     
   23.400000000000002        9.3599999999999994       -10.090344372617523     
   23.400000000000002        9.4400000000000013       -9.5418470162995099     
   23.400000000000002        9.5199999999999996       -9.0235256651550877     
   23.400000000000002        9.5999999999999996       -8.5374232346114152     
   23.400000000000002        9.6799999999999997       -8.0779838775784381     
   23.400000000000002        9.7599999999999998       -7.6482687431869723     
   23.400000000000002        9.8399999999999999       -7.2417893567873612     
   23.400000000000002        9.9199999999999999       -6.8624063973498890     
   23.400000000000002        10.000000000000000       -6.5051503829835244     
   23.400000000000002        10.080000000000000       -6.1682303465033339     
   23.400000000000002        10.160000000000000       -5.8528627298744587     
   23.400000000000002        10.240000000000000       -5.5549029767707108     
   23.400000000000002        10.320000000000000       -5.2763059085575561     
   23.400000000000002        10.400000000000000       -5.0125504478110692     
   23.400000000000002        10.480000000000000       -4.7661297054089200     
   23.400000000000002        10.559999999999999       -4.5337034518331256     
   23.400000000000002        10.640000000000001       -4.3140148533088798     
   23.400000000000002        10.719999999999999       -4.1079094251504280     
   23.400000000000002        10.800000000000001       -3.9126343511263748     
   23.400000000000002        10.879999999999999       -3.7295046291772338     
   23.400000000000002        10.960000000000001       -3.5555815263131594     
   23.400000000000002        11.039999999999999       -3.3925173820713832     
   23.400000000000002        11.120000000000001       -3.2381829025781563     
   23.400000000000002        11.199999999999999       -3.0917612916042243     
   23.400000000000002        11.280000000000001       -2.9538768827682742     
   23.400000000000002        11.359999999999999       -2.8227435103068768     
   23.400000000000002        11.440000000000001       -2.6992765813349546     
   23.400000000000002        11.520000000000000       -2.5821057818492363     
   23.400000000000002        11.600000000000000       -2.4707719071335763     
   23.400000000000002        11.680000000000000       -2.3655021336428326     
   23.400000000000002        11.760000000000000       -2.2652404649973028     
   23.400000000000002        11.840000000000000       -2.1704577586450986     
   23.400000000000002        11.920000000000000       -2.0799797905073194     
   23.400000000000002        12.000000000000000       -1.9944604099752559     
   25.200000000000003        4.0000000000000000        24109.346751973997     
   25.200000000000003        4.0800000000000001        21092.252981393580     
   25.200000000000003        4.1600000000000001        18398.399802886222     
   25.200000000000003        4.2400000000000002        15996.138392471028     
   25.200000000000003        4.3200000000000003        13890.255109878042     
   25.200000000000003        4.4000000000000004        12017.901724108724     
   25.200000000000003        4.4800000000000004        10392.144872585955     
   25.200000000000003        4.5600000000000005        8949.4311286346092     
   25.200000000000003        4.6399999999999997        7707.8677005035534     
   25.200000000000003        4.7199999999999998        6620.8653800077100     
   25.200000000000003        4.7999999999999998        5668.3037424752056     
   25.200000000000003        4.8799999999999999        4849.5537505334914     
   25.200000000000003        4.9600000000000000        4132.4358774934190     
   25.200000000000003        5.0400000000000000        3520.9733653788339     
   25.200000000000003        5.1200000000000001        2985.5019035440500     
   25.200000000000003        5.2000000000000002        2532.5349584174323     
   25.200000000000003        5.2800000000000002        2141.4023373866876     
   25.200000000000003        5.3600000000000003        1802.9321908277000     
   25.200000000000003        5.4399999999999995        1516.4996517757393     
   25.200000000000003        5.5199999999999996        1268.5974175231072     
   25.200000000000003        5.5999999999999996        1060.5136061426997     
   25.200000000000003        5.6799999999999997        880.39933980313856     
   25.200000000000003        5.7599999999999998        730.49474422457433     
   25.200000000000003        5.8399999999999999        602.80349597258351     
   25.200000000000003        5.9199999999999999        493.71807414298331     
   25.200000000000003        6.0000000000000000        402.95447199013500     
   25.200000000000003        6.0800000000000001        325.45770093889911     
   25.200000000000003        6.1600000000000001        261.62212102955749     
   25.200000000000003        6.2400000000000002        207.93411051054187     
   25.200000000000003        6.3200000000000003        162.82831859837017     
   25.200000000000003        6.4000000000000004        125.77080794597460     
   25.200000000000003        6.4800000000000004        94.719020293777845     
   25.200000000000003        6.5600000000000005        69.556629436033589     
   25.200000000000003        6.6400000000000006        48.560420018026036     
   25.200000000000003        6.7200000000000006        31.829977975312598     
   25.200000000000003        6.7999999999999998        18.202280563136885     
   25.200000000000003        6.8799999999999999        7.1481747351947744     
   25.200000000000003        6.9600000000000000       -1.5105014186572978     
   25.200000000000003        7.0400000000000000       -8.4307350931018821     
   25.200000000000003        7.1200000000000001       -13.664347950180209     
   25.200000000000003        7.2000000000000002       -17.740529878421796     
   25.200000000000003        7.2799999999999994       -20.649691197739802     
   25.200000000000003        7.3599999999999994       -22.737238496947743     
   25.200000000000003        7.4399999999999995       -24.164445628526828     
   25.200000000000003        7.5199999999999996       -24.991628150806964     
   25.200000000000003        7.5999999999999996       -25.403317495723709     
   25.200000000000003        7.6799999999999997       -25.426265457351949     
   25.200000000000003        7.7599999999999998       -25.197870538933312     
   25.200000000000003        7.8399999999999999       -24.730197521486641     
   25.200000000000003        7.9199999999999999       -24.108237424453264     
   25.200000000000003        8.0000000000000000       -23.373594487792960     
   25.200000000000003        8.0800000000000001       -22.548552827191507     
   25.200000000000003        8.1600000000000001       -21.671664479641862     
   25.200000000000003        8.2400000000000002       -20.758366281199319     
   25.200000000000003        8.3200000000000003       -19.830926059967364     
   25.200000000000003        8.4000000000000004       -18.902616558640325     
   25.200000000000003        8.4800000000000004       -17.984701897449433     
   25.200000000000003        8.5599999999999987       -17.083914181081994     
   25.200000000000003        8.6400000000000006       -16.209892455111554     
   25.200000000000003        8.7199999999999989       -15.362472621832623     
   25.200000000000003        8.8000000000000007       -14.551059501214505     
   25.200000000000003        8.8799999999999990       -13.773327047052531     
   25.200000000000003        8.9600000000000009       -13.029744747715235     
   25.200000000000003        9.0399999999999991       -12.324472033084934     
   25.200000000000003        9.1200000000000010       -11.652751324752668     
   25.200000000000003        9.1999999999999993       -11.019558433757650     
   25.200000000000003        9.2800000000000011       -10.417743127366576     
   25.200000000000003        9.3599999999999994       -9.8531749757187832     
   25.200000000000003        9.4400000000000013       -9.3198817771774465     
   25.200000000000003        9.5199999999999996       -8.8159788891950548     
   25.200000000000003        9.5999999999999996       -8.3434054530656869     
   25.200000000000003        9.6799999999999997       -7.8967272500905281     
   25.200000000000003        9.7599999999999998       -7.4788885807981194     
   25.200000000000003        9.8399999999999999       -7.0835780662277710     
   25.200000000000003        9.9199999999999999       -6.7145240388826188     
   25.200000000000003        10.000000000000000       -6.3669028172263280     
   25.200000000000003        10.080000000000000       -6.0389754607966584     
   25.200000000000003        10.160000000000000       -5.7319176200407567     
   25.200000000000003        10.240000000000000       -5.4417158046973295     
   25.200000000000003        10.320000000000000       -5.1702643890740116     
   25.200000000000003        10.400000000000000       -4.9131872548685624     
   25.200000000000003        10.480000000000000       -4.6729028892818860     
   25.200000000000003        10.559999999999999       -4.4461793585225529     
   25.200000000000003        10.640000000000001       -4.2318023498182136     
   25.200000000000003        10.719999999999999       -4.0305961978275908     
   25.200000000000003        10.800000000000001       -3.8398955525173335     
   25.200000000000003        10.879999999999999       -3.6609810471435478     
   25.200000000000003        10.960000000000001       -3.4910045068391478     
   25.200000000000003        11.039999999999999       -3.3315751289999400     
   25.200000000000003        11.120000000000001       -3.1806288792339186     
   25.200000000000003        11.199999999999999       -3.0373753105422159     
   25.200000000000003        11.280000000000001       -2.9024254276784913     
   25.200000000000003        11.359999999999999       -2.7740449280302708     
   25.200000000000003        11.440000000000001       -2.6531282995364549     
   25.200000000000003        11.520000000000000       -2.5383444531616557     
   25.200000000000003        11.600000000000000       -2.4292485649291304     
   25.200000000000003        11.680000000000000       -2.3260647625556361     
   25.200000000000003        11.760000000000000       -2.2277656652054780     
   25.200000000000003        11.840000000000000       -2.1348129452699429     
   25.200000000000003        11.920000000000000       -2.0460625151182144     
   25.200000000000003        12.000000000000000       -1.9621547765998937     
   27.000000000000000        4.0000000000000000        21222.509250273921     
   27.000000000000000        4.0800000000000001        18578.630177837164     
   27.000000000000000        4.1600000000000001        16214.971063390754     
   27.000000000000000        4.2400000000000002        14104.778461593785     
   27.000000000000000        4.3200000000000003        12252.861981691911     
   27.000000000000000        4.4000000000000004        10604.878279740617     
   27.000000000000000        4.4800000000000004        9172.6465019267380     
   27.000000000000000        4.5600000000000005        7900.8116231188706     
   27.000000000000000        4.6399999999999997        6805.5029460866199     
   27.000000000000000        4.7199999999999998        5846.0125223709783     
   27.000000000000000        4.7999999999999998        5004.7811990019281     
   27.000000000000000        4.8799999999999999        4281.3754887527493     
   27.000000000000000        4.9600000000000000        3647.5389812197873     
   27.000000000000000        5.0400000000000000        3106.8950295392287     
   27.000000000000000        5.1200000000000001        2633.3253487004658     
   27.000000000000000        5.2000000000000002        2232.6293028845598     
   27.000000000000000        5.2800000000000002        1886.5831803315366     
   27.000000000000000        5.3600000000000003        1587.1031972433877     
   27.000000000000000        5.4399999999999995        1333.6588969595173     
   27.000000000000000        5.5199999999999996        1114.3148057272740     
   27.000000000000000        5.5999999999999996        930.22427500746107     
   27.000000000000000        5.6799999999999997        770.90435159374545     
   27.000000000000000        5.7599999999999998        638.34648326298054     
   27.000000000000000        5.8399999999999999        525.47138778738156     
   27.000000000000000        5.9199999999999999        429.08503744177909     
   27.000000000000000        6.0000000000000000        348.93769978722753     
   27.000000000000000        6.0800000000000001        280.54982440042124     
   27.000000000000000        6.1600000000000001        224.27108809567753     
   27.000000000000000        6.2400000000000002        176.98659171903165     
   27.000000000000000        6.3200000000000003        137.30810334342485     
   27.000000000000000        6.4000000000000004        104.76112471018575     
   27.000000000000000        6.4800000000000004        77.534451475149751     
   27.000000000000000        6.5600000000000005        55.523217433854441     
   27.000000000000000        6.6400000000000006        37.199885105823533     
   27.000000000000000        6.7200000000000006        22.650472584936900     
   27.000000000000000        6.7999999999999998        10.844144931373616     
   27.000000000000000        6.8799999999999999        1.3113929222977314     
   27.000000000000000        6.9600000000000000       -6.1072480090888357     
   27.000000000000000        7.0400000000000000       -11.993335782675461     
   27.000000000000000        7.1200000000000001       -16.394679555145572     
   27.000000000000000        7.2000000000000002       -19.778744581874001     
   27.000000000000000        7.2799999999999994       -22.139260180995617     
   27.000000000000000        7.3599999999999994       -23.781008129818758     
   27.000000000000000        7.4399999999999995       -24.846643866293956     
   27.000000000000000        7.5199999999999996       -25.390710268366419     
   27.000000000000000        7.5999999999999996       -25.575181972542225     
   27.000000000000000        7.6799999999999997       -25.425179552964018     
   27.000000000000000        7.7599999999999998       -25.060418109005003     
   27.000000000000000        7.8399999999999999       -24.493286604876115     
   27.000000000000000        7.9199999999999999       -23.797502570511707     
   27.000000000000000        8.0000000000000000       -23.009403058108035     
   27.000000000000000        8.0800000000000001       -22.149447795927916     
   27.000000000000000        8.1600000000000001       -21.250273643022634     
   27.000000000000000        8.2400000000000002       -20.326534650991182     
   27.000000000000000        8.3200000000000003       -19.396198317496381     
   27.000000000000000        8.4000000000000004       -18.472205151919333     
   27.000000000000000        8.4800000000000004       -17.563220111417525     
   27.000000000000000        8.5599999999999987       -16.674718910522071     
   27.000000000000000        8.6400000000000006       -15.815715388689309     
   27.000000000000000        8.7199999999999989       -14.984887719801678     
   27.000000000000000        8.8000000000000007       -14.191224860286880     
   27.000000000000000        8.8799999999999990       -13.431744129701444     
   27.000000000000000        8.9600000000000009       -12.706555061429711     
   27.000000000000000        9.0399999999999991       -12.019505702194300     
   27.000000000000000        9.1200000000000010       -11.365650346630234     
   27.000000000000000        9.1999999999999993       -10.749719049744597     
   27.000000000000000        9.2800000000000011       -10.164558608954975     
   27.000000000000000        9.3599999999999994       -9.6158087274615873     
   27.000000000000000        9.4400000000000013       -9.0975547180031953     
   27.000000000000000        9.5199999999999996       -8.6079082314080626     
   27.000000000000000        9.5999999999999996       -8.1487096291758068     
   27.000000000000000        9.6799999999999997       -7.7146479867426052     
   27.000000000000000        9.7599999999999998       -7.3085546135205970     
   27.000000000000000        9.8399999999999999       -6.9242938513181924     
   27.000000000000000        9.9199999999999999       -6.5654651472856029     
   27.000000000000000        10.000000000000000       -6.2273886103310474     
   27.000000000000000        10.080000000000000       -5.9083766748653401     
   27.000000000000000        10.160000000000000       -5.6095652527870508     
   27.000000000000000        10.240000000000000       -5.3270693178875224     
   27.000000000000000        10.320000000000000       -5.0627239800566102     
   27.000000000000000        10.400000000000000       -4.8122950179316941     
   27.000000000000000        10.480000000000000       -4.5781275650259525     
   27.000000000000000        10.559999999999999       -4.3570956011474182     
   27.000000000000000        10.640000000000001       -4.1480262848302942     
   27.000000000000000        10.719999999999999       -3.9517228407386327     
   27.000000000000000        10.800000000000001       -3.7656055611785271     
   27.000000000000000        10.879999999999999       -3.5909209400119959     
   27.000000000000000        10.960000000000001       -3.4249096546984110     
   27.000000000000000        11.039999999999999       -3.2691380363732545     
   27.000000000000000        11.120000000000001       -3.1216061033307407     
   27.000000000000000        11.199999999999999       -2.9815491782906678     
   27.000000000000000        11.280000000000001       -2.8495647777045949     
   27.000000000000000        11.359999999999999       -2.7239697032161643     
   27.000000000000000        11.440000000000001       -2.6056374112713199     
   27.000000000000000        11.520000000000000       -2.4932755055113915     
   27.000000000000000        11.600000000000000       -2.3864532550399336     
   27.000000000000000        11.680000000000000       -2.2853915217247964     
   27.000000000000000        11.760000000000000       -2.1890912733231409     
   27.000000000000000        11.840000000000000       -2.0980048012450641     
   27.000000000000000        11.920000000000000       -2.0110180065294783     
   27.000000000000000        12.000000000000000       -1.9287576334825529     
   28.800000000000004        4.0000000000000000        18609.465455000420     
   28.800000000000004        4.0800000000000001        16300.145260290450     
   28.800000000000004        4.1600000000000001        14233.194745125269     
   28.800000000000004        4.2400000000000002        12386.015034552507     
   28.800000000000004        4.3200000000000003        10763.290483078181     
   28.800000000000004        4.4000000000000004        9318.1309730369594     
   28.800000000000004        4.4800000000000004        8061.1518046633018     
   28.800000000000004        4.5600000000000005        6944.2698934381742     
   28.800000000000004        4.6399999999999997        5981.7821767212117     
   28.800000000000004        4.7199999999999998        5138.2264677685489     
   28.800000000000004        4.7999999999999998        4398.3237328196101     
   28.800000000000004        4.8799999999999999        3761.7899533430723     
   28.800000000000004        4.9600000000000000        3203.8987532594656     
   28.800000000000004        5.0400000000000000        2727.8937625216645     
   28.800000000000004        5.1200000000000001        2310.8630789671083     
   28.800000000000004        5.2000000000000002        1957.9459989194263     
   28.800000000000004        5.2800000000000002        1653.1363912629720     
   28.800000000000004        5.3600000000000003        1389.3361334872316     
   28.800000000000004        5.4399999999999995        1166.0956289542792     
   28.800000000000004        5.5199999999999996        972.91012636227958     
   28.800000000000004        5.5999999999999996        810.80657799547441     
   28.800000000000004        5.6799999999999997        670.54830396135901     
   28.800000000000004        5.7599999999999998        553.89720374756610     
   28.800000000000004        5.8399999999999999        454.61175441420329     
   28.800000000000004        5.9199999999999999        369.87561226080174     
   28.800000000000004        6.0000000000000000        299.46951018757505     
   28.800000000000004        6.0800000000000001        239.44072780762946     
   28.800000000000004        6.1600000000000001        190.09740097651377     
   28.800000000000004        6.2400000000000002        148.68999759616480     
   28.800000000000004        6.3200000000000003        113.99256280501015     
   28.800000000000004        6.4000000000000004        85.584933990132100     
   28.800000000000004        6.4800000000000004        61.868178751848795     
   28.800000000000004        6.5600000000000005        42.747839244679362     
   28.800000000000004        6.6400000000000006        26.876044047982241     
   28.800000000000004        6.7200000000000006        14.326298706472123     
   28.800000000000004        6.7999999999999998        4.1891899131104351     
   28.800000000000004        6.8799999999999999       -3.9499976094938756     
   28.800000000000004        6.9600000000000000       -10.233543857957423     
   28.800000000000004        7.0400000000000000       -15.173691920323959     
   28.800000000000004        7.1200000000000001       -18.814542224597385     
   28.800000000000004        7.2000000000000002       -21.566838418426965     
   28.800000000000004        7.2799999999999994       -23.427326173062461     
   28.800000000000004        7.3599999999999994       -24.663454290358111     
   28.800000000000004        7.4399999999999995       -25.400760791250288     
   28.800000000000004        7.5199999999999996       -25.688457733565087     
   28.800000000000004        7.5999999999999996       -25.667802708638547     
   28.800000000000004        7.6799999999999997       -25.362386103504544     
   28.800000000000004        7.7599999999999998       -24.875697786174296     
   28.800000000000004        7.8399999999999999       -24.220388218012776     
   28.800000000000004        7.9199999999999999       -23.459836751585492     
   28.800000000000004        8.0000000000000000       -22.625545344722553     
   28.800000000000004        8.0800000000000001       -21.736279084343526     
   28.800000000000004        8.1600000000000001       -20.819265268443907     
   28.800000000000004        8.2400000000000002       -19.888415862727435     
   28.800000000000004        8.3200000000000003       -18.957780151984739     
   28.800000000000004        8.4000000000000004       -18.039966621783947     
   28.800000000000004        8.4800000000000004       -17.141277603601498     
   28.800000000000004        8.5599999999999987       -16.266043513428027     
   28.800000000000004        8.6400000000000006       -15.422692359035061     
   28.800000000000004        8.7199999999999989       -14.608863128482824     
   28.800000000000004        8.8000000000000007       -13.833147596240677     
   28.800000000000004        8.8799999999999990       -13.091979384422782     
   28.800000000000004        8.9600000000000009       -12.385143676345960     
   28.800000000000004        9.0399999999999991       -11.716198494032092     
   28.800000000000004        9.1200000000000010       -11.080041283937405     
   28.800000000000004        9.1999999999999993       -10.481168988203370     
   28.800000000000004        9.2800000000000011       -9.9124438223647307     
   28.800000000000004        9.3599999999999994       -9.3792844334985546     
   28.800000000000004        9.4400000000000013       -8.8758428797747992     
   28.800000000000004        9.5199999999999996       -8.4002322959372240     
   28.800000000000004        9.5999999999999996       -7.9541995851729883     
   28.800000000000004        9.6799999999999997       -7.5325582149545625     
   28.800000000000004        9.7599999999999998       -7.1380307700235797     
   28.800000000000004        9.8399999999999999       -6.7646552041979318     
   28.800000000000004        9.9199999999999999       -6.4159060246687316     
   28.800000000000004        10.000000000000000       -6.0872445382581262     
   28.800000000000004        10.080000000000000       -5.7770336920165999     
   28.800000000000004        10.160000000000000       -5.4863708601863079     
   28.800000000000004        10.240000000000000       -5.2114963761752930     
   28.800000000000004        10.320000000000000       -4.9541874977610094     
   28.800000000000004        10.400000000000000       -4.7103482886744148     
   28.800000000000004        10.480000000000000       -4.4822520875544773     
   28.800000000000004        10.559999999999999       -4.2668759979354682     
   28.800000000000004        10.640000000000001       -4.0630874426778325     
   28.800000000000004        10.719999999999999       -3.8716686962978253     
   28.800000000000004        10.800000000000001       -3.6901235385548405     
   28.800000000000004        10.879999999999999       -3.5196646916925327     
   28.800000000000004        10.960000000000001       -3.3576196326552514     
   28.800000000000004        11.039999999999999       -3.2055122816178492     
   28.800000000000004        11.120000000000001       -3.0614052523228863     
   28.800000000000004        11.199999999999999       -2.9245589591361183     
   28.800000000000004        11.280000000000001       -2.7955573330105334     
   28.800000000000004        11.359999999999999       -2.6727673167157056     
   28.800000000000004        11.440000000000001       -2.5570413169666435     
   28.800000000000004        11.520000000000000       -2.4471249422893808     
   28.800000000000004        11.600000000000000       -2.3426012128672502     
   28.800000000000004        11.680000000000000       -2.2436875271215122     
   28.800000000000004        11.760000000000000       -2.1494128176645280     
   28.800000000000004        11.840000000000000       -2.0602198446903950     
   28.800000000000004        11.920000000000000       -1.9750242233174469     
   28.800000000000004        12.000000000000000       -1.8944388950243947     
   30.600000000000005        4.0000000000000000        16282.152135901988     
   30.600000000000005        4.0800000000000001        14267.668610422455     
   30.600000000000005        4.1600000000000001        12462.891826468060     
   30.600000000000005        4.2400000000000002        10848.657819602566     
   30.600000000000005        4.3200000000000003        9429.3991150397815     
   30.600000000000005        4.4000000000000004        8164.6281397052517     
   30.600000000000005        4.4800000000000004        7063.8163227248087     
   30.600000000000005        4.5600000000000005        6085.2138503635397     
   30.600000000000005        4.6399999999999997        5241.4452482691968     
   30.600000000000005        4.7199999999999998        4501.6454602637496     
   30.600000000000005        4.7999999999999998        3852.5293123315191     
   30.600000000000005        4.8799999999999999        3293.9193186323564     
   30.600000000000005        4.9600000000000000        2804.2127654484384     
   30.600000000000005        5.0400000000000000        2386.2978994440405     
   30.600000000000005        5.1200000000000001        2020.1152944833832     
   30.600000000000005        5.2000000000000002        1710.2030904552271     
   30.600000000000005        5.2800000000000002        1442.5332188173361     
   30.600000000000005        5.3600000000000003        1210.8861692531041     
   30.600000000000005        5.4399999999999995        1014.8798864154495     
   30.600000000000005        5.5199999999999996        845.29158377091483     
   30.600000000000005        5.5999999999999996        703.03133917428249     
   30.600000000000005        5.6799999999999997        579.98204172940780     
   30.600000000000005        5.7599999999999998        477.69680922827416     
   30.600000000000005        5.8399999999999999        390.68771968265884     
   30.600000000000005        5.9199999999999999        316.47811338098057     
   30.600000000000005        6.0000000000000000        254.87530927335956     
   30.600000000000005        6.0800000000000001        202.40159827250378     
   30.600000000000005        6.1600000000000001        159.32705157659558     
   30.600000000000005        6.2400000000000002        123.23188183792728     
   30.600000000000005        6.3200000000000003        93.036566722044086     
   30.600000000000005        6.4000000000000004        68.369857530620024     
   30.600000000000005        6.4800000000000004        47.824660992549219     
   30.600000000000005        6.5600000000000005        31.315826734329029     
   30.600000000000005        6.6400000000000006        17.657977230470213     
   30.600000000000005        6.7200000000000006        6.9132534329440070     
   30.600000000000005        6.7999999999999998       -1.7178930973254194     
   30.600000000000005        6.8799999999999999       -8.6005901110312220     
   30.600000000000005        6.9600000000000000       -13.861555242695433     
   30.600000000000005        7.0400000000000000       -17.950287664330126     
   30.600000000000005        7.1200000000000001       -20.907505230634321     
   30.600000000000005        7.2000000000000002       -23.092608809779918     
   30.600000000000005        7.2799999999999994       -24.505036535561949     
   30.600000000000005        7.3599999999999994       -25.378444242114519     
   30.600000000000005        7.4399999999999995       -25.822867353149391     
   30.600000000000005        7.5199999999999996       -25.882664228138747     
   30.600000000000005        7.5999999999999996       -25.680353440857154     
   30.600000000000005        7.6799999999999997       -25.238106311384136     
   30.600000000000005        7.7599999999999998       -24.644754129304616     
   30.600000000000005        7.8399999999999999       -23.913144361201628     
   30.600000000000005        7.9199999999999999       -23.097322668869815     
   30.600000000000005        8.0000000000000000       -22.224420364309385     
   30.600000000000005        8.0800000000000001       -21.311648968661736     
   30.600000000000005        8.1600000000000001       -20.381368049816142     
   30.600000000000005        8.2400000000000002       -19.446793133479670     
   30.600000000000005        8.3200000000000003       -18.518463642957293     
   30.600000000000005        8.4000000000000004       -17.608658437537247     
   30.600000000000005        8.4800000000000004       -16.721569573746947     
   30.600000000000005        8.5599999999999987       -15.860500916527945     
   30.600000000000005        8.6400000000000006       -15.033337900293361     
   30.600000000000005        8.7199999999999989       -14.236805834842901     
   30.600000000000005        8.8000000000000007       -13.479120602316053     
   30.600000000000005        8.8799999999999990       -12.756208979508250     
   30.600000000000005        8.9600000000000009       -12.067569566700291     
   30.600000000000005        9.0399999999999991       -11.416493627649306     
   30.600000000000005        9.1200000000000010       -10.797754108959415     
   30.600000000000005        9.1999999999999993       -10.215629001089475     
   30.600000000000005        9.2800000000000011       -9.6630142605346236     
   30.600000000000005        9.3599999999999994       -9.1451177174765395     
   30.600000000000005        9.4400000000000013       -8.6561669931182408     
   30.600000000000005        9.5199999999999996       -8.1942818933474619     
   30.600000000000005        9.5999999999999996       -7.7611217871016143     
   30.600000000000005        9.6799999999999997       -7.3516248361349188     
   30.600000000000005        9.7599999999999998       -6.9684098641816137     
   30.600000000000005        9.8399999999999999       -6.6056852147742324     
   30.600000000000005        9.9199999999999999       -6.2668052000043630     
   30.600000000000005        10.000000000000000       -5.9473688257475192     
   30.600000000000005        10.080000000000000       -5.6457883645130158     
   30.600000000000005        10.160000000000000       -5.3631240988947058     
   30.600000000000005        10.240000000000000       -5.0957378137229110     
   30.600000000000005        10.320000000000000       -4.8453506956897989     
   30.600000000000005        10.400000000000000       -4.6080005962890818     
   30.600000000000005        10.480000000000000       -4.3858910760716849     
   30.600000000000005        10.559999999999999       -4.1760989125020505     
   30.600000000000005        10.640000000000001       -3.9775303280105967     
   30.600000000000005        10.719999999999999       -3.7909469402518448     
   30.600000000000005        10.800000000000001       -3.6139333280336583     
   30.600000000000005        10.879999999999999       -3.4476690253908613     
   30.600000000000005        10.960000000000001       -3.2895657015474464     
   30.600000000000005        11.039999999999999       -3.1411055921133597     
   30.600000000000005        11.120000000000001       -3.0004120494502948     
   30.600000000000005        11.199999999999999       -2.8667697414708919     
   30.600000000000005        11.280000000000001       -2.7407490036906785     
   30.600000000000005        11.359999999999999       -2.6207656367391992     
   30.600000000000005        11.440000000000001       -2.5076511145192617     
   30.600000000000005        11.520000000000000       -2.4001881200261201     
   30.600000000000005        11.600000000000000       -2.2979729949663112     
   30.600000000000005        11.680000000000000       -2.2012194994495200     
   30.600000000000005        11.760000000000000       -2.1089839684918781     
   30.600000000000005        11.840000000000000       -2.0216995425024171     
   30.600000000000005        11.920000000000000       -1.9383110858851762     
   30.600000000000005        12.000000000000000       -1.8594176811586165     
   32.400000000000006        4.0000000000000000        14238.013601741734     
   32.400000000000006        4.0800000000000001        12479.559962652209     
   32.400000000000006        4.1600000000000001        10903.102734270591     
   32.400000000000006        4.2400000000000002        9492.2478830358104     
   32.400000000000006        4.3200000000000003        8251.0762839959407     
   32.400000000000006        4.4000000000000004        7144.5039333267532     
   32.400000000000006        4.4800000000000004        6180.9308367998328     
   32.400000000000006        4.5600000000000005        5324.0356648215620     
   32.400000000000006        4.6399999999999997        4584.9363264008352     
   32.400000000000006        4.7199999999999998        3936.7352594514250     
   32.400000000000006        4.7999999999999998        3367.8639238627716     
   32.400000000000006        4.8799999999999999        2878.2134735269451     
   32.400000000000006        4.9600000000000000        2448.9056185868426     
   32.400000000000006        5.0400000000000000        2082.5003230102720     
   32.400000000000006        5.1200000000000001        1761.4404066934246     
   32.400000000000006        5.2000000000000002        1489.7235169296678     
   32.400000000000006        5.2800000000000002        1255.0617092406512     
   32.400000000000006        5.3600000000000003        1052.0078385756738     
   32.400000000000006        5.4399999999999995        880.23493885272285     
   32.400000000000006        5.5199999999999996        731.65341339148210     
   32.400000000000006        5.5999999999999996        607.06662517172788     
   32.400000000000006        5.6799999999999997        499.34980558028656     
   32.400000000000006        5.7599999999999998        409.86860094152530     
   32.400000000000006        5.8399999999999999        333.80400335821673     
   32.400000000000006        5.9199999999999999        268.98080926334882     
   32.400000000000006        6.0000000000000000        215.22916823048612     
   32.400000000000006        6.0800000000000001        169.49404019613709     
   32.400000000000006        6.1600000000000001        132.01105766415637     
   32.400000000000006        6.2400000000000002        100.65413894049657     
   32.400000000000006        6.3200000000000003        74.474169880782327     
   32.400000000000006        6.4000000000000004        53.143356955429233     
   32.400000000000006        6.4800000000000004        35.425725383261856     
   32.400000000000006        6.5600000000000005        21.244339447900611     
   32.400000000000006        6.6400000000000006        9.5588769316126410     
   32.400000000000006        6.7200000000000006       0.42129556118275890     
   32.400000000000006        6.7999999999999998       -6.8698337781052770     
   32.400000000000006        6.8799999999999999       -12.635342949501808     
   32.400000000000006        6.9600000000000000       -16.988033844499810     
   32.400000000000006        7.0400000000000000       -20.321347074869681     
   32.400000000000006        7.1200000000000001       -22.672948790532473     
   32.400000000000006        7.2000000000000002       -24.356372055137332     
   32.400000000000006        7.2799999999999994       -25.373418397383020     
   32.400000000000006        7.3599999999999994       -25.927554934098325     
   32.400000000000006        7.4399999999999995       -26.114959117286869     
   32.400000000000006        7.5199999999999996       -25.975622760705249     
   32.400000000000006        7.5999999999999996       -25.615339259564472     
   32.400000000000006        7.6799999999999997       -25.054975810853737     
   32.400000000000006        7.7599999999999998       -24.370299394155492     
   32.400000000000006        7.8399999999999999       -23.574290984967909     
   32.400000000000006        7.9199999999999999       -22.712684476350930     
   32.400000000000006        8.0000000000000000       -21.808713354338764     
   32.400000000000006        8.0800000000000001       -20.878180425503583     
   32.400000000000006        8.1600000000000001       -19.939127886571725     
   32.400000000000006        8.2400000000000002       -19.004122753349527     
   32.400000000000006        8.3200000000000003       -18.080608500725667     
   32.400000000000006        8.4000000000000004       -17.180538478511018     
   32.400000000000006        8.4800000000000004       -16.306249930675158     
   32.400000000000006        8.5599999999999987       -15.460140562621184     
   32.400000000000006        8.6400000000000006       -14.649598004729619     
   32.400000000000006        8.7199999999999989       -13.870560198212830     
   32.400000000000006        8.8000000000000007       -13.130889748119976     
   32.400000000000006        8.8799999999999990       -12.426083639170919     
   32.400000000000006        8.9600000000000009       -11.755391953441515     
   32.400000000000006        9.0399999999999991       -11.121863127319786     
   32.400000000000006        9.1200000000000010       -10.520177558611234     
   32.400000000000006        9.1999999999999993       -9.9544091499353282     
   32.400000000000006        9.2800000000000011       -9.4175051367292859     
   32.400000000000006        9.3599999999999994       -8.9144735560562278     
   32.400000000000006        9.4400000000000013       -8.4396257131804742     
   32.400000000000006        9.5199999999999996       -7.9910930629577495     
   32.400000000000006        9.5999999999999996       -7.5704536313171582     
   32.400000000000006        9.6799999999999997       -7.1727699002188503     
   32.400000000000006        9.7599999999999998       -6.8005622805462123     
   32.400000000000006        9.8399999999999999       -6.4482054818847940     
   32.400000000000006        9.9199999999999999       -6.1189388446670723     
   32.400000000000006        10.000000000000000       -5.8084949575816269     
   32.400000000000006        10.080000000000000       -5.5153340073815169     
   32.400000000000006        10.160000000000000       -5.2404807780794291     
   32.400000000000006        10.240000000000000       -4.9804140822530121     
   32.400000000000006        10.320000000000000       -4.7368010534175076     
   32.400000000000006        10.400000000000000       -4.5058082732375917     
   32.400000000000006        10.480000000000000       -4.2895718429237490     
   32.400000000000006        10.559999999999999       -4.0852643504150370     
   32.400000000000006        10.640000000000001       -3.8918291960014617     
   32.400000000000006        10.719999999999999       -3.7100077333634380     
   32.400000000000006        10.800000000000001       -3.5374623135511514     
   32.400000000000006        10.879999999999999       -3.3753400224220442     
   32.400000000000006        10.960000000000001       -3.2211337552952428     
   32.400000000000006        11.039999999999999       -3.0762849867810669     
   32.400000000000006        11.120000000000001       -2.9389756913769025     
   32.400000000000006        11.199999999999999       -2.8085138521733941     
   32.400000000000006        11.280000000000001       -2.6854562723538655     
   32.400000000000006        11.359999999999999       -2.5682661110573002     
   32.400000000000006        11.440000000000001       -2.4577541342121680     
   32.400000000000006        11.520000000000000       -2.3527390034319433     
   32.400000000000006        11.600000000000000       -2.2528298963633047     
   32.400000000000006        11.680000000000000       -2.1582367857087288     
   32.400000000000006        11.760000000000000       -2.0680427197418370     
   32.400000000000006        11.840000000000000       -1.9826711852897745     
   32.400000000000006        11.920000000000000       -1.9010956911603138     
   32.400000000000006        12.000000000000000       -1.8239014811355794     
   34.199999999999996        4.0000000000000000        12464.355669711231     
   34.199999999999996        4.0800000000000001        10925.373918390431     
   34.199999999999996        4.1600000000000001        9545.2380398634486     
   34.199999999999996        4.2400000000000002        8309.7324282442733     
   34.199999999999996        4.3200000000000003        7222.5141278951087     
   34.199999999999996        4.4000000000000004        6252.9868754473773     
   34.199999999999996        4.4800000000000004        5408.5602154165117     
   34.199999999999996        4.5600000000000005        4657.5002284082921     
   34.199999999999996        4.6399999999999997        4009.5831436280364     
   34.199999999999996        4.7199999999999998        3441.2894883584049     
   34.199999999999996        4.7999999999999998        2942.5084498150386     
   34.199999999999996        4.8799999999999999        2513.1678600200403     
   34.199999999999996        4.9600000000000000        2136.7357169368624     
   34.199999999999996        5.0400000000000000        1815.4722951224257     
   34.199999999999996        5.1200000000000001        1533.9886205683567     
   34.199999999999996        5.2000000000000002        1295.8018657798659     
   34.199999999999996        5.2800000000000002        1090.1364446475461     
   34.199999999999996        5.3600000000000003        912.21596161130492     
   34.199999999999996        5.4399999999999995        761.75733170099306     
   34.199999999999996        5.5199999999999996        631.66082619658926     
   34.199999999999996        5.5999999999999996        522.63345701545438     
   34.199999999999996        5.6799999999999997        428.41977395829889     
   34.199999999999996        5.7599999999999998        350.21897482585979     
   34.199999999999996        5.8399999999999999        283.79891252661980     
   34.199999999999996        5.9199999999999999        227.24881084511611     
   34.199999999999996        6.0000000000000000        180.41814709246538     
   34.199999999999996        6.0800000000000001        140.62365581117754     
   34.199999999999996        6.1600000000000001        108.07016161918560     
   34.199999999999996        6.2400000000000002        80.890194675762814     
   34.199999999999996        6.3200000000000003        58.249450367257623     
   34.199999999999996        6.4000000000000004        39.858299516471085     
   34.199999999999996        6.4800000000000004        24.631664093684570     
   34.199999999999996        6.5600000000000005        12.499778789940629     
   34.199999999999996        6.6400000000000006        2.5503352611063699     
   34.199999999999996        6.7200000000000006       -5.1737224921205947     
   34.199999999999996        6.7999999999999998       -11.287191091282910     
   34.199999999999996        6.8799999999999999       -16.071781629813422     
   34.199999999999996        6.9600000000000000       -19.627988283512195     
   34.199999999999996        7.0400000000000000       -22.299738001467304     
   34.199999999999996        7.1200000000000001       -24.121967800953271     
   34.199999999999996        7.2000000000000002       -25.367705428940297     
   34.199999999999996        7.2799999999999994       -26.040793607793862     
   34.199999999999996        7.3599999999999994       -26.318041932248818     
   34.199999999999996        7.4399999999999995       -26.283381580888708     
   34.199999999999996        7.5199999999999996       -25.972916141057304     
   34.199999999999996        7.5999999999999996       -25.477686963463142     
   34.199999999999996        7.6799999999999997       -24.817371168194903     
   34.199999999999996        7.7599999999999998       -24.056232935855132     
   34.199999999999996        7.8399999999999999       -23.207326287509421     
   34.199999999999996        7.9199999999999999       -22.309074083912240     
   34.199999999999996        8.0000000000000000       -21.381275266190165     
   34.199999999999996        8.0800000000000001       -20.438466882838195     
   34.199999999999996        8.1600000000000001       -19.494912003767382     
   34.199999999999996        8.2400000000000002       -18.562577327925158     
   34.199999999999996        8.3200000000000003       -17.646214465571575     
   34.199999999999996        8.4000000000000004       -16.757456708077736     
   34.199999999999996        8.4800000000000004       -15.897035613403604     
   34.199999999999996        8.5599999999999987       -15.066560288492392     
   34.199999999999996        8.6400000000000006       -14.272965056920054     
   34.199999999999996        8.7199999999999989       -13.511523035992250     
   34.199999999999996        8.8000000000000007       -12.789766522376588     
   34.199999999999996        8.8799999999999990       -12.102837217357038     
   34.199999999999996        8.9600000000000009       -11.449773666139704     
   34.199999999999996        9.0399999999999991       -10.833405143887743     
   34.199999999999996        9.1200000000000010       -10.248349978711561     
   34.199999999999996        9.1999999999999993       -9.6984929387636782     
   34.199999999999996        9.2800000000000011       -9.1768487750447001     
   34.199999999999996        9.3599999999999994       -8.6882370523434354     
   34.199999999999996        9.4400000000000013       -8.2270599884230613     
   34.199999999999996        9.5199999999999996       -7.7914653078175560     
   34.199999999999996        9.5999999999999996       -7.3829559009304369     
   34.199999999999996        9.6799999999999997       -6.9967176193573257     
   34.199999999999996        9.7599999999999998       -6.6351779576665590     
   34.199999999999996        9.8399999999999999       -6.2928734100777097     
   34.199999999999996        9.9199999999999999       -5.9729338037560762     
   34.199999999999996        10.000000000000000       -5.6712207998145843     
   34.199999999999996        10.080000000000000       -5.3862409422177047     
   34.199999999999996        10.160000000000000       -5.1189851822567949     
   34.199999999999996        10.240000000000000       -4.8660446417798520     
   34.199999999999996        10.320000000000000       -4.6290345552607928     
   34.199999999999996        10.400000000000000       -4.4042448650876933     
   34.199999999999996        10.480000000000000       -4.1937467142864868     
   34.199999999999996        10.559999999999999       -3.9948044119963169     
   34.199999999999996        10.640000000000001       -3.8063968343868630     
   34.199999999999996        10.719999999999999       -3.6292455371222658     
   34.199999999999996        10.800000000000001       -3.4610874272150651     
   34.199999999999996        10.879999999999999       -3.3030379929661962     
   34.199999999999996        10.960000000000001       -3.1526681800888934     
   34.199999999999996        11.039999999999999       -3.0113797652010281     
   34.199999999999996        11.120000000000001       -2.8774110758649538     
   34.199999999999996        11.199999999999999       -2.7500924172114058     
   34.199999999999996        11.280000000000001       -2.6299671844206540     
   34.199999999999996        11.359999999999999       -2.5155442597498991     
   34.199999999999996        11.440000000000001       -2.4076140118875955     
   34.199999999999996        11.520000000000000       -2.3050298792477171     
   34.199999999999996        11.600000000000000       -2.2074133578486199     
   34.199999999999996        11.680000000000000       -2.1149705113023844     
   34.199999999999996        11.760000000000000       -2.0268103256852465     
   34.199999999999996        11.840000000000000       -1.9433466490343247     
   34.199999999999996        11.920000000000000       -1.8635809288841831     
   34.199999999999996        12.000000000000000       -1.7880846559285482     
   36.000000000000000        4.0000000000000000        10944.382722117620     
   36.000000000000000        4.0800000000000001        9591.0561218318035     
   36.000000000000000        4.1600000000000001        8377.5438952403747     
   36.000000000000000        4.2400000000000002        7291.2942753564175     
   36.000000000000000        4.3200000000000003        6335.4940652660698     
   36.000000000000000        4.4000000000000004        5483.2111813827369     
   36.000000000000000        4.4800000000000004        4740.9514539616457     
   36.000000000000000        4.5600000000000005        4080.8009439725543     
   36.000000000000000        4.6399999999999997        3511.3549412741677     
   36.000000000000000        4.7199999999999998        3011.9303909819582     
   36.000000000000000        4.7999999999999998        2573.6368434086630     
   36.000000000000000        4.8799999999999999        2196.4127505773495     
   36.000000000000000        4.9600000000000000        1865.7207400411210     
   36.000000000000000        5.0400000000000000        1583.5507246201093     
   36.000000000000000        5.1200000000000001        1336.3691204110021     
   36.000000000000000        5.2000000000000002        1127.2708403699583     
   36.000000000000000        5.2800000000000002        946.77859678284449     
   36.000000000000000        5.3600000000000003        790.69132624783913     
   36.000000000000000        5.4399999999999995        658.75995557784950     
   36.000000000000000        5.5199999999999996        544.73908376255974     
   36.000000000000000        5.5999999999999996        449.24970960735664     
   36.000000000000000        5.6799999999999997        366.78893015320483     
   36.000000000000000        5.7599999999999998        298.40983723984743     
   36.000000000000000        5.8399999999999999        240.38911006164889     
   36.000000000000000        5.9199999999999999        191.04519445097537     
   36.000000000000000        6.0000000000000000        150.24369143511737     
   36.000000000000000        6.0800000000000001        115.62454114698929     
   36.000000000000000        6.1600000000000001        87.365323999179807     
   36.000000000000000        6.2400000000000002        63.823643684306539     
   36.000000000000000        6.3200000000000003        44.265103049017718     
   36.000000000000000        6.4000000000000004        28.433204539149440     
   36.000000000000000        6.4800000000000004        15.374399636005597     
   36.000000000000000        6.5600000000000005        5.0251145815938880     
   36.000000000000000        6.6400000000000006       -3.4152879104502638     
   36.000000000000000        6.7200000000000006       -9.9117415021466453     
   36.000000000000000        6.7999999999999998       -15.003434575693978     
   36.000000000000000        6.8799999999999999       -18.937924153680484     
   36.000000000000000        6.9600000000000000       -21.804937618823161     
   36.000000000000000        7.0400000000000000       -23.905176141775900     
   36.000000000000000        7.1200000000000001       -25.271156089915682     
   36.000000000000000        7.2000000000000002       -26.140554317528153     
   36.000000000000000        7.2799999999999994       -26.518945018976680     
   36.000000000000000        7.3599999999999994       -26.559875449695834     
   36.000000000000000        7.4399999999999995       -26.336580520001515     
   36.000000000000000        7.5199999999999996       -25.881736446944640     
   36.000000000000000        7.5999999999999996       -25.273529841079785     
   36.000000000000000        7.6799999999999997       -24.530558748944458     
   36.000000000000000        7.7599999999999998       -23.707085576411231     
   36.000000000000000        7.8399999999999999       -22.816180919433556     
   36.000000000000000        7.9199999999999999       -21.889918415910916     
   36.000000000000000        8.0000000000000000       -20.945107981558472     
   36.000000000000000        8.0800000000000001       -19.995159382114661     
   36.000000000000000        8.1600000000000001       -19.051073200202090     
   36.000000000000000        8.2400000000000002       -18.124263369393802     
   36.000000000000000        8.3200000000000003       -17.217176803707382     
   36.000000000000000        8.4000000000000004       -16.341133374783904     
   36.000000000000000        8.4800000000000004       -15.495497392874496     
   36.000000000000000        8.5599999999999987       -14.681202040483102     
   36.000000000000000        8.6400000000000006       -13.904771759938850     
   36.000000000000000        8.7199999999999989       -13.160931507787167     
   36.000000000000000        8.8000000000000007       -12.456906172473625     
   36.000000000000000        8.8799999999999990       -11.787552858494697     
   36.000000000000000        8.9600000000000009       -11.151733835081471     
   36.000000000000000        9.0399999999999991       -10.552082201746986     
   36.000000000000000        9.1200000000000010       -9.9831827133392430     
   36.000000000000000        9.1999999999999993       -9.4487457801873358     
   36.000000000000000        9.2800000000000011       -8.9418683436627155     
   36.000000000000000        9.3599999999999994       -8.4671929094579497     
   36.000000000000000        9.4400000000000013       -8.0192188348313920     
   36.000000000000000        9.5199999999999996       -7.5961143041488954     
   36.000000000000000        9.5999999999999996       -7.1993131877675225     
   36.000000000000000        9.6799999999999997       -6.8241232084489587     
   36.000000000000000        9.7599999999999998       -6.4728844913413548     
   36.000000000000000        9.8399999999999999       -6.1402902674954465     
   36.000000000000000        9.9199999999999999       -5.8293664453420462     
   36.000000000000000        10.000000000000000       -5.5360989405809757     
   36.000000000000000        10.080000000000000       -5.2590389818764463     
   36.000000000000000        10.160000000000000       -4.9991453966618868     
   36.000000000000000        10.240000000000000       -4.7531166905857667     
   36.000000000000000        10.320000000000000       -4.5225184498912077     
   36.000000000000000        10.400000000000000       -4.3037583954808643     
   36.000000000000000        10.480000000000000       -4.0988453492320893     
   36.000000000000000        10.559999999999999       -3.9051311014884980     
   36.000000000000000        10.640000000000001       -3.7216282530291434     
   36.000000000000000        10.719999999999999       -3.5490390910816640     
   36.000000000000000        10.800000000000001       -3.3851717319937658     
   36.000000000000000        10.879999999999999       -3.2311110107973162     
   36.000000000000000        10.960000000000001       -3.0845025971652120     
   36.000000000000000        11.039999999999999       -2.9467097509059053     
   36.000000000000000        11.120000000000001       -2.8160247729942194     
   36.000000000000000        11.199999999999999       -2.6917992607696823     
   36.000000000000000        11.280000000000001       -2.5745633833425305     
   36.000000000000000        11.359999999999999       -2.4628700055088206     
   36.000000000000000        11.440000000000001       -2.3574894879277424     
   36.000000000000000        11.520000000000000       -2.2573087608190958     
   36.000000000000000        11.600000000000000       -2.1619610984568696     
   36.000000000000000        11.680000000000000       -2.0716485623552359     
   36.000000000000000        11.760000000000000       -1.9855052297791285     
   36.000000000000000        11.840000000000000       -1.9039353717573431     
   36.000000000000000        11.920000000000000       -1.8259675824620805     
   36.000000000000000        12.000000000000000       -1.7521597473125630     
   37.800000000000004        4.0000000000000000        9659.5835436770158     
   37.800000000000004        4.0800000000000001        8461.0003777956863     
   37.800000000000004        4.1600000000000001        7386.8726911435906     
   37.800000000000004        4.2400000000000002        6425.8725878416544     
   37.800000000000004        4.3200000000000003        5580.6932125124777     
   37.800000000000004        4.4000000000000004        4827.3359555601364     
   37.800000000000004        4.4800000000000004        4171.4933142436294     
   37.800000000000004        4.5600000000000005        3588.3797772822672     
   37.800000000000004        4.6399999999999997        3085.5642815783513     
   37.800000000000004        4.7199999999999998        2644.7084070649512     
   37.800000000000004        4.7999999999999998        2257.9271126134549     
   37.800000000000004        4.8799999999999999        1925.1489556484273     
   37.800000000000004        4.9600000000000000        1633.5080105706038     
   37.800000000000004        5.0400000000000000        1384.7533525124575     
   37.800000000000004        5.1200000000000001        1166.9172731883152     
   37.800000000000004        5.2000000000000002        982.72818712281719     
   37.800000000000004        5.2800000000000002        823.80827752897517     
   37.800000000000004        5.3600000000000003        686.44326532190939     
   37.800000000000004        5.4399999999999995        570.40954579391735     
   37.800000000000004        5.5199999999999996        470.18936423411634     
   37.800000000000004        5.5999999999999996        386.32787125685832     
   37.800000000000004        5.6799999999999997        313.96517407536550     
   37.800000000000004        5.7599999999999998        254.02770451838302     
   37.800000000000004        5.8399999999999999        203.22762690686704     
   37.800000000000004        5.9199999999999999        160.07953084163813     
   37.800000000000004        6.0000000000000000        124.46224978455604     
   37.800000000000004        6.0800000000000001        94.293125086548031     
   37.800000000000004        6.1600000000000001        69.725947013653510     
   37.800000000000004        6.2400000000000002        49.311718624903143     
   37.800000000000004        6.3200000000000003        32.401881481389033     
   37.800000000000004        6.4000000000000004        18.768339139935406     
   37.800000000000004        6.4800000000000004        7.5707424359585636     
   37.800000000000004        6.5600000000000005       -1.2491969913496885     
   37.800000000000004        6.6400000000000006       -8.3959334443772651     
   37.800000000000004        6.7200000000000006       -13.841187719885545     
   37.800000000000004        6.7999999999999998       -18.058995563007262     
   37.800000000000004        6.8799999999999999       -21.267470412817463     
   37.800000000000004        6.9600000000000000       -23.547032044997042     
   37.800000000000004        7.0400000000000000       -25.161125678688258     
   37.800000000000004        7.1200000000000001       -26.140138569516377     
   37.800000000000004        7.2000000000000002       -26.691292802350052     
   37.800000000000004        7.2799999999999994       -26.821599877526026     
   37.800000000000004        7.3599999999999994       -26.664570726688005     
   37.800000000000004        7.4399999999999995       -26.284217159170129     
   37.800000000000004        7.5199999999999996       -25.710226906188282     
   37.800000000000004        7.5999999999999996       -25.009734763213022     
   37.800000000000004        7.6799999999999997       -24.200366569460552     
   37.800000000000004        7.7599999999999998       -23.327808822596225     
   37.800000000000004        7.8399999999999999       -22.405096761525911     
   37.800000000000004        7.9199999999999999       -21.458868289242080     
   37.800000000000004        8.0000000000000000       -20.503367704969055     
   37.800000000000004        8.0800000000000001       -19.551010139322972     
   37.800000000000004        8.1600000000000001       -18.610023682413569     
   37.800000000000004        8.2400000000000002       -17.691315960948824     
   37.800000000000004        8.3200000000000003       -16.795395668134539     
   37.800000000000004        8.4000000000000004       -15.933277037629997     
   37.800000000000004        8.4800000000000004       -15.103182557209541     
   37.800000000000004        8.5599999999999987       -14.305476177834633     
   37.800000000000004        8.6400000000000006       -13.546314409380445     
   37.800000000000004        8.7199999999999989       -12.819983684606038     
   37.800000000000004        8.8000000000000007       -12.133424115220484     
   37.800000000000004        8.8799999999999990       -11.481274377275986     
   37.800000000000004        8.9600000000000009       -10.862253662606483     
   37.800000000000004        9.0399999999999991       -10.278820989080769     
   37.800000000000004        9.1200000000000010       -9.7255537628165065     
   37.800000000000004        9.1999999999999993       -9.2060025089646178     
   37.800000000000004        9.2800000000000011       -8.7133593104762177     
   37.800000000000004        9.3599999999999994       -8.2521010285431995     
   37.800000000000004        9.4400000000000013       -7.8168293088775664     
   37.800000000000004        9.5199999999999996       -7.4057365104464168     
   37.800000000000004        9.5999999999999996       -7.0201934557862788     
   37.800000000000004        9.6799999999999997       -6.6556276909291601     
   37.800000000000004        9.7599999999999998       -6.3142975263666514     
   37.800000000000004        9.8399999999999999       -5.9910474447760480     
   37.800000000000004        9.9199999999999999       -5.6888051261883810     
   37.800000000000004        10.000000000000000       -5.4036756466726086     
   37.800000000000004        10.080000000000000       -5.1342531424169628     
   37.800000000000004        10.160000000000000       -4.8814660570585247     
   37.800000000000004        10.240000000000000       -4.6421151815272905     
   37.800000000000004        10.320000000000000       -4.4177187865956853     
   37.800000000000004        10.400000000000000       -4.2047966153237040     
   37.800000000000004        10.480000000000000       -4.0052979245775004     
   37.800000000000004        10.559999999999999       -3.8166576246539989     
   37.800000000000004        10.640000000000001       -3.6379202529170409     
   37.800000000000004        10.719999999999999       -3.4697694190222887     
   37.800000000000004        10.800000000000001       -3.3100809944058458     
   37.800000000000004        10.879999999999999       -3.1599101939091461     
   37.800000000000004        10.960000000000001       -3.0169739559342434     
   37.800000000000004        11.039999999999999       -2.8825983166706552     
   37.800000000000004        11.120000000000001       -2.7551270758313420     
   37.800000000000004        11.199999999999999       -2.6339320634186008     
   37.800000000000004        11.280000000000001       -2.5195304619424657     
   37.800000000000004        11.359999999999999       -2.4105172837238054     
   37.800000000000004        11.440000000000001       -2.3076433478684604     
   37.800000000000004        11.520000000000000       -2.2098277160118287     
   37.800000000000004        11.600000000000000       -2.1167148815381669     
   37.800000000000004        11.680000000000000       -2.0285028407954826     
   37.800000000000004        11.760000000000000       -1.9443498492174993     
   37.800000000000004        11.840000000000000       -1.8646507100681284     
   37.800000000000004        11.920000000000000       -1.7884602896920425     
   37.800000000000004        12.000000000000000       -1.7163230783357815     
   39.599999999999994        4.0000000000000000        8589.5941583476160     
   39.599999999999994        4.0800000000000001        7517.9193941300500     
   39.599999999999994        4.1600000000000001        6558.5628591458735     
   39.599999999999994        4.2400000000000002        5701.0523257941313     
   39.599999999999994        4.3200000000000003        4947.5836657271138     
   39.599999999999994        4.4000000000000004        4276.4541659093456     
   39.599999999999994        4.4800000000000004        3692.6345851049005     
   39.599999999999994        4.5600000000000005        3173.8543430659743     
   39.599999999999994        4.6399999999999997        2726.8022862985918     
   39.599999999999994        4.7199999999999998        2335.0449338822914     
   39.599999999999994        4.7999999999999998        1991.5109813537965     
   39.599999999999994        4.8799999999999999        1696.1036882517117     
   39.599999999999994        4.9600000000000000        1437.3359842417817     
   39.599999999999994        5.0400000000000000        1216.7452174469736     
   39.599999999999994        5.1200000000000001        1023.6655725300859     
   39.599999999999994        5.2000000000000002        860.51154629817029     
   39.599999999999994        5.2800000000000002        719.82284607849340     
   39.599999999999994        5.3600000000000003        598.29102168846225     
   39.599999999999994        5.4399999999999995        495.71069638346250     
   39.599999999999994        5.5199999999999996        407.17511257734958     
   39.599999999999994        5.5999999999999996        333.16339682856551     
   39.599999999999994        5.6799999999999997        269.35743802501082     
   39.599999999999994        5.7599999999999998        216.57531499103132     
   39.599999999999994        5.8399999999999999        171.89676977580677     
   39.599999999999994        5.9199999999999999        134.00191738238533     
   39.599999999999994        6.0000000000000000        102.78025826704354     
   39.599999999999994        6.0800000000000001        76.383979735605379     
   39.599999999999994        6.1600000000000001        54.946377730091264     
   39.599999999999994        6.2400000000000002        37.182385817440974     
   39.599999999999994        6.3200000000000003        22.516199833951642     
   39.599999999999994        6.4000000000000004        10.743744404378695     
   39.599999999999994        6.4800000000000004        1.1207791632127651     
   39.599999999999994        6.5600000000000005       -6.4065246935073166     
   39.599999999999994        6.6400000000000006       -12.460898214303676     
   39.599999999999994        6.7200000000000006       -17.019818174742568     
   39.599999999999994        6.7999999999999998       -20.501936509414225     
   39.599999999999994        6.8799999999999999       -23.100324142319327     
   39.599999999999994        6.9600000000000000       -24.887454492194429     
   39.599999999999994        7.0400000000000000       -26.095100446458240     
   39.599999999999994        7.1200000000000001       -26.751791630102190     
   39.599999999999994        7.2000000000000002       -27.038877010239588     
   39.599999999999994        7.2799999999999994       -26.964530260006004     
   39.599999999999994        7.3599999999999994       -26.645245727215464     
   39.599999999999994        7.4399999999999995       -26.137191491416605     
   39.599999999999994        7.5199999999999996       -25.467478652619995     
   39.599999999999994        7.5999999999999996       -24.693877953033478     
   39.599999999999994        7.6799999999999997       -23.833144503074180     
   39.599999999999994        7.7599999999999998       -22.923723163962126     
   39.599999999999994        7.8399999999999999       -21.978566998311937     
   39.599999999999994        7.9199999999999999       -21.019732813822010     
   39.599999999999994        8.0000000000000000       -20.059295710139910     
   39.599999999999994        8.0800000000000001       -19.108801462974647     
   39.599999999999994        8.1600000000000001       -18.174163386333877     
   39.599999999999994        8.2400000000000002       -17.265827621948837     
   39.599999999999994        8.3200000000000003       -16.382706220752983     
   39.599999999999994        8.4000000000000004       -15.535516608452896     
   39.599999999999994        8.4800000000000004       -14.721549281763277     
   39.599999999999994        8.5599999999999987       -13.940698451670471     
   39.599999999999994        8.6400000000000006       -13.198792689312761     
   39.599999999999994        8.7199999999999989       -12.489781263229776     
   39.599999999999994        8.8000000000000007       -11.820341616878647     
   39.599999999999994        8.8799999999999990       -11.184954894450460     
   39.599999999999994        8.9600000000000009       -10.582227970387002     
   39.599999999999994        9.0399999999999991       -10.014466736179781     
   39.599999999999994        9.1200000000000010       -9.4762649029461237     
   39.599999999999994        9.1999999999999993       -8.9710271205038961     
   39.599999999999994        9.2800000000000011       -8.4920516909130761     
   39.599999999999994        9.3599999999999994       -8.0436611243716793     
   39.599999999999994        9.4400000000000013       -7.6205633648008977     
   39.599999999999994        9.5199999999999996       -7.2209781431288604     
   39.599999999999994        9.5999999999999996       -6.8462189992097215     
   39.599999999999994        9.6799999999999997       -6.4918307242872677     
   39.599999999999994        9.7599999999999998       -6.1599953187688383     
   39.599999999999994        9.8399999999999999       -5.8457026505671488     
   39.599999999999994        9.9199999999999999       -5.5517878987834735     
   39.599999999999994        10.000000000000000       -5.2744699820656757     
   39.599999999999994        10.080000000000000       -5.0123840809455347     
   39.599999999999994        10.160000000000000       -4.7664300091374505     
   39.599999999999994        10.240000000000000       -4.5335056241222693     
   39.599999999999994        10.320000000000000       -4.3150842726132899     
   39.599999999999994        10.400000000000000       -4.1077918486381986     
   39.599999999999994        10.480000000000000       -3.9135208917988242     
   39.599999999999994        10.559999999999999       -3.7297849947002066     
   39.599999999999994        10.640000000000001       -3.5556588250457435     
   39.599999999999994        10.719999999999999       -3.3918079615690586     
   39.599999999999994        10.800000000000001       -3.2361725041091103     
   39.599999999999994        10.879999999999999       -3.0897791592167825     
   39.599999999999994        10.960000000000001       -2.9504125848993361     
   39.599999999999994        11.039999999999999       -2.8193629863567655     
   39.599999999999994        11.120000000000001       -2.6950231172568926     
   39.599999999999994        11.199999999999999       -2.5767839617214086     
   39.599999999999994        11.280000000000001       -2.4651500105230695     
   39.599999999999994        11.359999999999999       -2.3587565123301686     
   39.599999999999994        11.440000000000001       -2.2583352840250392     
   39.599999999999994        11.520000000000000       -2.1628360963594391     
   39.599999999999994        11.600000000000000       -2.0719140892279939     
   39.599999999999994        11.680000000000000       -1.9857631614046887     
   39.599999999999994        11.760000000000000       -1.9035647760316707     
   39.599999999999994        11.840000000000000       -1.8257044243287566     
   39.599999999999994        11.920000000000000       -1.7512622964961686     
   39.599999999999994        12.000000000000000       -1.6807697580185776     
   41.399999999999999        4.0000000000000000        7712.7587931715607     
   41.399999999999999        4.0800000000000001        6743.3220041004297     
   41.399999999999999        4.1600000000000001        5876.8443373316040     
   41.399999999999999        4.2400000000000002        5103.4080974451008     
   41.399999999999999        4.3200000000000003        4424.7244130399822     
   41.399999999999999        4.4000000000000004        3820.8398258687171     
   41.399999999999999        4.4800000000000004        3296.0937486565372     
   41.399999999999999        4.5600000000000005        2830.1951685970375     
   41.399999999999999        4.6399999999999997        2429.0888617702358     
   41.399999999999999        4.7199999999999998        2077.8594616044434     
   41.399999999999999        4.7999999999999998        1770.0812519292824     
   41.399999999999999        4.8799999999999999        1505.6213378668049     
   41.399999999999999        4.9600000000000000        1274.1107767611172     
   41.399999999999999        5.0400000000000000        1076.9032935336318     
   41.399999999999999        5.1200000000000001        904.39803672327582     
   41.399999999999999        5.2000000000000002        758.74435037566730     
   41.399999999999999        5.2800000000000002        633.23557761428049     
   41.399999999999999        5.3600000000000003        524.89624539075169     
   41.399999999999999        5.4399999999999995        433.53320777040852     
   41.399999999999999        5.5199999999999996        354.74498007034816     
   41.399999999999999        5.5999999999999996        288.95398966470157     
   41.399999999999999        5.6799999999999997        232.29182902722368     
   41.399999999999999        5.7599999999999998        185.48518105960210     
   41.399999999999999        5.8399999999999999        145.91948011926058     
   41.399999999999999        5.9199999999999999        112.41247205084674     
   41.399999999999999        6.0000000000000000        84.862088251172381     
   41.399999999999999        6.0800000000000001        61.616449538933011     
   41.399999999999999        6.1600000000000001        42.791450457754465     
   41.399999999999999        6.2400000000000002        27.238971195343641     
   41.399999999999999        6.3200000000000003        14.443985196962750     
   41.399999999999999        6.4000000000000004        4.2224468511925020     
   41.399999999999999        6.4800000000000004       -4.0894582219422269     
   41.399999999999999        6.5600000000000005       -10.541839639390949     
   41.399999999999999        6.6400000000000006       -15.688991339881266     
   41.399999999999999        6.7200000000000006       -19.513186701095822     
   41.399999999999999        6.7999999999999998       -22.386676645290290     
   41.399999999999999        6.8799999999999999       -24.481536545256130     
   41.399999999999999        6.9600000000000000       -25.863543346584738     
   41.399999999999999        7.0400000000000000       -26.737937391187177     
   41.399999999999999        7.1200000000000001       -27.131639609462198     
   41.399999999999999        7.2000000000000002       -27.204345367637142     
   41.399999999999999        7.2799999999999994       -26.965137438813333     
   41.399999999999999        7.3599999999999994       -26.516275498365189     
   41.399999999999999        7.4399999999999995       -25.907355042349092     
   41.399999999999999        7.5199999999999996       -25.163291055312531     
   41.399999999999999        7.5999999999999996       -24.334045112865578     
   41.399999999999999        7.6799999999999997       -23.435596599751456     
   41.399999999999999        7.7599999999999998       -22.500377407032776     
   41.399999999999999        7.8399999999999999       -21.541217166969584     
   41.399999999999999        7.9199999999999999       -20.576378408180609     
   41.399999999999999        8.0000000000000000       -19.616132285823682     
   41.399999999999999        8.0800000000000001       -18.671271790933762     
   41.399999999999999        8.1600000000000001       -17.745816110235154     
   41.399999999999999        8.2400000000000002       -16.849792586595026     
   41.399999999999999        8.3200000000000003       -15.980829754869436     
   41.399999999999999        8.4000000000000004       -15.149357989026244     
   41.399999999999999        8.4800000000000004       -14.351927856496182     
   41.399999999999999        8.5599999999999987       -13.588055084830009     
   41.399999999999999        8.6400000000000006       -12.863277916154889     
   41.399999999999999        8.7199999999999989       -12.171300500473533     
   41.399999999999999        8.8000000000000007       -11.518558955764068     
   41.399999999999999        8.8799999999999990       -10.899431902526484     
   41.399999999999999        8.9600000000000009       -10.312441905779608     
   41.399999999999999        9.0399999999999991       -9.7597613282232523     
   41.399999999999999        9.1200000000000010       -9.2360210373581584     
   41.399999999999999        9.1999999999999993       -8.7444932063689826     
   41.399999999999999        9.2800000000000011       -8.2785914602277977     
   41.399999999999999        9.3599999999999994       -7.8424950094178332     
   41.399999999999999        9.4400000000000013       -7.4310209363199995     
   41.399999999999999        9.5199999999999996       -7.0424189955191228     
   41.399999999999999        9.5999999999999996       -6.6779509431231840     
   41.399999999999999        9.6799999999999997       -6.3332757417962080     
   41.399999999999999        9.7599999999999998       -6.0105044786342035     
   41.399999999999999        9.8399999999999999       -5.7047662270590793     
   41.399999999999999        9.9199999999999999       -5.4188093692263388     
   41.399999999999999        10.000000000000000       -5.1489611850000490     
   41.399999999999999        10.080000000000000       -4.8938959715096013     
   41.399999999999999        10.160000000000000       -4.6544866622870176     
   41.399999999999999        10.240000000000000       -4.4277228995402655     
   41.399999999999999        10.320000000000000       -4.2150355308320382     
   41.399999999999999        10.400000000000000       -4.0131506786385209     
   41.399999999999999        10.480000000000000       -3.8239070743811099     
   41.399999999999999        10.559999999999999       -3.6448925266747434     
   41.399999999999999        10.640000000000001       -3.4752100285008729     
   41.399999999999999        10.719999999999999       -3.3155078231580073     
   41.399999999999999        10.800000000000001       -3.1637866774771677     
   41.399999999999999        10.879999999999999       -3.0210459683633779     
   41.399999999999999        10.960000000000001       -2.8851344683488094     
   41.399999999999999        11.039999999999999       -2.7573080284855269     
   41.399999999999999        11.120000000000001       -2.6360057686573048     
   41.399999999999999        11.199999999999999       -2.5206367409804740     
   41.399999999999999        11.280000000000001       -2.4116930912360095     
   41.399999999999999        11.359999999999999       -2.3078483376055114     
   41.399999999999999        11.440000000000001       -2.2098159006892728     
   41.399999999999999        11.520000000000000       -2.1165747914214808     
   41.399999999999999        11.600000000000000       -2.0277902161805206     
   41.399999999999999        11.680000000000000       -1.9436519744350238     
   41.399999999999999        11.760000000000000       -1.8633637196766595     
   41.399999999999999        11.840000000000000       -1.7873018311777991     
   41.399999999999999        11.920000000000000       -1.7145708113032849     
   41.399999999999999        12.000000000000000       -1.6456892280521072     
   43.200000000000003        4.0000000000000000        7005.9530764593483     
   43.200000000000003        4.0800000000000001        6117.3455201514362     
   43.200000000000003        4.1600000000000001        5324.6818499004758     
   43.200000000000003        4.2400000000000002        4618.3593583522243     
   43.200000000000003        4.3200000000000003        3999.6288908240658     
   43.200000000000003        4.4000000000000004        3449.8278773390839     
   43.200000000000003        4.4800000000000004        2972.7507977840241     
   43.200000000000003        4.5600000000000005        2549.6289349282069     
   43.200000000000003        4.6399999999999997        2185.7865707572359     
   43.200000000000003        4.7199999999999998        1867.4933087279646     
   43.200000000000003        4.7999999999999998        1588.8246289452811     
   43.200000000000003        4.8799999999999999        1349.6045042953560     
   43.200000000000003        4.9600000000000000        1140.3546694499928     
   43.200000000000003        5.0400000000000000        962.27162968315372     
   43.200000000000003        5.1200000000000001        806.61133578955423     
   43.200000000000003        5.2000000000000002        675.30219037766346     
   43.200000000000003        5.2800000000000002        562.24667558259364     
   43.200000000000003        5.3600000000000003        464.73812441466634     
   43.200000000000003        5.4399999999999995        382.59079211993486     
   43.200000000000003        5.5199999999999996        311.81468659849219     
   43.200000000000003        5.5999999999999996        252.78417391758873     
   43.200000000000003        5.6799999999999997        201.99858799792469     
   43.200000000000003        5.7599999999999998        160.10857570780487     
   43.200000000000003        5.8399999999999999        124.75007650485149     
   43.200000000000003        5.9199999999999999        94.853599416582966     
   43.200000000000003        6.0000000000000000        70.323602075790731     
   43.200000000000003        6.0800000000000001        49.669324067592008     
   43.200000000000003        6.1600000000000001        32.992095248997799     
   43.200000000000003        6.2400000000000002        19.256567302261494     
   43.200000000000003        6.3200000000000003        7.9977652006441335     
   43.200000000000003        6.4000000000000004      -0.95188565722107932     
   43.200000000000003        6.4800000000000004       -8.1898533506067057     
   43.200000000000003        6.5600000000000005       -13.763177658964379     
   43.200000000000003        6.6400000000000006       -18.169658769231479     
   43.200000000000003        6.7200000000000006       -21.395493818661894     
   43.200000000000003        6.7999999999999998       -23.774613686098679     
   43.200000000000003        6.8799999999999999       -25.461738908882637     
   43.200000000000003        6.9600000000000000       -26.517072834431353     
   43.200000000000003        7.0400000000000000       -27.123951828687236     
   43.200000000000003        7.1200000000000001       -27.307911594670944     
   43.200000000000003        7.2000000000000002       -27.210795499204071     
   43.200000000000003        7.2799999999999994       -26.842367876893022     
   43.200000000000003        7.3599999999999994       -26.293160860745218     
   43.200000000000003        7.4399999999999995       -25.607343359688649     
   43.200000000000003        7.5199999999999996       -24.807978290972354     
   43.200000000000003        7.5999999999999996       -23.938619348671118     
   43.200000000000003        7.6799999999999997       -23.014557336654896     
   43.200000000000003        7.7599999999999998       -22.063317885910337     
   43.200000000000003        7.8399999999999999       -21.097571904234719     
   43.200000000000003        7.9199999999999999       -20.132496173349814     
   43.200000000000003        8.0000000000000000       -19.176887115628595     
   43.200000000000003        8.0800000000000001       -18.240891143840095     
   43.200000000000003        8.1600000000000001       -17.327011369254841     
   43.200000000000003        8.2400000000000002       -16.444896200611389     
   43.200000000000003        8.3200000000000003       -15.591171282332969     
   43.200000000000003        8.4000000000000004       -14.775990356771223     
   43.200000000000003        8.4800000000000004       -13.995335897475734     
   43.200000000000003        8.5599999999999987       -13.248426988344464     
   43.200000000000003        8.6400000000000006       -12.540546208218077     
   43.200000000000003        8.7199999999999989       -11.865234204035021     
   43.200000000000003        8.8000000000000007       -11.228705987210011     
   43.200000000000003        8.8799999999999990       -10.625286132091807     
   43.200000000000003        8.9600000000000009       -10.053437806530328     
   43.200000000000003        9.0399999999999991       -9.5152178046455358     
   43.200000000000003        9.1200000000000010       -9.0053119976863698     
   43.200000000000003        9.1999999999999993       -8.5268726577103333     
   43.200000000000003        9.2800000000000011       -8.0734358278943663     
   43.200000000000003        9.3599999999999994       -7.6490480361053468     
   43.200000000000003        9.4400000000000013       -7.2486372025573642     
   43.200000000000003        9.5199999999999996       -6.8704852002483987     
   43.200000000000003        9.5999999999999996       -6.5158071501011730     
   43.200000000000003        9.6799999999999997       -6.1803727100568091     
   43.200000000000003        9.7599999999999998       -5.8662272500322317     
   43.200000000000003        9.8399999999999999       -5.5686326946418268     
   43.200000000000003        9.9199999999999999       -5.2902562054950693     
   43.200000000000003        10.000000000000000       -5.0275278936764867     
   43.200000000000003        10.080000000000000       -4.7791592219118639     
   43.200000000000003        10.160000000000000       -4.5459979577929506     
   43.200000000000003        10.240000000000000       -4.3251202867655323     
   43.200000000000003        10.320000000000000       -4.1179169691626969     
   43.200000000000003        10.400000000000000       -3.9212084960547817     
   43.200000000000003        10.480000000000000       -3.7367827038001287     
   43.200000000000003        10.559999999999999       -3.5622972071892431     
   43.200000000000003        10.640000000000001       -3.3968815542863298     
   43.200000000000003        10.719999999999999       -3.2411673816539506     
   43.200000000000003        10.800000000000001       -3.0932125952273299     
   43.200000000000003        10.879999999999999       -2.9539904618928317     
   43.200000000000003        10.960000000000001       -2.8214102778577121     
   43.200000000000003        11.039999999999999       -2.6966950686606954     
   43.200000000000003        11.120000000000001       -2.5783277401875493     
   43.200000000000003        11.199999999999999       -2.4657343393703015     
   43.200000000000003        11.280000000000001       -2.3593950559904480     
   43.200000000000003        11.359999999999999       -2.2580196949839513     
   43.200000000000003        11.440000000000001       -2.1623039378401243     
   43.200000000000003        11.520000000000000       -2.0712545500693884     
   43.200000000000003        11.600000000000000       -1.9845462281939195     
   43.200000000000003        11.680000000000000       -1.9023646993574088     
   43.200000000000003        11.760000000000000       -1.8239347648080495     
   43.200000000000003        11.840000000000000       -1.7496239297689142     
   43.200000000000003        11.920000000000000       -1.6785599563309508     
   43.200000000000003        12.000000000000000       -1.6112489894113999     
   45.000000000000000        4.0000000000000000        6450.1083522156923     
   45.000000000000000        4.0800000000000001        5623.5966345191382     
   45.000000000000000        4.1600000000000001        4888.0043518185703     
   45.000000000000000        4.2400000000000002        4233.8536636647141     
   45.000000000000000        4.3200000000000003        3661.9686854889592     
   45.000000000000000        4.4000000000000004        3154.5910360693197     
   45.000000000000000        4.4800000000000004        2715.0530252102067     
   45.000000000000000        4.5600000000000005        2325.7147147777118     
   45.000000000000000        4.6399999999999997        1991.3930081216363     
   45.000000000000000        4.7199999999999998        1699.2532875306222     
   45.000000000000000        4.7999999999999998        1443.7472763874255     
   45.000000000000000        4.8799999999999999        1224.6519258802350     
   45.000000000000000        4.9600000000000000        1033.1795692965038     
   45.000000000000000        5.0400000000000000        870.39442716280064     
   45.000000000000000        5.1200000000000001        728.22481352664931     
   45.000000000000000        5.2000000000000002        608.41859736682966     
   45.000000000000000        5.2800000000000002        505.35891532142051     
   45.000000000000000        5.3600000000000003        416.55090224721926     
   45.000000000000000        5.4399999999999995        341.81233535326288     
   45.000000000000000        5.5199999999999996        277.48081764548766     
   45.000000000000000        5.5999999999999996        223.89071293166805     
   45.000000000000000        5.6799999999999997        177.83551387043195     
   45.000000000000000        5.7599999999999998        139.90386122895276     
   45.000000000000000        5.8399999999999999        107.93256384757882     
   45.000000000000000        5.9199999999999999        80.942534887295452     
   45.000000000000000        6.0000000000000000        58.843126075283877     
   45.000000000000000        6.0800000000000001        40.273280088526221     
   45.000000000000000        6.1600000000000001        25.322384614965426     
   45.000000000000000        6.2400000000000002        13.046018315900296     
   45.000000000000000        6.3200000000000003        3.0195691445604100     
   45.000000000000000        6.4000000000000004       -4.9112669023321640     
   45.000000000000000        6.4800000000000004       -11.290360457498114     
   45.000000000000000        6.5600000000000005       -16.162255928252559     
   45.000000000000000        6.6400000000000006       -19.979087989344944     
   45.000000000000000        6.7200000000000006       -22.730177281055493     
   45.000000000000000        6.7999999999999998       -24.718466561718891     
   45.000000000000000        6.8799999999999999       -26.084624957974995     
   45.000000000000000        6.9600000000000000       -26.884300037798166     
   45.000000000000000        7.0400000000000000       -27.283127907742550     
   45.000000000000000        7.1200000000000001       -27.305461885353516     
   45.000000000000000        7.2000000000000002       -27.078747357128282     
   45.000000000000000        7.2799999999999994       -26.613224528563375     
   45.000000000000000        7.3599999999999994       -25.989976498466540     
   45.000000000000000        7.4399999999999995       -25.248787560197346     
   45.000000000000000        7.5199999999999996       -24.411182648405749     
   45.000000000000000        7.5999999999999996       -23.515580834118580     
   45.000000000000000        7.6799999999999997       -22.576665389860018     
   45.000000000000000        7.7599999999999998       -21.618060509453972     
   45.000000000000000        7.8399999999999999       -20.652248558749999     
   45.000000000000000        7.9199999999999999       -19.691963622220975     
   45.000000000000000        8.0000000000000000       -18.744826519569276     
   45.000000000000000        8.0800000000000001       -17.820434921099402     
   45.000000000000000        8.1600000000000001       -16.920118081579709     
   45.000000000000000        8.2400000000000002       -16.053183318714005     
   45.000000000000000        8.3200000000000003       -15.215506480982874     
   45.000000000000000        8.4000000000000004       -14.416976040340636     
   45.000000000000000        8.4800000000000004       -13.653161009679302     
   45.000000000000000        8.5599999999999987       -12.923057702649338     
   45.000000000000000        8.6400000000000006       -12.231725421243340     
   45.000000000000000        8.7199999999999989       -11.572613890273946     
   45.000000000000000        8.8000000000000007       -10.951736525950297     
   45.000000000000000        8.8799999999999990       -10.363406616352332     
   45.000000000000000        8.9600000000000009       -9.8060501792630781     
   45.000000000000000        9.0399999999999991       -9.2816251025582925     
   45.000000000000000        9.1200000000000010       -8.7848873753096903     
   45.000000000000000        9.1999999999999993       -8.3188813747778596     
   45.000000000000000        9.2800000000000011       -7.8772707175327996     
   45.000000000000000        9.3599999999999994       -7.4639796595555135     
   45.000000000000000        9.4400000000000013       -7.0740475021569109     
   45.000000000000000        9.5199999999999996       -6.7057897970679807     
   45.000000000000000        9.5999999999999996       -6.3603799326544745     
   45.000000000000000        9.6799999999999997       -6.0336942830490594     
   45.000000000000000        9.7599999999999998       -5.7277176096975575     
   45.000000000000000        9.8399999999999999       -5.4378380021408548     
   45.000000000000000        9.9199999999999999       -5.1666469763352669     
   45.000000000000000        10.000000000000000       -4.9106717639917941     
   45.000000000000000        10.080000000000000       -4.6686589726741827     
   45.000000000000000        10.160000000000000       -4.4414329224371301     
   45.000000000000000        10.240000000000000       -4.2261510193970837     
   45.000000000000000        10.320000000000000       -4.0241663929904385     
   45.000000000000000        10.400000000000000       -3.8323879702736630     
   45.000000000000000        10.480000000000000       -3.6525556799863295     
   45.000000000000000        10.559999999999999       -3.4823924881750927     
   45.000000000000000        10.640000000000001       -3.3210527227056326     
   45.000000000000000        10.719999999999999       -3.1691521950358688     
   45.000000000000000        10.800000000000001       -3.0248023735854024     
   45.000000000000000        10.879999999999999       -2.8889517077262563     
   45.000000000000000        10.960000000000001       -2.7595663556242829     
   45.000000000000000        11.039999999999999       -2.6378381376682554     
   45.000000000000000        11.120000000000001       -2.5222911116980300     
   45.000000000000000        11.199999999999999       -2.4123672343180202     
   45.000000000000000        11.280000000000001       -2.3085351825223372     
   45.000000000000000        11.359999999999999       -2.2095390007727587     
   45.000000000000000        11.440000000000001       -2.1160573587970175     
   45.000000000000000        11.520000000000000       -2.0271232377252888     
   45.000000000000000        11.600000000000000       -1.9424202379676623     
   45.000000000000000        11.680000000000000       -1.8621300724569487     
   45.000000000000000        11.760000000000000       -1.7854975957873533     
   45.000000000000000        11.840000000000000       -1.7128817228761646     
   45.000000000000000        11.920000000000000       -1.6434323545764704     
   45.000000000000000        12.000000000000000       -1.5776436461526213     
   46.800000000000004        4.0000000000000000        6023.3663097666104     
   46.800000000000004        4.0800000000000001        5243.1530646397923     
   46.800000000000004        4.1600000000000001        4550.4641206159631     
   46.800000000000004        4.2400000000000002        3935.8021289070975     
   46.800000000000004        4.3200000000000003        3399.6027066515398     
   46.800000000000004        4.4000000000000004        2924.6973956204788     
   46.800000000000004        4.4800000000000004        2514.0319880062689     
   46.800000000000004        4.5600000000000005        2150.7689509291786     
   46.800000000000004        4.6399999999999997        1839.3172921417477     
   46.800000000000004        4.7199999999999998        1567.4962466157303     
   46.800000000000004        4.7999999999999998        1330.0295774947501     
   46.800000000000004        4.8799999999999999        1126.6457719540585     
   46.800000000000004        4.9600000000000000        949.07819422823093     
   46.800000000000004        5.0400000000000000        798.28132718546647     
   46.800000000000004        5.1200000000000001        666.69844060377363     
   46.800000000000004        5.2000000000000002        555.93237486868236     
   46.800000000000004        5.2800000000000002        460.73689467451288     
   46.800000000000004        5.3600000000000003        378.78016861468836     
   46.800000000000004        5.4399999999999995        309.88051818100121     
   46.800000000000004        5.5199999999999996        250.63087751526371     
   46.800000000000004        5.5999999999999996        201.33282398744049     
   46.800000000000004        5.6799999999999997        159.01041701523772     
   46.800000000000004        5.7599999999999998        124.20261535926657     
   46.800000000000004        5.8399999999999999        94.904126361433384     
   46.800000000000004        5.9199999999999999        70.206916544902441     
   46.800000000000004        6.0000000000000000        50.023886156241545     
   46.800000000000004        6.0800000000000001        33.096398325007890     
   46.800000000000004        6.1600000000000001        19.504228307865244     
   46.800000000000004        6.2400000000000002        8.3748864925496740     
   46.800000000000004        6.3200000000000003      -0.68429810626696652     
   46.800000000000004        6.4000000000000004       -7.8171291445318145     
   46.800000000000004        6.4800000000000004       -13.524987863478453     
   46.800000000000004        6.5600000000000005       -17.850412629072562     
   46.800000000000004        6.6400000000000006       -21.209318714541105     
   46.800000000000004        6.7200000000000006       -23.593444844567404     
   46.800000000000004        6.7999999999999998       -25.281146288312911     
   46.800000000000004        6.8799999999999999       -26.401924781154761     
   46.800000000000004        6.9600000000000000       -27.007759965791276     
   46.800000000000004        7.0400000000000000       -27.250260921720802     
   46.800000000000004        7.1200000000000001       -27.152775915997140     
   46.800000000000004        7.2000000000000002       -26.831371568955191     
   46.800000000000004        7.2799999999999994       -26.296585267013445     
   46.800000000000004        7.3599999999999994       -25.622043249108550     
   46.800000000000004        7.4399999999999995       -24.844056670079034     
   46.800000000000004        7.5199999999999996       -23.982888444385729     
   46.800000000000004        7.5999999999999996       -23.072935986342554     
   46.800000000000004        7.6799999999999997       -22.128347657595121     
   46.800000000000004        7.7599999999999998       -21.169723791179472     
   46.800000000000004        7.8399999999999999       -20.209334279860084     
   46.800000000000004        7.9199999999999999       -19.258031883895036     
   46.800000000000004        8.0000000000000000       -18.322523282084219     
   46.800000000000004        8.0800000000000001       -17.411944179672592     
   46.800000000000004        8.1600000000000001       -16.526747881509952     
   46.800000000000004        8.2400000000000002       -15.675935226667891     
   46.800000000000004        8.3200000000000003       -14.854851705652326     
   46.800000000000004        8.4000000000000004       -14.073132245350678     
   46.800000000000004        8.4800000000000004       -13.326066141772399     
   46.800000000000004        8.5599999999999987       -12.612491050014642     
   46.800000000000004        8.6400000000000006       -11.937272149629438     
   46.800000000000004        8.7199999999999989       -11.293830193379044     
   46.800000000000004        8.8000000000000007       -10.687995143264793     
   46.800000000000004        8.8799999999999990       -10.114105158503524     
   46.800000000000004        8.9600000000000009       -9.5705681872373258     
   46.800000000000004        9.0399999999999991       -9.0592581063782180     
   46.800000000000004        9.1200000000000010       -8.5750131888624868     
   46.800000000000004        9.1999999999999993       -8.1207809684112835     
   46.800000000000004        9.2800000000000011       -7.6903559137320228     
   46.800000000000004        9.3599999999999994       -7.2875498413981790     
   46.800000000000004        9.4400000000000013       -6.9075129572142542     
   46.800000000000004        9.5199999999999996       -6.5485955308068391     
   46.800000000000004        9.5999999999999996       -6.2119337211864289     
   46.800000000000004        9.6799999999999997       -5.8935063583498595     
   46.800000000000004        9.7599999999999998       -5.5952424344032137     
   46.800000000000004        9.8399999999999999       -5.3126494873943582     
   46.800000000000004        9.9199999999999999       -5.0482487500350750     
   46.800000000000004        10.000000000000000       -4.7986589271955529     
   46.800000000000004        10.080000000000000       -4.5626597684218755     
   46.800000000000004        10.160000000000000       -4.3410538044014180     
   46.800000000000004        10.240000000000000       -4.1310744726378541     
   46.800000000000004        10.320000000000000       -3.9340396747295774     
   46.800000000000004        10.400000000000000       -3.7469410039405662     
   46.800000000000004        10.480000000000000       -3.5714734215612687     
   46.800000000000004        10.559999999999999       -3.4054209203148003     
   46.800000000000004        10.640000000000001       -3.2479608960123607     
   46.800000000000004        10.719999999999999       -3.0996941341065583     
   46.800000000000004        10.800000000000001       -2.9587821819149420     
   46.800000000000004        10.879999999999999       -2.8261499793656411     
   46.800000000000004        10.960000000000001       -2.6998169613175564     
   46.800000000000004        11.039999999999999       -2.5809453830735283     
   46.800000000000004        11.120000000000001       -2.4680978727562066     
   46.800000000000004        11.199999999999999       -2.3607312420882947     
   46.800000000000004        11.280000000000001       -2.2593031295791466     
   46.800000000000004        11.359999999999999       -2.1625897926180433     
   46.800000000000004        11.440000000000001       -2.0712536508826140     
   46.800000000000004        11.520000000000000       -1.9843523733260642     
   46.800000000000004        11.600000000000000       -1.9015778913969206     
   46.800000000000004        11.680000000000000       -1.8231079871333260     
   46.800000000000004        11.760000000000000       -1.7482064697460618     
   46.800000000000004        11.840000000000000       -1.6772239771980171     
   46.800000000000004        11.920000000000000       -1.6093314101144560     
   46.800000000000004        12.000000000000000       -1.5450114030672808     
   48.599999999999994        4.0000000000000000        5709.0259029361378     
   48.599999999999994        4.0800000000000001        4961.5491807404433     
   48.599999999999994        4.1600000000000001        4299.5575050606667     
   48.599999999999994        4.2400000000000002        3713.4238375927357     
   48.599999999999994        4.3200000000000003        3203.2366898318924     
   48.599999999999994        4.4000000000000004        2752.1579912943648     
   48.599999999999994        4.4800000000000004        2362.8170353589167     
   48.599999999999994        4.5600000000000005        2018.9032780558368     
   48.599999999999994        4.6399999999999997        1724.5067933987259     
   48.599999999999994        4.7199999999999998        1467.8946908594651     
   48.599999999999994        4.7999999999999998        1243.9743449554899     
   48.599999999999994        4.8799999999999999        1052.4261506821535     
   48.599999999999994        4.9600000000000000        885.35821118213732     
   48.599999999999994        5.0400000000000000        743.63596223803597     
   48.599999999999994        5.1200000000000001        620.08087421906350     
   48.599999999999994        5.2000000000000002        516.18249558785533     
   48.599999999999994        5.2800000000000002        426.96930538461100     
   48.599999999999994        5.3600000000000003        350.23003467909678     
   48.599999999999994        5.4399999999999995        285.78125501241669     
   48.599999999999994        5.5199999999999996        230.40787168739527     
   48.599999999999994        5.5999999999999996        184.38524179911886     
   48.599999999999994        5.6799999999999997        144.91204996322716     
   48.599999999999994        5.7599999999999998        112.48858789372888     
   48.599999999999994        5.8399999999999999        85.229595327566471     
   48.599999999999994        5.9199999999999999        62.281045382466921     
   48.599999999999994        6.0000000000000000        43.558259653438235     
   48.599999999999994        6.0800000000000001        27.880905804827588     
   48.599999999999994        6.1600000000000001        15.321250981283089     
   48.599999999999994        6.2400000000000002        5.0619253780591498     
   48.599999999999994        6.3200000000000003       -3.2652524657055051     
   48.599999999999994        6.4000000000000004       -9.7960271050673082     
   48.599999999999994        6.4800000000000004       -14.999140804027679     
   48.599999999999994        6.5600000000000005       -18.915550761354005     
   48.599999999999994        6.6400000000000006       -21.933339206799811     
   48.599999999999994        6.7200000000000006       -24.046031179833015     
   48.599999999999994        6.7999999999999998       -25.513080912314717     
   48.599999999999994        6.8799999999999999       -26.455385324081046     
   48.599999999999994        6.9600000000000000       -26.922044914419406     
   48.599999999999994        7.0400000000000000       -27.053907840948234     
   48.599999999999994        7.1200000000000001       -26.873475811880670     
   48.599999999999994        7.2000000000000002       -26.488121831726563     
   48.599999999999994        7.2799999999999994       -25.908523341393195     
   48.599999999999994        7.3599999999999994       -25.202621780657090     
   48.599999999999994        7.4399999999999995       -24.404066459499877     
   48.599999999999994        7.5199999999999996       -23.532105423492204     
   48.599999999999994        7.5999999999999996       -22.618103864782146     
   48.599999999999994        7.6799999999999997       -21.675741947863727     
   48.599999999999994        7.7599999999999998       -20.723375343089785     
   48.599999999999994        7.8399999999999999       -19.773042728466674     
   48.599999999999994        7.9199999999999999       -18.834213657390510     
   48.599999999999994        8.0000000000000000       -17.912913041435520     
   48.599999999999994        8.0800000000000001       -17.017893211018706     
   48.599999999999994        8.1600000000000001       -16.148994848731906     
   48.599999999999994        8.2400000000000002       -15.314944850379689     
   48.599999999999994        8.3200000000000003       -14.510751278598425     
   48.599999999999994        8.4000000000000004       -13.745808005324839     
   48.599999999999994        8.4800000000000004       -13.015241812801836     
   48.599999999999994        8.5599999999999987       -12.317788132760713     
   48.599999999999994        8.6400000000000006       -11.658144899863208     
   48.599999999999994        8.7199999999999989       -11.029757219465086     
   48.599999999999994        8.8000000000000007       -10.438288966761224     
   48.599999999999994        8.8799999999999990       -9.8781338943981254     
   48.599999999999994        8.9600000000000009       -9.3476984121788789     
   48.599999999999994        9.0399999999999991       -8.8487860000580874     
   48.599999999999994        9.1200000000000010       -8.3763268215242732     
   48.599999999999994        9.1999999999999993       -7.9331820253016243     
   48.599999999999994        9.2800000000000011       -7.5132784335816893     
   48.599999999999994        9.3599999999999994       -7.1203250018734465     
   48.599999999999994        9.4400000000000013       -6.7495813229745538     
   48.599999999999994        9.5199999999999996       -6.3994329345266152     
   48.599999999999994        9.5999999999999996       -6.0709830182120887     
   48.599999999999994        9.6799999999999997       -5.7603081754299286     
   48.599999999999994        9.7599999999999998       -5.4692863589784553     
   48.599999999999994        9.8399999999999999       -5.1935375853521064     
   48.599999999999994        9.9199999999999999       -4.9355181325534652     
   48.599999999999994        10.000000000000000       -4.6919324068709116     
   48.599999999999994        10.080000000000000       -4.4615912487679656     
   48.599999999999994        10.160000000000000       -4.2452770535507218     
   48.599999999999994        10.240000000000000       -4.0402940618822623     
   48.599999999999994        10.320000000000000       -3.8479273785442762     
   48.599999999999994        10.400000000000000       -3.6652454640958276     
   48.599999999999994        10.480000000000000       -3.4939013048313590     
   48.599999999999994        10.559999999999999       -3.3317355820202335     
   48.599999999999994        10.640000000000001       -3.1779470543979587     
   48.599999999999994        10.719999999999999       -3.0331223259673363     
   48.599999999999994        10.800000000000001       -2.8954695158896482     
   48.599999999999994        10.879999999999999       -2.7658914235826000     
   48.599999999999994        10.960000000000001       -2.6424571312414940     
   48.599999999999994        11.039999999999999       -2.5263010456053072     
   48.599999999999994        11.120000000000001       -2.4160217488868914     
   48.599999999999994        11.199999999999999       -2.3110898487314935     
   48.599999999999994        11.280000000000001       -2.2119524677040321     
   48.599999999999994        11.359999999999999       -2.1174160013397905     
   48.599999999999994        11.440000000000001       -2.0281274424298443     
   48.599999999999994        11.520000000000000       -1.9431675791148977     
   48.599999999999994        11.600000000000000       -1.8622360952158066     
   48.599999999999994        11.680000000000000       -1.7855069539955806     
   48.599999999999994        11.760000000000000       -1.7122617784861256     
   48.599999999999994        11.840000000000000       -1.6428432842763729     
   48.599999999999994        11.920000000000000       -1.5764421752198983     
   48.599999999999994        12.000000000000000       -1.5135300868286750     
   50.400000000000006        4.0000000000000000        5489.6880756659448     
   50.400000000000006        4.0800000000000001        4763.6397373583286     
   50.400000000000006        4.1600000000000001        4122.1328641073096     
   50.400000000000006        4.2400000000000002        3555.3300012509148     
   50.400000000000006        4.3200000000000003        3063.0140035332070     
   50.400000000000006        4.4000000000000004        2628.4691338058492     
   50.400000000000006        4.4800000000000004        2254.0706858210829     
   50.400000000000006        4.5600000000000005        1923.8093682034757     
   50.400000000000006        4.6399999999999997        1641.5333949442866     
   50.400000000000006        4.7199999999999998        1395.7874222055423     
   50.400000000000006        4.7999999999999998        1181.5895559431185     
   50.400000000000006        4.8799999999999999        998.57373206325042     
   50.400000000000006        4.9600000000000000        839.10023986556007     
   50.400000000000006        5.0400000000000000        703.96381803925590     
   50.400000000000006        5.1200000000000001        586.24879399690406     
   50.400000000000006        5.2000000000000002        487.35892089018557     
   50.400000000000006        5.2800000000000002        402.51623278995066     
   50.400000000000006        5.3600000000000003        329.59411984421843     
   50.400000000000006        5.4399999999999995        268.40571013760945     
   50.400000000000006        5.5199999999999996        215.87396858270833     
   50.400000000000006        5.5999999999999996        172.25381524202024     
   50.400000000000006        5.6799999999999997        134.87080931073416     
   50.400000000000006        5.7599999999999998        104.19611969398873     
   50.400000000000006        5.8399999999999999        78.432143829568446     
   50.400000000000006        5.9199999999999999        56.764291087198089     
   50.400000000000006        6.0000000000000000        39.109388605321776     
   50.400000000000006        6.0800000000000001        24.344729126010883     
   50.400000000000006        6.1600000000000001        12.536912725869428     
   50.400000000000006        6.2400000000000002        2.9092555517745735     
   50.400000000000006        6.3200000000000003       -4.8883300130794147     
   50.400000000000006        6.4000000000000004       -10.985616957390825     
   50.400000000000006        6.4800000000000004       -15.827181252199166     
   50.400000000000006        6.5600000000000005       -19.452757374733810     
   50.400000000000006        6.6400000000000006       -22.229815721421591     
   50.400000000000006        6.7200000000000006       -24.153119683719609     
   50.400000000000006        6.7999999999999998       -25.468122031826589     
   50.400000000000006        6.8799999999999999       -26.289323252817926     
   50.400000000000006        6.9600000000000000       -26.663624703062133     
   50.400000000000006        7.0400000000000000       -26.723929835867676     
   50.400000000000006        7.1200000000000001       -26.492031597201230     
   50.400000000000006        7.2000000000000002       -26.068924909422762     
   50.400000000000006        7.2799999999999994       -25.465293779622513     
   50.400000000000006        7.3599999999999994       -24.744923167478014     
   50.400000000000006        7.4399999999999995       -23.939500762943034     
   50.400000000000006        7.5199999999999996       -23.067474615246457     
   50.400000000000006        7.5999999999999996       -22.158030374258740     
   50.400000000000006        7.6799999999999997       -21.224439678703725     
   50.400000000000006        7.7599999999999998       -20.283484026082377     
   50.400000000000006        7.8399999999999999       -19.346957268950195     
   50.400000000000006        7.9199999999999999       -18.423374037875512     
   50.400000000000006        8.0000000000000000       -17.518277643753933     
   50.400000000000006        8.0800000000000001       -16.640106200192459     
   50.400000000000006        8.1600000000000001       -15.788313161492056     
   50.400000000000006        8.2400000000000002       -14.971381269116232     
   50.400000000000006        8.3200000000000003       -14.184145256339228     
   50.400000000000006        8.4000000000000004       -13.435770755600368     
   50.400000000000006        8.4800000000000004       -12.721321336811558     
   50.400000000000006        8.5599999999999987       -12.039478278254744     
   50.400000000000006        8.6400000000000006       -11.394796382189735     
   50.400000000000006        8.7199999999999989       -10.780789315236602     
   50.400000000000006        8.8000000000000007       -10.202971064092006     
   50.400000000000006        8.8799999999999990       -9.6558160343973007     
   50.400000000000006        8.9600000000000009       -9.1377429143880491     
   50.400000000000006        9.0399999999999991       -8.6504968896402055     
   50.400000000000006        9.1200000000000010       -8.1891070909212811     
   50.400000000000006        9.1999999999999993       -7.7563579270188887     
   50.400000000000006        9.2800000000000011       -7.3463084621058226     
   50.400000000000006        9.3599999999999994       -6.9625738805854267     
   50.400000000000006        9.4400000000000013       -6.6005207673558957     
   50.400000000000006        9.5199999999999996       -6.2585700317595903     
   50.400000000000006        9.5999999999999996       -5.9377957926476865     
   50.400000000000006        9.6799999999999997       -5.6343674934670611     
   50.400000000000006        9.7599999999999998       -5.3501165534174735     
   50.400000000000006        9.8399999999999999       -5.0807684654022367     
   50.400000000000006        9.9199999999999999       -4.8287197077933710     
   50.400000000000006        10.000000000000000       -4.5907546658355436     
   50.400000000000006        10.080000000000000       -4.3657132345536400     
   50.400000000000006        10.160000000000000       -4.1543592812047585     
   50.400000000000006        10.240000000000000       -3.9540627300013371     
   50.400000000000006        10.320000000000000       -3.7660782809609015     
   50.400000000000006        10.400000000000000       -3.5875455947524673     
   50.400000000000006        10.480000000000000       -3.4200786429389556     
   50.400000000000006        10.559999999999999       -3.2615705628513232     
   50.400000000000006        10.640000000000001       -3.1112398239075412     
   50.400000000000006        10.719999999999999       -2.9696597125117670     
   50.400000000000006        10.800000000000001       -2.8350814859524647     
   50.400000000000006        10.879999999999999       -2.7083871912157735     
   50.400000000000006        10.960000000000001       -2.5876919859429988     
   50.400000000000006        11.039999999999999       -2.4741041688352490     
   50.400000000000006        11.120000000000001       -2.3662556988288377     
   50.400000000000006        11.199999999999999       -2.2636299445684775     
   50.400000000000006        11.280000000000001       -2.1666640653914029     
   50.400000000000006        11.359999999999999       -2.0741925318335777     
   50.400000000000006        11.440000000000001       -1.9868477671290530     
   50.400000000000006        11.520000000000000       -1.9037321147023976     
   50.400000000000006        11.600000000000000       -1.8245524422838257     
   50.400000000000006        11.680000000000000       -1.7494790298184852     
   50.400000000000006        11.760000000000000       -1.6778101654699282     
   50.400000000000006        11.840000000000000       -1.6098810252212463     
   50.400000000000006        11.920000000000000       -1.5449008990424531     
   50.400000000000006        12.000000000000000       -1.4833309791806382     
   52.200000000000003        4.0000000000000000        5350.5318384141028     
   52.200000000000003        4.0800000000000001        4636.4929633639840     
   52.200000000000003        4.1600000000000001        4006.9360164035365     
   52.200000000000003        4.2400000000000002        3451.7549763153115     
   52.200000000000003        4.3200000000000003        2970.4672198982407     
   52.200000000000003        4.4000000000000004        2546.3128939663866     
   52.200000000000003        4.4800000000000004        2181.4687185138223     
   52.200000000000003        4.5600000000000005        1860.0418566126639     
   52.200000000000003        4.6399999999999997        1585.7052375768337     
   52.200000000000003        4.7199999999999998        1347.1403758452207     
   52.200000000000003        4.7999999999999998        1139.4161158219561     
   52.200000000000003        4.8799999999999999        962.12239032664843     
   52.200000000000003        4.9600000000000000        807.76913623213966     
   52.200000000000003        5.0400000000000000        677.09659004324851     
   52.200000000000003        5.1200000000000001        563.35478630465025     
   52.200000000000003        5.2000000000000002        467.88544372612830     
   52.200000000000003        5.2800000000000002        386.03557819141196     
   52.200000000000003        5.3600000000000003        315.73293212834210     
   52.200000000000003        5.4399999999999995        256.78596404971989     
   52.200000000000003        5.5199999999999996        206.20990192718600     
   52.200000000000003        5.5999999999999996        164.24430294004256     
   52.200000000000003        5.6799999999999997        128.30091353921253     
   52.200000000000003        5.7599999999999998        98.830028698914774     
   52.200000000000003        5.8399999999999999        74.094074218181547     
   52.200000000000003        5.9199999999999999        53.305464429081297     
   52.200000000000003        6.0000000000000000        36.381789312484976     
   52.200000000000003        6.0800000000000001        22.240268438962914     
   52.200000000000003        6.1600000000000001        10.943439717199253     
   52.200000000000003        6.2400000000000002        1.7429377770394001     
   52.200000000000003        6.3200000000000003       -5.6987099308810389     
   52.200000000000003        6.4000000000000004       -11.507087214409648     
   52.200000000000003        6.4800000000000004       -16.109876081546883     
   52.200000000000003        6.5600000000000005       -19.545890999451981     
   52.200000000000003        6.6400000000000006       -22.168194743245728     
   52.200000000000003        6.7200000000000006       -23.972315952333496     
   52.200000000000003        6.7999999999999998       -25.193917969269854     
   52.200000000000003        6.8799999999999999       -25.943003858262902     
   52.200000000000003        6.9600000000000000       -26.264861309207703     
   52.200000000000003        7.0400000000000000       -26.286871471116079     
   52.200000000000003        7.1200000000000001       -26.030238716749146     
   52.200000000000003        7.2000000000000002       -25.591571449743427     
   52.200000000000003        7.2799999999999994       -24.981447890935517     
   52.200000000000003        7.3599999999999994       -24.260811037829694     
   52.200000000000003        7.4399999999999995       -23.459989785638530     
   52.200000000000003        7.5199999999999996       -22.596818893739677     
   52.200000000000003        7.5999999999999996       -21.699037014363007     
   52.200000000000003        7.6799999999999997       -20.779560894717548     
   52.200000000000003        7.7599999999999998       -19.854172741590453     
   52.200000000000003        7.8399999999999999       -18.934412617928242     
   52.200000000000003        7.9199999999999999       -18.028207056523165     
   52.200000000000003        8.0000000000000000       -17.140789599890763     
   52.200000000000003        8.0800000000000001       -16.280345061984548     
   52.200000000000003        8.1600000000000001       -15.446131620528751     
   52.200000000000003        8.2400000000000002       -14.646415296935432     
   52.200000000000003        8.3200000000000003       -13.875996133920916     
   52.200000000000003        8.4000000000000004       -13.143824694557285     
   52.200000000000003        8.4800000000000004       -12.444984814597310     
   52.200000000000003        8.5599999999999987       -11.778144301328393     
   52.200000000000003        8.6400000000000006       -11.147736530503789     
   52.200000000000003        8.7199999999999989       -10.547379851722962     
   52.200000000000003        8.8000000000000007       -9.9824535691339662     
   52.200000000000003        8.8799999999999990       -9.4475327668881413     
   52.200000000000003        8.9600000000000009       -8.9410598229556619     
   52.200000000000003        9.0399999999999991       -8.4647324106506421     
   52.200000000000003        9.1200000000000010       -8.0136834384108138     
   52.200000000000003        9.1999999999999993       -7.5906295232745169     
   52.200000000000003        9.2800000000000011       -7.1897603956718834     
   52.200000000000003        9.3599999999999994       -6.8146061553790140     
   52.200000000000003        9.4400000000000013       -6.4606371784253565     
   52.200000000000003        9.5199999999999996       -6.1263094455104730     
   52.200000000000003        9.5999999999999996       -5.8126716389812545     
   52.200000000000003        9.6799999999999997       -5.5159808719350876     
   52.200000000000003        9.7599999999999998       -5.2380263534300671     
   52.200000000000003        9.8399999999999999       -4.9746319914277164     
   52.200000000000003        9.9199999999999999       -4.7281394871883462     
   52.200000000000003        10.000000000000000       -4.4954075024562874     
   52.200000000000003        10.080000000000000       -4.2753029556469491     
   52.200000000000003        10.160000000000000       -4.0685727600349439     
   52.200000000000003        10.240000000000000       -3.8726474794514556     
   52.200000000000003        10.320000000000000       -3.6887537789346587     
   52.200000000000003        10.400000000000000       -3.5140969453424571     
   52.200000000000003        10.480000000000000       -3.3502548828186849     
   52.200000000000003        10.559999999999999       -3.1951690284088459     
   52.200000000000003        10.640000000000001       -3.0480759506489763     
   52.200000000000003        10.719999999999999       -2.9095365056219831     
   52.200000000000003        10.800000000000001       -2.7778417046976753     
   52.200000000000003        10.879999999999999       -2.6538542567121088     
   52.200000000000003        10.960000000000001       -2.5357318565966929     
   52.200000000000003        11.039999999999999       -2.4245584683191446     
   52.200000000000003        11.120000000000001       -2.3189968719776517     
   52.200000000000003        11.199999999999999       -2.2185421792493738     
   52.200000000000003        11.280000000000001       -2.1236221706701404     
   52.200000000000003        11.359999999999999       -2.0330973276917286     
   52.200000000000003        11.440000000000001       -1.9475863985559387     
   52.200000000000003        11.520000000000000       -1.8662117134922274     
   52.200000000000003        11.600000000000000       -1.7886867620296660     
   52.200000000000003        11.680000000000000       -1.7151782990879947     
   52.200000000000003        11.760000000000000       -1.6450001151762548     
   52.200000000000003        11.840000000000000       -1.5784802582946547     
   52.200000000000003        11.920000000000000       -1.5148453609529258     
   52.200000000000003        12.000000000000000       -1.4545467634387421     
   54.000000000000000        4.0000000000000000        5278.8272455341739     
   54.000000000000000        4.0800000000000001        4568.9773509423349     
   54.000000000000000        4.1600000000000001        3944.2599732078888     
   54.000000000000000        4.2400000000000002        3394.2598120051093     
   54.000000000000000        4.3200000000000003        2918.2668344224653     
   54.000000000000000        4.4000000000000004        2499.3445969516952     
   54.000000000000000        4.4800000000000004        2139.5200798970686     
   54.000000000000000        4.5600000000000005        1822.8661763210571     
   54.000000000000000        4.6399999999999997        1552.9378020005095     
   54.000000000000000        4.7199999999999998        1318.4375205439767     
   54.000000000000000        4.7999999999999998        1114.4357065966010     
   54.000000000000000        4.8799999999999999        940.48125461303709     
   54.000000000000000        4.9600000000000000        789.14823218365564     
   54.000000000000000        5.0400000000000000        661.13659025099764     
   54.000000000000000        5.1200000000000001        549.78050673714563     
   54.000000000000000        5.2000000000000002        456.38012016625873     
   54.000000000000000        5.2800000000000002        376.34967605506046     
   54.000000000000000        5.3600000000000003        307.64576903068576     
   54.000000000000000        5.4399999999999995        250.07132732931859     
   54.000000000000000        5.5199999999999996        200.69506628062766     
   54.000000000000000        5.5999999999999996        159.74561111418208     
   54.000000000000000        5.6799999999999997        124.68634185292801     
   54.000000000000000        5.7599999999999998        95.953781386767162     
   54.000000000000000        5.8399999999999999        71.846883259181766     
   54.000000000000000        5.9199999999999999        51.594495744294420     
   54.000000000000000        6.0000000000000000        35.114371584944863     
   54.000000000000000        6.0800000000000001        21.348562229512957     
   54.000000000000000        6.1600000000000001        10.356935545325410     
   54.000000000000000        6.2400000000000002        1.4088843733949172     
   54.000000000000000        6.3200000000000003       -5.8251261702712940     
   54.000000000000000        6.4000000000000004       -11.468008175719078     
   54.000000000000000        6.4800000000000004       -15.936769539977313     
   54.000000000000000        6.5600000000000005       -19.269560486217127     
   54.000000000000000        6.6400000000000006       -21.810347057532763     
   54.000000000000000        6.7200000000000006       -23.555017366869702     
   54.000000000000000        6.7999999999999998       -24.733052809221697     
   54.000000000000000        6.8799999999999999       -25.451586118434864     
   54.000000000000000        6.9600000000000000       -25.754794198212107     
   54.000000000000000        7.0400000000000000       -25.766611350042830     
   54.000000000000000        7.1200000000000001       -25.507758565789157     
   54.000000000000000        7.2000000000000002       -25.072163480466518     
   54.000000000000000        7.2799999999999994       -24.470205262590980     
   54.000000000000000        7.3599999999999994       -23.761110691034151     
   54.000000000000000        7.4399999999999995       -22.974366726294193     
   54.000000000000000        7.5199999999999996       -22.127356845326652     
   54.000000000000000        7.5999999999999996       -21.246998987914751     
   54.000000000000000        7.6799999999999997       -20.345903481019999     
   54.000000000000000        7.7599999999999998       -19.439343434424703     
   54.000000000000000        7.8399999999999999       -18.538600437545124     
   54.000000000000000        7.9199999999999999       -17.651325264474799     
   54.000000000000000        8.0000000000000000       -16.782588416848398     
   54.000000000000000        8.0800000000000001       -15.940375098497976     
   54.000000000000000        8.1600000000000001       -15.123910444199353     
   54.000000000000000        8.2400000000000002       -14.341269184584268     
   54.000000000000000        8.3200000000000003       -13.587332632614169     
   54.000000000000000        8.4000000000000004       -12.870849857348828     
   54.000000000000000        8.4800000000000004       -12.186994324617327     
   54.000000000000000        8.5599999999999987       -11.534454472635078     
   54.000000000000000        8.6400000000000006       -10.917561859933597     
   54.000000000000000        8.7199999999999989       -10.330068388527510     
   54.000000000000000        8.8000000000000007       -9.7772330555336779     
   54.000000000000000        8.8799999999999990       -9.2537471205886028     
   54.000000000000000        8.9600000000000009       -8.7580859089183623     
   54.000000000000000        9.0399999999999991       -8.2919092063840782     
   54.000000000000000        9.1200000000000010       -7.8504564477237464     
   54.000000000000000        9.1999999999999993       -7.4363848140527686     
   54.000000000000000        9.2800000000000011       -7.0440117687038022     
   54.000000000000000        9.3599999999999994       -6.6767906904983318     
   54.000000000000000        9.4400000000000013       -6.3302917857833094     
   54.000000000000000        9.5199999999999996       -6.0030054331064351     
   54.000000000000000        9.5999999999999996       -5.6959582606687142     
   54.000000000000000        9.6799999999999997       -5.4054896266493158     
   54.000000000000000        9.7599999999999998       -5.1333507115865471     
   54.000000000000000        9.8399999999999999       -4.8754566831559432     
   54.000000000000000        9.9199999999999999       -4.6340993966610267     
   54.000000000000000        10.000000000000000       -4.4062060746022738     
   54.000000000000000        10.080000000000000       -4.1906686217940106     
   54.000000000000000        10.160000000000000       -3.9882185520556104     
   54.000000000000000        10.240000000000000       -3.7963420657385165     
   54.000000000000000        10.320000000000000       -3.6162401584261765     
   54.000000000000000        10.400000000000000       -3.4451782222063834     
   54.000000000000000        10.480000000000000       -3.2847010494599944     
   54.000000000000000        10.559999999999999       -3.1327942660554240     
   54.000000000000000        10.640000000000001       -2.9887109565378580     
   54.000000000000000        10.719999999999999       -2.8530004629461416     
   54.000000000000000        10.800000000000001       -2.7239901913703606     
   54.000000000000000        10.879999999999999       -2.6025249620108526     
   54.000000000000000        10.960000000000001       -2.4868014770124724     
   54.000000000000000        11.039999999999999       -2.3778811829479003     
   54.000000000000000        11.120000000000001       -2.2744551288395995     
   54.000000000000000        11.199999999999999       -2.1760291607447964     
   54.000000000000000        11.280000000000001       -2.0830222995353425     
   54.000000000000000        11.359999999999999       -1.9943189582353469     
   54.000000000000000        11.440000000000001       -1.9105251468687900     
   54.000000000000000        11.520000000000000       -1.8307815986689493     
   54.000000000000000        11.600000000000000       -1.7548078650925303     
   54.000000000000000        11.680000000000000       -1.6827673575122402     
   54.000000000000000        11.760000000000000       -1.6139881842985659     
   54.000000000000000        11.840000000000000       -1.5487917078705915     
   54.000000000000000        11.920000000000000       -1.4864206254841621     
   54.000000000000000        12.000000000000000       -1.4273170552513668     
   55.799999999999997        4.0000000000000000        5262.2697617274562     
   55.799999999999997        4.0800000000000001        4550.2960492820275     
   55.799999999999997        4.1600000000000001        3924.6595505744795     
   55.799999999999997        4.2400000000000002        3374.6088575691747     
   55.799999999999997        4.3200000000000003        2899.2410107260866     
   55.799999999999997        4.4000000000000004        2481.3406273906398     
   55.799999999999997        4.4800000000000004        2122.8266193204622     
   55.799999999999997        4.5600000000000005        1807.6181243192696     
   55.799999999999997        4.6399999999999997        1539.1998753166588     
   55.799999999999997        4.7199999999999998        1306.2028153625211     
   55.799999999999997        4.7999999999999998        1103.6596171486269     
   55.799999999999997        4.8799999999999999        931.08127743688681     
   55.799999999999997        4.9600000000000000        781.03666335667333     
   55.799999999999997        5.0400000000000000        654.19753871912962     
   55.799999999999997        5.1200000000000001        543.91566329408090     
   55.799999999999997        5.2000000000000002        451.46669307428749     
   55.799999999999997        5.2800000000000002        372.28482903174927     
   55.799999999999997        5.3600000000000003        304.33466380013510     
   55.799999999999997        5.4399999999999995        247.41302835864639     
   55.799999999999997        5.5199999999999996        198.61021980297926     
   55.799999999999997        5.5999999999999996        158.14768421443756     
   55.799999999999997        5.6799999999999997        123.51192074758096     
   55.799999999999997        5.7599999999999998        95.131616742518247     
   55.799999999999997        5.8399999999999999        71.322831218819033     
   55.799999999999997        5.9199999999999999        51.322111770008149     
   55.799999999999997        6.0000000000000000        35.046902258861294     
   55.799999999999997        6.0800000000000001        21.451578058170099     
   55.799999999999997        6.1600000000000001        10.594507914332965     
   55.799999999999997        6.2400000000000002        1.7540830114479795     
   55.799999999999997        6.3200000000000003       -5.3951734748334603     
   55.799999999999997        6.4000000000000004       -10.974757874167850     
   55.799999999999997        6.4800000000000004       -15.396171161970281     
   55.799999999999997        6.5600000000000005       -18.697110258706356     
   55.799999999999997        6.6400000000000006       -21.216859700139871     
   55.799999999999997        6.7200000000000006       -22.951330179017113     
   55.799999999999997        6.7999999999999998       -24.126821604696921     
   55.799999999999997        6.8799999999999999       -24.848950398522451     
   55.799999999999997        6.9600000000000000       -25.161202721337524     
   55.799999999999997        7.0400000000000000       -25.185792462776114     
   55.799999999999997        7.1200000000000001       -24.943047266168840     
   55.799999999999997        7.2000000000000002       -24.525632034483532     
   55.799999999999997        7.2799999999999994       -23.943652542764859     
   55.799999999999997        7.3599999999999994       -23.255554973032041     
   55.799999999999997        7.4399999999999995       -22.490414529823358     
   55.799999999999997        7.5199999999999996       -21.665300223713924     
   55.799999999999997        7.5999999999999996       -20.806828630144476     
   55.799999999999997        7.6799999999999997       -19.927346519468536     
   55.799999999999997        7.7599999999999998       -19.042023046780120     
   55.799999999999997        7.8399999999999999       -18.161880459410579     
   55.799999999999997        7.9199999999999999       -17.294551449488672     
   55.799999999999997        8.0000000000000000       -16.445064945395472     
   55.799999999999997        8.0800000000000001       -15.621252668434398     
   55.799999999999997        8.1600000000000001       -14.822439322812116     
   55.799999999999997        8.2400000000000002       -14.056531408345403     
   55.799999999999997        8.3200000000000003       -13.318585061624731     
   55.799999999999997        8.4000000000000004       -12.617161429622049     
   55.799999999999997        8.4800000000000004       -11.947579097441359     
   55.799999999999997        8.5599999999999987       -11.308574721044261     
   55.799999999999997        8.6400000000000006       -10.704395348480473     
   55.799999999999997        8.7199999999999989       -10.128948349098513     
   55.799999999999997        8.8000000000000007       -9.5873857053341833     
   55.799999999999997        8.8799999999999990       -9.0745260726587205     
   55.799999999999997        8.9600000000000009       -8.5888848985815685     
   55.799999999999997        9.0399999999999991       -8.1320924675617849     
   55.799999999999997        9.1200000000000010       -7.6994956544730613     
   55.799999999999997        9.1999999999999993       -7.2936998388634002     
   55.799999999999997        9.2800000000000011       -6.9091461983781830     
   55.799999999999997        9.3599999999999994       -6.5492192647293699     
   55.799999999999997        9.4400000000000013       -6.2095845669034375     
   55.799999999999997        9.5199999999999996       -5.8887659072823277     
   55.799999999999997        9.5999999999999996       -5.5877709490310963     
   55.799999999999997        9.6799999999999997       -5.3030157953922998     
   55.799999999999997        9.7599999999999998       -5.0362175545480046     
   55.799999999999997        9.8399999999999999       -4.7833756017777436     
   55.799999999999997        9.9199999999999999       -4.5467366771841338     
   55.799999999999997        10.000000000000000       -4.3232909835940667     
   55.799999999999997        10.080000000000000       -4.1119534235404132     
   55.799999999999997        10.160000000000000       -3.9134416127595726     
   55.799999999999997        10.240000000000000       -3.7252925470129119     
   55.799999999999997        10.320000000000000       -3.5486838580476192     
   55.799999999999997        10.400000000000000       -3.3809357062130574     
   55.799999999999997        10.480000000000000       -3.2235626646234237     
   55.799999999999997        10.559999999999999       -3.0745905790291865     
   55.799999999999997        10.640000000000001       -2.9332875316481681     
   55.799999999999997        10.719999999999999       -2.8001922714818521     
   55.799999999999997        10.800000000000001       -2.6736653439584837     
   55.799999999999997        10.879999999999999       -2.5545351275548476     
   55.799999999999997        10.960000000000001       -2.4410338942427332     
   55.799999999999997        11.039999999999999       -2.3342023870318229     
   55.799999999999997        11.120000000000001       -2.2327574362759015     
   55.799999999999997        11.199999999999999       -2.1362146466202239     
   55.799999999999997        11.280000000000001       -2.0449849152239636     
   55.799999999999997        11.359999999999999       -1.9579745435322793     
   55.799999999999997        11.440000000000001       -1.8757777561222309     
   55.799999999999997        11.520000000000000       -1.7975521296086667     
   55.799999999999997        11.600000000000000       -1.7230227330486843     
   55.799999999999997        11.680000000000000       -1.6523498325633317     
   55.799999999999997        11.760000000000000       -1.5848746786273205     
   55.799999999999997        11.840000000000000       -1.5209124079514680     
   55.799999999999997        11.920000000000000       -1.4597205042805725     
   55.799999999999997        12.000000000000000       -1.4017325133332847     
   57.600000000000009        4.0000000000000000        5290.7409399096587     
   57.600000000000009        4.0800000000000001        4571.5561433366929     
   57.600000000000009        4.1600000000000001        3940.3435667552385     
   57.600000000000009        4.2400000000000002        3385.9991908355614     
   57.600000000000009        4.3200000000000003        2907.4581028234866     
   57.600000000000009        4.4000000000000004        2487.1473982158955     
   57.600000000000009        4.4800000000000004        2126.9134169787571     
   57.600000000000009        4.5600000000000005        1810.4271090426982     
   57.600000000000009        4.6399999999999997        1541.1429346085458     
   57.600000000000009        4.7199999999999998        1307.5462297633255     
   57.600000000000009        4.7999999999999998        1104.6007670941187     
   57.600000000000009        4.8799999999999999        931.78281533179597     
   57.600000000000009        4.9600000000000000        781.59991267718078     
   57.600000000000009        5.0400000000000000        654.70591763061998     
   57.600000000000009        5.1200000000000001        544.41591509889793     
   57.600000000000009        5.2000000000000002        451.99535808365374     
   57.600000000000009        5.2800000000000002        372.85974565566318     
   57.600000000000009        5.3600000000000003        304.96463151448256     
   57.600000000000009        5.4399999999999995        248.10040088682129     
   57.600000000000009        5.5199999999999996        199.35270344347265     
   57.600000000000009        5.5999999999999996        158.93897961020261     
   57.600000000000009        5.6799999999999997        124.34533719853954     
   57.600000000000009        5.7599999999999998        95.997584507423866     
   57.600000000000009        5.8399999999999999        72.212847858320700     
   57.600000000000009        5.9199999999999999        52.228162681872270     
   57.600000000000009        6.0000000000000000        35.960293372763608     
   57.600000000000009        6.0800000000000001        22.365584058806018     
   57.600000000000009        6.1600000000000001        11.501886549169905     
   57.600000000000009        6.2400000000000002        2.6493305265537401     
   57.600000000000009        6.3200000000000003       -4.5167181134761005     
   57.600000000000009        6.4000000000000004       -10.117379528546802     
   57.600000000000009        6.4800000000000004       -14.562936047422046     
   57.600000000000009        6.5600000000000005       -17.890806322449428     
   57.600000000000009        6.6400000000000006       -20.439259574055384     
   57.600000000000009        6.7200000000000006       -22.203951081836674     
   57.600000000000009        6.7999999999999998       -23.410491624145539     
   57.600000000000009        6.8799999999999999       -24.164106860742407     
   57.600000000000009        6.9600000000000000       -24.507943382601596     
   57.600000000000009        7.0400000000000000       -24.563928416281279     
   57.600000000000009        7.1200000000000001       -24.352074054433036     
   57.600000000000009        7.2000000000000002       -23.964958875839304     
   57.600000000000009        7.2799999999999994       -23.412357239964518     
   57.600000000000009        7.3599999999999994       -22.752710548898797     
   57.600000000000009        7.4399999999999995       -22.015039607781585     
   57.600000000000009        7.5199999999999996       -21.216214778891100     
   57.600000000000009        7.5999999999999996       -20.382980557123862     
   57.600000000000009        7.6799999999999997       -19.527458484091223     
   57.600000000000009        7.7599999999999998       -18.665047144553867     
   57.600000000000009        7.8399999999999999       -17.806511972064442     
   57.600000000000009        7.9199999999999999       -16.959679087331796     
   57.600000000000009        8.0000000000000000       -16.129635996070849     
   57.600000000000009        8.0800000000000001       -15.324100764785223     
   57.600000000000009        8.1600000000000001       -14.542605186243639     
   57.600000000000009        8.2400000000000002       -13.792908680001585     
   57.600000000000009        8.3200000000000003       -13.070316717960152     
   57.600000000000009        8.4000000000000004       -12.383216194725961     
   57.600000000000009        8.4800000000000004       -11.727114490908020     
   57.600000000000009        8.5599999999999987       -11.100818530190466     
   57.600000000000009        8.6400000000000006       -10.508506252996000     
   57.600000000000009        8.7199999999999989       -9.9442564457068894     
   57.600000000000009        8.8000000000000007       -9.4131265077984807     
   57.600000000000009        8.8799999999999990       -8.9100700262543935     
   57.600000000000009        8.9600000000000009       -8.4336479633471217     
   57.600000000000009        9.0399999999999991       -7.9854684562323177     
   57.600000000000009        9.1200000000000010       -7.5609851259750602     
   57.600000000000009        9.1999999999999993       -7.1627586031085420     
   57.600000000000009        9.2800000000000011       -6.7853487788269362     
   57.600000000000009        9.3599999999999994       -6.4320788357549450     
   57.600000000000009        9.4400000000000013       -6.0987046062227961     
   57.600000000000009        9.5199999999999996       -5.7837820720770718     
   57.600000000000009        9.5999999999999996       -5.4883027852753754     
   57.600000000000009        9.6799999999999997       -5.2087539902307753     
   57.600000000000009        9.7599999999999998       -4.9468225099751306     
   57.600000000000009        9.8399999999999999       -4.6985849173102769     
   57.600000000000009        9.9199999999999999       -4.4662474271916626     
   57.600000000000009        10.000000000000000       -4.2468577228732585     
   57.600000000000009        10.080000000000000       -4.0393517454568748     
   57.600000000000009        10.160000000000000       -3.8444346800864051     
   57.600000000000009        10.240000000000000       -3.6596895850858213     
   57.600000000000009        10.320000000000000       -3.4862730005308307     
   57.600000000000009        10.400000000000000       -3.3215546410737917     
   57.600000000000009        10.480000000000000       -3.1670217217189296     
   57.600000000000009        10.559999999999999       -3.0207364350487458     
   57.600000000000009        10.640000000000001       -2.8819803891440920     
   57.600000000000009        10.719999999999999       -2.7512826743091163     
   57.600000000000009        10.800000000000001       -2.6270337865553102     
   57.600000000000009        10.879999999999999       -2.5100471209210631     
   57.600000000000009        10.960000000000001       -2.3985871360425550     
   57.600000000000009        11.039999999999999       -2.2936756991855431     
   57.600000000000009        11.120000000000001       -2.1940529713869474     
   57.600000000000009        11.199999999999999       -2.0992433616188526     
   57.600000000000009        11.280000000000001       -2.0096503011142772     
   57.600000000000009        11.359999999999999       -1.9241999510890573     
   57.600000000000009        11.440000000000001       -1.8434757275523483     
   57.600000000000009        11.520000000000000       -1.7666504987298808     
   57.600000000000009        11.600000000000000       -1.6934543163803881     
   57.600000000000009        11.680000000000000       -1.6240445173895706     
   57.600000000000009        11.760000000000000       -1.5577743155913557     
   57.600000000000009        11.840000000000000       -1.4949531027182579     
   57.600000000000009        11.920000000000000       -1.4348518581394674     
   57.600000000000009        12.000000000000000       -1.3778962300380269     
   59.400000000000013        4.0000000000000000        5355.1377343801596     
   59.400000000000013        4.0800000000000001        4624.7398318377291     
   59.400000000000013        4.1600000000000001        3984.2735832327003     
   59.400000000000013        4.2400000000000002        3422.2738187901746     
   59.400000000000013        4.3200000000000003        2937.5408073437188     
   59.400000000000013        4.4000000000000004        2512.0856886183201     
   59.400000000000013        4.4800000000000004        2147.7118234324648     
   59.400000000000013        4.5600000000000005        1827.7692972721463     
   59.400000000000013        4.6399999999999997        1555.7148844582134     
   59.400000000000013        4.7199999999999998        1319.8307106504269     
   59.400000000000013        4.7999999999999998        1114.9874677311441     
   59.400000000000013        4.8799999999999999        940.62974607867227     
   59.400000000000013        4.9600000000000000        789.15937336564184     
   59.400000000000013        5.0400000000000000        661.22085444202253     
   59.400000000000013        5.1200000000000001        550.04937654857292     
   59.400000000000013        5.2000000000000002        456.91185884535838     
   59.400000000000013        5.2800000000000002        377.17419701130746     
   59.400000000000013        5.3600000000000003        308.76930038556111     
   59.400000000000013        5.4399999999999995        251.48092715968141     
   59.400000000000013        5.5199999999999996        202.36899378844871     
   59.400000000000013        5.5999999999999996        161.64955968932315     
   59.400000000000013        5.6799999999999997        126.78938290366655     
   59.400000000000013        5.7599999999999998        98.215439816174978     
   59.400000000000013        5.8399999999999999        74.232970634056215     
   59.400000000000013        5.9199999999999999        54.073674883203203     
   59.400000000000013        6.0000000000000000        37.653352594807799     
   59.400000000000013        6.0800000000000001        23.921931503754113     
   59.400000000000013        6.1600000000000001        12.937550819969726     
   59.400000000000013        6.2400000000000002        3.9761938093361149     
   59.400000000000013        6.3200000000000003       -3.2885377284494814     
   59.400000000000013        6.4000000000000004       -8.9782304186431929     
   59.400000000000013        6.4800000000000004       -13.505428450689822     
   59.400000000000013        6.5600000000000005       -16.907415492541467     
   59.400000000000013        6.6400000000000006       -19.524422045567196     
   59.400000000000013        6.7200000000000006       -21.351625083951678     
   59.400000000000013        6.7999999999999998       -22.615970340000711     
   59.400000000000013        6.8799999999999999       -23.423207709016360     
   59.400000000000013        6.9600000000000000       -23.816432049856100     
   59.400000000000013        7.0400000000000000       -23.918447529068928     
   59.400000000000013        7.1200000000000001       -23.749017250743410     
   59.400000000000013        7.2000000000000002       -23.401586701458577     
   59.400000000000013        7.2799999999999994       -22.885555819067374     
   59.400000000000013        7.3599999999999994       -22.259989370689738     
   59.400000000000013        7.4399999999999995       -21.554143782351190     
   59.400000000000013        7.5199999999999996       -20.784787062072326     
   59.400000000000013        7.5999999999999996       -19.979137684540778     
   59.400000000000013        7.6799999999999997       -19.149125932489444     
   59.400000000000013        7.7599999999999998       -18.310646958427689     
   59.400000000000013        7.8399999999999999       -17.474214840296625     
   59.400000000000013        7.9199999999999999       -16.648018035444963     
   59.400000000000013        8.0000000000000000       -15.837283071684459     
   59.400000000000013        8.0800000000000001       -15.049648234683577     
   59.400000000000013        8.1600000000000001       -14.284936849472512     
   59.400000000000013        8.2400000000000002       -13.550780479957250     
   59.400000000000013        8.3200000000000003       -12.842791022243883     
   59.400000000000013        8.4000000000000004       -12.169194689128942     
   59.400000000000013        8.4800000000000004       -11.525720555617742     
   59.400000000000013        8.5599999999999987       -10.911262789501610     
   59.400000000000013        8.6400000000000006       -10.329943774602263     
   59.400000000000013        8.7199999999999989       -9.7760243035825827     
   59.400000000000013        8.8000000000000007       -9.2544787120902079     
   59.400000000000013        8.8799999999999990       -8.7603997747752231     
   59.400000000000013        8.9600000000000009       -8.2923977506767965     
   59.400000000000013        9.0399999999999991       -7.8520649934949436     
   59.400000000000013        9.1200000000000010       -7.4349598006353670     
   59.400000000000013        9.1999999999999993       -7.0436045086856165     
   59.400000000000013        9.2800000000000011       -6.6726719442622446     
   59.400000000000013        9.3599999999999994       -6.3254310137498795     
   59.400000000000013        9.4400000000000013       -5.9977224623099792     
   59.400000000000013        9.5199999999999996       -5.6881329920797796     
   59.400000000000013        9.5999999999999996       -5.3976406579332865     
   59.400000000000013        9.6799999999999997       -5.1227982293340908     
   59.400000000000013        9.7599999999999998       -4.8652658369719362     
   59.400000000000013        9.8399999999999999       -4.6211903728977592     
   59.400000000000013        9.9199999999999999       -4.3927419370679672     
   59.400000000000013        10.000000000000000       -4.1770203377216424     
   59.400000000000013        10.080000000000000       -3.9729806485497643     
   59.400000000000013        10.160000000000000       -3.7813170456837244     
   59.400000000000013        10.240000000000000       -3.5996540738772040     
   59.400000000000013        10.320000000000000       -3.4291293982043198     
   59.400000000000013        10.400000000000000       -3.2671572480761393     
   59.400000000000013        10.480000000000000       -3.1152002809961683     
   59.400000000000013        10.559999999999999       -2.9713532966311904     
   59.400000000000013        10.640000000000001       -2.8349100172472412     
   59.400000000000013        10.719999999999999       -2.7063908110917532     
   59.400000000000013        10.800000000000001       -2.5842130337787919     
   59.400000000000013        10.879999999999999       -2.4691765497369822     
   59.400000000000013        10.960000000000001       -2.3595747093133541     
   59.400000000000013        11.039999999999999       -2.2564123246955416     
   59.400000000000013        11.120000000000001       -2.1584504986423050     
   59.400000000000013        11.199999999999999       -2.0652215208910345     
   59.400000000000013        11.280000000000001       -1.9771220276693124     
   59.400000000000013        11.359999999999999       -1.8930960473445826     
   59.400000000000013        11.440000000000001       -1.8137171759792845     
   59.400000000000013        11.520000000000000       -1.7381720461855483     
   59.400000000000013        11.600000000000000       -1.6661951722903401     
   59.400000000000013        11.680000000000000       -1.5979411921841415     
   59.400000000000013        11.760000000000000       -1.5327741145984599     
   59.400000000000013        11.840000000000000       -1.4709980812705601     
   59.400000000000013        11.920000000000000       -1.4118962788429823     
   59.400000000000013        12.000000000000000       -1.3558871489043836     
   61.200000000000010        4.0000000000000000        5447.5160702151106     
   61.200000000000010        4.0800000000000001        4702.8386360882614     
   61.200000000000010        4.1600000000000001        4050.2879012002400     
   61.200000000000010        4.2400000000000002        3478.0351068044097     
   61.200000000000010        4.3200000000000003        2984.7690555874183     
   61.200000000000010        4.4000000000000004        2552.0432774948804     
   61.200000000000010        4.4800000000000004        2181.6423722582354     
   61.200000000000010        4.5600000000000005        1856.5413531398976     
   61.200000000000010        4.6399999999999997        1580.2253787894556     
   61.200000000000010        4.7199999999999998        1340.7297733174014     
   61.200000000000010        4.7999999999999998        1132.8139505090660     
   61.200000000000010        4.8799999999999999        955.89367056514800     
   61.200000000000010        4.9600000000000000        802.23082954035419     
   61.200000000000010        5.0400000000000000        672.46755656723542     
   61.200000000000010        5.1200000000000001        559.72551979639991     
   61.200000000000010        5.2000000000000002        465.28244539954227     
   61.200000000000010        5.2800000000000002        384.43049241999910     
   61.200000000000010        5.3600000000000003        315.06931184328306     
   61.200000000000010        5.4399999999999995        256.97597898525237     
   61.200000000000010        5.5199999999999996        207.16810295525477     
   61.200000000000010        5.5999999999999996        165.86248860858043     
   61.200000000000010        5.6799999999999997        130.49159110481938     
   61.200000000000010        5.7599999999999998        101.48678921687986     
   61.200000000000010        5.8399999999999999        77.131202204013377     
   61.200000000000010        5.9199999999999999        56.646592431331023     
   61.200000000000010        6.0000000000000000        39.947581508059038     
   61.200000000000010        6.0800000000000001        25.971037223859046     
   61.200000000000010        6.1600000000000001        14.776029506320292     
   61.200000000000010        6.2400000000000002        5.6297273984836806     
   61.200000000000010        6.3200000000000003       -1.7980998155191150     
   61.200000000000010        6.4000000000000004       -7.6301745952341307     
   61.200000000000010        6.4800000000000004       -12.284066868877128     
   61.200000000000010        6.5600000000000005       -15.797041424067800     
   61.200000000000010        6.6400000000000006       -18.513653938687636     
   61.200000000000010        6.7200000000000006       -20.428429866099947     
   61.200000000000010        6.7999999999999998       -21.771257556164599     
   61.200000000000010        6.8799999999999999       -22.649138908554832     
   61.200000000000010        6.9600000000000000       -23.105348705047131     
   61.200000000000010        7.0400000000000000       -23.264491091017501     
   61.200000000000010        7.1200000000000001       -23.146136824101191     
   61.200000000000010        7.2000000000000002       -22.845352650104825     
   61.200000000000010        7.2799999999999994       -22.371134460845738     
   61.200000000000010        7.3599999999999994       -21.783666873452610     
   61.200000000000010        7.4399999999999995       -21.112671892552914     
   61.200000000000010        7.5199999999999996       -20.374893988765344     
   61.200000000000010        7.5999999999999996       -19.598297461345904     
   61.200000000000010        7.6799999999999997       -18.794651314113260     
   61.200000000000010        7.7599999999999998       -17.980555361215639     
   61.200000000000010        7.8399999999999999       -17.166280260076917     
   61.200000000000010        7.9199999999999999       -16.360507749462805     
   61.200000000000010        8.0000000000000000       -15.568666240012663     
   61.200000000000010        8.0800000000000001       -14.798342709087752     
   61.200000000000010        8.1600000000000001       -14.049715946747186     
   61.200000000000010        8.2400000000000002       -13.330307055836141     
   61.200000000000010        8.3200000000000003       -12.636076018513810     
   61.200000000000010        8.4000000000000004       -11.975101715446101     
   61.200000000000010        8.4800000000000004       -11.343358293188610     
   61.200000000000010        8.5599999999999987       -10.739839641468899     
   61.200000000000010        8.6400000000000006       -10.168624420157808     
   61.200000000000010        8.7199999999999989       -9.6241613391812741     
   61.200000000000010        8.8000000000000007       -9.1113522915884655     
   61.200000000000010        8.8799999999999990       -8.6254306563919556     
   61.200000000000010        8.9600000000000009       -8.1650583593197776     
   61.200000000000010        9.0399999999999991       -7.7318174240855004     
   61.200000000000010        9.1200000000000010       -7.3213676037785520     
   61.200000000000010        9.1999999999999993       -6.9361988199704623     
   61.200000000000010        9.2800000000000011       -6.5710904548470799     
   61.200000000000010        9.3599999999999994       -6.2292637763924228     
   61.200000000000010        9.4400000000000013       -5.9066387927787973     
   61.200000000000010        9.5199999999999996       -5.6018313004067002     
   61.200000000000010        9.5999999999999996       -5.3158082414833210     
   61.200000000000010        9.6799999999999997       -5.0451823431118550     
   61.200000000000010        9.7599999999999998       -4.7915904360129407     
   61.200000000000010        9.8399999999999999       -4.5512430370420134     
   61.200000000000010        9.9199999999999999       -4.3262783457699365     
   61.200000000000010        10.000000000000000       -4.1138431188574618     
   61.200000000000010        10.080000000000000       -3.9129097227039793     
   61.200000000000010        10.160000000000000       -3.7241626952257820     
   61.200000000000010        10.240000000000000       -3.5452636716240287     
   61.200000000000010        10.320000000000000       -3.3773335924269552     
   61.200000000000010        10.400000000000000       -3.2178263608381883     
   61.200000000000010        10.480000000000000       -3.0681828020250217     
   61.200000000000010        10.559999999999999       -2.9265267335332386     
   61.200000000000010        10.640000000000001       -2.7921626461071858     
   61.200000000000010        10.719999999999999       -2.6656031183028230     
   61.200000000000010        10.800000000000001       -2.5452893868968021     
   61.200000000000010        10.879999999999999       -2.4320092233568587     
   61.200000000000010        10.960000000000001       -2.3240816797843289     
   61.200000000000010        11.039999999999999       -2.2224963146036871     
   61.200000000000010        11.120000000000001       -2.1260328573457312     
   61.200000000000010        11.199999999999999       -2.0342305899386872     
   61.200000000000010        11.280000000000001       -1.9474800320726231     
   61.200000000000010        11.359999999999999       -1.8647411340613862     
   61.200000000000010        11.440000000000001       -1.7865786647120634     
   61.200000000000010        11.520000000000000       -1.7121915273069870     
   61.200000000000010        11.600000000000000       -1.6413181960094008     
   61.200000000000010        11.680000000000000       -1.5741108516568549     
   61.200000000000010        11.760000000000000       -1.5099431471567122     
   61.200000000000010        11.840000000000000       -1.4491144791592232     
   61.200000000000010        11.920000000000000       -1.3909189645470692     
   61.200000000000010        12.000000000000000       -1.3357685395685079     
   63.000000000000000        4.0000000000000000        5560.9893840769500     
   63.000000000000000        4.0800000000000001        4799.7696435298831     
   63.000000000000000        4.1600000000000001        4133.0325256259539     
   63.000000000000000        4.2400000000000002        3548.5880104840076     
   63.000000000000000        4.3200000000000003        3045.0332461420139     
   63.000000000000000        4.4000000000000004        2603.4365387694038     
   63.000000000000000        4.4800000000000004        2225.5831510666212     
   63.000000000000000        4.5600000000000005        1894.0344940272792     
   63.000000000000000        4.6399999999999997        1612.3244550587358     
   63.000000000000000        4.7199999999999998        1368.2099264047690     
   63.000000000000000        4.7999999999999998        1156.3259407566613     
   63.000000000000000        4.8799999999999999        976.06203903470521     
   63.000000000000000        4.9600000000000000        819.51471042337778     
   63.000000000000000        5.0400000000000000        687.32928038196974     
   63.000000000000000        5.1200000000000001        572.48857864465253     
   63.000000000000000        5.2000000000000002        476.28842784480094     
   63.000000000000000        5.2800000000000002        393.92898205855886     
   63.000000000000000        5.3600000000000003        323.26860985676376     
   63.000000000000000        5.4399999999999995        264.07774238507727     
   63.000000000000000        5.5199999999999996        213.31903236016618     
   63.000000000000000        5.5999999999999996        171.21171136835977     
   63.000000000000000        5.6799999999999997        135.14247163540392     
   63.000000000000000        5.7599999999999998        105.54961076730066     
   63.000000000000000        5.8399999999999999        80.686266100903964     
   63.000000000000000        5.9199999999999999        59.760728650473503     
   63.000000000000000        6.0000000000000000        42.686285978899690     
   63.000000000000000        6.0800000000000001        28.381626986824905     
   63.000000000000000        6.1600000000000001        16.907251868343206     
   63.000000000000000        6.2400000000000002        7.5179142563827348     
   63.000000000000000        6.3200000000000003      -0.12204589409062039     
   63.000000000000000        6.4000000000000004       -6.1370052136301849     
   63.000000000000000        6.4800000000000004       -10.951694060802655     
   63.000000000000000        6.5600000000000005       -14.603451346976055     
   63.000000000000000        6.6400000000000006       -17.442983193950333     
   63.000000000000000        6.7200000000000006       -19.464034554774425     
   63.000000000000000        6.7999999999999998       -20.900677702530174     
   63.000000000000000        6.8799999999999999       -21.861729603089170     
   63.000000000000000        6.9600000000000000       -22.390827303025734     
   63.000000000000000        7.0400000000000000       -22.615086063651582     
   63.000000000000000        7.1200000000000001       -22.553932272769917     
   63.000000000000000        7.2000000000000002       -22.304632986616269     
   63.000000000000000        7.2799999999999994       -21.875762226189586     
   63.000000000000000        7.3599999999999994       -21.329004841442295     
   63.000000000000000        7.4399999999999995       -20.694725386199256     
   63.000000000000000        7.5199999999999996       -19.989708143396644     
   63.000000000000000        7.5999999999999996       -19.242869620458354     
   63.000000000000000        7.6799999999999997       -18.465843919971842     
   63.000000000000000        7.7599999999999998       -17.676091556263707     
   63.000000000000000        7.8399999999999999       -16.883649775692334     
   63.000000000000000        7.9199999999999999       -16.097791078581093     
   63.000000000000000        8.0000000000000000       -15.324193098654010     
   63.000000000000000        8.0800000000000001       -14.570415136473404     
   63.000000000000000        8.1600000000000001       -13.837037341123546     
   63.000000000000000        8.2400000000000002       -13.131486040714792     
   63.000000000000000        8.3200000000000003       -12.450097446751830     
   63.000000000000000        8.4000000000000004       -11.800816151486428     
   63.000000000000000        8.4800000000000004       -11.179876423672013     
   63.000000000000000        8.5599999999999987       -10.586380405118129     
   63.000000000000000        8.6400000000000006       -10.024373291434243     
   63.000000000000000        8.7199999999999989       -9.4884935784455493     
   63.000000000000000        8.8000000000000007       -8.9835804740995489     
   63.000000000000000        8.8799999999999990       -8.5050069443795380     
   63.000000000000000        8.9600000000000009       -8.0514877255701442     
   63.000000000000000        9.0399999999999991       -7.6245991379566407     
   63.000000000000000        9.1200000000000010       -7.2200982183691877     
   63.000000000000000        9.1999999999999993       -6.8404478067140007     
   63.000000000000000        9.2800000000000011       -6.4805270073559402     
   63.000000000000000        9.3599999999999994       -6.1435156560235438     
   63.000000000000000        9.4400000000000013       -5.8254072060695510     
   63.000000000000000        9.5199999999999996       -5.5248447957647073     
   63.000000000000000        9.5999999999999996       -5.2427864226076535     
   63.000000000000000        9.6799999999999997       -4.9758992976638510     
   63.000000000000000        9.7599999999999998       -4.7258001440097317     
   63.000000000000000        9.8399999999999999       -4.4887566276359472     
   63.000000000000000        9.9199999999999999       -4.2668790598478852     
   63.000000000000000        10.000000000000000       -4.0573561697927900     
   63.000000000000000        10.080000000000000       -3.8591758510406433     
   63.000000000000000        10.160000000000000       -3.6730143210017463     
   63.000000000000000        10.240000000000000       -3.4965661028678734     
   63.000000000000000        10.320000000000000       -3.3309374905795535     
   63.000000000000000        10.400000000000000       -3.1736174321615351     
   63.000000000000000        10.480000000000000       -3.0260275610372322     
   63.000000000000000        10.559999999999999       -2.8863172833393715     
   63.000000000000000        10.640000000000001       -2.7538005814377029     
   63.000000000000000        10.719999999999999       -2.6289831676905671     
   63.000000000000000        10.800000000000001       -2.5103273024763855     
   63.000000000000000        10.879999999999999       -2.3986100801558075     
   63.000000000000000        10.960000000000001       -2.2921731795534046     
   63.000000000000000        11.039999999999999       -2.1919926790198079     
   63.000000000000000        11.120000000000001       -2.0968647012811141     
   63.000000000000000        11.199999999999999       -2.0063346692689956     
   63.000000000000000        11.280000000000001       -1.9207876680858993     
   63.000000000000000        11.359999999999999       -1.8391976793957185     
   63.000000000000000        11.440000000000001       -1.7621216360596987     
   63.000000000000000        11.520000000000000       -1.6887692575680584     
   63.000000000000000        11.600000000000000       -1.6188824941663185     
   63.000000000000000        11.680000000000000       -1.5526113213454205     
   63.000000000000000        11.760000000000000       -1.4893379081643976     
   63.000000000000000        11.840000000000000       -1.4293574178611039     
   63.000000000000000        11.920000000000000       -1.3719736378441181     
   63.000000000000000        12.000000000000000       -1.3175927064314421     
   64.800000000000011        4.0000000000000000        5689.5253987648448     
   64.800000000000011        4.0800000000000001        4910.1992639517539     
   64.800000000000011        4.1600000000000001        4227.8086862557875     
   64.800000000000011        4.2400000000000002        3629.8085268272375     
   64.800000000000011        4.3200000000000003        3114.7208100466619     
   64.800000000000011        4.4000000000000004        2663.1129449403620     
   64.800000000000011        4.4800000000000004        2276.7859885952298     
   64.800000000000011        4.5600000000000005        1937.8627138945969     
   64.800000000000011        4.6399999999999997        1649.9410120226480     
   64.800000000000011        4.7199999999999998        1400.4780547434800     
   64.800000000000011        4.7999999999999998        1183.9757856797096     
   64.800000000000011        4.8799999999999999        999.79988368752140     
   64.800000000000011        4.9600000000000000        839.86357066757273     
   64.800000000000011        5.0400000000000000        704.81967802035501     
   64.800000000000011        5.1200000000000001        587.49413390584539     
   64.800000000000011        5.2000000000000002        489.20632511498002     
   64.800000000000011        5.2800000000000002        405.05126772089909     
   64.800000000000011        5.3600000000000003        332.84028979949017     
   64.800000000000011        5.4399999999999995        272.33728898505694     
   64.800000000000011        5.5199999999999996        220.44076109923506     
   64.800000000000011        5.5999999999999996        177.37364566269130     
   64.800000000000011        5.6799999999999997        140.46848736694724     
   64.800000000000011        5.7599999999999998        110.17238018084041     
   64.800000000000011        5.8399999999999999        84.702710876850006     
   64.800000000000011        5.9199999999999999        63.251705144163722     
   64.800000000000011        6.0000000000000000        45.731209789650229     
   64.800000000000011        6.0800000000000001        31.037962637594706     
   64.800000000000011        6.1600000000000001        19.234264612663331     
   64.800000000000011        6.2400000000000002        9.5597958337608002     
   64.800000000000011        6.3200000000000003        1.6722869537468323     
   64.800000000000011        6.4000000000000004       -4.5546781915950785     
   64.800000000000011        6.4800000000000004       -9.5545678865363737     
   64.800000000000011        6.5600000000000005       -13.364868208796821     
   64.800000000000011        6.6400000000000006       -16.343783498363770     
   64.800000000000011        6.7200000000000006       -18.484188764256785     
   64.800000000000011        6.7999999999999998       -20.025256526231576     
   64.800000000000011        6.8799999999999999       -21.078035757575638     
   64.800000000000011        6.9600000000000000       -21.686664378961208     
   64.800000000000011        7.0400000000000000       -21.981291772718759     
   64.800000000000011        7.1200000000000001       -21.981240199184779     
   64.800000000000011        7.2000000000000002       -21.786400397559014     
   64.800000000000011        7.2799999999999994       -21.404917065926590     
   64.800000000000011        7.3599999999999994       -20.900252537449933     
   64.800000000000011        7.4399999999999995       -20.303543782460405     
   64.800000000000011        7.5199999999999996       -19.631664395800463     
   64.800000000000011        7.5999999999999996       -18.914631357126151     
   64.800000000000011        7.6799999999999997       -18.163966900855606     
   64.800000000000011        7.7599999999999998       -17.398102124040367     
   64.800000000000011        7.8399999999999999       -16.626852535567572     
   64.800000000000011        7.9199999999999999       -15.860149223642830     
   64.800000000000011        8.0000000000000000       -15.103952604139810     
   64.800000000000011        8.0800000000000001       -14.365813526013405     
   64.800000000000011        8.1600000000000001       -13.646743475575049     
   64.800000000000011        8.2400000000000002       -12.954088042620620     
   64.800000000000011        8.3200000000000003       -12.284575957374983     
   64.800000000000011        8.4000000000000004       -11.646030138529378     
   64.800000000000011        8.4800000000000004       -11.034952752758578     
   64.800000000000011        8.5599999999999987       -10.450559255740563     
   64.800000000000011        8.6400000000000006       -9.8968701650116522     
   64.800000000000011        8.7199999999999989       -9.3687121689450930     
   64.800000000000011        8.8000000000000007       -8.8708706826687411     
   64.800000000000011        8.8799999999999990       -8.3988551850324011     
   64.800000000000011        8.9600000000000009       -7.9514333083743640     
   64.800000000000011        9.0399999999999991       -7.5301795304222914     
   64.800000000000011        9.1200000000000010       -7.1309432465946614     
   64.800000000000011        9.1999999999999993       -6.7561650128106372     
   64.800000000000011        9.2800000000000011       -6.4008165284435954     
   64.800000000000011        9.3599999999999994       -6.0680419530931209     
   64.800000000000011        9.4400000000000013       -5.7539023032709053     
   64.800000000000011        9.5199999999999996       -5.4570662234747207     
   64.800000000000011        9.5999999999999996       -5.1784847225045674     
   64.800000000000011        9.6799999999999997       -4.9148741755351573     
   64.800000000000011        9.7599999999999998       -4.6678341793344051     
   64.800000000000011        9.8399999999999999       -4.4336833465044236     
   64.800000000000011        9.9199999999999999       -4.2145078890836372     
   64.800000000000011        10.000000000000000       -4.0075337704890908     
   64.800000000000011        10.080000000000000       -3.8117627338084139     
   64.800000000000011        10.160000000000000       -3.6278639335705103     
   64.800000000000011        10.240000000000000       -3.4535607989051349     
   64.800000000000011        10.320000000000000       -3.2899469692705456     
   64.800000000000011        10.400000000000000       -3.1345420490909874     
   64.800000000000011        10.480000000000000       -2.9887510180661798     
   64.800000000000011        10.559999999999999       -2.8507456221983243     
   64.800000000000011        10.640000000000001       -2.7198481345609906     
   64.800000000000011        10.719999999999999       -2.5965583082325776     
   64.800000000000011        10.800000000000001       -2.4793567083427788     
   64.800000000000011        10.879999999999999       -2.3690111348673328     
   64.800000000000011        10.960000000000001       -2.2638829534188303     
   64.800000000000011        11.039999999999999       -2.1649364941689915     
   64.800000000000011        11.120000000000001       -2.0709821356479212     
   64.800000000000011        11.199999999999999       -1.9815706332387730     
   64.800000000000011        11.280000000000001       -1.8970823165794706     
   64.800000000000011        11.359999999999999       -1.8165033761935265     
   64.800000000000011        11.440000000000001       -1.7403838902097812     
   64.800000000000011        11.520000000000000       -1.6679429897123914     
   64.800000000000011        11.600000000000000       -1.5989256394547473     
   64.800000000000011        11.680000000000000       -1.5334798683078201     
   64.800000000000011        11.760000000000000       -1.4709952648635971     
   64.800000000000011        11.840000000000000       -1.4117632725682820     
   64.800000000000011        11.920000000000000       -1.3550961171344293     
   64.800000000000011        12.000000000000000       -1.3013948460579059     
   66.600000000000009        4.0000000000000000        5827.8568207605831     
   66.600000000000009        4.0800000000000001        5029.4672394612544     
   66.600000000000009        4.1600000000000001        4330.5082916164811     
   66.600000000000009        4.2400000000000002        3718.0889990142200     
   66.600000000000009        4.3200000000000003        3190.6698357355467     
   66.600000000000009        4.4000000000000004        2728.3118650574070     
   66.600000000000009        4.4800000000000004        2332.8432719491348     
   66.600000000000009        4.5600000000000005        1985.9347989569201     
   66.600000000000009        4.6399999999999997        1691.2591600044429     
   66.600000000000009        4.7199999999999998        1435.9614668233526     
   66.600000000000009        4.7999999999999998        1214.4056629521663     
   66.600000000000009        4.8799999999999999        1025.9356733053303     
   66.600000000000009        4.9600000000000000        862.27021220183019     
   66.600000000000009        5.0400000000000000        724.07280519570793     
   66.600000000000009        5.1200000000000001        604.00074077981390     
   66.600000000000009        5.2000000000000002        503.40083127912470     
   66.600000000000009        5.2800000000000002        417.25430370165111     
   66.600000000000009        5.3600000000000003        343.32166404125030     
   66.600000000000009        5.4399999999999995        281.36044274668023     
   66.600000000000009        5.5199999999999996        228.19879555882767     
   66.600000000000009        5.5999999999999996        184.06429509510730     
   66.600000000000009        5.6799999999999997        146.22964904190047     
   66.600000000000009        5.7599999999999998        115.15206073432864     
   66.600000000000009        5.8399999999999999        89.009232831294824     
   66.600000000000009        5.9199999999999999        66.975556138480655     
   66.600000000000009        6.0000000000000000        48.961371150928088     
   66.600000000000009        6.0800000000000001        33.838875606899826     
   66.600000000000009        6.1600000000000001        21.672426825703564     
   66.600000000000009        6.2400000000000002        11.684802453344460     
   66.600000000000009        6.3200000000000003        3.5263102615618256     
   66.600000000000009        6.4000000000000004       -2.9317742533032871     
   66.600000000000009        6.4800000000000004       -8.1327443183569148     
   66.600000000000009        6.5600000000000005       -12.114288937624318     
   66.600000000000009        6.6400000000000006       -15.243037803274415     
   66.600000000000009        6.7200000000000006       -17.510941517483047     
   66.600000000000009        6.7999999999999998       -19.162902742509679     
   66.600000000000009        6.8799999999999999       -20.312490587874443     
   66.600000000000009        6.9600000000000000       -21.004443870466378     
   66.600000000000009        7.0400000000000000       -21.372303194819771     
   66.600000000000009        7.1200000000000001       -21.435320022458296     
   66.600000000000009        7.2000000000000002       -21.296294863110806     
   66.600000000000009        7.2799999999999994       -20.962944637352596     
   66.600000000000009        7.3599999999999994       -20.500695455402941     
   66.600000000000009        7.4399999999999995       -19.941544991015146     
   66.600000000000009        7.5199999999999996       -19.302493309087065     
   66.600000000000009        7.5999999999999996       -18.614754915295222     
   66.600000000000009        7.6799999999999997       -17.889760099514408     
   66.600000000000009        7.7599999999999998       -17.146979827999079     
   66.600000000000009        7.8399999999999999       -16.396020819323791     
   66.600000000000009        7.9199999999999999       -15.647514516833054     
   66.600000000000009        8.0000000000000000       -14.907725537544486     
   66.600000000000009        8.0800000000000001       -14.184211508012710     
   66.600000000000009        8.1600000000000001       -13.478431318740409     
   66.600000000000009        8.2400000000000002       -12.797662263781524     
   66.600000000000009        8.3200000000000003       -12.139031599454015     
   66.600000000000009        8.4000000000000004       -11.510252642362113     
   66.600000000000009        8.4800000000000004       -10.908096950914182     
   66.600000000000009        8.5599999999999987       -10.331895340946863     
   66.600000000000009        8.6400000000000006       -9.7856510595922490     
   66.600000000000009        8.7199999999999989       -9.2643744797381107     
   66.600000000000009        8.8000000000000007       -8.7728052504356437     
   66.600000000000009        8.8799999999999990       -8.3065845880936067     
   66.600000000000009        8.9600000000000009       -7.8645322062764800     
   66.600000000000009        9.0399999999999991       -7.4482238932996312     
   66.600000000000009        9.1200000000000010       -7.0535959108616595     
   66.600000000000009        9.1999999999999993       -6.6830708023614562     
   66.600000000000009        9.2800000000000011       -6.3317055909451065     
   66.600000000000009        9.3599999999999994       -6.0026140488851594     
   66.600000000000009        9.4400000000000013       -5.6919189067103639     
   66.600000000000009        9.5199999999999996       -5.3983124364045985     
   66.600000000000009        9.5999999999999996       -5.1227404059267174     
   66.600000000000009        9.6799999999999997       -4.8619632446460885     
   66.600000000000009        9.7599999999999998       -4.6175661824838095     
   66.600000000000009        9.8399999999999999       -4.3859129002249091     
   66.600000000000009        9.9199999999999999       -4.1690690563261885     
   66.600000000000009        10.000000000000000       -3.9642933827339055     
   66.600000000000009        10.080000000000000       -3.7705998947729422     
   66.600000000000009        10.160000000000000       -3.5886518743866875     
   66.600000000000009        10.240000000000000       -3.4161979204531057     
   66.600000000000009        10.320000000000000       -3.2543209108059665     
   66.600000000000009        10.400000000000000       -3.1005669857606830     
   66.600000000000009        10.480000000000000       -2.9563268887820602     
   66.600000000000009        10.559999999999999       -2.8197916574556761     
   66.600000000000009        10.640000000000001       -2.6902907372522291     
   66.600000000000009        10.719999999999999       -2.5683188044321694     
   66.600000000000009        10.800000000000001       -2.4523721661188813     
   66.600000000000009        10.879999999999999       -2.3432106660204912     
   66.600000000000009        10.960000000000001       -2.2392125715540572     
   66.600000000000009        11.039999999999999       -2.1413321405018659     
   66.600000000000009        11.120000000000001       -2.0483919806087605     
   66.600000000000009        11.199999999999999       -1.9599474189209414     
   66.600000000000009        11.280000000000001       -1.8763746994474892     
   66.600000000000009        11.359999999999999       -1.7966704806377050     
   66.600000000000009        11.440000000000001       -1.7213789481250146     
   66.600000000000009        11.520000000000000       -1.6497273004051276     
   66.600000000000009        11.600000000000000       -1.5814630805041918     
   66.600000000000009        11.680000000000000       -1.5167326335706022     
   66.600000000000009        11.760000000000000       -1.4549319112708345     
   66.600000000000009        11.840000000000000       -1.3963491478785899     
   66.600000000000009        11.920000000000000       -1.3403038129590152     
   66.600000000000009        12.000000000000000       -1.2871925633801098     
   68.399999999999991        4.0000000000000000        5971.3995683101275     
   68.399999999999991        4.0800000000000001        5153.5164623270566     
   68.399999999999991        4.1600000000000001        4437.5538225211458     
   68.399999999999991        4.2400000000000002        3810.2867738244549     
   68.399999999999991        4.3200000000000003        3270.1252098780692     
   68.399999999999991        4.4000000000000004        2796.6272155448219     
   68.399999999999991        4.4800000000000004        2391.6561146929357     
   68.399999999999991        4.5600000000000005        2036.4272982214031     
   68.399999999999991        4.6399999999999997        1734.6952323499784     
   68.399999999999991        4.7199999999999998        1473.2883788313388     
   68.399999999999991        4.7999999999999998        1246.4310548228389     
   68.399999999999991        4.8799999999999999        1053.4473092519474     
   68.399999999999991        4.9600000000000000        885.85585474294976     
   68.399999999999991        5.0400000000000000        744.33311350391057     
   68.399999999999991        5.1200000000000001        621.36149452784093     
   68.399999999999991        5.2000000000000002        518.31769077494164     
   68.399999999999991        5.2800000000000002        430.06438801061739     
   68.399999999999991        5.3600000000000003        354.30920717778309     
   68.399999999999991        5.4399999999999995        290.80352218755257     
   68.399999999999991        5.5199999999999996        236.30159438279978     
   68.399999999999991        5.5999999999999996        191.03624092800945     
   68.399999999999991        5.6799999999999997        152.21699363567947     
   68.399999999999991        5.7599999999999998        120.31198310460488     
   68.399999999999991        5.8399999999999999        93.456895718231422     
   68.399999999999991        5.9199999999999999        70.807237141737374     
   68.399999999999991        6.0000000000000000        52.271810880581434     
   68.399999999999991        6.0800000000000001        36.696719270827010     
   68.399999999999991        6.1600000000000001        24.148530589373895     
   68.399999999999991        6.2400000000000002        13.832015815425967     
   68.399999999999991        6.3200000000000003        5.3895664933815182     
   68.399999999999991        6.4000000000000004       -1.3100173127523320     
   68.399999999999991        6.4800000000000004       -6.7205116978316797     
   68.399999999999991        6.5600000000000005       -10.879849345068081     
   68.399999999999991        6.6400000000000006       -14.163644263423819     
   68.399999999999991        6.7200000000000006       -16.562898813103576     
   68.399999999999991        6.7999999999999998       -18.328624914314187     
   68.399999999999991        6.8799999999999999       -19.577087124346370     
   68.399999999999991        6.9600000000000000       -20.353691306675287     
   68.399999999999991        7.0400000000000000       -20.795581102268660     
   68.399999999999991        7.1200000000000001       -20.921964313096215     
   68.399999999999991        7.2000000000000002       -20.838717117688955     
   68.399999999999991        7.2799999999999994       -20.553137899084707     
   68.399999999999991        7.3599999999999994       -20.132723212862263     
   68.399999999999991        7.4399999999999995       -19.610383282993897     
   68.399999999999991        7.5199999999999996       -19.003270861928030     
   68.399999999999991        7.5999999999999996       -18.343850266574030     
   68.399999999999991        7.6799999999999997       -17.643476875303815     
   68.399999999999991        7.7599999999999998       -16.922695401594332     
   68.399999999999991        7.8399999999999999       -16.190917633061442     
   68.399999999999991        7.9199999999999999       -15.459494432183938     
   68.399999999999991        8.0000000000000000       -14.735005429390720     
   68.399999999999991        8.0800000000000001       -14.025026649311322     
   68.399999999999991        8.1600000000000001       -13.331468412771116     
   68.399999999999991        8.2400000000000002       -12.661550624523281     
   68.399999999999991        8.3200000000000003       -12.012796256711789     
   68.399999999999991        8.4000000000000004       -11.392820451416865     
   68.399999999999991        8.4800000000000004       -10.798660294887291     
   68.399999999999991        8.5599999999999987       -10.229761416128229     
   68.399999999999991        8.6400000000000006       -9.6901159131419643     
   68.399999999999991        8.7199999999999989       -9.1749109272973381     
   68.399999999999991        8.8000000000000007       -8.6888475064782078     
   68.399999999999991        8.8799999999999990       -8.2276924562040108     
   68.399999999999991        8.9600000000000009       -7.7903160025070468     
   68.399999999999991        9.0399999999999991       -7.3782977449023379     
   68.399999999999991        9.1200000000000010       -6.9876549219430579     
   68.399999999999991        9.1999999999999993       -6.6207958201930328     
   68.399999999999991        9.2800000000000011       -6.2728555067106146     
   68.399999999999991        9.3599999999999994       -5.9469221736922764     
   68.399999999999991        9.4400000000000013       -5.6391745365895147     
   68.399999999999991        9.5199999999999996       -5.3483266091029815     
   68.399999999999991        9.5999999999999996       -5.0753204616958296     
   68.399999999999991        9.6799999999999997       -4.8169557276507762     
   68.399999999999991        9.7599999999999998       -4.5748057978672669     
   68.399999999999991        9.8399999999999999       -4.3452739118577020     
   68.399999999999991        9.9199999999999999       -4.1304084585441085     
   68.399999999999991        10.000000000000000       -3.9274967755871693     
   68.399999999999991        10.080000000000000       -3.7355636843585174     
   68.399999999999991        10.160000000000000       -3.5552677101422163     
   68.399999999999991        10.240000000000000       -3.3843791536768704     
   68.399999999999991        10.320000000000000       -3.2239719120962316     
   68.399999999999991        10.400000000000000       -3.0716148334505662     
   68.399999999999991        10.480000000000000       -2.9286867049710072     
   68.399999999999991        10.559999999999999       -2.7933950257460061     
   68.399999999999991        10.640000000000001       -2.6650753837624057     
   68.399999999999991        10.719999999999999       -2.5442182287450663     
   68.399999999999991        10.800000000000001       -2.4293332190227019     
   68.399999999999991        10.879999999999999       -2.3211735244474947     
   68.399999999999991        10.960000000000001       -2.2181317026171654     
   68.399999999999991        11.039999999999999       -2.1211535447910057     
   68.399999999999991        11.120000000000001       -2.0290719857381854     
   68.399999999999991        11.199999999999999       -1.9414462158327417     
   68.399999999999991        11.280000000000001       -1.8586490476247499     
   68.399999999999991        11.359999999999999       -1.7796859608245139     
   68.399999999999991        11.440000000000001       -1.7050961831260387     
   68.399999999999991        11.520000000000000       -1.6341137067253537     
   68.399999999999991        11.600000000000000       -1.5664882449602462     
   68.399999999999991        11.680000000000000       -1.5023647234449626     
   68.399999999999991        11.760000000000000       -1.4411444490159055     
   68.399999999999991        11.840000000000000       -1.3831129494818388     
   68.399999999999991        11.920000000000000       -1.3275957915148704     
   68.399999999999991        12.000000000000000       -1.2749859281004681     
   70.200000000000003        4.0000000000000000        6116.1672880035021     
   70.200000000000003        4.0800000000000001        5278.8193380677931     
   70.200000000000003        4.1600000000000001        4545.8350264448536     
   70.200000000000003        4.2400000000000002        3903.6699093258603     
   70.200000000000003        4.3200000000000003        3350.6920466968759     
   70.200000000000003        4.4000000000000004        2865.9676257384590     
   70.200000000000003        4.4800000000000004        2451.4002502526209     
   70.200000000000003        4.5600000000000005        2087.7554164982780     
   70.200000000000003        4.6399999999999997        1778.8728998269157     
   70.200000000000003        4.7199999999999998        1511.2666679423842     
   70.200000000000003        4.7999999999999998        1279.0226445338737     
   70.200000000000003        4.8799999999999999        1081.4466826983387     
   70.200000000000003        4.9600000000000000        909.85699503856688     
   70.200000000000003        5.0400000000000000        764.94424640463126     
   70.200000000000003        5.1200000000000001        639.01450528076919     
   70.200000000000003        5.2000000000000002        533.47557738215130     
   70.200000000000003        5.2800000000000002        443.07024338997212     
   70.200000000000003        5.3600000000000003        365.45266953814792     
   70.200000000000003        5.4399999999999995        300.36832150055966     
   70.200000000000003        5.5199999999999996        244.49629688167749     
   70.200000000000003        5.5999999999999996        198.07499523008252     
   70.200000000000003        5.6799999999999997        158.24947723657948     
   70.200000000000003        5.7599999999999998        125.49918734779001     
   70.200000000000003        5.8399999999999999        97.916855966848416     
   70.200000000000003        5.9199999999999999        74.638678758031588     
   70.200000000000003        6.0000000000000000        55.571921502351579     
   70.200000000000003        6.0800000000000001        39.535935040538703     
   70.200000000000003        6.1600000000000001        26.599564911210482     
   70.200000000000003        6.2400000000000002        15.949101855836462     
   70.200000000000003        6.3200000000000003        7.2188064707647035     
   70.200000000000003        6.4000000000000004       0.27492473844148779     
   70.200000000000003        6.4800000000000004       -5.3470867247911720     
   70.200000000000003        6.5600000000000005       -9.6854319928740527     
   70.200000000000003        6.6400000000000006       -13.124947813499105     
   70.200000000000003        6.7200000000000006       -15.655691099282731     
   70.200000000000003        6.7999999999999998       -17.534943766081188     
   70.200000000000003        6.8799999999999999       -18.881742861655695     
   70.200000000000003        6.9600000000000000       -19.742197875932096     
   70.200000000000003        7.0400000000000000       -20.257140781183800     
   70.200000000000003        7.1200000000000001       -20.445757358826079     
   70.200000000000003        7.2000000000000002       -20.417060725440145     
   70.200000000000003        7.2799999999999994       -20.177946520319555     
   70.200000000000003        7.3599999999999994       -19.798019101628281     
   70.200000000000003        7.4399999999999995       -19.311121339874326     
   70.200000000000003        7.5199999999999996       -18.734575262491234     
   70.200000000000003        7.5999999999999996       -18.102108362559967     
   70.200000000000003        7.6799999999999997       -17.425015492052236     
   70.200000000000003        7.7599999999999998       -16.724918269933337     
   70.200000000000003        7.8399999999999999       -16.011048047001605     
   70.200000000000003        7.9199999999999999       -15.295474491628145     
   70.200000000000003        8.0000000000000000       -14.585093842835613     
   70.200000000000003        8.0800000000000001       -13.887508914452530     
   70.200000000000003        8.1600000000000001       -13.205075109668842     
   70.200000000000003        8.2400000000000002       -12.544964400548141     
   70.200000000000003        8.3200000000000003       -11.905085133110299     
   70.200000000000003        8.4000000000000004       -11.292965006819017     
   70.200000000000003        8.4800000000000004       -10.705898219033550     
   70.200000000000003        8.5599999999999987       -10.143442443288638     
   70.200000000000003        8.6400000000000006       -9.6095835646222714     
   70.200000000000003        8.7199999999999989       -9.0996765943822684     
   70.200000000000003        8.8000000000000007       -8.6183903086109765     
   70.200000000000003        8.8799999999999990       -8.1616098502685261     
   70.200000000000003        8.9600000000000009       -7.7282537592276368     
   70.200000000000003        9.0399999999999991       -7.3199073506572407     
   70.200000000000003        9.1200000000000010       -6.9326626844579069     
   70.200000000000003        9.1999999999999993       -6.5689170508449672     
   70.200000000000003        9.2800000000000011       -6.2238763684558558     
   70.200000000000003        9.3599999999999994       -5.9006075769574773     
   70.200000000000003        9.4400000000000013       -5.5953398261395657     
   70.200000000000003        9.5199999999999996       -5.3068070040590873     
   70.200000000000003        9.5999999999999996       -5.0359488297593034     
   70.200000000000003        9.6799999999999997       -4.7795995782790017     
   70.200000000000003        9.7599999999999998       -4.5393230959498903     
   70.200000000000003        9.8399999999999999       -4.3115570631031064     
   70.200000000000003        9.9199999999999999       -4.0983356143190797     
   70.200000000000003        10.000000000000000       -3.8969708471310649     
   70.200000000000003        10.080000000000000       -3.7064970385411526     
   70.200000000000003        10.160000000000000       -3.5275689950693332     
   70.200000000000003        10.240000000000000       -3.3579755292264317     
   70.200000000000003        10.320000000000000       -3.1987832196096071     
   70.200000000000003        10.400000000000000       -3.0475800967820206     
   70.200000000000003        10.480000000000000       -2.9057351249343100     
   70.200000000000003        10.559999999999999       -2.7714696604116709     
   70.200000000000003        10.640000000000001       -2.6441244943018289     
   70.200000000000003        10.719999999999999       -2.5241866628799885     
   70.200000000000003        10.800000000000001       -2.4101769643778614     
   70.200000000000003        10.879999999999999       -2.3028431145918198     
   70.200000000000003        10.960000000000001       -2.2005895324530362     
   70.200000000000003        11.039999999999999       -2.1043550701031846     
   70.200000000000003        11.120000000000001       -2.0129812186189517     
   70.200000000000003        11.199999999999999       -1.9260303780467241     
   70.200000000000003        11.280000000000001       -1.8438725636851547     
   70.200000000000003        11.359999999999999       -1.7655205312661715     
   70.200000000000003        11.440000000000001       -1.6915094517251446     
   70.200000000000003        11.520000000000000       -1.6210789134770061     
   70.200000000000003        11.600000000000000       -1.5539804220179210     
   70.200000000000003        11.680000000000000       -1.4903577468321545     
   70.200000000000003        11.760000000000000       -1.4296165956218707     
   70.200000000000003        11.840000000000000       -1.3720402812030434     
   70.200000000000003        11.920000000000000       -1.3169593744813561     
   70.200000000000003        12.000000000000000       -1.2647637935024565     
   72.000000000000000        4.0000000000000000        6258.6632178581376     
   72.000000000000000        4.0800000000000001        5402.2829022085643     
   72.000000000000000        4.1600000000000001        4652.6259341475716     
   72.000000000000000        4.2400000000000002        3995.8448507130261     
   72.000000000000000        4.3200000000000003        3430.2727449067261     
   72.000000000000000        4.4000000000000004        2934.5018585141552     
   72.000000000000000        4.4800000000000004        2510.4787329510541     
   72.000000000000000        4.5600000000000005        2138.5321868241231     
   72.000000000000000        4.6399999999999997        1822.5879208769009     
   72.000000000000000        4.7199999999999998        1548.8535111701599     
   72.000000000000000        4.7999999999999998        1311.2802427570919     
   72.000000000000000        4.8799999999999999        1109.1572892416916     
   72.000000000000000        4.9600000000000000        933.60625380120473     
   72.000000000000000        5.0400000000000000        785.33264415019323     
   72.000000000000000        5.1200000000000001        656.46891966951364     
   72.000000000000000        5.2000000000000002        548.45416197727866     
   72.000000000000000        5.2800000000000002        455.91285351095797     
   72.000000000000000        5.3600000000000003        376.44644541037178     
   72.000000000000000        5.4399999999999995        309.79477732223836     
   72.000000000000000        5.5199999999999996        252.56251556276678     
   72.000000000000000        5.5999999999999996        204.99374072791358     
   72.000000000000000        5.6799999999999997        164.16953695212877     
   72.000000000000000        5.7599999999999998        130.58067164059699     
   72.000000000000000        5.8399999999999999        102.27719887640609     
   72.000000000000000        5.9199999999999999        78.376127116121950     
   72.000000000000000        6.0000000000000000        58.783209966181211     
   72.000000000000000        6.0800000000000001        42.291178030030160     
   72.000000000000000        6.1600000000000001        28.971143198934403     
   72.000000000000000        6.2400000000000002        17.990994568881455     
   72.000000000000000        6.3200000000000003        8.9768910491839620     
   72.000000000000000        6.4000000000000004        1.7925233914889063     
   72.000000000000000        6.4800000000000004       -4.0373764690482670     
   72.000000000000000        6.5600000000000005       -8.5513001980631476     
   72.000000000000000        6.6400000000000006       -12.143265072553257     
   72.000000000000000        6.7200000000000006       -14.802408539031148     
   72.000000000000000        6.7999999999999998       -16.792252058980392     
   72.000000000000000        6.8799999999999999       -18.234596146363565     
   72.000000000000000        6.9600000000000000       -19.176264507309469     
   72.000000000000000        7.0400000000000000       -19.761752008550108     
   72.000000000000000        7.1200000000000001       -20.010239102265423     
   72.000000000000000        7.2000000000000002       -20.033845595906531     
   72.000000000000000        7.2799999999999994       -19.839085750160674     
   72.000000000000000        7.3599999999999994       -19.497648472997895     
   72.000000000000000        7.4399999999999995       -19.044301582534459     
   72.000000000000000        7.5199999999999996       -18.496544437884221     
   72.000000000000000        7.5999999999999996       -17.889347095842908     
   72.000000000000000        7.6799999999999997       -17.233955818573889     
   72.000000000000000        7.7599999999999998       -16.553045536828922     
   72.000000000000000        7.8399999999999999       -15.855682054458505     
   72.000000000000000        7.9199999999999999       -15.154636117872462     
   72.000000000000000        8.0000000000000000       -14.457114129466753     
   72.000000000000000        8.0800000000000001       -13.770751173874597     
   72.000000000000000        8.1600000000000001       -13.098332427947453     
   72.000000000000000        8.2400000000000002       -12.446990009481810     
   72.000000000000000        8.3200000000000003       -11.815000856197324     
   72.000000000000000        8.4000000000000004       -11.209815215687184     
   72.000000000000000        8.4800000000000004       -10.628972110237576     
   72.000000000000000        8.5599999999999987       -10.072136582925793     
   72.000000000000000        8.6400000000000006       -9.5432921417497329     
   72.000000000000000        8.7199999999999989       -9.0379511489238098     
   72.000000000000000        8.8000000000000007       -8.5607556231992117     
   72.000000000000000        8.8799999999999990       -8.1077009197088561     
   72.000000000000000        8.9600000000000009       -7.6777511688087943     
   72.000000000000000        9.0399999999999991       -7.2724987564648567     
   72.000000000000000        9.1200000000000010       -6.8881042541912443     
   72.000000000000000        9.1999999999999993       -6.5269567371708161     
   72.000000000000000        9.2800000000000011       -6.1843259535513297     
   72.000000000000000        9.3599999999999994       -5.8632614379632075     
   72.000000000000000        9.4400000000000013       -5.5600374529637451     
   72.000000000000000        9.5199999999999996       -5.2734059335862460     
   72.000000000000000        9.5999999999999996       -5.0043054012312487     
   72.000000000000000        9.6799999999999997       -4.7496005239114139     
   72.000000000000000        9.7599999999999998       -4.5108476613833783     
   72.000000000000000        9.8399999999999999       -4.2845142292301084     
   72.000000000000000        9.9199999999999999       -4.0726228458454790     
   72.000000000000000        10.000000000000000       -3.8725068529797348     
   72.000000000000000        10.080000000000000       -3.6832087528307804     
   72.000000000000000        10.160000000000000       -3.5053805887895653     
   72.000000000000000        10.240000000000000       -3.3368267823336146     
   72.000000000000000        10.320000000000000       -3.1786081296077255     
   72.000000000000000        10.400000000000000       -3.0283286322965677     
   72.000000000000000        10.480000000000000       -2.8873494081288049     
   72.000000000000000        10.559999999999999       -2.7539033002454305     
   72.000000000000000        10.640000000000001       -2.6273354560273003     
   72.000000000000000        10.719999999999999       -2.5081302689797074     
   72.000000000000000        10.800000000000001       -2.3948176533119696     
   72.000000000000000        10.879999999999999       -2.2881410208062465     
   72.000000000000000        10.960000000000001       -2.1865144155174661     
   72.000000000000000        11.039999999999999       -2.0908711905925390     
   72.000000000000000        11.120000000000001       -2.0000597615810043     
   72.000000000000000        11.199999999999999       -1.9136451415796634     
   72.000000000000000        11.280000000000001       -1.8319951584777312     
   72.000000000000000        11.359999999999999       -1.7541284076624821     
   72.000000000000000        11.440000000000001       -1.6805768652700495     
   72.000000000000000        11.520000000000000       -1.6105846006669113     
   72.000000000000000        11.600000000000000       -1.5439045647720440     
   72.000000000000000        11.680000000000000       -1.4806796314476418     
   72.000000000000000        11.760000000000000       -1.4203190137790578     
   72.000000000000000        11.840000000000000       -1.3631042864261587     
   72.000000000000000        11.920000000000000       -1.3083699918875058     
   72.000000000000000        12.000000000000000       -1.2565036599496591     
   73.799999999999997        4.0000000000000000        6395.9071018606583     
   73.799999999999997        4.0800000000000001        5521.2707229554144     
   73.799999999999997        4.1600000000000001        4755.6027302087832     
   73.799999999999997        4.2400000000000002        4084.7710474409419     
   73.799999999999997        4.3200000000000003        3507.0790442201346     
   73.799999999999997        4.4000000000000004        3000.6687880876598     
   73.799999999999997        4.4800000000000004        2567.5302854377392     
   73.799999999999997        4.5600000000000005        2187.5754839119068     
   73.799999999999997        4.6399999999999997        1864.8141091651373     
   73.799999999999997        4.7199999999999998        1585.1605033241090     
   73.799999999999997        4.7999999999999998        1342.4372099827692     
   73.799999999999997        4.8799999999999999        1135.9180928885573     
   73.799999999999997        4.9600000000000000        956.53577511446758     
   73.799999999999997        5.0400000000000000        805.01056626668708     
   73.799999999999997        5.1200000000000001        673.30762362319092     
   73.799999999999997        5.2000000000000002        562.89655184165611     
   73.799999999999997        5.2800000000000002        468.28767708669108     
   73.799999999999997        5.3600000000000003        387.03159215143683     
   73.799999999999997        5.4399999999999995        318.86282042625601     
   73.799999999999997        5.5199999999999996        260.31403951029341     
   73.799999999999997        5.5999999999999996        211.63490447163281     
   73.799999999999997        5.6799999999999997        169.84454735018016     
   73.799999999999997        5.7599999999999998        135.44474452867038     
   73.799999999999997        5.8399999999999999        106.44419606872519     
   73.799999999999997        5.9199999999999999        81.941314365866077     
   73.799999999999997        6.0000000000000000        61.840388989928933     
   73.799999999999997        6.0800000000000001        44.908335022485360     
   73.799999999999997        6.1600000000000001        31.218454044835354     
   73.799999999999997        6.2400000000000002        19.920784460785512     
   73.799999999999997        6.3200000000000003        10.633621586568767     
   73.799999999999997        6.4000000000000004        3.2181663855310370     
   73.799999999999997        6.4800000000000004       -2.8112515745424300     
   73.799999999999997        6.5600000000000005       -7.4934175166330892     
   73.799999999999997        6.6400000000000006       -11.231247176517302     
   73.799999999999997        6.7200000000000006       -14.013003865874229     
   73.799999999999997        6.7999999999999998       -16.108254776994094     
   73.799999999999997        6.8799999999999999       -17.641481228992721     
   73.799999999999997        6.9600000000000000       -18.660209224599033     
   73.799999999999997        7.0400000000000000       -19.312476630329488     
   73.799999999999997        7.1200000000000001       -19.617470670290082     
   73.799999999999997        7.2000000000000002       -19.690309715137676     
   73.799999999999997        7.2799999999999994       -19.537152340963306     
   73.799999999999997        7.3599999999999994       -19.231697234777947     
   73.799999999999997        7.4399999999999995       -18.809605771081792     
   73.799999999999997        7.5199999999999996       -18.288555196473943     
   73.799999999999997        7.5999999999999996       -17.704708794326873     
   73.799999999999997        7.6799999999999997       -17.069273802049466     
   73.799999999999997        7.7599999999999998       -16.405932410998556     
   73.799999999999997        7.8399999999999999       -15.723599766154518     
   73.799999999999997        7.9199999999999999       -15.035715651401320     
   73.799999999999997        8.0000000000000000       -14.349783417116491     
   73.799999999999997        8.0800000000000001       -13.673473264334460     
   73.799999999999997        8.1600000000000001       -13.009977477114361     
   73.799999999999997        8.2400000000000002       -12.366395013914028     
   73.799999999999997        8.3200000000000003       -11.741349469399795     
   73.799999999999997        8.4000000000000004       -11.142222745598723     
   73.799999999999997        8.4800000000000004       -10.566783358341690     
   73.799999999999997        8.5599999999999987       -10.014797509976555     
   73.799999999999997        8.6400000000000006       -9.4902491187749654     
   73.799999999999997        8.7199999999999989       -8.9887962333966342     
   73.799999999999997        8.8000000000000007       -8.5150587847882697     
   73.799999999999997        8.8799999999999990       -8.0651336569645320     
   73.799999999999997        8.9600000000000009       -7.6380274578965670     
   73.799999999999997        9.0399999999999991       -7.2353404864224125     
   73.799999999999997        9.1200000000000010       -6.8532955376234090     
   73.799999999999997        9.1999999999999993       -6.4942757645614755     
   73.799999999999997        9.2800000000000011       -6.1536080452343924     
   73.799999999999997        9.3599999999999994       -5.8343278403183731     
   73.799999999999997        9.4400000000000013       -5.5327495350720115     
   73.799999999999997        9.5199999999999996       -5.2476413636575829     
   73.799999999999997        9.5999999999999996       -4.9799416055578654     
   73.799999999999997        9.6799999999999997       -4.7265414523602072     
   73.799999999999997        9.7599999999999998       -4.4889915759996537     
   73.799999999999997        9.8399999999999999       -4.2637848997485479     
   73.799999999999997        9.9199999999999999       -4.0529349522803075     
   73.799999999999997        10.000000000000000       -3.8537931806646681     
   73.799999999999997        10.080000000000000       -3.6654092175357302     
   73.799999999999997        10.160000000000000       -3.4884332026489844     
   73.799999999999997        10.240000000000000       -3.3206825880225042     
   73.799999999999997        10.320000000000000       -3.1632137746192948     
   73.799999999999997        10.400000000000000       -3.0136438793847362     
   73.799999999999997        10.480000000000000       -2.8733279638594094     
   73.799999999999997        10.559999999999999       -2.7405082519902746     
   73.799999999999997        10.640000000000001       -2.6145335033117010     
   73.799999999999997        10.719999999999999       -2.4958861834633388     
   73.799999999999997        10.800000000000001       -2.3831035136917254     
   73.799999999999997        10.879999999999999       -2.2769256628810042     
   73.799999999999997        10.960000000000001       -2.1757742886077387     
   73.799999999999997        11.039999999999999       -2.0805785739912230     
   73.799999999999997        11.120000000000001       -1.9901923896802041     
   73.799999999999997        11.199999999999999       -1.9041828303596571     
   73.799999999999997        11.280000000000001       -1.8229161109256720     
   73.799999999999997        11.359999999999999       -1.7454153609022105     
   73.799999999999997        11.440000000000001       -1.6722101692117437     
   73.799999999999997        11.520000000000000       -1.6025480704312700     
   73.799999999999997        11.600000000000000       -1.5361831505815562     
   73.799999999999997        11.680000000000000       -1.4732576403816910     
   73.799999999999997        11.760000000000000       -1.4131834361162876     
   73.799999999999997        11.840000000000000       -1.3562408277728266     
   73.799999999999997        11.920000000000000       -1.3017673742430220     
   73.799999999999997        12.000000000000000       -1.2501488298556662     
   75.600000000000009        4.0000000000000000        6525.2357278304044     
   75.600000000000009        4.0800000000000001        5633.4310355963371     
   75.600000000000009        4.1600000000000001        4852.6958192697130     
   75.600000000000009        4.2400000000000002        4168.6338033991678     
   75.600000000000009        4.3200000000000003        3579.5226111215984     
   75.600000000000009        4.4000000000000004        3063.0834192498992     
   75.600000000000009        4.4800000000000004        2621.3484169946637     
   75.600000000000009        4.5600000000000005        2233.8385679458147     
   75.600000000000009        4.6399999999999997        1904.6435263923909     
   75.600000000000009        4.7199999999999998        1619.4021764873394     
   75.600000000000009        4.7999999999999998        1371.8161816110169     
   75.600000000000009        4.8799999999999999        1161.1453697570357     
   75.600000000000009        4.9600000000000000        978.14438205308761     
   75.600000000000009        5.0400000000000000        823.54773903575585     
   75.600000000000009        5.1200000000000001        689.16280306004683     
   75.600000000000009        5.2000000000000002        576.48814813243757     
   75.600000000000009        5.2800000000000002        479.92634794674740     
   75.600000000000009        5.3600000000000003        396.97999117710378     
   75.600000000000009        5.4399999999999995        327.37862539571074     
   75.600000000000009        5.5199999999999996        267.58690014309474     
   75.600000000000009        5.5999999999999996        217.85976072280545     
   75.600000000000009        5.6799999999999997        175.15776600439858     
   75.600000000000009        5.7599999999999998        139.99310440224116     
   75.600000000000009        5.8399999999999999        110.33536607875496     
   75.600000000000009        5.9199999999999999        85.265372650921705     
   75.600000000000009        6.0000000000000000        64.686018674130594     
   75.600000000000009        6.0800000000000001        47.339802541133302     
   75.600000000000009        6.1600000000000001        33.302081476475379     
   75.600000000000009        6.2400000000000002        21.706010500387826     
   75.600000000000009        6.3200000000000003        12.162443511236360     
   75.600000000000009        6.4000000000000004        4.5302159161598468     
   75.600000000000009        6.4800000000000004       -1.6861764976744964     
   75.600000000000009        6.5600000000000005       -6.5258094085080662     
   75.600000000000009        6.6400000000000006       -10.400003851465685     
   75.600000000000009        6.7200000000000006       -13.296211362705980     
   75.600000000000009        6.7999999999999998       -15.489707319133581     
   75.600000000000009        6.8799999999999999       -17.107506410948368     
   75.600000000000009        6.9600000000000000       -18.197805246237284     
   75.600000000000009        7.0400000000000000       -18.911981695064441     
   75.600000000000009        7.1200000000000001       -19.269237858265718     
   75.600000000000009        7.2000000000000002       -19.387514006490679     
   75.600000000000009        7.2799999999999994       -19.272642581272969     
   75.600000000000009        7.3599999999999994       -19.000211932615702     
   75.600000000000009        7.4399999999999995       -18.606724752117358     
   75.600000000000009        7.5199999999999996       -18.110030150077289     
   75.600000000000009        7.5999999999999996       -17.547409995325268     
   75.600000000000009        7.6799999999999997       -16.930039999442087     
   75.600000000000009        7.7599999999999998       -16.282543762794475     
   75.600000000000009        7.8399999999999999       -15.613700677563031     
   75.600000000000009        7.9199999999999999       -14.937574896850807     
   75.600000000000009        8.0000000000000000       -14.261947530617915     
   75.600000000000009        8.0800000000000001       -13.594524421082824     
   75.600000000000009        8.1600000000000001       -12.938875790970570     
   75.600000000000009        8.2400000000000002       -12.302072915266915     
   75.600000000000009        8.3200000000000003       -11.683059551603295     
   75.600000000000009        8.4000000000000004       -11.089157580738991     
   75.600000000000009        8.4800000000000004       -10.518346982581752     
   75.600000000000009        8.5599999999999987       -9.9704875468262539     
   75.600000000000009        8.6400000000000006       -9.4495654568304595     
   75.600000000000009        8.7199999999999989       -8.9513717665606691     
   75.600000000000009        8.8000000000000007       -8.4805082338242510     
   75.600000000000009        8.8799999999999990       -8.0331640916012699     
   75.600000000000009        8.9600000000000009       -7.6083849643664303     
   75.600000000000009        9.0399999999999991       -7.2077794453325845     
   75.600000000000009        9.1200000000000010       -6.8276262843944124     
   75.600000000000009        9.1999999999999993       -6.4703045651298448     
   75.600000000000009        9.2800000000000011       -6.1311918846240188     
   75.600000000000009        9.3599999999999994       -5.8133124938442897     
   75.600000000000009        9.4400000000000013       -5.5130162075391080     
   75.600000000000009        9.5199999999999996       -5.2290858812231944     
   75.600000000000009        9.5999999999999996       -4.9624603273828516     
   75.600000000000009        9.6799999999999997       -4.7100537328434244     
   75.600000000000009        9.7599999999999998       -4.4734126440112583     
   75.600000000000009        9.8399999999999999       -4.2490516954696682     
   75.600000000000009        9.9199999999999999       -4.0389774683269524     
   75.600000000000009        10.000000000000000       -3.8405567162156071     
   75.600000000000009        10.080000000000000       -3.6528452293902878     
   75.600000000000009        10.160000000000000       -3.4764920147176919     
   75.600000000000009        10.240000000000000       -3.3093252702851488     
   75.600000000000009        10.320000000000000       -3.1523982525291525     
   75.600000000000009        10.400000000000000       -3.0033386608830996     
   75.600000000000009        10.480000000000000       -2.8634971201958921     
   75.600000000000009        10.559999999999999       -2.7311233698258768     
   75.600000000000009        10.640000000000001       -2.6055691305622193     
   75.600000000000009        10.719999999999999       -2.4873156036194932     
   75.600000000000009        10.800000000000001       -2.3749057044943447     
   75.600000000000009        10.879999999999999       -2.2690773386512424     
   75.600000000000009        10.960000000000001       -2.1682579708664913     
   75.600000000000009        11.039999999999999       -2.0733738413366458     
   75.600000000000009        11.120000000000001       -1.9832829550586564     
   75.600000000000009        11.199999999999999       -1.8975540164828675     
   75.600000000000009        11.280000000000001       -1.8165521695623539     
   75.600000000000009        11.359999999999999       -1.7393038922765416     
   75.600000000000009        11.440000000000001       -1.6663371443342987     
   75.600000000000009        11.520000000000000       -1.5969020010021109     
   75.600000000000009        11.600000000000000       -1.5307534065643031     
   75.600000000000009        11.680000000000000       -1.4680331939978815     
   75.600000000000009        11.760000000000000       -1.4081551877688294     
   75.600000000000009        11.840000000000000       -1.3513988256857887     
   75.600000000000009        11.920000000000000       -1.2971037986702347     
   75.600000000000009        12.000000000000000       -1.2456546679108973     
   77.399999999999991        4.0000000000000000        6644.4193912526689     
   77.399999999999991        4.0800000000000001        5736.7951729814386     
   77.399999999999991        4.1600000000000001        4942.1730521787722     
   77.399999999999991        4.2400000000000002        4245.9146443674126     
   77.399999999999991        4.3200000000000003        3646.2747363699086     
   77.399999999999991        4.4000000000000004        3120.5875120176997     
   77.399999999999991        4.4800000000000004        2670.9245399529677     
   77.399999999999991        4.5600000000000005        2276.4467802781542     
   77.399999999999991        4.6399999999999997        1941.3178751727139     
   77.399999999999991        4.7199999999999998        1650.9228971231869     
   77.399999999999991        4.7999999999999998        1398.8521361981054     
   77.399999999999991        4.8799999999999999        1184.3525769944786     
   77.399999999999991        4.9600000000000000        998.01470216778432     
   77.399999999999991        5.0400000000000000        840.58618989051888     
   77.399999999999991        5.1200000000000001        703.72879967910740     
   77.399999999999991        5.2000000000000002        588.96784886438536     
   77.399999999999991        5.2800000000000002        490.60646055006441     
   77.399999999999991        5.3600000000000003        406.10291069687008     
   77.399999999999991        5.4399999999999995        335.18213746775882     
   77.399999999999991        5.5199999999999996        274.24599719512287     
   77.399999999999991        5.5999999999999996        223.55429254866107     
   77.399999999999991        5.6799999999999997        180.01352492178009     
   77.399999999999991        5.7599999999999998        144.14546101688279     
   77.399999999999991        5.8399999999999999        113.88359889848520     
   77.399999999999991        5.9199999999999999        88.292522402754642     
   77.399999999999991        6.0000000000000000        67.273818190616439     
   77.399999999999991        6.0800000000000001        49.547465172049733     
   77.399999999999991        6.1600000000000001        35.190694704211225     
   77.399999999999991        6.2400000000000002        23.321094910589839     
   77.399999999999991        6.3200000000000003        13.542654971533423     
   77.399999999999991        6.4000000000000004        5.7120186800491295     
   77.399999999999991        6.4800000000000004      -0.67537705096232648     
   77.399999999999991        6.5600000000000005       -5.6588871623502621     
   77.399999999999991        6.6400000000000006       -9.6575682434047749     
   77.399999999999991        6.7200000000000006       -12.658136116733129     
   77.399999999999991        6.7999999999999998       -14.941116647088297     
   77.399999999999991        6.8799999999999999       -16.635856221036772     
   77.399999999999991        6.9600000000000000       -17.791173521473898     
   77.399999999999991        7.0400000000000000       -18.561514152914970     
   77.399999999999991        7.1200000000000001       -18.966099494533879     
   77.399999999999991        7.2000000000000002       -19.125458122501300     
   77.399999999999991        7.2799999999999994       -19.045128692966017     
   77.399999999999991        7.3599999999999994       -18.802431503252389     
   77.399999999999991        7.4399999999999995       -18.434640974010474     
   77.399999999999991        7.5199999999999996       -17.959766363429239     
   77.399999999999991        7.5999999999999996       -17.416112657815084     
   77.399999999999991        7.6799999999999997       -16.814829556761900     
   77.399999999999991        7.7599999999999998       -16.181400073466072     
   77.399999999999991        7.8399999999999999       -15.524482453050766     
   77.399999999999991        7.9199999999999999       -14.858710306208467     
   77.399999999999991        8.0000000000000000       -14.192118425700603     
   77.399999999999991        8.0800000000000001       -13.532446746255351     
   77.399999999999991        8.1600000000000001       -12.883609115094197     
   77.399999999999991        8.2400000000000002       -12.252653393412777     
   77.399999999999991        8.3200000000000003       -11.638813529558950     
   77.399999999999991        8.4000000000000004       -11.049358823615949     
   77.399999999999991        8.4800000000000004       -10.482460681024859     
   77.399999999999991        8.5599999999999987       -9.9380638575794276     
   77.399999999999991        8.6400000000000006       -9.4201577782521699     
   77.399999999999991        8.7199999999999989       -8.9246531938549847     
   77.399999999999991        8.8000000000000007       -8.4561368357103692     
   77.399999999999991        8.8799999999999990       -8.0108808649431751     
   77.399999999999991        8.9600000000000009       -7.5879662244646902     
   77.399999999999991        9.0399999999999991       -7.1890097573759624     
   77.399999999999991        9.1200000000000010       -6.8103400569902028     
   77.399999999999991        9.1999999999999993       -6.4543335477722845     
   77.399999999999991        9.2800000000000011       -6.1164125396802014     
   77.399999999999991        9.3599999999999994       -5.7995924478486902     
   77.399999999999991        9.4400000000000013       -5.5002541964649856     
   77.399999999999991        9.5199999999999996       -5.2171936842650890     
   77.399999999999991        9.5999999999999996       -4.9513508474155286     
   77.399999999999991        9.6799999999999997       -4.6996597280510706     
   77.399999999999991        9.7599999999999998       -4.4636640562856282     
   77.399999999999991        9.8399999999999999       -4.2398968593132658     
   77.399999999999991        9.9199999999999999       -4.0303596026248680     
   77.399999999999991        10.000000000000000       -3.8324319203631307     
   77.399999999999991        10.080000000000000       -3.6451749199272241     
   77.399999999999991        10.160000000000000       -3.4692371457783553     
   77.399999999999991        10.240000000000000       -3.3024555778383857     
   77.399999999999991        10.320000000000000       -3.1458814236547372     
   77.399999999999991        10.400000000000000       -2.9971507858113124     
   77.399999999999991        10.480000000000000       -2.8576112771600406     
   77.399999999999991        10.559999999999999       -2.7255185500628092     
   77.399999999999991        10.640000000000001       -2.6002267357623730     
   77.399999999999991        10.719999999999999       -2.4822163714033736     
   77.399999999999991        10.800000000000001       -2.3700346710623879     
   77.399999999999991        10.879999999999999       -2.2644181582835552     
   77.399999999999991        10.960000000000001       -2.1637985290230173     
   77.399999999999991        11.039999999999999       -2.0691001854759206     
   77.399999999999991        11.120000000000001       -1.9791841134148820     
   77.399999999999991        11.199999999999999       -1.8936202210054647     
   77.399999999999991        11.280000000000001       -1.8127730810693583     
   77.399999999999991        11.359999999999999       -1.7356714720806452     
   77.399999999999991        11.440000000000001       -1.6628424195882801     
   77.399999999999991        11.520000000000000       -1.5935377204347776     
   77.399999999999991        11.600000000000000       -1.5275129376835686     
   77.399999999999991        11.680000000000000       -1.4649097400613285     
   77.399999999999991        11.760000000000000       -1.4051432045099670     
   77.399999999999991        11.840000000000000       -1.3484923202356365     
   77.399999999999991        11.920000000000000       -1.2942981113819063     
   77.399999999999991        12.000000000000000       -1.2429444873443107     
   79.199999999999989        4.0000000000000000        6751.5501804941096     
   79.199999999999989        4.0800000000000001        5829.6807113449086     
   79.199999999999989        4.1600000000000001        5022.5558764420057     
   79.199999999999989        4.2400000000000002        4315.3188576169568     
   79.199999999999989        4.3200000000000003        3706.2036783489448     
   79.199999999999989        4.4000000000000004        3172.1955170525271     
   79.199999999999989        4.4800000000000004        2715.4012542145542     
   79.199999999999989        4.5600000000000005        2314.6572769037152     
   79.199999999999989        4.6399999999999997        1974.1937161647986     
   79.199999999999989        4.7199999999999998        1679.1668414667633     
   79.199999999999989        4.7999999999999998        1423.0665093222938     
   79.199999999999989        4.8799999999999999        1205.1279992879026     
   79.199999999999989        4.9600000000000000        1015.7938937571341     
   79.199999999999989        5.0400000000000000        855.82358974953070     
   79.199999999999989        5.1200000000000001        716.74774010573401     
   79.199999999999989        5.2000000000000002        600.11561187158645     
   79.199999999999989        5.2800000000000002        500.14080513209205     
   79.199999999999989        5.3600000000000003        414.24169211128668     
   79.199999999999989        5.4399999999999995        342.13899364196942     
   79.199999999999989        5.5199999999999996        280.17809525435507     
   79.199999999999989        5.5999999999999996        228.62310009283456     
   79.199999999999989        5.6799999999999997        184.33193600615115     
   79.199999999999989        5.7599999999999998        147.83491476706442     
   79.199999999999989        5.8399999999999999        117.03311843594800     
   79.199999999999989        5.9199999999999999        90.976542047118684     
   79.199999999999989        6.0000000000000000        69.565567801289475     
   79.199999999999989        6.0800000000000001        51.499975444802160     
   79.199999999999989        6.1600000000000001        36.858649470760824     
   79.199999999999989        6.2400000000000002        24.745223771053563     
   79.199999999999989        6.3200000000000003        14.757530672268372     
   79.199999999999989        6.4000000000000004        6.7502387681210534     
   79.199999999999989        6.4800000000000004       0.21067569565064614     
   79.199999999999989        6.5600000000000005       -4.9007743732856008     
   79.199999999999989        6.6400000000000006       -9.0100845478335092     
   79.199999999999989        6.7200000000000006       -12.103322266062653     
   79.199999999999989        6.7999999999999998       -14.465704688855693     
   79.199999999999989        6.8799999999999999       -16.228662363687761     
   79.199999999999989        6.9600000000000000       -17.441573142408973     
   79.199999999999989        7.0400000000000000       -18.261619698979874     
   79.199999999999989        7.1200000000000001       -18.708043797357028     
   79.199999999999989        7.2000000000000002       -18.903680834308204     
   79.199999999999989        7.2799999999999994       -18.853810202216298     
   79.199999999999989        7.3599999999999994       -18.637294836053876     
   79.199999999999989        7.4399999999999995       -18.292096693069219     
   79.199999999999989        7.5199999999999996       -17.836368576846422     
   79.199999999999989        7.5999999999999996       -17.309325692637969     
   79.199999999999989        7.6799999999999997       -16.722095454000492     
   79.199999999999989        7.7599999999999998       -16.100924846166169     
   79.199999999999989        7.8399999999999999       -15.454365180182853     
   79.199999999999989        7.9199999999999999       -14.797556104932944     
   79.199999999999989        8.0000000000000000       -14.138757938581232     
   79.199999999999989        8.0800000000000001       -13.485741348284920     
   79.199999999999989        8.1600000000000001       -12.842725275302231     
   79.199999999999989        8.2400000000000002       -12.216737331479187     
   79.199999999999989        8.3200000000000003       -11.607268894602388     
   79.199999999999989        8.4000000000000004       -11.021543270200180     
   79.199999999999989        8.4800000000000004       -10.457901662985115     
   79.199999999999989        8.5599999999999987       -9.9163643251452616     
   79.199999999999989        8.6400000000000006       -9.4009241079634993     
   79.199999999999989        8.7199999999999989       -8.9075977212688358     
   79.199999999999989        8.8000000000000007       -8.4409592986958142     
   79.199999999999989        8.8799999999999990       -7.9973543839672345     
   79.199999999999989        8.9600000000000009       -7.5758953626846424     
   79.199999999999989        9.0399999999999991       -7.1782068995438086     
   79.199999999999989        9.1200000000000010       -6.8006615184920269     
   79.199999999999989        9.1999999999999993       -6.4456339810277781     
   79.199999999999989        9.2800000000000011       -6.1085857238831185     
   79.199999999999989        9.3599999999999994       -5.7925252318391145     
   79.199999999999989        9.4400000000000013       -5.4938605942256000     
   79.199999999999989        9.5199999999999996       -5.2113992776587317     
   79.199999999999989        9.5999999999999996       -4.9460827570235759     
   79.199999999999989        9.6799999999999997       -4.6948621697876929     
   79.199999999999989        9.7599999999999998       -4.4592794934967595     
   79.199999999999989        9.8399999999999999       -4.2358832934102963     
   79.199999999999989        9.9199999999999999       -4.0266714481871126     
   79.199999999999989        10.000000000000000       -3.8290344073442819     
   79.199999999999989        10.080000000000000       -3.6420378819798978     
   79.199999999999989        10.160000000000000       -3.4663305241237445     
   79.199999999999989        10.240000000000000       -3.2997564418641616     
   79.199999999999989        10.320000000000000       -3.1433657346103496     
   79.199999999999989        10.400000000000000       -2.9948010730917596     
   79.199999999999989        10.480000000000000       -2.8554082880224567     
   79.199999999999989        10.559999999999999       -2.7234475987064544     
   79.199999999999989        10.640000000000001       -2.5982750926070288     
   79.199999999999989        10.719999999999999       -2.4803711777925739     
   79.199999999999989        10.800000000000001       -2.3682861846388157     
   79.199999999999989        10.879999999999999       -2.2627560359388212     
   79.199999999999989        10.960000000000001       -2.1622153108833109     
   79.199999999999989        11.039999999999999       -2.0675875536150463     
   79.199999999999989        11.120000000000001       -1.9777357429663529     
   79.199999999999989        11.199999999999999       -1.8922306494056034     
   79.199999999999989        11.280000000000001       -1.8114367297478298     
   79.199999999999989        11.359999999999999       -1.7343841531103592     
   79.199999999999989        11.440000000000001       -1.6615996401202711     
   79.199999999999989        11.520000000000000       -1.5923359960926771     
   79.199999999999989        11.600000000000000       -1.5263492003830610     
   79.199999999999989        11.680000000000000       -1.4637809773822943     
   79.199999999999989        11.760000000000000       -1.4040470613531622     
   79.199999999999989        11.840000000000000       -1.3474263654241374     
   79.199999999999989        11.920000000000000       -1.2932605358530764     
   79.199999999999989        12.000000000000000       -1.2419333279857194     
   81.000000000000000        4.0000000000000000        6845.0426063135728     
   81.000000000000000        4.0800000000000001        5910.6910515333111     
   81.000000000000000        4.1600000000000001        5092.6182090453140     
   81.000000000000000        4.2400000000000002        4375.7739102934656     
   81.000000000000000        4.3200000000000003        3758.3728356556985     
   81.000000000000000        4.4000000000000004        3217.0926347766140     
   81.000000000000000        4.4800000000000004        2754.0704021916704     
   81.000000000000000        4.5600000000000005        2347.8571420133308     
   81.000000000000000        4.6399999999999997        2002.7406902041921     
   81.000000000000000        4.7199999999999998        1703.6763518885339     
   81.000000000000000        4.7999999999999998        1444.0656979240794     
   81.000000000000000        4.8799999999999999        1223.1334065185995     
   81.000000000000000        4.9600000000000000        1031.1924554811619     
   81.000000000000000        5.0400000000000000        869.01220792384674     
   81.000000000000000        5.1200000000000001        728.00862815999835     
   81.000000000000000        5.2000000000000002        609.75167251112919     
   81.000000000000000        5.2800000000000002        508.37669970810890     
   81.000000000000000        5.3600000000000003        421.26718537718932     
   81.000000000000000        5.4399999999999995        348.14004917282386     
   81.000000000000000        5.5199999999999996        285.29143142327968     
   81.000000000000000        5.5999999999999996        232.98907824120377     
   81.000000000000000        5.6799999999999997        188.04863038779297     
   81.000000000000000        5.7599999999999998        151.00774815046404     
   81.000000000000000        5.8399999999999999        119.73931877861011     
   81.000000000000000        5.9199999999999999        93.280642717118951     
   81.000000000000000        6.0000000000000000        71.531015575643195     
   81.000000000000000        6.0800000000000001        53.172687776057565     
   81.000000000000000        6.1600000000000001        38.285944202948748     
   81.000000000000000        6.2400000000000002        25.962321594757245     
   81.000000000000000        6.3200000000000003        15.794311646256389     
   81.000000000000000        6.4000000000000004        7.6348595842830438     
   81.000000000000000        6.4800000000000004       0.96427720076113177     
   81.000000000000000        6.5600000000000005       -4.2572875222667763     
   81.000000000000000        6.6400000000000006       -8.4617825263578368     
   81.000000000000000        6.7200000000000006       -11.634723048033333     
   81.000000000000000        6.7999999999999998       -14.065375062873699     
   81.000000000000000        6.8799999999999999       -15.886968052850850     
   81.000000000000000        6.9600000000000000       -17.149364137944406     
   81.000000000000000        7.0400000000000000       -18.012104628358166     
   81.000000000000000        7.1200000000000001       -18.494449854627604     
   81.000000000000000        7.2000000000000002       -18.721221508059330     
   81.000000000000000        7.2799999999999994       -18.697475768694307     
   81.000000000000000        7.3599999999999994       -18.503403190003567     
   81.000000000000000        7.4399999999999995       -18.177557154273735     
   81.000000000000000        7.5199999999999996       -17.738213295363213     
   81.000000000000000        7.5999999999999996       -17.225370048231664     
   81.000000000000000        7.6799999999999997       -16.650134655620040     
   81.000000000000000        7.7599999999999998       -16.039411854742717     
   81.000000000000000        7.8399999999999999       -15.401659734747218     
   81.000000000000000        7.9199999999999999       -14.752453772855766     
   81.000000000000000        8.0000000000000000       -14.100248372142168     
   81.000000000000000        8.0800000000000001       -13.452840011392045     
   81.000000000000000        8.1600000000000001       -12.814710905946617     
   81.000000000000000        8.2400000000000002       -12.192870568297520     
   81.000000000000000        8.3200000000000003       -11.587032948733391     
   81.000000000000000        8.4000000000000004       -11.004381108930138     
   81.000000000000000        8.4800000000000004       -10.443403265122123     
   81.000000000000000        8.5599999999999987       -9.9041850499277615     
   81.000000000000000        8.6400000000000006       -9.3907222155120866     
   81.000000000000000        8.7199999999999989       -8.8991234684623439     
   81.000000000000000        8.8000000000000007       -8.4339521002544195     
   81.000000000000000        8.8799999999999990       -7.9916174891125991     
   81.000000000000000        8.9600000000000009       -7.5712594710133700     
   81.000000000000000        9.0399999999999991       -7.1745097607410333     
   81.000000000000000        9.1200000000000010       -6.7977791451996152     
   81.000000000000000        9.1999999999999993       -6.4434413301941795     
   81.000000000000000        9.2800000000000011       -6.1069917349159013     
   81.000000000000000        9.3599999999999994       -5.7914333692462758     
   81.000000000000000        9.4400000000000013       -5.4931979263817601     
   81.000000000000000        9.5199999999999996       -5.2111030729668908     
   81.000000000000000        9.5999999999999996       -4.9460920694370820     
   81.000000000000000        9.6799999999999997       -4.6951307638892477     
   81.000000000000000        9.7599999999999998       -4.4597602050118468     
   81.000000000000000        9.8399999999999999       -4.2365420964575335     
   81.000000000000000        9.9199999999999999       -4.0274719599707680     
   81.000000000000000        10.000000000000000       -3.8299493475823114     
   81.000000000000000        10.080000000000000       -3.6430439833788508     
   81.000000000000000        10.160000000000000       -3.4674050950374062     
   81.000000000000000        10.240000000000000       -3.3008825687057173     
   81.000000000000000        10.320000000000000       -3.1445261798745299     
   81.000000000000000        10.400000000000000       -2.9959836707103951     
   81.000000000000000        10.480000000000000       -2.8566001224711677     
   81.000000000000000        10.559999999999999       -2.7246392273056208     
   81.000000000000000        10.640000000000001       -2.5994586684129208     
   81.000000000000000        10.719999999999999       -2.4815391910434292     
   81.000000000000000        10.800000000000001       -2.3694332713142212     
   81.000000000000000        10.879999999999999       -2.2638769081805101     
   81.000000000000000        10.960000000000001       -2.1633064443985472     
   81.000000000000000        11.039999999999999       -2.0686454162624743     
   81.000000000000000        11.120000000000001       -1.9787579742651846     
   81.000000000000000        11.199999999999999       -1.8932154738415437     
   81.000000000000000        11.280000000000001       -1.8123826627861763     
   81.000000000000000        11.359999999999999       -1.7352903312238770     
   81.000000000000000        11.440000000000001       -1.6624654540422399     
   81.000000000000000        11.520000000000000       -1.5931612398917585     
   81.000000000000000        11.600000000000000       -1.5271339189111626     
   81.000000000000000        11.680000000000000       -1.4645254752776591     
   81.000000000000000        11.760000000000000       -1.4047517883838980     
   81.000000000000000        11.840000000000000       -1.3480920337426554     
   81.000000000000000        11.920000000000000       -1.2938878599246870     
   81.000000000000000        12.000000000000000       -1.2425233185719915     
   82.799999999999997        4.0000000000000000        6923.5173398270854     
   82.799999999999997        4.0800000000000001        5978.6133998979785     
   82.799999999999997        4.1600000000000001        5151.2971504973530     
   82.799999999999997        4.2400000000000002        4426.3515322516369     
   82.799999999999997        4.3200000000000003        3801.9728100286534     
   82.799999999999997        4.4000000000000004        3254.5757630987137     
   82.799999999999997        4.4800000000000004        2786.3217438882866     
   82.799999999999997        4.5600000000000005        2375.5189308328240     
   82.799999999999997        4.6399999999999997        2026.5029838336918     
   82.799999999999997        4.7199999999999998        1724.0585986420544     
   82.799999999999997        4.7999999999999998        1461.5122861370746     
   82.799999999999997        4.8799999999999999        1238.0792142128810     
   82.799999999999997        4.9600000000000000        1043.9628430973341     
   82.799999999999997        5.0400000000000000        879.94048752538868     
   82.799999999999997        5.1200000000000001        737.33152075937937     
   82.799999999999997        5.2000000000000002        617.72293075901564     
   82.799999999999997        5.2800000000000002        515.18429620824384     
   82.799999999999997        5.3600000000000003        427.06972501716007     
   82.799999999999997        5.4399999999999995        353.09277678959717     
   82.799999999999997        5.5199999999999996        289.50835473420653     
   82.799999999999997        5.5999999999999996        236.58710660407124     
   82.799999999999997        5.6799999999999997        191.10936540553300     
   82.799999999999997        5.7599999999999998        153.61880496589541     
   82.799999999999997        5.8399999999999999        121.96480870967085     
   82.799999999999997        5.9199999999999999        95.174088189667373     
   82.799999999999997        6.0000000000000000        73.144983764754343     
   82.799999999999997        6.0800000000000001        54.545186495241929     
   82.799999999999997        6.1600000000000001        39.456102528891314     
   82.799999999999997        6.2400000000000002        26.959238070608013     
   82.799999999999997        6.3200000000000003        16.642653386816431     
   82.799999999999997        6.4000000000000004        8.3578528250734916     
   82.799999999999997        6.4800000000000004        1.5793487216338240     
   82.799999999999997        6.5600000000000005       -3.7329167339988305     
   82.799999999999997        6.6400000000000006       -8.0158200049985204     
   82.799999999999997        6.7200000000000006       -11.254427605245862     
   82.799999999999997        6.7999999999999998       -13.741340885323730     
   82.799999999999997        6.8799999999999999       -15.611270900181038     
   82.799999999999997        6.9600000000000000       -16.914478819010423     
   82.799999999999997        7.0400000000000000       -17.812445563168254     
   82.799999999999997        7.1200000000000001       -18.324445618797206     
   82.799999999999997        7.2000000000000002       -18.576933342199698     
   82.799999999999997        7.2799999999999994       -18.574778944178181     
   82.799999999999997        7.3599999999999994       -18.399263803777462     
   82.799999999999997        7.4399999999999995       -18.089426508814388     
   82.799999999999997        7.5199999999999996       -17.663641269921701     
   82.799999999999997        7.5999999999999996       -17.162550869949026     
   82.799999999999997        7.6799999999999997       -16.597243068639905     
   82.799999999999997        7.7599999999999998       -15.995165074019729     
   82.799999999999997        7.8399999999999999       -15.364694966672198     
   82.799999999999997        7.9199999999999999       -14.721768145931845     
   82.799999999999997        8.0000000000000000       -14.074998893378183     
   82.799999999999997        8.0800000000000001       -13.432203218803370     
   82.799999999999997        8.1600000000000001       -12.798082062851769     
   82.799999999999997        8.2400000000000002       -12.179628077620517     
   82.799999999999997        8.3200000000000003       -11.576741225293786     
   82.799999999999997        8.4000000000000004       -10.996569302014711     
   82.799999999999997        8.4800000000000004       -10.437723816810369     
   82.799999999999997        8.5599999999999987       -9.9003451353080472     
   82.799999999999997        8.6400000000000006       -9.3884307492410066     
   82.799999999999997        8.7199999999999989       -8.8981672626781112     
   82.799999999999997        8.8000000000000007       -8.4341082636736839     
   82.799999999999997        8.8799999999999990       -7.9927174568310955     
   82.799999999999997        8.9600000000000009       -7.5731580469811624     
   82.799999999999997        9.0399999999999991       -7.1770677170931316     
   82.799999999999997        9.1200000000000010       -6.8008900946822539     
   82.799999999999997        9.1999999999999993       -6.4469980771358673     
   82.799999999999997        9.2800000000000011       -6.1109163440850311     
   82.799999999999997        9.3599999999999994       -5.7956434646207766     
   82.799999999999997        9.4400000000000013       -5.4976315365845716     
   82.799999999999997        9.5199999999999996       -5.2157071599365663     
   82.799999999999997        9.5999999999999996       -4.9508154679779750     
   82.799999999999997        9.6799999999999997       -4.6999349868612086     
   82.799999999999997        9.7599999999999998       -4.4646064313065139     
   82.799999999999997        9.8399999999999999       -4.2414026710489274     
   82.799999999999997        9.9199999999999999       -4.0323178149900940     
   82.799999999999997        10.000000000000000       -3.8347591355132487     
   82.799999999999997        10.080000000000000       -3.6477998928594242     
   82.799999999999997        10.160000000000000       -3.4720902583058995     
   82.799999999999997        10.240000000000000       -3.3054848325054880     
   82.799999999999997        10.320000000000000       -3.1490336985218006     
   82.799999999999997        10.400000000000000       -3.0003884945798256     
   82.799999999999997        10.480000000000000       -2.8608943928476949     
   82.799999999999997        10.559999999999999       -2.7288177038327692     
   82.799999999999997        10.640000000000001       -2.6035174342250254     
   82.799999999999997        10.719999999999999       -2.4854750637550662     
   82.799999999999997        10.800000000000001       -2.3732444468177962     
   82.799999999999997        10.879999999999999       -2.2675622318759383     
   82.799999999999997        10.960000000000001       -2.1668656261240065     
   82.799999999999997        11.039999999999999       -2.0720788794867819     
   82.799999999999997        11.120000000000001       -1.9820666536811793     
   82.799999999999997        11.199999999999999       -1.8964006732811480     
   82.799999999999997        11.280000000000001       -1.8154463351549928     
   82.799999999999997        11.359999999999999       -1.7382344177538658     
   82.799999999999997        11.440000000000001       -1.6652926388370604     
   82.799999999999997        11.520000000000000       -1.5958741109650882     
   82.799999999999997        11.600000000000000       -1.5297351853149186     
   82.799999999999997        11.680000000000000       -1.4670182932647069     
   82.799999999999997        11.760000000000000       -1.4071390290040433     
   82.799999999999997        11.840000000000000       -1.3503771340163773     
   82.799999999999997        11.920000000000000       -1.2960737300906167     
   82.799999999999997        12.000000000000000       -1.2446135672543670     
   84.599999999999994        4.0000000000000000        6985.9711235213663     
   84.599999999999994        4.0800000000000001        6032.5661763028156     
   84.599999999999994        4.1600000000000001        5197.8206552435340     
   84.599999999999994        4.2400000000000002        4466.3780602025472     
   84.599999999999994        4.3200000000000003        3836.4167963849477     
   84.599999999999994        4.4000000000000004        3284.1357511908295     
   84.599999999999994        4.4800000000000004        2811.7139451086118     
   84.599999999999994        4.5600000000000005        2397.2617512933493     
   84.599999999999994        4.6399999999999997        2045.1519671591577     
   84.599999999999994        4.7199999999999998        1740.0308772545602     
   84.599999999999994        4.7999999999999998        1475.1639481037491     
   84.599999999999994        4.8799999999999999        1249.7579198368908     
   84.599999999999994        4.9600000000000000        1053.9281354700372     
   84.599999999999994        5.0400000000000000        888.45765669979892     
   84.599999999999994        5.1200000000000001        744.58859412179959     
   84.599999999999994        5.2000000000000002        623.92102081542544     
   84.599999999999994        5.2800000000000002        520.47206131108430     
   84.599999999999994        5.3600000000000003        431.57236749371310     
   84.599999999999994        5.4399999999999995        356.93259997193769     
   84.599999999999994        5.5199999999999996        292.77500552976574     
   84.599999999999994        5.5999999999999996        239.37233268249236     
   84.599999999999994        5.6799999999999997        193.47709214349737     
   84.599999999999994        5.7599999999999998        155.63753699363127     
   84.599999999999994        5.8399999999999999        123.68458069957326     
   84.599999999999994        5.9199999999999999        96.636606175483621     
   84.599999999999994        6.0000000000000000        74.391140747014632     
   84.599999999999994        6.0800000000000001        55.604504368536553     
   84.599999999999994        6.1600000000000001        40.358927210466589     
   84.599999999999994        6.2400000000000002        27.728103732249533     
   84.599999999999994        6.3200000000000003        17.296639673248748     
   84.599999999999994        6.4000000000000004        8.9149037722836226     
   84.599999999999994        6.4800000000000004        2.0529141980613259     
   84.599999999999994        6.5600000000000005       -3.3295575371054835     
   84.599999999999994        6.6400000000000006       -7.6731948268936376     
   84.599999999999994        6.7200000000000006       -10.962723580788841     
   84.599999999999994        6.7999999999999998       -13.493316161093759     
   84.599999999999994        6.8799999999999999       -15.400824682034628     
   84.599999999999994        6.9600000000000000       -16.735816426296488     
   84.599999999999994        7.0400000000000000       -17.661264001578999     
   84.599999999999994        7.1200000000000001       -18.196449428817630     
   84.599999999999994        7.2000000000000002       -18.469082741526083     
   84.599999999999994        7.2799999999999994       -18.483885879403850     
   84.599999999999994        7.3599999999999994       -18.322978964655217     
   84.599999999999994        7.4399999999999995       -18.025772417806671     
   84.599999999999994        7.5199999999999996       -17.610712070829035     
   84.599999999999994        7.5999999999999996       -17.118937972217974     
   84.599999999999994        7.6799999999999997       -16.561517836643343     
   84.599999999999994        7.7599999999999998       -15.966319958366864     
   84.599999999999994        7.8399999999999999       -15.341654985892140     
   84.599999999999994        7.9199999999999999       -14.703738548354393     
   84.599999999999994        8.0000000000000000       -14.061308719030800     
   84.599999999999994        8.0800000000000001       -13.422193668553465     
   84.599999999999994        8.1600000000000001       -12.791266824333150     
   84.599999999999994        8.2400000000000002       -12.175504398534500     
   84.599999999999994        8.3200000000000003       -11.574954884612621     
   84.599999999999994        8.4000000000000004       -10.996735031746431     
   84.599999999999994        8.4800000000000004       -10.439555476462093     
   84.599999999999994        8.5599999999999987       -9.9036003677816780     
   84.599999999999994        8.6400000000000006       -9.3928672286468089     
   84.599999999999994        8.7199999999999989       -8.9036065615310971     
   84.599999999999994        8.8000000000000007       -8.4403628199340108     
   84.599999999999994        8.8799999999999990       -7.9996447098996670     
   84.599999999999994        8.9600000000000009       -7.5806347055031633     
   84.599999999999994        9.0399999999999991       -7.1849751113766684     
   84.599999999999994        9.1200000000000010       -6.8091372754482782     
   84.599999999999994        9.1999999999999993       -6.4554932020275038     
   84.599999999999994        9.2800000000000011       -6.1195925603073373     
   84.599999999999994        9.3599999999999994       -5.8044301112267718     
   84.599999999999994        9.4400000000000013       -5.5064755315515388     
   84.599999999999994        9.5199999999999996       -5.2245631957321983     
   84.599999999999994        9.5999999999999996       -4.9596400464405237     
   84.599999999999994        9.6799999999999997       -4.7086956042394030     
   84.599999999999994        9.7599999999999998       -4.4732706221096290     
   84.599999999999994        9.8399999999999999       -4.2499475822466737     
   84.599999999999994        9.9199999999999999       -4.0407198435060803     
   84.599999999999994        10.000000000000000       -3.8430013385984805     
   84.599999999999994        10.080000000000000       -3.6558684966058195     
   84.599999999999994        10.160000000000000       -3.4799726986593638     
   84.599999999999994        10.240000000000000       -3.3131724756912133     
   84.599999999999994        10.320000000000000       -3.1565186950126529     
   84.599999999999994        10.400000000000000       -3.0076660306503444     
   84.599999999999994        10.480000000000000       -2.8679603906665943     
   84.599999999999994        10.559999999999999       -2.7356700844671655     
   84.599999999999994        10.640000000000001       -2.6101552551057763     
   84.599999999999994        10.719999999999999       -2.4918984409892109     
   84.599999999999994        10.800000000000001       -2.3794543088390734     
   84.599999999999994        10.879999999999999       -2.2735606214529693     
   84.599999999999994        10.960000000000001       -2.1726547725245400     
   84.599999999999994        11.039999999999999       -2.0776623122636089     
   84.599999999999994        11.120000000000001       -1.9874479149376547     
   84.599999999999994        11.199999999999999       -1.9015835193053960     
   84.599999999999994        11.280000000000001       -1.8204354760818182     
   84.599999999999994        11.359999999999999       -1.7430340590925537     
   84.599999999999994        11.440000000000001       -1.6699081415032340     
   84.599999999999994        11.520000000000000       -1.6003103485958947     
   84.599999999999994        11.600000000000000       -1.5339970585484057     
   84.599999999999994        11.680000000000000       -1.4711113177091926     
   84.599999999999994        11.760000000000000       -1.4110680896851377     
   84.599999999999994        11.840000000000000       -1.3541479466245916     
   84.599999999999994        11.920000000000000       -1.2996910498111927     
   84.599999999999994        12.000000000000000       -1.2480831964042571     
   86.400000000000006        4.0000000000000000        7031.5787333262342     
   86.400000000000006        4.0800000000000001        6071.8258514428180     
   86.400000000000006        4.1600000000000001        5231.5564620020314     
   86.400000000000006        4.2400000000000002        4495.3029811975430     
   86.400000000000006        4.3200000000000003        3861.2262474244440     
   86.400000000000006        4.4000000000000004        3305.3582403404298     
   86.400000000000006        4.4800000000000004        2829.8885587745185     
   86.400000000000006        4.5600000000000005        2412.7768855343456     
   86.400000000000006        4.6399999999999997        2058.4218180787484     
   86.400000000000006        4.7199999999999998        1751.3649847316767     
   86.400000000000006        4.7999999999999998        1484.8254931472147     
   86.400000000000006        4.8799999999999999        1258.0027436453508     
   86.400000000000006        4.9600000000000000        1060.9464588028063     
   86.400000000000006        5.0400000000000000        894.44309439748633     
   86.400000000000006        5.1200000000000001        749.67784700812865     
   86.400000000000006        5.2000000000000002        628.25969723231367     
   86.400000000000006        5.2800000000000002        524.16735550845419     
   86.400000000000006        5.3600000000000003        434.71424620117608     
   86.400000000000006        5.4399999999999995        359.60861186042445     
   86.400000000000006        5.5199999999999996        295.04909310541672     
   86.400000000000006        5.5999999999999996        241.30969250807792     
   86.400000000000006        5.6799999999999997        195.12299694770871     
   86.400000000000006        5.7599999999999998        157.04032588702233     
   86.400000000000006        5.8399999999999999        124.87943577135985     
   86.400000000000006        5.9199999999999999        97.652767067704062     
   86.400000000000006        6.0000000000000000        75.257186176696564     
   86.400000000000006        6.0800000000000001        56.341006816493454     
   86.400000000000006        6.1600000000000001        40.986972202577093     
   86.400000000000006        6.2400000000000002        28.263306628003335     
   86.400000000000006        6.3200000000000003        17.752192929882128     
   86.400000000000006        6.4000000000000004        9.3031882147684648     
   86.400000000000006        6.4800000000000004        2.3831931392667713     
   86.400000000000006        6.5600000000000005       -3.0481522257099178     
   86.400000000000006        6.6400000000000006       -7.4341564318382876     
   86.400000000000006        6.7200000000000006       -10.759316315482302     
   86.400000000000006        6.7999999999999998       -13.320570276288850     
   86.400000000000006        6.8799999999999999       -15.254552481275079     
   86.400000000000006        6.9600000000000000       -16.612037120409134     
   86.400000000000006        7.0400000000000000       -17.557017636566872     
   86.400000000000006        7.1200000000000001       -18.108775083739943     
   86.400000000000006        7.2000000000000002       -18.395879740939421     
   86.400000000000006        7.2799999999999994       -18.422943207616871     
   86.400000000000006        7.3599999999999994       -18.272660225261308     
   86.400000000000006        7.4399999999999995       -17.984694024628595     
   86.400000000000006        7.5199999999999996       -17.577532909570344     
   86.400000000000006        7.5999999999999996       -17.092660703628813     
   86.400000000000006        7.6799999999999997       -16.541123454888499     
   86.400000000000006        7.7599999999999998       -15.951084434672737     
   86.400000000000006        7.8399999999999999       -15.330798845980533     
   86.400000000000006        7.9199999999999999       -14.696679939600999     
   86.400000000000006        8.0000000000000000       -14.057552030784915     
   86.400000000000006        8.0800000000000001       -13.421247178253527     
   86.400000000000006        8.1600000000000001       -12.792763795106485     
   86.400000000000006        8.2400000000000002       -12.179061368387558     
   86.400000000000006        8.3200000000000003       -11.580298802139264     
   86.400000000000006        8.4000000000000004       -11.003565342245164     
   86.400000000000006        8.4800000000000004       -10.447646298080956     
   86.400000000000006        8.5599999999999987       -9.9127584331365295     
   86.400000000000006        8.6400000000000006       -9.4028971213689925     
   86.400000000000006        8.7199999999999989       -8.9143629060270353     
   86.400000000000006        8.8000000000000007       -8.4516911704660771     
   86.400000000000006        8.8799999999999990       -8.0114264910022417     
   86.400000000000006        8.9600000000000009       -7.5927665079336419     
   86.400000000000006        9.0399999999999991       -7.1973565685328689     
   86.400000000000006        9.1200000000000010       -6.8216909033462336     
   86.400000000000006        9.1999999999999993       -6.4681402401680748     
   86.400000000000006        9.2800000000000011       -6.1322753792531532     
   86.400000000000006        9.3599999999999994       -5.8170875407625813     
   86.400000000000006        9.4400000000000013       -5.5190614934532318     
   86.400000000000006        9.5199999999999996       -5.2370383239889797     
   86.400000000000006        9.5999999999999996       -4.9719665807444855     
   86.400000000000006        9.6799999999999997       -4.7208454108637232     
   86.400000000000006        9.7599999999999998       -4.4852157705963771     
   86.400000000000006        9.8399999999999999       -4.2616685815669486     
   86.400000000000006        9.9199999999999999       -4.0521968530278274     
   86.400000000000006        10.000000000000000       -3.8542204107759792     
   86.400000000000006        10.080000000000000       -3.6668185833710156     
   86.400000000000006        10.160000000000000       -3.4906441302276767     
   86.400000000000006        10.240000000000000       -3.3235589843093911     
   86.400000000000006        10.320000000000000       -3.1666151262425744     
   86.400000000000006        10.400000000000000       -3.0174696967271109     
   86.400000000000006        10.480000000000000       -2.8774697985636539     
   86.400000000000006        10.559999999999999       -2.7448853380713767     
   86.400000000000006        10.640000000000001       -2.6190774852940084     
   86.400000000000006        10.719999999999999       -2.5005300898848577     
   86.400000000000006        10.800000000000001       -2.3877982533546120     
   86.400000000000006        10.879999999999999       -2.2816212123452582     
   86.400000000000006        10.960000000000001       -2.1804360776158349     
   86.400000000000006        11.039999999999999       -2.0851701556287163     
   86.400000000000006        11.120000000000001       -1.9946877873081077     
   86.400000000000006        11.199999999999999       -1.9085610275959017     
   86.400000000000006        11.280000000000001       -1.8271574330085241     
   86.400000000000006        11.359999999999999       -1.7495064130862650     
   86.400000000000006        11.440000000000001       -1.6761383341150486     
   86.400000000000006        11.520000000000000       -1.6063050464194315     
   86.400000000000006        11.600000000000000       -1.5397628948210158     
   86.400000000000006        11.680000000000000       -1.4766556883056894     
   86.400000000000006        11.760000000000000       -1.4163974964072708     
   86.400000000000006        11.840000000000000       -1.3592699478209835     
   86.400000000000006        11.920000000000000       -1.3046119021689579     
   86.400000000000006        12.000000000000000       -1.2528104995018803     
   88.200000000000003        4.0000000000000000        7059.7206033015927     
   88.200000000000003        4.0800000000000001        6095.8504145528750     
   88.200000000000003        4.1600000000000001        5252.0320191204783     
   88.200000000000003        4.2400000000000002        4512.7158314463086     
   88.200000000000003        4.3200000000000003        3876.0452336604267     
   88.200000000000003        4.4000000000000004        3317.9358457077965     
   88.200000000000003        4.4800000000000004        2840.5803863651504     
   88.200000000000003        4.5600000000000005        2421.8365829541149     
   88.200000000000003        4.6399999999999997        2066.1170093988621     
   88.200000000000003        4.7199999999999998        1757.8935927123212     
   88.200000000000003        4.7999999999999998        1490.3542853904041     
   88.200000000000003        4.8799999999999999        1262.6922480180856     
   88.200000000000003        4.9600000000000000        1064.9149179056365     
   88.200000000000003        5.0400000000000000        897.80968613980417     
   88.200000000000003        5.1200000000000001        752.52595950063437     
   88.200000000000003        5.2000000000000002        630.67727935161315     
   88.200000000000003        5.2800000000000002        526.21852342076397     
   88.200000000000003        5.3600000000000003        436.45235780303699     
   88.200000000000003        5.4399999999999995        361.08510604932343     
   88.200000000000003        5.5199999999999996        296.30120611833291     
   88.200000000000003        5.5999999999999996        242.37503633398333     
   88.200000000000003        5.6799999999999997        196.02746707199825     
   88.200000000000003        5.7599999999999998        157.81131503902040     
   88.200000000000003        5.8399999999999999        125.53670066808805     
   88.200000000000003        5.9199999999999999        98.212602254847596     
   88.200000000000003        6.0000000000000000        75.735385928571958     
   88.200000000000003        6.0800000000000001        56.748854645941080     
   88.200000000000003        6.1600000000000001        41.335944624448238     
   88.200000000000003        6.2400000000000002        28.561842032196040     
   88.200000000000003        6.3200000000000003        18.007378877738493     
   88.200000000000003        6.4000000000000004        9.5216388202020799     
   88.200000000000003        6.4800000000000004        2.5698338066600663     
   88.200000000000003        6.5600000000000005       -2.8884848263614336     
   88.200000000000003        6.6400000000000006       -7.2980253676139233     
   88.200000000000003        6.7200000000000006       -10.643169154492435     
   88.200000000000003        6.7999999999999998       -13.221786321432752     
   88.200000000000003        6.8799999999999999       -15.170920676467029     
   88.200000000000003        6.9600000000000000       -16.541449393524942     
   88.200000000000003        7.0400000000000000       -17.497899515784095     
   88.200000000000003        7.1200000000000001       -18.059541070429329     
   88.200000000000003        7.2000000000000002       -18.355396105684491     
   88.200000000000003        7.2799999999999994       -18.390003756501052     
   88.200000000000003        7.3599999999999994       -18.246360792697082     
   88.200000000000003        7.4399999999999995       -17.964260230703829     
   88.200000000000003        7.5199999999999996       -17.562202035111216     
   88.200000000000003        7.5999999999999996       -17.081855894551367     
   88.200000000000003        7.6799999999999997       -16.534243688780133     
   88.200000000000003        7.7599999999999998       -15.947694380250162     
   88.200000000000003        7.8399999999999999       -15.330419140124638     
   88.200000000000003        7.9199999999999999       -14.698944300377798     
   88.200000000000003        8.0000000000000000       -14.062141872836950     
   88.200000000000003        8.0800000000000001       -13.427838819434967     
   88.200000000000003        8.1600000000000001       -12.801110273360486     
   88.200000000000003        8.2400000000000002       -12.188898110237968     
   88.200000000000003        8.3200000000000003       -11.591433225644018     
   88.200000000000003        8.4000000000000004       -11.015780301169800     
   88.200000000000003        8.4800000000000004       -10.460774773547195     
   88.200000000000003        8.5599999999999987       -9.9266547333014703     
   88.200000000000003        8.6400000000000006       -9.4174108272252965     
   88.200000000000003        8.7199999999999989       -8.9293799915940220     
   88.200000000000003        8.8000000000000007       -8.4670881593398626     
   88.200000000000003        8.8799999999999990       -8.0271068694302308     
   88.200000000000003        8.9600000000000009       -7.6086448443544192     
   88.200000000000003        9.0399999999999991       -7.2133486952318417     
   88.200000000000003        9.1200000000000010       -6.8377309723179778     
   88.200000000000003        9.1999999999999993       -6.4841604756131117     
   88.200000000000003        9.2800000000000011       -6.1482256632761692     
   88.200000000000003        9.3599999999999994       -5.8329141489639014     
   88.200000000000003        9.4400000000000013       -5.5347236189202231     
   88.200000000000003        9.5199999999999996       -5.2525008981080550     
   88.200000000000003        9.5999999999999996       -4.9871958065924735     
   88.200000000000003        9.6799999999999997       -4.7358160388440220     
   88.200000000000003        9.7599999999999998       -4.4999027254617694     
   88.200000000000003        9.8399999999999999       -4.2760544029992920     
   88.200000000000003        9.9199999999999999       -4.0662638850159674     
   88.200000000000003        10.000000000000000       -3.8679563909478190     
   88.200000000000003        10.080000000000000       -3.6802139673804986     
   88.200000000000003        10.160000000000000       -3.5036908253773147     
   88.200000000000003        10.240000000000000       -3.3362520077555993     
   88.200000000000003        10.320000000000000       -3.1789507952405116     
   88.200000000000003        10.400000000000000       -3.0294464969907193     
   88.200000000000003        10.480000000000000       -2.8890876900067437     
   88.200000000000003        10.559999999999999       -2.7561456782173908     
   88.200000000000003        10.640000000000001       -2.6299826206009480     
   88.200000000000003        10.719999999999999       -2.5110838593884814     
   88.200000000000003        10.800000000000001       -2.3980047310572044     
   88.200000000000003        10.879999999999999       -2.2914862018791760     
   88.200000000000003        10.960000000000001       -2.1899648288021840     
   88.200000000000003        11.039999999999999       -2.0943700019316758     
   88.200000000000003        11.120000000000001       -2.0035655287467842     
   88.200000000000003        11.199999999999999       -1.9171235360799226     
   88.200000000000003        11.280000000000001       -1.8354129849171763     
   88.200000000000003        11.359999999999999       -1.7574621895594771     
   88.200000000000003        11.440000000000001       -1.6838032722178644     
   88.200000000000003        11.520000000000000       -1.6136871208113073     
   88.200000000000003        11.600000000000000       -1.5468700184918629     
   88.200000000000003        11.680000000000000       -1.4834966634898903     
   88.200000000000003        11.760000000000000       -1.4229800478241332     
   88.200000000000003        11.840000000000000       -1.3656030430551152     
   88.200000000000003        11.920000000000000       -1.3107029572356057     
   88.200000000000003        12.000000000000000       -1.2586685153287063     
   90.000000000000000        4.0000000000000000        7070.1440746451590     
   90.000000000000000        4.0800000000000001        6104.4195285629476     
   90.000000000000000        4.1600000000000001        5259.0560605836399     
   90.000000000000000        4.2400000000000002        4518.4514027170198     
   90.000000000000000        4.3200000000000003        3880.7314701006744     
   90.000000000000000        4.4000000000000004        3321.7466922472067     
   90.000000000000000        4.4800000000000004        2843.6852715391183     
   90.000000000000000        4.5600000000000005        2424.3523881259739     
   90.000000000000000        4.6399999999999997        2068.1625516814488     
   90.000000000000000        4.7199999999999998        1759.5534511348369     
   90.000000000000000        4.7999999999999998        1491.6973078599822     
   90.000000000000000        4.8799999999999999        1263.7821475366875     
   90.000000000000000        4.9600000000000000        1065.7968184216502     
   90.000000000000000        5.0400000000000000        898.52714475145319     
   90.000000000000000        5.1200000000000001        753.10820222386155     
   90.000000000000000        5.2000000000000002        631.15367718639607     
   90.000000000000000        5.2800000000000002        526.60942972022917     
   90.000000000000000        5.3600000000000003        436.77394165453222     
   90.000000000000000        5.4399999999999995        361.35212754221766     
   90.000000000000000        5.5199999999999996        296.52377709953720     
   90.000000000000000        5.5999999999999996        242.56275607915600     
   90.000000000000000        5.6799999999999997        196.18655585914922     
   90.000000000000000        5.7599999999999998        157.94790103588488     
   90.000000000000000        5.8399999999999999        125.65488412536037     
   90.000000000000000        5.9199999999999999        98.315541276281024     
   90.000000000000000        6.0000000000000000        75.825904541591129     
   90.000000000000000        6.0800000000000001        56.828814761889468     
   90.000000000000000        6.1600000000000001        41.407079423925026     
   90.000000000000000        6.2400000000000002        28.625314947005624     
   90.000000000000000        6.3200000000000003        18.064091133406347     
   90.000000000000000        6.4000000000000004        9.5723630018763952     
   90.000000000000000        6.4800000000000004        2.6151027816939187     
   90.000000000000000        6.5600000000000005       -2.8481818346814238     
   90.000000000000000        6.6400000000000006       -7.2623572167569685     
   90.000000000000000        6.7200000000000006       -10.611802491661429     
   90.000000000000000        6.7999999999999998       -13.194474571550730     
   90.000000000000000        6.8799999999999999       -15.147449479916594     
   90.000000000000000        6.9600000000000000       -16.521601227942000     
   90.000000000000000        7.0400000000000000       -17.481497679446139     
   90.000000000000000        7.1200000000000001       -18.046386649179119     
   90.000000000000000        7.2000000000000002       -18.345329421038173     
   90.000000000000000        7.2799999999999994       -18.382829885484099     
   90.000000000000000        7.3599999999999994       -18.241911746585657     
   90.000000000000000        7.4399999999999995       -17.962373508336661     
   90.000000000000000        7.5199999999999996       -17.562695135849122     
   90.000000000000000        7.5999999999999996       -17.084573219141205     
   90.000000000000000        7.6799999999999997       -16.539002300336012     
   90.000000000000000        7.7599999999999998       -15.954347238857538     
   90.000000000000000        7.8399999999999999       -15.338785945224860     
   90.000000000000000        7.9199999999999999       -14.708873074181483     
   90.000000000000000        8.0000000000000000       -14.073489595301059     
   90.000000000000000        8.0800000000000001       -13.440447952508428     
   90.000000000000000        8.1600000000000001       -12.814851879478807     
   90.000000000000000        8.2400000000000002       -12.203624274227849     
   90.000000000000000        8.3200000000000003       -11.607029971917093     
   90.000000000000000        8.4000000000000004       -11.032111479691419     
   90.000000000000000        8.4800000000000004       -10.477730129325025     
   90.000000000000000        8.5599999999999987       -9.9441341291038583     
   90.000000000000000        8.6400000000000006       -9.4353065244961787     
   90.000000000000000        8.7199999999999989       -8.9476073855690181     
   90.000000000000000        8.8000000000000007       -8.4855524405063711     
   90.000000000000000        8.8799999999999990       -8.0457316072445515     
   90.000000000000000        8.9600000000000009       -7.6273606817395763     
   90.000000000000000        9.0399999999999991       -7.2320856116795227     
   90.000000000000000        9.1200000000000010       -6.8564330049788369     
   90.000000000000000        9.1999999999999993       -6.5027688561089292     
   90.000000000000000        9.2800000000000011       -6.1666961886546385     
   90.000000000000000        9.3599999999999994       -5.8511986499325372     
   90.000000000000000        9.4400000000000013       -5.5527849680159225     
   90.000000000000000        9.5199999999999996       -5.2703068191755182     
   90.000000000000000        9.5999999999999996       -5.0047148460832478     
   90.000000000000000        9.6799999999999997       -4.7530244764945291     
   90.000000000000000        9.7599999999999998       -4.5167768099056689     
   90.000000000000000        9.8399999999999999       -4.2925774902792853     
   90.000000000000000        9.9199999999999999       -4.0824190622799534     
   90.000000000000000        10.000000000000000       -3.8837318815767574     
   90.000000000000000        10.080000000000000       -3.6956006091647522     
   90.000000000000000        10.160000000000000       -3.5186808901902369     
   90.000000000000000        10.240000000000000       -3.3508407992763010     
   90.000000000000000        10.320000000000000       -3.1931349684121484     
   90.000000000000000        10.400000000000000       -3.0432248249558973     
   90.000000000000000        10.480000000000000       -2.9024605282438509     
   90.000000000000000        10.559999999999999       -2.7691147661210587     
   90.000000000000000        10.640000000000001       -2.6425507122794087     
   90.000000000000000        10.719999999999999       -2.5232553119655052     
   90.000000000000000        10.800000000000001       -2.4097841019683250     
   90.000000000000000        10.879999999999999       -2.3028799318229574     
   90.000000000000000        10.960000000000001       -2.2009787206929903     
   90.000000000000000        11.039999999999999       -2.1050121431198896     
   90.000000000000000        11.120000000000001       -2.0138434105854603     
   90.000000000000000        11.199999999999999       -1.9270447272757931     
   90.000000000000000        11.280000000000001       -1.8449866029724846     
   90.000000000000000        11.359999999999999       -1.7666961492331987     
   90.000000000000000        11.440000000000001       -1.6927074313030270     
   90.000000000000000        11.520000000000000       -1.6222702837348975     
   90.000000000000000        11.600000000000000       -1.5551409296836958     
   90.000000000000000        11.680000000000000       -1.4914650605576014     
   90.000000000000000        11.760000000000000       -1.4306544855368155     
   90.000000000000000        11.840000000000000       -1.3729934642590762     
   90.000000000000000        11.920000000000000       -1.3178175934795988     
   90.000000000000000        12.000000000000000       -1.2655173696198421     
   91.799999999999997        4.0000000000000000        7062.7181722400073     
   91.799999999999997        4.0800000000000001        6097.4201406905177     
   91.799999999999997        4.1600000000000001        5252.5316145116922     
   91.799999999999997        4.2400000000000002        4512.4270831108606     
   91.799999999999997        4.3200000000000003        3875.2149056471085     
   91.799999999999997        4.4000000000000004        3316.7318440429162     
   91.799999999999997        4.4800000000000004        2839.1538459972321     
   91.799999999999997        4.5600000000000005        2420.2833421975783     
   91.799999999999997        4.6399999999999997        2064.5246175604093     
   91.799999999999997        4.7199999999999998        1756.3168818717497     
   91.799999999999997        4.7999999999999998        1488.8321795114107     
   91.799999999999997        4.8799999999999999        1261.2545148850857     
   91.799999999999997        4.9600000000000000        1063.5780511892265     
   91.799999999999997        5.0400000000000000        896.58452563114020     
   91.799999999999997        5.1200000000000001        751.41633064408188     
   91.799999999999997        5.2000000000000002        629.68284981164663     
   91.799999999999997        5.2800000000000002        525.33587156182239     
   91.799999999999997        5.3600000000000003        435.67632701510757     
   91.799999999999997        5.4399999999999995        360.40824173003671     
   91.799999999999997        5.5199999999999996        295.71639323101823     
   91.799999999999997        5.5999999999999996        241.87324488794675     
   91.799999999999997        5.6799999999999997        195.60131466943940     
   91.799999999999997        5.7599999999999998        157.45163879167370     
   91.799999999999997        5.8399999999999999        125.23593465550186     
   91.799999999999997        5.9199999999999999        97.963836999105283     
   91.799999999999997        6.0000000000000000        75.531214662983317     
   91.799999999999997        6.0800000000000001        56.583520716645815     
   91.799999999999997        6.1600000000000001        41.203113174883853     
   91.799999999999997        6.2400000000000002        28.456524110723276     
   91.799999999999997        6.3200000000000003        17.925157732854231     
   91.799999999999997        6.4000000000000004        9.4581890755334364     
   91.799999999999997        6.4800000000000004        2.5218083794876933     
   91.799999999999997        6.5600000000000005       -2.9244733332075241     
   91.799999999999997        6.6400000000000006       -7.3244324211693641     
   91.799999999999997        6.7200000000000006       -10.662558124574595     
   91.799999999999997        6.7999999999999998       -13.236045194114029     
   91.799999999999997        6.8799999999999999       -15.181622463548067     
   91.799999999999997        6.9600000000000000       -16.550053411823722     
   91.799999999999997        7.0400000000000000       -17.505452221929183     
   91.799999999999997        7.1200000000000001       -18.067032472681184     
   91.799999999999997        7.2000000000000002       -18.363481196168589     
   91.799999999999997        7.2799999999999994       -18.399303546385603     
   91.799999999999997        7.3599999999999994       -18.257274601083445     
   91.799999999999997        7.4399999999999995       -17.977073735714825     
   91.799999999999997        7.5199999999999996       -17.577128773904366     
   91.799999999999997        7.5999999999999996       -17.099004280646227     
   91.799999999999997        7.6799999999999997       -16.553663798604902     
   91.799999999999997        7.7599999999999998       -15.969378588991033     
   91.799999999999997        7.8399999999999999       -15.354303523669255     
   91.799999999999997        7.9199999999999999       -14.724937101514298     
   91.799999999999997        8.0000000000000000       -14.090130565057049     
   91.799999999999997        8.0800000000000001       -13.457672128694592     
   91.799999999999997        8.1600000000000001       -12.832646369671300     
   91.799999999999997        8.2400000000000002       -12.221955470591681     
   91.799999999999997        8.3200000000000003       -11.625860634969284     
   91.799999999999997        8.4000000000000004       -11.051384134101225     
   91.799999999999997        8.4800000000000004       -10.497389327394886     
   91.799999999999997        8.5599999999999987       -9.9641234446109532     
   91.799999999999997        8.6400000000000006       -9.4555588253156895     
   91.799999999999997        8.7199999999999989       -8.9680657854399932     
   91.799999999999997        8.8000000000000007       -8.5061487861112166     
   91.799999999999997        8.8799999999999990       -8.0664078371266008     
   91.799999999999997        8.9600000000000009       -7.6480618725175571     
   91.799999999999997        9.0399999999999991       -7.2527541273035752     
   91.799999999999997        9.1200000000000010       -6.8770212662117647     
   91.799999999999997        9.1999999999999993       -6.5232254070451230     
   91.799999999999997        9.2800000000000011       -6.1869813719709583     
   91.799999999999997        9.3599999999999994       -5.8712682273556238     
   91.799999999999997        9.4400000000000013       -5.5726041210321444     
   91.799999999999997        9.5199999999999996       -5.2898447651494749     
   91.799999999999997        9.5999999999999996       -5.0239410720860587     
   91.799999999999997        9.6799999999999997       -4.7719156145265433     
   91.799999999999997        9.7599999999999998       -4.5353090968782377     
   91.799999999999997        9.8399999999999999       -4.3107340355258668     
   91.799999999999997        9.9199999999999999       -4.1001824288162165     
   91.799999999999997        10.000000000000000       -3.9010897195055323     
   91.799999999999997        10.080000000000000       -3.7125431443439392     
   91.799999999999997        10.160000000000000       -3.5351996798798160     
   91.799999999999997        10.240000000000000       -3.3669305415611341     
   91.799999999999997        10.320000000000000       -3.2087916383805730     
   91.799999999999997        10.400000000000000       -3.0584466851509817     
   91.799999999999997        10.480000000000000       -2.9172473734596345     
   91.799999999999997        10.559999999999999       -2.7834679261236865     
   91.799999999999997        10.640000000000001       -2.6564726128375113     
   91.799999999999997        10.719999999999999       -2.5367500248200106     
   91.799999999999997        10.800000000000001       -2.4228560133673027     
   91.799999999999997        10.879999999999999       -2.3155353686320557     
   91.799999999999997        10.960000000000001       -2.2132234583176458     
   91.799999999999997        11.039999999999999       -2.1168543230409576     
   91.799999999999997        11.120000000000001       -2.0252906413704190     
   91.799999999999997        11.199999999999999       -1.9381047451864584     
   91.799999999999997        11.280000000000001       -1.8556687851673115     
   91.799999999999997        11.359999999999999       -1.7770086767679185     
   91.799999999999997        11.440000000000001       -1.7026605431030526     
   91.799999999999997        11.520000000000000       -1.6318731638712785     
   91.799999999999997        11.600000000000000       -1.5644027312336337     
   91.799999999999997        11.680000000000000       -1.5003960113522206     
   91.799999999999997        11.760000000000000       -1.4392635983296680     
   91.799999999999997        11.840000000000000       -1.3812912453290567     
   91.799999999999997        11.920000000000000       -1.3258127630701073     
   91.799999999999997        12.000000000000000       -1.2732205525241829     
   93.600000000000009        4.0000000000000000        7037.5243596366836     
   93.600000000000009        4.0800000000000001        6074.9251871756151     
   93.600000000000009        4.1600000000000001        5232.5241353957390     
   93.600000000000009        4.2400000000000002        4494.7017068773866     
   93.600000000000009        4.3200000000000003        3859.5485609651264     
   93.600000000000009        4.4000000000000004        3302.9391046337309     
   93.600000000000009        4.4800000000000004        2827.0292956470489     
   93.600000000000009        4.5600000000000005        2409.6684441760640     
   93.600000000000009        4.6399999999999997        2055.2384833311235     
   93.600000000000009        4.7199999999999998        1748.2157930070175     
   93.600000000000009        4.7999999999999998        1481.7877500640368     
   93.600000000000009        4.8799999999999999        1255.1354545074398     
   93.600000000000009        4.9600000000000000        1058.2822184702989     
   93.600000000000009        5.0400000000000000        892.00318954237923     
   93.600000000000009        5.1200000000000001        747.46965790039985     
   93.600000000000009        5.2000000000000002        626.28228233510117     
   93.600000000000009        5.2800000000000002        522.41367827649503     
   93.600000000000009        5.3600000000000003        433.17384044330271     
   93.600000000000009        5.4399999999999995        358.26643115893427     
   93.600000000000009        5.5199999999999996        293.89081633670014     
   93.600000000000009        5.5999999999999996        240.31717808324763     
   93.600000000000009        5.6799999999999997        194.28143124779945     
   93.600000000000009        5.7599999999999998        156.33134126020965     
   93.600000000000009        5.8399999999999999        124.28787792132768     
   93.600000000000009        5.9199999999999999        97.164804555081574     
   93.600000000000009        6.0000000000000000        74.858000512305182     
   93.600000000000009        6.0800000000000001        56.019086360217990     
   93.600000000000009        6.1600000000000001        40.729655059723108     
   93.600000000000009        6.2400000000000002        28.060625469015612     
   93.600000000000009        6.3200000000000003        17.595326960023254     
   93.600000000000009        6.4000000000000004        9.1835026280114374     
   93.600000000000009        6.4800000000000004        2.2940087390400490     
   93.600000000000009        6.5600000000000005       -3.1135922207281150     
   93.600000000000009        6.6400000000000006       -7.4807478582572351     
   93.600000000000009        6.7200000000000006       -10.792167654305766     
   93.600000000000009        6.7999999999999998       -13.343442017493015     
   93.600000000000009        6.8799999999999999       -15.270576055172745     
   93.600000000000009        6.9600000000000000       -16.624115625116161     
   93.600000000000009        7.0400000000000000       -17.567231202292657     
   93.600000000000009        7.1200000000000001       -18.119089598924088     
   93.600000000000009        7.2000000000000002       -18.407594248417581     
   93.600000000000009        7.2799999999999994       -18.437287115570811     
   93.600000000000009        7.3599999999999994       -18.290421990856640     
   93.600000000000009        7.4399999999999995       -18.006435741280278     
   93.600000000000009        7.5199999999999996       -17.603671937715411     
   93.600000000000009        7.5999999999999996       -17.123406095310830     
   93.600000000000009        7.6799999999999997       -16.576566784558278     
   93.600000000000009        7.7599999999999998       -15.991203915745661     
   93.600000000000009        7.8399999999999999       -15.375459026302201     
   93.600000000000009        7.9199999999999999       -14.745691175440559     
   93.600000000000009        8.0000000000000000       -14.110683685083879     
   93.600000000000009        8.0800000000000001       -13.478190725848544     
   93.600000000000009        8.1600000000000001       -12.853230781740052     
   93.600000000000009        8.2400000000000002       -12.242683320319378     
   93.600000000000009        8.3200000000000003       -11.646769130086314     
   93.600000000000009        8.4000000000000004       -11.072491814294839     
   93.600000000000009        8.4800000000000004       -10.518693433640552     
   93.600000000000009        8.5599999999999987       -9.9856093479699304     
   93.600000000000009        8.6400000000000006       -9.4771979334691743     
   93.600000000000009        8.7199999999999989       -8.9898272885383648     
   93.600000000000009        8.8000000000000007       -8.5279893039569128     
   93.600000000000009        8.8799999999999990       -8.0882861099316994     
   93.600000000000009        8.9600000000000009       -7.6699359357859409     
   93.600000000000009        9.0399999999999991       -7.2745771682522955     
   93.600000000000009        9.1200000000000010       -6.8987527738836496     
   93.600000000000009        9.1999999999999993       -6.5448197656245961     
   93.600000000000009        9.2800000000000011       -6.2084022867772974     
   93.600000000000009        9.3599999999999994       -5.8924739930719241     
   93.600000000000009        9.4400000000000013       -5.5935610503100621     
   93.600000000000009        9.5199999999999996       -5.3105224527314796     
   93.600000000000009        9.5999999999999996       -5.0443087390139789     
   93.600000000000009        9.6799999999999997       -4.7919492305904416     
   93.600000000000009        9.7599999999999998       -4.5549837327755496     
   93.600000000000009        9.8399999999999999       -4.3300316319961079     
   93.600000000000009        9.9199999999999999       -4.1190839211837362     
   93.600000000000009        10.000000000000000       -3.9195812582565059     
   93.600000000000009        10.080000000000000       -3.7306134702697396     
   93.600000000000009        10.160000000000000       -3.5528386831924350     
   93.600000000000009        10.240000000000000       -3.3841315237677292     
   93.600000000000009        10.320000000000000       -3.2255489879850607     
   93.600000000000009        10.400000000000000       -3.0747574397241735     
   93.600000000000009        10.480000000000000       -2.9331099067221418     
   93.600000000000009        10.559999999999999       -2.7988824425144472     
   93.600000000000009        10.640000000000001       -2.6714405414476152     
   93.600000000000009        10.719999999999999       -2.5512744189837444     
   93.600000000000009        10.800000000000001       -2.4369404883562082     
   93.600000000000009        10.879999999999999       -2.3291854463673123     
   93.600000000000009        10.960000000000001       -2.2264443502055569     
   93.600000000000009        11.039999999999999       -2.1296535752844861     
   93.600000000000009        11.120000000000001       -2.0376754447350187     
   93.600000000000009        11.199999999999999       -1.9500825085891387     
   93.600000000000009        11.280000000000001       -1.8672485996320360     
   93.600000000000009        11.359999999999999       -1.7881985494993364     
   93.600000000000009        11.440000000000001       -1.7134705841165627     
   93.600000000000009        11.520000000000000       -1.6423125099465905     
   93.600000000000009        11.600000000000000       -1.5744805418953356     
   93.600000000000009        11.680000000000000       -1.5101225798687501     
   93.600000000000009        11.760000000000000       -1.4486480393696559     
   93.600000000000009        11.840000000000000       -1.3903442333243072     
   93.600000000000009        11.920000000000000       -1.3345431924298268     
   93.600000000000009        12.000000000000000       -1.2816393028401007     
   95.400000000000006        4.0000000000000000        6994.9745861754309     
   95.400000000000006        4.0800000000000001        6037.2960925557763     
   95.400000000000006        4.1600000000000001        5199.3503195131934     
   95.400000000000006        4.2400000000000002        4465.5523232578016     
   95.400000000000006        4.3200000000000003        3833.9748726813737     
   95.400000000000006        4.4000000000000004        3280.5801867324694     
   95.400000000000006        4.4800000000000004        2807.4966490703769     
   95.400000000000006        4.5600000000000005        2392.6690016064454     
   95.400000000000006        4.6399999999999997        2040.4449612007950     
   95.400000000000006        4.7199999999999998        1735.3729640520714     
   95.400000000000006        4.7999999999999998        1470.6709010429427     
   95.400000000000006        4.8799999999999999        1245.5180712106121     
   95.400000000000006        4.9600000000000000        1049.9902598446799     
   95.400000000000006        5.0400000000000000        884.85358972912161     
   95.400000000000006        5.1200000000000001        741.32936246149393     
   95.400000000000006        5.2000000000000002        621.00520089548786     
   95.400000000000006        5.2800000000000002        517.88912140449963     
   95.400000000000006        5.3600000000000003        429.30665443916917     
   95.400000000000006        5.4399999999999995        354.96162206879791     
   95.400000000000006        5.5199999999999996        291.07736363384385     
   95.400000000000006        5.5999999999999996        237.92092955235503     
   95.400000000000006        5.6799999999999997        192.24980875428079     
   95.400000000000006        5.7599999999999998        154.60695790624916     
   95.400000000000006        5.8399999999999999        122.82809503645747     
   95.400000000000006        5.9199999999999999        95.933583471298661     
   95.400000000000006        6.0000000000000000        73.819486538233150     
   95.400000000000006        6.0800000000000001        55.147060933748257     
   95.400000000000006        6.1600000000000001        39.996830187669808     
   95.400000000000006        6.2400000000000002        27.446509733213116     
   95.400000000000006        6.3200000000000003        17.082418188497286     
   95.400000000000006        6.4000000000000004        8.7552074259208812     
   95.400000000000006        6.4800000000000004        1.9378104005480890     
   95.400000000000006        6.5600000000000005       -3.4101107041634462     
   95.400000000000006        6.6400000000000006       -7.7264689618417401     
   95.400000000000006        6.7200000000000006       -10.996300123572036     
   95.400000000000006        6.7999999999999998       -13.512770879672765     
   95.400000000000006        6.8799999999999999       -15.410796163272421     
   95.400000000000006        6.9600000000000000       -16.740599584934198     
   95.400000000000006        7.0400000000000000       -17.663931631212254     
   95.400000000000006        7.1200000000000001       -18.199899722413914     
   95.400000000000006        7.2000000000000002       -18.475226147366591     
   95.400000000000006        7.2799999999999994       -18.494523798015841     
   95.400000000000006        7.3599999999999994       -18.339260490077084     
   95.400000000000006        7.4399999999999995       -18.048510765290111     
   95.400000000000006        7.5199999999999996       -17.640502575100097     
   95.400000000000006        7.5999999999999996       -17.156070109043469     
   95.400000000000006        7.6799999999999997       -16.606102888867007     
   95.400000000000006        7.7599999999999998       -16.018305707183242     
   95.400000000000006        7.8399999999999999       -15.400815925291122     
   95.400000000000006        7.9199999999999999       -14.769772510789686     
   95.400000000000006        8.0000000000000000       -14.133853839719302     
   95.400000000000006        8.0800000000000001       -13.500770372755488     
   95.400000000000006        8.1600000000000001       -12.875429135476214     
   95.400000000000006        8.2400000000000002       -12.264684743961487     
   95.400000000000006        8.3200000000000003       -11.668682113084564     
   95.400000000000006        8.4000000000000004       -11.094407449523342     
   95.400000000000006        8.4800000000000004       -10.540659051899173     
   95.400000000000006        8.5599999999999987       -10.007649884412830     
   95.400000000000006        8.6400000000000006       -9.4993210506829779     
   95.400000000000006        8.7199999999999989       -9.0120265225172478     
   95.400000000000006        8.8000000000000007       -8.5502441555278015     
   95.400000000000006        8.8799999999999990       -8.1105706122585683     
   95.400000000000006        8.9600000000000009       -7.6922197109697832     
   95.400000000000006        9.0399999999999991       -7.2968228197708909     
   95.400000000000006        9.1200000000000010       -6.9209257041688028     
   95.400000000000006        9.1999999999999993       -6.5668789347165832     
   95.400000000000006        9.2800000000000011       -6.2303137637405870     
   95.400000000000006        9.3599999999999994       -5.9141974411211686     
   95.400000000000006        9.4400000000000013       -5.6150629418374169     
   95.400000000000006        9.5199999999999996       -5.3317718445246873     
   95.400000000000006        9.5999999999999996       -5.0652736000359049     
   95.400000000000006        9.6799999999999997       -4.8126040404646080     
   95.400000000000006        9.7599999999999998       -4.5753014530524796     
   95.400000000000006        9.8399999999999999       -4.3499922803453819     
   95.400000000000006        9.9199999999999999       -4.1386658987386387     
   95.400000000000006        10.000000000000000       -3.9387684514227090     
   95.400000000000006        10.080000000000000       -3.7493924108009447     
   95.400000000000006        10.160000000000000       -3.5711967999479071     
   95.400000000000006        10.240000000000000       -3.4020600581681748     
   95.400000000000006        10.320000000000000       -3.2430399763573825     
   95.400000000000006        10.400000000000000       -3.0918060878208200     
   95.400000000000006        10.480000000000000       -2.9497124312286696     
   95.400000000000006        10.559999999999999       -2.8150373061619822     
   95.400000000000006        10.640000000000001       -2.6871475976598314     
   95.400000000000006        10.719999999999999       -2.5665350635148676     
   95.400000000000006        10.800000000000001       -2.4517570393503023     
   95.400000000000006        10.879999999999999       -2.3435620106690376     
   95.400000000000006        10.960000000000001       -2.2403850989368390     
   95.400000000000006        11.039999999999999       -2.1431648792622364     
   95.400000000000006        11.120000000000001       -2.0507635961770405     
   95.400000000000006        11.199999999999999       -1.9627541421707289     
   95.400000000000006        11.280000000000001       -1.8795120247188364     
   95.400000000000006        11.359999999999999       -1.8000611978729935     
   95.400000000000006        11.440000000000001       -1.7249419691335783     
   95.400000000000006        11.520000000000000       -1.6534013276140942     
   95.400000000000006        11.600000000000000       -1.5851955859106301     
   95.400000000000006        11.680000000000000       -1.5204738139792455     
   95.400000000000006        11.760000000000000       -1.4586443477010358     
   95.400000000000006        11.840000000000000       -1.3999960878103173     
   95.400000000000006        11.920000000000000       -1.3438593655785436     
   95.400000000000006        12.000000000000000       -1.2906305821806094     
   97.199999999999989        4.0000000000000000        6935.6170386458953     
   97.199999999999989        4.0800000000000001        5985.0129390734255     
   97.199999999999989        4.1600000000000001        5153.4299871283265     
   97.199999999999989        4.2400000000000002        4425.3453737101318     
   97.199999999999989        4.3200000000000003        3798.8137294556063     
   97.199999999999989        4.4000000000000004        3249.9337015123115     
   97.199999999999989        4.4800000000000004        2780.7987211258528     
   97.199999999999989        4.5600000000000005        2369.4960528495576     
   97.199999999999989        4.6399999999999997        2020.3276870480240     
   97.199999999999989        4.7199999999999998        1717.9479652435764     
   97.199999999999989        4.7999999999999998        1455.6200270353372     
   97.199999999999989        4.8799999999999999        1232.5224523608481     
   97.199999999999989        4.9600000000000000        1038.8061317191959     
   97.199999999999989        5.0400000000000000        875.22581534619019     
   97.199999999999989        5.1200000000000001        733.07329721206781     
   97.199999999999989        5.2000000000000002        613.91899891319338     
   97.199999999999989        5.2800000000000002        511.82047266334052     
   97.199999999999989        5.3600000000000003        424.12506396509127     
   97.199999999999989        5.4399999999999995        350.53727134104145     
   97.199999999999989        5.5199999999999996        287.31350290038097     
   97.199999999999989        5.5999999999999996        234.71686265371864     
   97.199999999999989        5.6799999999999997        189.53433272256075     
   97.199999999999989        5.7599999999999998        152.30258006989914     
   97.199999999999989        5.8399999999999999        120.87739123676130     
   97.199999999999989        5.9199999999999999        94.288122659827408     
   97.199999999999989        6.0000000000000000        72.431193536580224     
   97.199999999999989        6.0800000000000001        53.980850821366786     
   97.199999999999989        6.1600000000000001        39.016257868990003     
   97.199999999999989        6.2400000000000002        26.624255708726757     
   97.199999999999989        6.3200000000000003        16.395180996622873     
   97.199999999999989        6.4000000000000004        8.1809249300022895     
   97.199999999999989        6.4800000000000004        1.4598590716076165     
   97.199999999999989        6.5600000000000005       -3.8082068941676952     
   97.199999999999989        6.6400000000000006       -8.0564883844431847     
   97.199999999999989        6.7200000000000006       -11.270448682608972     
   97.199999999999989        6.7999999999999998       -13.740040772076020     
   97.199999999999989        6.8799999999999999       -15.598736038713975     
   97.199999999999989        6.9600000000000000       -16.896334652303725     
   97.199999999999989        7.0400000000000000       -17.792708344450549     
   97.199999999999989        7.1200000000000001       -18.306892682664664     
   97.199999999999989        7.2000000000000002       -18.564046132933171     
   97.199999999999989        7.2799999999999994       -18.568885113991453     
   97.199999999999989        7.3599999999999994       -18.401836768922490     
   97.199999999999989        7.4399999999999995       -18.101498001533258     
   97.199999999999989        7.5199999999999996       -17.685950867190343     
   97.199999999999989        7.5999999999999996       -17.195441795528762     
   97.199999999999989        7.6799999999999997       -16.640817232665452     
   97.199999999999989        7.7599999999999998       -16.049317893871066     
   97.199999999999989        7.8399999999999999       -15.429085647831734     
   97.199999999999989        7.9199999999999999       -14.795961862430591     
   97.199999999999989        8.0000000000000000       -14.158484362966552     
   97.199999999999989        8.0800000000000001       -13.524310519947043     
   97.199999999999989        8.1600000000000001       -12.898192341116973     
   97.199999999999989        8.2400000000000002       -12.286957416870841     
   97.199999999999989        8.3200000000000003       -11.690640788918076     
   97.199999999999989        8.4000000000000004       -11.116212330751408     
   97.199999999999989        8.4800000000000004       -10.562405046440535     
   97.199999999999989        8.5599999999999987       -10.029399386564643     
   97.199999999999989        8.6400000000000006       -9.5211158859307830     
   97.199999999999989        8.7199999999999989       -9.0338830308069582     
   97.199999999999989        8.8000000000000007       -8.5721630798946080     
   97.199999999999989        8.8799999999999990       -8.1325400060935245     
   97.199999999999989        8.9600000000000009       -7.7142196496237112     
   97.199999999999989        9.0399999999999991       -7.3188241839513966     
   97.199999999999989        9.1200000000000010       -6.9428988896169717     
   97.199999999999989        9.1999999999999993       -6.5887864830044496     
   97.199999999999989        9.2800000000000011       -6.2521233288534761     
   97.199999999999989        9.3599999999999994       -5.9358691519787614     
   97.199999999999989        9.4400000000000013       -5.6365626790897352     
   97.199999999999989        9.5199999999999996       -5.3530674185762557     
   97.199999999999989        9.5999999999999996       -5.0863309624835358     
   97.199999999999989        9.6799999999999997       -4.8333955353992053     
   97.199999999999989        9.7599999999999998       -4.5957971933656552     
   97.199999999999989        9.8399999999999999       -4.3701697650646798     
   97.199999999999989        9.9199999999999999       -4.1585002734204402     
   97.199999999999989        10.000000000000000       -3.9582407248913922     
   97.199999999999989        10.080000000000000       -3.7684863203401839     
   97.199999999999989        10.160000000000000       -3.5898966652852637     
   97.199999999999989        10.240000000000000       -3.4203545152005885     
   97.199999999999989        10.320000000000000       -3.2609180745718653     
   97.199999999999989        10.400000000000000       -3.1092606943394205     
   97.199999999999989        10.480000000000000       -2.9667369860783022     
   97.199999999999989        10.559999999999999       -2.8316280074507851     
   97.199999999999989        10.640000000000001       -2.7033022288195263     
   97.199999999999989        10.719999999999999       -2.5822528132909310     
   97.199999999999989        10.800000000000001       -2.4670384737183539     
   97.199999999999989        10.879999999999999       -2.3584092904118190     
   97.199999999999989        10.960000000000001       -2.2548009381611829     
   97.199999999999989        11.039999999999999       -2.1571539628903711     
   97.199999999999989        11.120000000000001       -2.0643308925391994     
   97.199999999999989        11.199999999999999       -1.9759051145699711     
   97.199999999999989        11.280000000000001       -1.8922537584427674     
   97.199999999999989        11.359999999999999       -1.8124001892436485     
   97.199999999999989        11.440000000000001       -1.7368867136691615     
   97.199999999999989        11.520000000000000       -1.6649597248020238     
   97.199999999999989        11.600000000000000       -1.5963757258881843     
   97.199999999999989        11.680000000000000       -1.5312849713848775     
   97.199999999999989        11.760000000000000       -1.4690948724481994     
   97.199999999999989        11.840000000000000       -1.4100959096765180     
   97.199999999999989        11.920000000000000       -1.3536168630792413     
   97.199999999999989        12.000000000000000       -1.3000561310515939     
   99.000000000000014        4.0000000000000000        6860.1880112780646     
   99.000000000000014        4.0800000000000001        5918.7193175581824     
   99.000000000000014        4.1600000000000001        5095.3248014411020     
   99.000000000000014        4.2400000000000002        4374.5700485228508     
   99.000000000000014        4.3200000000000003        3754.4912192991060     
   99.000000000000014        4.4000000000000004        3211.3698708625070     
   99.000000000000014        4.4800000000000004        2747.2573781443384     
   99.000000000000014        4.5600000000000005        2340.4286105002620     
   99.000000000000014        4.6399999999999997        1995.1287976737287     
   99.000000000000014        4.7199999999999998        1696.1506107717075     
   99.000000000000014        4.7999999999999998        1436.8165571113414     
   99.000000000000014        4.8799999999999999        1216.3055430547918     
   99.000000000000014        4.9600000000000000        1024.8652496837476     
   99.000000000000014        5.0400000000000000        863.23681951632420     
   99.000000000000014        5.1200000000000001        722.80215836216439     
   99.000000000000014        5.2000000000000002        605.11051318284274     
   99.000000000000014        5.2800000000000002        504.28251048992593     
   99.000000000000014        5.3600000000000003        417.69332751199477     
   99.000000000000014        5.4399999999999995        345.04864405943994     
   99.000000000000014        5.5199999999999996        282.64664150315468     
   99.000000000000014        5.5999999999999996        230.74570771049690     
   99.000000000000014        5.6799999999999997        186.16989084790291     
   99.000000000000014        5.7599999999999998        149.44816096030155     
   99.000000000000014        5.8399999999999999        118.46145854736244     
   99.000000000000014        5.9199999999999999        92.250421282506281     
   99.000000000000014        6.0000000000000000        70.711992686214899     
   99.000000000000014        6.0800000000000001        52.536612103304428     
   99.000000000000014        6.1600000000000001        37.801808846434213     
   99.000000000000014        6.2400000000000002        25.605771710617791     
   99.000000000000014        6.3200000000000003        15.543837340805553     
   99.000000000000014        6.4000000000000004        7.4694528700644556     
   99.000000000000014        6.4800000000000004       0.86772636843008732     
   99.000000000000014        6.5600000000000005       -4.3013382460937271     
   99.000000000000014        6.6400000000000006       -8.4651512876522741     
   99.000000000000014        6.7200000000000006       -11.609699077016145     
   99.000000000000014        6.7999999999999998       -14.020969129148797     
   99.000000000000014        6.8799999999999999       -15.830652973433759     
   99.000000000000014        6.9600000000000000       -17.088030817015994     
   99.000000000000014        7.0400000000000000       -17.950659472192982     
   99.000000000000014        7.1200000000000001       -18.437490629767350     
   99.000000000000014        7.2000000000000002       -18.671755303479465     
   99.000000000000014        7.2799999999999994       -18.658304317856246     
   99.000000000000014        7.3599999999999994       -18.476282197767979     
   99.000000000000014        7.4399999999999995       -18.163698676651805     
   99.000000000000014        7.5199999999999996       -17.738461149354453     
   99.000000000000014        7.5999999999999996       -17.240089223912545     
   99.000000000000014        7.6799999999999997       -16.679382446120925     
   99.000000000000014        7.7599999999999998       -16.083004486866681     
   99.000000000000014        7.8399999999999999       -15.459109962670050     
   99.000000000000014        7.9199999999999999       -14.823169029956885     
   99.000000000000014        8.0000000000000000       -14.183545140183496     
   99.000000000000014        8.0800000000000001       -13.547833639991346     
   99.000000000000014        8.1600000000000001       -12.920590140512079     
   99.000000000000014        8.2400000000000002       -12.308613093691914     
   99.000000000000014        8.3200000000000003       -11.711795376045322     
   99.000000000000014        8.4000000000000004       -11.137091461174785     
   99.000000000000014        8.4800000000000004       -10.583148598832985     
   99.000000000000014        8.5599999999999987       -10.050105092031625     
   99.000000000000014        8.6400000000000006       -9.5418576960050245     
   99.000000000000014        8.7199999999999989       -9.0546986404575023     
   99.000000000000014        8.8000000000000007       -8.5930729949538360     
   99.000000000000014        8.8799999999999990       -8.1535451974162978     
   99.000000000000014        8.9600000000000009       -7.7353096985367618     
   99.000000000000014        9.0399999999999991       -7.3399773310225243     
   99.000000000000014        9.1200000000000010       -6.9640898066241466     
   99.000000000000014        9.1999999999999993       -6.6099805401265082     
   99.000000000000014        9.2800000000000011       -6.2732891881700121     
   99.000000000000014        9.3599999999999994       -5.9569667509633222     
   99.000000000000014        9.4400000000000013       -5.6575567656282031     
   99.000000000000014        9.5199999999999996       -5.3739240490230884     
   99.000000000000014        9.5999999999999996       -5.1070135227995337     
   99.000000000000014        9.6799999999999997       -4.8538737702049204     
   99.000000000000014        9.7599999999999998       -4.6160378314899937     
   99.000000000000014        9.8399999999999999       -4.3901473520206284     
   99.000000000000014        9.9199999999999999       -4.1781861664169151     
   99.000000000000014        10.000000000000000       -3.9776125964862210     
   99.000000000000014        10.080000000000000       -3.7875246706936387     
   99.000000000000014        10.160000000000000       -3.6085822089473383     
   99.000000000000014        10.240000000000000       -3.4386728598597589     
   99.000000000000014        10.320000000000000       -3.2788547848241065     
   99.000000000000014        10.400000000000000       -3.1268058965362200     
   99.000000000000014        10.480000000000000       -2.9838808460137387     
   99.000000000000014        10.559999999999999       -2.8483640339544700     
   99.000000000000014        10.640000000000001       -2.7196257301431759     
   99.000000000000014        10.719999999999999       -2.5981603163399760     
   99.000000000000014        10.800000000000001       -2.4825284122724898     
   99.000000000000014        10.879999999999999       -2.3734814317322463     
   99.000000000000014        10.960000000000001       -2.2694561854624720     
   99.000000000000014        11.039999999999999       -2.1713948781198029     
   99.000000000000014        11.120000000000001       -2.0781607532102915     
   99.000000000000014        11.199999999999999       -1.9893278678989208     
   99.000000000000014        11.280000000000001       -1.9052748790708394     
   99.000000000000014        11.359999999999999       -1.8250249216085987     
   99.000000000000014        11.440000000000001       -1.7491221630619231     
   99.000000000000014        11.520000000000000       -1.6768126778756742     
   99.000000000000014        11.600000000000000       -1.6078532674894657     
   99.000000000000014        11.680000000000000       -1.5423953642029196     
   99.000000000000014        11.760000000000000       -1.4798456583221313     
   99.000000000000014        11.840000000000000       -1.4204961685298483     
   99.000000000000014        11.920000000000000       -1.3636743319668019     
   99.000000000000014        12.000000000000000       -1.3097804819124579     
   100.80000000000001        4.0000000000000000        6769.7572463406586     
   100.80000000000001        4.0800000000000001        5839.3486542476503     
   100.80000000000001        4.1600000000000001        5025.8478259171225     
   100.80000000000001        4.2400000000000002        4313.9330548149428     
   100.80000000000001        4.3200000000000003        3701.6215779998665     
   100.80000000000001        4.4000000000000004        3165.4211797039170     
   100.80000000000001        4.4800000000000004        2707.3344748314107     
   100.80000000000001        4.5600000000000005        2305.8660388312032     
   100.80000000000001        4.6399999999999997        1965.1940004490418     
   100.80000000000001        4.7199999999999998        1670.2796695285701     
   100.80000000000001        4.7999999999999998        1414.5181231308509     
   100.80000000000001        4.8799999999999999        1197.0895756924685     
   100.80000000000001        4.9600000000000000        1008.3587838373502     
   100.80000000000001        5.0400000000000000        849.05120289353272     
   100.80000000000001        5.1200000000000001        710.65720134503636     
   100.80000000000001        5.2000000000000002        594.70115037195899     
   100.80000000000001        5.2800000000000002        495.37941296663928     
   100.80000000000001        5.3600000000000003        410.10062775683025     
   100.80000000000001        5.4399999999999995        338.57213792215691     
   100.80000000000001        5.5199999999999996        277.14203268717591     
   100.80000000000001        5.5999999999999996        226.06327460014117     
   100.80000000000001        5.6799999999999997        182.20404897619980     
   100.80000000000001        5.7599999999999998        146.08432422298245     
   100.80000000000001        5.8399999999999999        115.61494106130603     
   100.80000000000001        5.9199999999999999        89.849954596501064     
   100.80000000000001        6.0000000000000000        68.686994189004238     
   100.80000000000001        6.0800000000000001        50.835676043082138     
   100.80000000000001        6.1600000000000001        36.371643998672866     
   100.80000000000001        6.2400000000000002        24.406504356919424     
   100.80000000000001        6.3200000000000003        14.541508698676738     
   100.80000000000001        6.4000000000000004        6.6319562119991948     
   100.80000000000001        6.4800000000000004       0.17089873794664637     
   100.80000000000001        6.5600000000000005       -4.8814209582590964     
   100.80000000000001        6.6400000000000006       -8.9455790007654752     
   100.80000000000001        6.7200000000000006       -12.008172658380857     
   100.80000000000001        6.7999999999999998       -14.350525837145252     
   100.80000000000001        6.8799999999999999       -16.102237879794096     
   100.80000000000001        6.9600000000000000       -17.311979244888096     
   100.80000000000001        7.0400000000000000       -18.134587158480631     
   100.80000000000001        7.1200000000000001       -18.588918204246248     
   100.80000000000001        7.2000000000000002       -18.795938727983817     
   100.80000000000001        7.2799999999999994       -18.760662620905116     
   100.80000000000001        7.3599999999999994       -18.560727481232259     
   100.80000000000001        7.4399999999999995       -18.233454353409368     
   100.80000000000001        7.5199999999999996       -17.796549381455289     
   100.80000000000001        7.5999999999999996       -17.288676423162716     
   100.80000000000001        7.6799999999999997       -16.720584674337275     
   100.80000000000001        7.7599999999999998       -16.118255979807451     
   100.80000000000001        7.8399999999999999       -15.489865446894182     
   100.80000000000001        7.9199999999999999       -14.850443717611070     
   100.80000000000001        8.0000000000000000       -14.208148491878610     
   100.80000000000001        8.0800000000000001       -13.570504840694586     
   100.80000000000001        8.1600000000000001       -12.941833532070348     
   100.80000000000001        8.2400000000000002       -12.328901941643846     
   100.80000000000001        8.3200000000000003       -11.731430742697219     
   100.80000000000001        8.4000000000000004       -11.156359877644555     
   100.80000000000001        8.4800000000000004       -10.602231787412244     
   100.80000000000001        8.5599999999999987       -10.069133643722466     
   100.80000000000001        8.6400000000000006       -9.5609353987203729     
   100.80000000000001        8.7199999999999989       -9.0738829827883229     
   100.80000000000001        8.8000000000000007       -8.6124027350475494     
   100.80000000000001        8.8799999999999990       -8.1730331664120559     
   100.80000000000001        8.9600000000000009       -7.7549541314827666     
   100.80000000000001        9.0399999999999991       -7.3597630631498374     
   100.80000000000001        9.1200000000000010       -6.9839952321795220     
   100.80000000000001        9.1999999999999993       -6.6299733227316153     
   100.80000000000001        9.2800000000000011       -6.2933386174006944     
   100.80000000000001        9.3599999999999994       -5.9770321693300748     
   100.80000000000001        9.4400000000000013       -5.6776014750101593     
   100.80000000000001        9.5199999999999996       -5.3939120688521012     
   100.80000000000001        9.5999999999999996       -5.1269053758332532     
   100.80000000000001        9.6799999999999997       -4.8736363526548789     
   100.80000000000001        9.7599999999999998       -4.6356342002926096     
   100.80000000000001        9.8399999999999999       -4.4095488629479025     
   100.80000000000001        9.9199999999999999       -4.1973600930705413     
   100.80000000000001        10.000000000000000       -3.9965330146487408     
   100.80000000000001        10.080000000000000       -3.8061685859214878     
   100.80000000000001        10.160000000000000       -3.6269264339750755     
   100.80000000000001        10.240000000000000       -3.4566997146856169     
   100.80000000000001        10.320000000000000       -3.2965460348144098     
   100.80000000000001        10.400000000000000       -3.1441486672662466     
   100.80000000000001        10.480000000000000       -3.0008616988790195     
   100.80000000000001        10.559999999999999       -2.8649734998839915     
   100.80000000000001        10.640000000000001       -2.7358563613615274     
   100.80000000000001        10.719999999999999       -2.6140056560932194     
   100.80000000000001        10.800000000000001       -2.4979844883413880     
   100.80000000000001        10.879999999999999       -2.3885452895229751     
   100.80000000000001        10.960000000000001       -2.2841266536127800     
   100.80000000000001        11.039999999999999       -2.1856720645711474     
   100.80000000000001        11.120000000000001       -2.0920459625948560     
   100.80000000000001        11.199999999999999       -2.0028232631551179     
   100.80000000000001        11.280000000000001       -1.9183840195826760     
   100.80000000000001        11.359999999999999       -1.8377515477905042     
   100.80000000000001        11.440000000000001       -1.7614716898336407     
   100.80000000000001        11.520000000000000       -1.6887905213744112     
   100.80000000000001        11.600000000000000       -1.6194652592579319     
   100.80000000000001        11.680000000000000       -1.5536484871581855     
   100.80000000000001        11.760000000000000       -1.4907464171285767     
   100.80000000000001        11.840000000000000       -1.4310525336912157     
   100.80000000000001        11.920000000000000       -1.3738931887801615     
   100.80000000000001        12.000000000000000       -1.3196705484671614     
   102.59999999999999        4.0000000000000000        6665.4547446997103     
   102.59999999999999        4.0800000000000001        5747.8856513688988     
   102.59999999999999        4.1600000000000001        4945.8557302167865     
   102.59999999999999        4.2400000000000002        4244.1781352039234     
   102.59999999999999        4.3200000000000003        3640.8505440837339     
   102.59999999999999        4.4000000000000004        3112.6468500451779     
   102.59999999999999        4.4800000000000004        2661.5145999542633     
   102.59999999999999        4.5600000000000005        2266.2269710691967     
   102.59999999999999        4.6399999999999997        1930.8853690373239     
   102.59999999999999        4.7199999999999998        1640.6477873841025     
   102.59999999999999        4.7999999999999998        1388.9940917594236     
   102.59999999999999        4.8799999999999999        1175.1067090334300     
   102.59999999999999        4.9600000000000000        989.48626820506968     
   102.59999999999999        5.0400000000000000        832.84061635416117     
   102.59999999999999        5.1200000000000001        696.78559294051388     
   102.59999999999999        5.2000000000000002        582.81727530977093     
   102.59999999999999        5.2800000000000002        485.21949970264603     
   102.59999999999999        5.3600000000000003        401.43958691258752     
   102.59999999999999        5.4399999999999995        331.18699992330869     
   102.59999999999999        5.5199999999999996        270.86727058698079     
   102.59999999999999        5.5999999999999996        220.72728944351945     
   102.59999999999999        5.6799999999999997        177.68592295902769     
   102.59999999999999        5.7599999999999998        142.25293996919584     
   102.59999999999999        5.8399999999999999        112.37347168945007     
   102.59999999999999        5.9199999999999999        87.116967362327813     
   102.59999999999999        6.0000000000000000        66.381896113323506     
   102.59999999999999        6.0800000000000001        48.899807394285247     
   102.59999999999999        6.1600000000000001        34.744231394189292     
   102.59999999999999        6.2400000000000002        23.042102031921470     
   102.59999999999999        6.3200000000000003        13.401430574188431     
   102.59999999999999        6.4000000000000004        5.6796428281904969     
   102.59999999999999        6.4800000000000004      -0.62115315290084894     
   102.59999999999999        6.5600000000000005       -5.5404334677361051     
   102.59999999999999        6.6400000000000006       -9.4909928764829576     
   102.59999999999999        6.7200000000000006       -12.460119679251836     
   102.59999999999999        6.7999999999999998       -14.723832065720444     
   102.59999999999999        6.8799999999999999       -16.409349939310047     
   102.59999999999999        6.9600000000000000       -17.564651328473065     
   102.59999999999999        7.0400000000000000       -18.341482083057596     
   102.59999999999999        7.1200000000000001       -18.758593358344257     
   102.59999999999999        7.2000000000000002       -18.934377147821117     
   102.59999999999999        7.2799999999999994       -18.874036850313622     
   102.59999999999999        7.3599999999999994       -18.653497201390206     
   102.59999999999999        7.4399999999999995       -18.309297402222789     
   102.59999999999999        7.5199999999999996       -17.858918080397370     
   102.59999999999999        7.5999999999999996       -17.340048937591039     
   102.59999999999999        7.6799999999999997       -16.763385833042538     
   102.59999999999999        7.7599999999999998       -16.154132468196849     
   102.59999999999999        7.8399999999999999       -15.520491752918536     
   102.59999999999999        7.9199999999999999       -14.876991990750675     
   102.59999999999999        8.0000000000000000       -14.231556288861642     
   102.59999999999999        8.0800000000000001       -13.591631948290068     
   102.59999999999999        8.1600000000000001       -12.961269441281988     
   102.59999999999999        8.2400000000000002       -12.347203372856164     
   102.59999999999999        8.3200000000000003       -11.748954443263621     
   102.59999999999999        8.4000000000000004       -11.173448939633992     
   102.59999999999999        8.4800000000000004       -10.619106842655912     
   102.59999999999999        8.5599999999999987       -10.085955867226080     
   102.59999999999999        8.6400000000000006       -9.5778363710940280     
   102.59999999999999        8.7199999999999989       -9.0909386391908686     
   102.59999999999999        8.8000000000000007       -8.6296688410272964     
   102.59999999999999        8.8799999999999990       -8.1905335907508761     
   102.59999999999999        8.9600000000000009       -7.7726951404075892     
   102.59999999999999        9.0399999999999991       -7.3777355725072011     
   102.59999999999999        9.1200000000000010       -7.0021810214403644     
   102.59999999999999        9.1999999999999993       -6.6483420595071214     
   102.59999999999999        9.2800000000000011       -6.3118600370745641     
   102.59999999999999        9.3599999999999994       -5.9956648514214805     
   102.59999999999999        9.4400000000000013       -5.6963071598954889     
   102.59999999999999        9.5199999999999996       -5.4126526423516825     
   102.59999999999999        9.5999999999999996       -5.1456383991189911     
   102.59999999999999        9.6799999999999997       -4.8923257899682104     
   102.59999999999999        9.7599999999999998       -4.6542393340860420     
   102.59999999999999        9.8399999999999999       -4.4280377685660586     
   102.59999999999999        9.9199999999999999       -4.2156958360478631     
   102.59999999999999        10.000000000000000       -4.0146859538911404     
   102.59999999999999        10.080000000000000       -3.8241121047257458     
   102.59999999999999        10.160000000000000       -3.6446332851462566     
   102.59999999999999        10.240000000000000       -3.4741487836506266     
   102.59999999999999        10.320000000000000       -3.3137150994512621     
   102.59999999999999        10.400000000000000       -3.1610216895755783     
   102.59999999999999        10.480000000000000       -3.0174214199285045     
   102.59999999999999        10.559999999999999       -2.8812072768245098     
   102.59999999999999        10.640000000000001       -2.7517537943371475     
   102.59999999999999        10.719999999999999       -2.6295570736981779     
   102.59999999999999        10.800000000000001       -2.5131833112422237     
   102.59999999999999        10.879999999999999       -2.4033855947197185     
   102.59999999999999        10.960000000000001       -2.2986049936268169     
   102.59999999999999        11.039999999999999       -2.1997858357483020     
   102.59999999999999        11.120000000000001       -2.1057942737306861     
   102.59999999999999        11.199999999999999       -2.0162062783180681     
   102.59999999999999        11.280000000000001       -1.9314031360974218     
   102.59999999999999        11.359999999999999       -1.8504087955791542     
   102.59999999999999        11.440000000000001       -1.7737705450653598     
   102.59999999999999        11.520000000000000       -1.7007348143877765     
   102.59999999999999        11.600000000000000       -1.6310593594642386     
   102.59999999999999        11.680000000000000       -1.5648978704254710     
   102.59999999999999        11.760000000000000       -1.5016563551779718     
   102.59999999999999        11.840000000000000       -1.4416296643023394     
   102.59999999999999        11.920000000000000       -1.3841433635196385     
   102.59999999999999        12.000000000000000       -1.3296013139144756     
   104.40000000000001        4.0000000000000000        6548.7211235247187     
   104.40000000000001        4.0800000000000001        5645.5842237652987     
   104.40000000000001        4.1600000000000001        4856.4380642969227     
   104.40000000000001        4.2400000000000002        4166.2500095500127     
   104.40000000000001        4.3200000000000003        3572.9972943227122     
   104.40000000000001        4.4000000000000004        3053.7553517196466     
   104.40000000000001        4.4800000000000004        2610.4108494446536     
   104.40000000000001        4.5600000000000005        2222.0403153174116     
   104.40000000000001        4.6399999999999997        1892.6597214367127     
   104.40000000000001        4.7199999999999998        1607.6488630798929     
   104.40000000000001        4.7999999999999998        1360.5833397311558     
   104.40000000000001        4.8799999999999999        1150.6485851406928     
   104.40000000000001        4.9600000000000000        968.49798081124675     
   104.40000000000001        5.0400000000000000        814.82003842897689     
   104.40000000000001        5.1200000000000001        681.37135353620329     
   104.40000000000001        5.2000000000000002        569.61664577684246     
   104.40000000000001        5.2800000000000002        473.93777575913515     
   104.40000000000001        5.3600000000000003        391.82544246333828     
   104.40000000000001        5.4399999999999995        322.99164796626900     
   104.40000000000001        5.5199999999999996        263.90613686775032     
   104.40000000000001        5.5999999999999996        214.80915673828252     
   104.40000000000001        5.6799999999999997        172.67612982614378     
   104.40000000000001        5.7599999999999998        138.00555980387509     
   104.40000000000001        5.8399999999999999        108.78080751877297     
   104.40000000000001        5.9199999999999999        84.088490749118137     
   104.40000000000001        6.0000000000000000        63.828061325815860     
   104.40000000000001        6.0800000000000001        46.755470712696805     
   104.40000000000001        6.1600000000000001        32.941935446566383     
   104.40000000000001        6.2400000000000002        21.531426318808762     
   104.40000000000001        6.3200000000000003        12.139470609537499     
   104.40000000000001        6.4000000000000004        4.6258678422426263     
   104.40000000000001        6.4800000000000004       -1.4972241147931746     
   104.40000000000001        6.5600000000000005       -6.2689611651609711     
   104.40000000000001        6.6400000000000006       -10.093511906419016     
   104.40000000000001        6.7200000000000006       -12.958926203008875     
   104.40000000000001        6.7999999999999998       -15.135344338609318     
   104.40000000000001        6.8799999999999999       -16.747350823293484     
   104.40000000000001        6.9600000000000000       -17.842157491596087     
   104.40000000000001        7.0400000000000000       -18.568087949825305     
   104.40000000000001        7.1200000000000001       -18.943778777156481     
   104.40000000000001        7.2000000000000002       -19.084772153858172     
   104.40000000000001        7.2799999999999994       -18.996484693729514     
   104.40000000000001        7.3599999999999994       -18.752945156997669     
   104.40000000000001        7.4399999999999995       -18.389828138873753     
   104.40000000000001        7.5199999999999996       -17.924367380977923     
   104.40000000000001        7.5999999999999996       -17.393173086788757     
   104.40000000000001        7.6799999999999997       -16.806885379925653     
   104.40000000000001        7.7599999999999998       -16.189844006138255     
   104.40000000000001        7.8399999999999999       -15.550286474214627     
   104.40000000000001        7.9199999999999999       -14.902182727873612     
   104.40000000000001        8.0000000000000000       -14.253195596137083     
   104.40000000000001        8.0800000000000001       -13.610688078917759     
   104.40000000000001        8.1600000000000001       -12.978408613901085     
   104.40000000000001        8.2400000000000002       -12.363057677142004     
   104.40000000000001        8.3200000000000003       -11.763931029509948     
   104.40000000000001        8.4000000000000004       -11.187942234209300     
   104.40000000000001        8.4800000000000004       -10.633372894451902     
   104.40000000000001        8.5599999999999987       -10.100183765637951     
   104.40000000000001        8.6400000000000006       -9.5921831464381473     
   104.40000000000001        8.7199999999999989       -9.1054971749284270     
   104.40000000000001        8.8000000000000007       -8.6445105892310519     
   104.40000000000001        8.8799999999999990       -8.2056926442228679     
   104.40000000000001        8.9600000000000009       -7.7881852361397605     
   104.40000000000001        9.0399999999999991       -7.3935533128025961     
   104.40000000000001        9.1200000000000010       -7.0183113727903024     
   104.40000000000001        9.1999999999999993       -6.6647565977010430     
   104.40000000000001        9.2800000000000011       -6.3285289412815198     
   104.40000000000001        9.3599999999999994       -6.0125460080941382     
   104.40000000000001        9.4400000000000013       -5.7133608503130882     
   104.40000000000001        9.5199999999999996       -5.4298387402776669     
   104.40000000000001        9.5999999999999996       -5.1629116526830581     
   104.40000000000001        9.6799999999999997       -4.9096473622962824     
   104.40000000000001        9.7599999999999998       -4.6715648805022889     
   104.40000000000001        9.8399999999999999       -4.4453321959809466     
   104.40000000000001        9.9199999999999999       -4.2329181225153434     
   104.40000000000001        10.000000000000000       -4.0318028279639364     
   104.40000000000001        10.080000000000000       -3.8410933945753571     
   104.40000000000001        10.160000000000000       -3.6614477373103353     
   104.40000000000001        10.240000000000000       -3.4907718769618894     
   104.40000000000001        10.320000000000000       -3.3301206346918968     
   104.40000000000001        10.400000000000000       -3.1771904573312093     
   104.40000000000001        10.480000000000000       -3.0333323091750981     
   104.40000000000001        10.559999999999999       -2.8968444260199098     
   104.40000000000001        10.640000000000001       -2.7671037945150312     
   104.40000000000001        10.719999999999999       -2.6446069577605336     
   104.40000000000001        10.800000000000001       -2.5279238123042171     
   104.40000000000001        10.879999999999999       -2.4178077112753105     
   104.40000000000001        10.960000000000001       -2.3127029046138237     
   104.40000000000001        11.039999999999999       -2.2135540917110297     
   104.40000000000001        11.120000000000001       -2.1192296642086386     
   104.40000000000001        11.199999999999999       -2.0293068442945490     
   104.40000000000001        11.280000000000001       -1.9441679635878975     
   104.40000000000001        11.359999999999999       -1.8628380746221156     
   104.40000000000001        11.440000000000001       -1.7858656520100680     
   104.40000000000001        11.520000000000000       -1.7124978499135108     
   104.40000000000001        11.600000000000000       -1.6424930879213346     
   104.40000000000001        11.680000000000000       -1.5760061013729201     
   104.40000000000001        11.760000000000000       -1.5124429873782581     
   104.40000000000001        11.840000000000000       -1.4520998399358480     
   104.40000000000001        11.920000000000000       -1.3943017654666758     
   104.40000000000001        12.000000000000000       -1.3394541530879129     
   106.19999999999999        4.0000000000000000        6421.1398117304270     
   106.19999999999999        4.0800000000000001        5533.8208553970517     
   106.19999999999999        4.1600000000000001        4758.7894432729327     
   106.19999999999999        4.2400000000000002        4081.1832978196117     
   106.19999999999999        4.3200000000000003        3498.9579936809737     
   106.19999999999999        4.4000000000000004        2989.5209254650690     
   106.19999999999999        4.4800000000000004        2554.6925854545493     
   106.19999999999999        4.5600000000000005        2173.8829660117281     
   106.19999999999999        4.6399999999999997        1851.0148797042011     
   106.19999999999999        4.7199999999999998        1571.7117817901621     
   106.19999999999999        4.7999999999999998        1329.6545298218543     
   106.19999999999999        4.8799999999999999        1124.0322238649155     
   106.19999999999999        4.9600000000000000        945.66575706888364     
   106.19999999999999        5.0400000000000000        795.22278240086962     
   106.19999999999999        5.1200000000000001        664.61403761939232     
   106.19999999999999        5.2000000000000002        555.27020282637000     
   106.19999999999999        5.2800000000000002        461.68041030768620     
   106.19999999999999        5.3600000000000003        381.38285574904830     
   106.19999999999999        5.4399999999999995        314.09245573175320     
   106.19999999999999        5.5199999999999996        256.34910031896072     
   106.19999999999999        5.5999999999999996        208.38590360006506     
   106.19999999999999        5.6799999999999997        167.23998705322438     
   106.19999999999999        5.7599999999999998        133.39766633087171     
   106.19999999999999        5.8399999999999999        104.88397892362735     
   106.19999999999999        5.9199999999999999        80.804264800490728     
   106.19999999999999        6.0000000000000000        61.059088837373103     
   106.19999999999999        6.0800000000000001        44.430960306601918     
   106.19999999999999        6.1600000000000001        30.988612293230190     
   106.19999999999999        6.2400000000000002        19.894543389842827     
   106.19999999999999        6.3200000000000003        10.772457086461257     
   106.19999999999999        6.4000000000000004        3.4847437694489853     
   106.19999999999999        6.4800000000000004       -2.4455242530978745     
   106.19999999999999        6.5600000000000005       -7.0571472088178346     
   106.19999999999999        6.6400000000000006       -10.744933756306692     
   106.19999999999999        6.7200000000000006       -13.497755535548063     
   106.19999999999999        6.7999999999999998       -15.579378525297972     
   106.19999999999999        6.8799999999999999       -17.111529811620091     
   106.19999999999999        6.9600000000000000       -18.140590934065692     
   106.19999999999999        7.0400000000000000       -18.811176733098396     
   106.19999999999999        7.1200000000000001       -19.141801329126100     
   106.19999999999999        7.2000000000000002       -19.244918715433148     
   106.19999999999999        7.2799999999999994       -19.126179459675225     
   106.19999999999999        7.3599999999999994       -18.857557970834822     
   106.19999999999999        7.4399999999999995       -18.473792739755517     
   106.19999999999999        7.5199999999999996       -17.991852394682926     
   106.19999999999999        7.5999999999999996       -17.447176464172390     
   106.19999999999999        7.6799999999999997       -16.850347583853832     
   106.19999999999999        7.7599999999999998       -16.224767123689759     
   106.19999999999999        7.8399999999999999       -15.578713447454128     
   106.19999999999999        7.9199999999999999       -14.925549498700574     
   106.19999999999999        8.0000000000000000       -14.272655573132839     
   106.19999999999999        8.0800000000000001       -13.627304904539219     
   106.19999999999999        8.1600000000000001       -12.992916182828971     
   106.19999999999999        8.2400000000000002       -12.376154791235638     
   106.19999999999999        8.3200000000000003       -11.776069613279764     
   106.19999999999999        8.4000000000000004       -11.199562519621740     
   106.19999999999999        8.4800000000000004       -10.644762690674549     
   106.19999999999999        8.5599999999999987       -10.111557315183552     
   106.19999999999999        8.6400000000000006       -9.6037205524587392     
   106.19999999999999        8.7199999999999989       -9.1173067891323587     
   106.19999999999999        8.8000000000000007       -8.6566783014041633     
   106.19999999999999        8.8799999999999990       -8.2182620557602508     
   106.19999999999999        8.9600000000000009       -7.8011771153280609     
   106.19999999999999        9.0399999999999991       -7.4069697112361981     
   106.19999999999999        9.1200000000000010       -7.0321403985032189     
   106.19999999999999        9.1999999999999993       -6.6789718303472139     
   106.19999999999999        9.2800000000000011       -6.3431011687125922     
   106.19999999999999        9.3599999999999994       -6.0274327048250695     
   106.19999999999999        9.4400000000000013       -5.7285211283585991     
   106.19999999999999        9.5199999999999996       -5.4452307669140696     
   106.19999999999999        9.5999999999999996       -5.1784877164452530     
   106.19999999999999        9.6799999999999997       -4.9253661319996551     
   106.19999999999999        9.7599999999999998       -4.6873787350946969     
   106.19999999999999        9.8399999999999999       -4.4612031499556526     
   106.19999999999999        9.9199999999999999       -4.2488013845584200     
   106.19999999999999        10.000000000000000       -4.0476617489608007     
   106.19999999999999        10.080000000000000       -3.8568944711954769     
   106.19999999999999        10.160000000000000       -3.6771559335957491     
   106.19999999999999        10.240000000000000       -3.5063594336637203     
   106.19999999999999        10.320000000000000       -3.3455575457598083     
   106.19999999999999        10.400000000000000       -3.1924544590114468     
   106.19999999999999        10.480000000000000       -3.0483985554073176     
   106.19999999999999        10.559999999999999       -2.9116939139819986     
   106.19999999999999        10.640000000000001       -2.7817201620594241     
   106.19999999999999        10.719999999999999       -2.6589739833002231     
   106.19999999999999        10.800000000000001       -2.5420295596749884     
   106.19999999999999        10.879999999999999       -2.4316401024086409     
   106.19999999999999        10.960000000000001       -2.3262537331665381     
   106.19999999999999        11.039999999999999       -2.2268150303507062     
   106.19999999999999        11.120000000000001       -2.1321951425593388     
   106.19999999999999        11.199999999999999       -2.0419727314855649     
   106.19999999999999        11.280000000000001       -1.9565309668939270     
   106.19999999999999        11.359999999999999       -1.8748964797452856     
   106.19999999999999        11.440000000000001       -1.7976186483446217     
   106.19999999999999        11.520000000000000       -1.7239457254152779     
   106.19999999999999        11.600000000000000       -1.6536369153134349     
   106.19999999999999        11.680000000000000       -1.5868479231337853     
   106.19999999999999        11.760000000000000       -1.5229852374936068     
   106.19999999999999        11.840000000000000       -1.4623460546529643     
   106.19999999999999        11.920000000000000       -1.4042553651283229     
   106.19999999999999        12.000000000000000       -1.3491198958510542     
   108.00000000000000        4.0000000000000000        6284.4983653973459     
   108.00000000000000        4.0800000000000001        5414.1477880935236     
   108.00000000000000        4.1600000000000001        4654.2555834783443     
   108.00000000000000        4.2400000000000002        3990.1422619384798     
   108.00000000000000        4.3200000000000003        3419.7400955764792     
   108.00000000000000        4.4000000000000004        2920.8130997695253     
   108.00000000000000        4.4800000000000004        2495.1108510527670     
   108.00000000000000        4.5600000000000005        2122.4016134378762     
   108.00000000000000        4.6399999999999997        1806.5084107977887     
   108.00000000000000        4.7199999999999998        1533.3164927191453     
   108.00000000000000        4.7999999999999998        1296.6198730169174     
   108.00000000000000        4.8799999999999999        1095.6118108073651     
   108.00000000000000        4.9600000000000000        921.29305932518116     
   108.00000000000000        5.0400000000000000        774.30910988660276     
   108.00000000000000        5.1200000000000001        646.73607800588377     
   108.00000000000000        5.2000000000000002        539.96834588080173     
   108.00000000000000        5.2800000000000002        448.61009100977981     
   108.00000000000000        5.3600000000000003        370.25047090540011     
   108.00000000000000        5.4399999999999995        304.60763883785393     
   108.00000000000000        5.5199999999999996        248.29662032990890     
   108.00000000000000        5.5999999999999996        201.54299295435021     
   108.00000000000000        5.6799999999999997        161.44989997180301     
   108.00000000000000        5.7599999999999998        128.49070404583213     
   108.00000000000000        5.8399999999999999        100.73501463545075     
   108.00000000000000        5.9199999999999999        77.308200012904251     
   108.00000000000000        6.0000000000000000        58.112053483493462     
   108.00000000000000        6.0800000000000001        41.957448108335740     
   108.00000000000000        6.1600000000000001        28.910496858771157     
   108.00000000000000        6.2400000000000002        18.153473337885767     
   108.00000000000000        6.3200000000000003        9.3188101092955087     
   108.00000000000000        6.4000000000000004        2.2716720169490898     
   108.00000000000000        6.4800000000000004       -3.4532332734757527     
   108.00000000000000        6.5600000000000005       -7.8943188958654069     
   108.00000000000000        6.6400000000000006       -11.436423374686520     
   108.00000000000000        6.7200000000000006       -14.069288858821350     
   108.00000000000000        6.7999999999999998       -16.049894939420739     
   108.00000000000000        6.8799999999999999       -17.496926970105477     
   108.00000000000000        6.9600000000000000       -18.455882805359533     
   108.00000000000000        7.0400000000000000       -19.067431319076320     
   108.00000000000000        7.1200000000000001       -19.349957643709025     
   108.00000000000000        7.2000000000000002       -19.412630481023374     
   108.00000000000000        7.2799999999999994       -19.261351725919798     
   108.00000000000000        7.3599999999999994       -18.965910596121766     
   108.00000000000000        7.4399999999999995       -18.560050510396533     
   108.00000000000000        7.5199999999999996       -18.060460221811343     
   108.00000000000000        7.5999999999999996       -17.501333203407786     
   108.00000000000000        7.6799999999999997       -16.893193539962091     
   108.00000000000000        7.7599999999999998       -16.258442533292218     
   108.00000000000000        7.8399999999999999       -15.605405029721549     
   108.00000000000000        7.9199999999999999       -14.946796590953820     
   108.00000000000000        8.0000000000000000       -14.289696563387926     
   108.00000000000000        8.0800000000000001       -13.641284140225952     
   108.00000000000000        8.1600000000000001       -13.004625069320729     
   108.00000000000000        8.2400000000000002       -12.386349123700505     
   108.00000000000000        8.3200000000000003       -11.785239776997397     
   108.00000000000000        8.4000000000000004       -11.208188363992241     
   108.00000000000000        8.4800000000000004       -10.653159707271632     
   108.00000000000000        8.5599999999999987       -10.119961836366191     
   108.00000000000000        8.6400000000000006       -9.6123331421667562     
   108.00000000000000        8.7199999999999989       -9.1262496642035469     
   108.00000000000000        8.8000000000000007       -8.6660504728757939     
   108.00000000000000        8.8799999999999990       -8.2281159175930014     
   108.00000000000000        8.9600000000000009       -7.8115400694077284     
   108.00000000000000        9.0399999999999991       -7.4178491092774301     
   108.00000000000000        9.1200000000000010       -7.0435275502878580     
   108.00000000000000        9.1999999999999993       -6.6908425658821873     
   108.00000000000000        9.2800000000000011       -6.3554271918054690     
   108.00000000000000        9.3599999999999994       -6.0401715509158764     
   108.00000000000000        9.4400000000000013       -5.7416312082130787     
   108.00000000000000        9.5199999999999996       -5.4586690275279626     
   108.00000000000000        9.5999999999999996       -5.1922045471718237     
   108.00000000000000        9.6799999999999997       -4.9393181959278039     
   108.00000000000000        9.7599999999999998       -4.7015156999451850     
   108.00000000000000        9.8399999999999999       -4.4754845894803701     
   108.00000000000000        9.9199999999999999       -4.2631792709514178     
   108.00000000000000        10.000000000000000       -4.0620964911609505     
   108.00000000000000        10.080000000000000       -3.8713496321258400     
   108.00000000000000        10.160000000000000       -3.6915931097665098     
   108.00000000000000        10.240000000000000       -3.5207479555633929     
   108.00000000000000        10.320000000000000       -3.3598639534847714     
   108.00000000000000        10.400000000000000       -3.2066536952848885     
   108.00000000000000        10.480000000000000       -3.0624623286180461     
   108.00000000000000        10.559999999999999       -2.9256003000563160     
   108.00000000000000        10.640000000000001       -2.7954500339415773     
   108.00000000000000        10.719999999999999       -2.6725080500671621     
   108.00000000000000        10.800000000000001       -2.5553533509052162     
   108.00000000000000        10.879999999999999       -2.4447385985152539     
   108.00000000000000        10.960000000000001       -2.3391164330896901     
   108.00000000000000        11.039999999999999       -2.2394308190362771     
   108.00000000000000        11.120000000000001       -2.1445561484438560     
   108.00000000000000        11.199999999999999       -2.0540726939273339     
   108.00000000000000        11.280000000000001       -1.9683642458010318     
   108.00000000000000        11.359999999999999       -1.8864594706455438     
   108.00000000000000        11.440000000000001       -1.8089083562665453     
   108.00000000000000        11.520000000000000       -1.7349606164730587     
   108.00000000000000        11.600000000000000       -1.6643763527157420     
   108.00000000000000        11.680000000000000       -1.5973121529048371     
   108.00000000000000        11.760000000000000       -1.5331751959529718     
   108.00000000000000        11.840000000000000       -1.4722636261176021     
   108.00000000000000        11.920000000000000       -1.4139026639484331     
   108.00000000000000        12.000000000000000       -1.3585001681159072     
   109.80000000000000        4.0000000000000000        6140.6847217524837     
   109.80000000000000        4.0800000000000001        5288.2019866852143     
   109.80000000000000        4.1600000000000001        4544.2536908716002     
   109.80000000000000        4.2400000000000002        3894.3514339069889     
   109.80000000000000        4.3200000000000003        3336.4019873361144     
   109.80000000000000        4.4000000000000004        2848.5443787116446     
   109.80000000000000        4.4800000000000004        2432.4530606446597     
   109.80000000000000        4.5600000000000005        2068.2736592037077     
   109.80000000000000        4.6399999999999997        1759.7239074117747     
   109.80000000000000        4.7199999999999998        1492.9649916598680     
   109.80000000000000        4.7999999999999998        1261.9102337993429     
   109.80000000000000        4.8799999999999999        1065.7573476771129     
   109.80000000000000        4.9600000000000000        895.69673286760485     
   109.80000000000000        5.0400000000000000        752.35063526497220     
   109.80000000000000        5.1200000000000001        627.96950972339391     
   109.80000000000000        5.2000000000000002        523.90961896172723     
   109.80000000000000        5.2800000000000002        434.89640509786562     
   109.80000000000000        5.3600000000000003        358.57276314689148     
   109.80000000000000        5.4399999999999995        294.66034561414517     
   109.80000000000000        5.5199999999999996        239.85331396372305     
   109.80000000000000        5.5999999999999996        194.36939539435403     
   109.80000000000000        5.6799999999999997        155.38121808708749     
   109.80000000000000        5.7599999999999998        123.34859033459989     
   109.80000000000000        5.8399999999999999        96.388012118295549     
   109.80000000000000        5.9199999999999999        73.645927342295678     
   109.80000000000000        6.0000000000000000        55.025457105300987     
   109.80000000000000        6.0800000000000001        39.367279255029537     
   109.80000000000000        6.1600000000000001        26.734784390363266     
   109.80000000000000        6.2400000000000002        16.331014247167300     
   109.80000000000000        6.3200000000000003        7.7975714679212711     
   109.80000000000000        6.4000000000000004        1.0025440392503908     
   109.80000000000000        6.4800000000000004       -4.5071538250346386     
   109.80000000000000        6.5600000000000005       -8.7695208662851325     
   109.80000000000000        6.6400000000000006       -12.158944060775909     
   109.80000000000000        6.7200000000000006       -14.666072687172504     
   109.80000000000000        6.7999999999999998       -16.540775741895160     
   109.80000000000000        6.8799999999999999       -17.898551823401309     
   109.80000000000000        6.9600000000000000       -18.783972782672169     
   109.80000000000000        7.0400000000000000       -19.333575789229101     
   109.80000000000000        7.1200000000000001       -19.565611769991346     
   109.80000000000000        7.2000000000000002       -19.585810154102106     
   109.80000000000000        7.2799999999999994       -19.400337924869010     
   109.80000000000000        7.3599999999999994       -19.076697069091693     
   109.80000000000000        7.4399999999999995       -18.647590063922383     
   109.80000000000000        7.5199999999999996       -18.129414612396683     
   109.80000000000000        7.5999999999999996       -17.555059316487252     
   109.80000000000000        7.6799999999999997       -16.934989335956079     
   109.80000000000000        7.7599999999999998       -16.290557589195132     
   109.80000000000000        7.8399999999999999       -15.630140348138577     
   109.80000000000000        7.9199999999999999       -14.965774105498786     
   109.80000000000000        8.0000000000000000       -14.304222886164823     
   109.80000000000000        8.0800000000000001       -13.652568821705128     
   109.80000000000000        8.1600000000000001       -13.013506295330185     
   109.80000000000000        8.2400000000000002       -12.393629430278795     
   109.80000000000000        8.3200000000000003       -11.791441357864988     
   109.80000000000000        8.4000000000000004       -11.213824181235390     
   109.80000000000000        8.4800000000000004       -10.658568665170638     
   109.80000000000000        8.5599999999999987       -10.125399166809197     
   109.80000000000000        8.6400000000000006       -9.6180171752223043     
   109.80000000000000        8.7199999999999989       -9.1323148519343231     
   109.80000000000000        8.8000000000000007       -8.6726076458248720     
   109.80000000000000        8.8799999999999990       -8.2352255934024541     
   109.80000000000000        8.9600000000000009       -7.8192359570523493     
   109.80000000000000        9.0399999999999991       -7.4261438147955658     
   109.80000000000000        9.1200000000000010       -7.0524157528824611     
   109.80000000000000        9.1999999999999993       -6.7003027338741461     
   109.80000000000000        9.2800000000000011       -6.3654323798081967     
   109.80000000000000        9.3599999999999994       -6.0506799944169369     
   109.80000000000000        9.4400000000000013       -5.7526012358487257     
   109.80000000000000        9.5199999999999996       -5.4700570032435696     
   109.80000000000000        9.5999999999999996       -5.2039596925904634     
   109.80000000000000        9.6799999999999997       -4.9513958059569738     
   109.80000000000000        9.7599999999999998       -4.7138634707203080     
   109.80000000000000        9.8399999999999999       -4.4880602479415677     
   109.80000000000000        9.9199999999999999       -4.2759322588436115     
   109.80000000000000        10.000000000000000       -4.0749848582702590     
   109.80000000000000        10.080000000000000       -3.8843345449529600     
   109.80000000000000        10.160000000000000       -3.7046333651357832     
   109.80000000000000        10.240000000000000       -3.5338104286611074     
   109.80000000000000        10.320000000000000       -3.3729122290973157     
   109.80000000000000        10.400000000000000       -3.2196602977750000     
   109.80000000000000        10.480000000000000       -3.0753959472738570     
   109.80000000000000        10.559999999999999       -2.9384364227087185     
   109.80000000000000        10.640000000000001       -2.8081670617615453     
   109.80000000000000        10.719999999999999       -2.6850839218675140     
   109.80000000000000        10.800000000000001       -2.5677712893196087     
   109.80000000000000        10.879999999999999       -2.4569808825721648     
   109.80000000000000        10.960000000000001       -2.3511704382312306     
   109.80000000000000        11.039999999999999       -2.2512828289275468     
   109.80000000000000        11.120000000000001       -2.1561961272586374     
   109.80000000000000        11.199999999999999       -2.0654923647419001     
   109.80000000000000        11.280000000000001       -1.9795557300944937     
   109.80000000000000        11.359999999999999       -1.8974173495762288     
   109.80000000000000        11.440000000000001       -1.8196275233512997     
   109.80000000000000        11.520000000000000       -1.7454377647005306     
   109.80000000000000        11.600000000000000       -1.6746091715456473     
   109.80000000000000        11.680000000000000       -1.6072991182390819     
   109.80000000000000        11.760000000000000       -1.5429157594755742     
   109.80000000000000        11.840000000000000       -1.4817580242857704     
   109.80000000000000        11.920000000000000       -1.4231517008354084     
   109.80000000000000        12.000000000000000       -1.3675055632778215     
   111.59999999999999        4.0000000000000000        5991.8620938340355     
   111.59999999999999        4.0800000000000001        5157.8579036627380     
   111.59999999999999        4.1600000000000001        4430.4054772122872     
   111.59999999999999        4.2400000000000002        3795.2110446935317     
   111.59999999999999        4.3200000000000003        3250.1530369324469     
   111.59999999999999        4.4000000000000004        2773.7566470571305     
   111.59999999999999        4.4800000000000004        2367.6176012965229     
   111.59999999999999        4.5600000000000005        2012.2713763579031     
   111.59999999999999        4.6399999999999997        1711.3262003861719     
   111.59999999999999        4.7199999999999998        1451.2287292743601     
   111.59999999999999        4.7999999999999998        1226.0157253170082     
   111.59999999999999        4.8799999999999999        1034.8894160986968     
   111.59999999999999        4.9600000000000000        869.23668035836545     
   111.59999999999999        5.0400000000000000        729.65567775255204     
   111.59999999999999        5.1200000000000001        608.57754838437188     
   111.59999999999999        5.2000000000000002        507.31910732085584     
   111.59999999999999        5.2800000000000002        420.73149511115417     
   111.59999999999999        5.3600000000000003        346.51332698016557     
   111.59999999999999        5.4399999999999995        284.38994446804514     
   111.59999999999999        5.5199999999999996        231.13751241135034     
   111.59999999999999        5.5999999999999996        186.96569202748955     
   111.59999999999999        5.6799999999999997        149.11907808633975     
   111.59999999999999        5.7599999999999998        118.04350680481818     
   111.59999999999999        5.8399999999999999        91.904029540450239     
   111.59999999999999        5.9199999999999999        69.868917919754566     
   111.59999999999999        6.0000000000000000        51.842700729868540     
   111.59999999999999        6.0800000000000001        36.696886800795099     
   111.59999999999999        6.1600000000000001        24.492080269216455     
   111.59999999999999        6.2400000000000002        14.452795803533320     
   111.59999999999999        6.3200000000000003        6.2301201649898665     
   111.59999999999999        6.4000000000000004      -0.30482662865500970     
   111.59999999999999        6.4800000000000004       -5.5925221086298853     
   111.59999999999999        6.5600000000000005       -9.6705280991823930     
   111.59999999999999        6.6400000000000006       -12.902444198237543     
   111.59999999999999        6.7200000000000006       -15.279849739549375     
   111.59999999999999        6.7999999999999998       -17.045278175963183     
   111.59999999999999        6.8799999999999999       -18.310940665284342     
   111.59999999999999        6.9600000000000000       -19.120453152395918     
   111.59999999999999        7.0400000000000000       -19.606093475581201     
   111.59999999999999        7.1200000000000001       -19.785974491900213     
   111.59999999999999        7.2000000000000002       -19.762281115436409     
   111.59999999999999        7.2799999999999994       -19.541454940372240     
   111.59999999999999        7.3599999999999994       -19.188641249630948     
   111.59999999999999        7.4399999999999995       -18.735470494179843     
   111.59999999999999        7.5199999999999996       -18.198042112576090     
   111.59999999999999        7.5999999999999996       -17.607899814043538     
   111.59999999999999        7.6799999999999997       -16.975450133037057     
   111.59999999999999        7.7599999999999998       -16.320964529528503     
   111.59999999999999        7.8399999999999999       -15.652874757328576     
   111.59999999999999        7.9199999999999999       -14.982516485085284     
   111.59999999999999        8.0000000000000000       -14.316328653884140     
   111.59999999999999        8.0800000000000001       -13.661294694752524     
   111.59999999999999        8.1600000000000001       -13.019724703628263     
   111.59999999999999        8.2400000000000002       -12.398177613628281     
   111.59999999999999        8.3200000000000003       -11.794865468451292     
   111.59999999999999        8.4000000000000004       -11.216662569220547     
   111.59999999999999        8.4800000000000004       -10.661178540117959     
   111.59999999999999        8.5599999999999987       -10.128050815768050     
   111.59999999999999        8.6400000000000006       -9.6209434149726558     
   111.59999999999999        8.7199999999999989       -9.1356603621478065     
   111.59999999999999        8.8000000000000007       -8.6764934441411423     
   111.59999999999999        8.8799999999999990       -8.2397194565224403     
   111.59999999999999        8.9600000000000009       -7.8243774522304053     
   111.59999999999999        9.0399999999999991       -7.4319506927204770     
   111.59999999999999        9.1200000000000010       -7.0588862245276669     
   111.59999999999999        9.1999999999999993       -6.7074183394014781     
   111.59999999999999        9.2800000000000011       -6.3731680307180127     
   111.59999999999999        9.3599999999999994       -6.0589953893308479     
   111.59999999999999        9.4400000000000013       -5.7614553741715646     
   111.59999999999999        9.5199999999999996       -5.4794064515367360     
   111.59999999999999        9.5999999999999996       -5.2137534192136759     
   111.59999999999999        9.6799999999999997       -4.9615885448740791     
   111.59999999999999        9.7599999999999998       -4.7244018956866913     
   111.59999999999999        9.8399999999999999       -4.4989010108360326     
   111.59999999999999        9.9199999999999999       -4.2870232016414027     
   111.59999999999999        10.000000000000000       -4.0862824512238314     
   111.59999999999999        10.080000000000000       -3.8957982867439256     
   111.59999999999999        10.160000000000000       -3.7162200352122325     
   111.59999999999999        10.240000000000000       -3.5454850837779852     
   111.59999999999999        10.320000000000000       -3.3846362095343414     
   111.59999999999999        10.400000000000000       -3.2314042540865366     
   111.59999999999999        10.480000000000000       -3.0871261822959832     
   111.59999999999999        10.559999999999999       -2.9501263421596966     
   111.59999999999999        10.640000000000001       -2.8197930502844324     
   111.59999999999999        10.719999999999999       -2.6966216253963613     
   111.59999999999999        10.800000000000001       -2.5792019969149287     
   111.59999999999999        10.879999999999999       -2.4682845802001503     
   111.59999999999999        10.960000000000001       -2.3623326793822401     
   111.59999999999999        11.039999999999999       -2.2622876396283536     
   111.59999999999999        11.120000000000001       -2.1670315732546306     
   111.59999999999999        11.199999999999999       -2.0761483849765741     
   111.59999999999999        11.280000000000001       -1.9900224465734069     
   111.59999999999999        11.359999999999999       -1.9076877090367352     
   111.59999999999999        11.440000000000001       -1.8296945003430958     
   111.59999999999999        11.520000000000000       -1.7552964271015443     
   111.59999999999999        11.600000000000000       -1.6842556635834640     
   111.59999999999999        11.680000000000000       -1.6167302690239325     
   111.59999999999999        11.760000000000000       -1.5521296295883540     
   111.59999999999999        11.840000000000000       -1.4907532947785471     
   111.59999999999999        11.920000000000000       -1.4319279308034332     
   111.59999999999999        12.000000000000000       -1.3760630114819403     
   113.40000000000001        4.0000000000000000        5840.2639494539262     
   113.40000000000001        4.0800000000000001        5025.0479464217151     
   113.40000000000001        4.1600000000000001        4314.3804479877508     
   113.40000000000001        4.2400000000000002        3694.1607009872700     
   113.40000000000001        4.3200000000000003        3162.2351655195343     
   113.40000000000001        4.4000000000000004        2697.5186622199217     
   113.40000000000001        4.4800000000000004        2301.5251479209960     
   113.40000000000001        4.5600000000000005        1955.1854874377223     
   113.40000000000001        4.6399999999999997        1661.9954819005509     
   113.40000000000001        4.7199999999999998        1408.6919585883441     
   113.40000000000001        4.7999999999999998        1189.4371323480909     
   113.40000000000001        4.8799999999999999        1003.4375334034152     
   113.40000000000001        4.9600000000000000        842.28028360178530     
   113.40000000000001        5.0400000000000000        706.53884951533223     
   113.40000000000001        5.1200000000000001        588.82869880381838     
   113.40000000000001        5.2000000000000002        490.42636702707819     
   113.40000000000001        5.2800000000000002        406.31128650685417     
   113.40000000000001        5.3600000000000003        334.23895749793570     
   113.40000000000001        5.4399999999999995        273.93852095500711     
   113.40000000000001        5.5199999999999996        222.26985041665193     
   113.40000000000001        5.5999999999999996        179.43442289834542     
   113.40000000000001        5.6799999999999997        142.75027764108629     
   113.40000000000001        5.7599999999999998        112.64904673064943     
   113.40000000000001        5.8399999999999999        87.345322140305328     
   113.40000000000001        5.9199999999999999        66.029653849295983     
   113.40000000000001        6.0000000000000000        48.608037866313033     
   113.40000000000001        6.0800000000000001        33.983417586307006     
   113.40000000000001        6.1600000000000001        22.213585291959678     
   113.40000000000001        6.2400000000000002        12.544939898091990     
   113.40000000000001        6.3200000000000003        4.6382371514126959     
   113.40000000000001        6.4000000000000004       -1.6323023944282034     
   113.40000000000001        6.4800000000000004       -6.6943187105803617     
   113.40000000000001        6.5600000000000005       -10.584918837725231     
   113.40000000000001        6.6400000000000006       -13.656727302965468     
   113.40000000000001        6.7200000000000006       -15.902262224562117     
   113.40000000000001        6.7999999999999998       -17.556597581196968     
   113.40000000000001        6.8799999999999999       -18.728601476281742     
   113.40000000000001        6.9600000000000000       -19.460916519345240     
   113.40000000000001        7.0400000000000000       -19.881492829169300     
   113.40000000000001        7.1200000000000001       -20.008302523268704     
   113.40000000000001        7.2000000000000002       -19.939930549706435     
   113.40000000000001        7.2799999999999994       -19.683098120983129     
   113.40000000000001        7.3599999999999994       -19.300557656797352     
   113.40000000000001        7.4399999999999995       -18.822851600905885     
   113.40000000000001        7.5199999999999996       -18.265777877429883     
   113.40000000000001        7.5999999999999996       -17.659514585005955     
   113.40000000000001        7.6799999999999997       -17.014410535460826     
   113.40000000000001        7.7599999999999998       -16.349638370764168     
   113.40000000000001        7.8399999999999999       -15.673688388787038     
   113.40000000000001        7.9199999999999999       -14.997183947011679     
   113.40000000000001        8.0000000000000000       -14.326233901921587     
   113.40000000000001        8.0800000000000001       -13.667722744253824     
   113.40000000000001        8.1600000000000001       -13.023569083785807     
   113.40000000000001        8.2400000000000002       -12.400297615179253     
   113.40000000000001        8.3200000000000003       -11.795822930933793     
   113.40000000000001        8.4000000000000004       -11.217013070317380     
   113.40000000000001        8.4800000000000004       -10.661292184657160     
   113.40000000000001        8.5599999999999987       -10.128208864558108     
   113.40000000000001        8.6400000000000006       -9.6213896814081394     
   113.40000000000001        8.7199999999999989       -9.1365476123248541     
   113.40000000000001        8.8000000000000007       -8.6779511389565318     
   113.40000000000001        8.8799999999999990       -8.2418217079804048     
   113.40000000000001        8.9600000000000009       -7.8271692084818909     
   113.40000000000001        9.0399999999999991       -7.4354547387574961     
   113.40000000000001        9.1200000000000010       -7.0631044873385971     
   113.40000000000001        9.1999999999999993       -6.7123359135601977     
   113.40000000000001        9.2800000000000011       -6.3787622469526193     
   113.40000000000001        9.3599999999999994       -6.0652282588135966     
   113.40000000000001        9.4400000000000013       -5.7682874076426636     
   113.40000000000001        9.5199999999999996       -5.4867952981581478     
   113.40000000000001        9.5999999999999996       -5.2216488224157835     
   113.40000000000001        9.6799999999999997       -4.9699455891326778     
   113.40000000000001        9.7599999999999998       -4.7331673091494331     
   113.40000000000001        9.8399999999999999       -4.5080312497218911     
   113.40000000000001        9.9199999999999999       -4.2964655742944498     
   113.40000000000001        10.000000000000000       -4.0959927463710981     
   113.40000000000001        10.080000000000000       -3.9057351787401804     
   113.40000000000001        10.160000000000000       -3.7263391971248492     
   113.40000000000001        10.240000000000000       -3.5557504998910798     
   113.40000000000001        10.320000000000000       -3.3950078136713335     
   113.40000000000001        10.400000000000000       -3.2418514690753701     
   113.40000000000001        10.480000000000000       -3.0976136807516634     
   113.40000000000001        10.559999999999999       -2.9606260572475556     
   113.40000000000001        10.640000000000001       -2.8302799025160446     
   113.40000000000001        10.719999999999999       -2.7070695520668031     
   113.40000000000001        10.800000000000001       -2.5895908144009026     
   113.40000000000001        10.879999999999999       -2.4785924904888059     
   113.40000000000001        10.960000000000001       -2.3725437936217530     
   113.40000000000001        11.039999999999999       -2.2723841639815596     
   113.40000000000001        11.120000000000001       -2.1770000180356375     
   113.40000000000001        11.199999999999999       -2.0859772081468293     
   113.40000000000001        11.280000000000001       -1.9997000873801063     
   113.40000000000001        11.359999999999999       -1.9172057219986620     
   113.40000000000001        11.440000000000001       -1.8390442050906428     
   113.40000000000001        11.520000000000000       -1.7644714736986100     
   113.40000000000001        11.600000000000000       -1.6932508348801163     
   113.40000000000001        11.680000000000000       -1.6255409284987794     
   113.40000000000001        11.760000000000000       -1.5607525882102784     
   113.40000000000001        11.840000000000000       -1.4991858232607140     
   113.40000000000001        11.920000000000000       -1.4401684499501672     
   113.40000000000001        12.000000000000000       -1.3841104326596374     
   115.20000000000002        4.0000000000000000        5688.2655998542659     
   115.20000000000002        4.0800000000000001        4891.8244678319024     
   115.20000000000002        4.1600000000000001        4197.9494663063051     
   115.20000000000002        4.2400000000000002        3592.7255506158644     
   115.20000000000002        4.3200000000000003        3073.9626314455086     
   115.20000000000002        4.4000000000000004        2620.9602393051964     
   115.20000000000002        4.4800000000000004        2235.1480566496916     
   115.20000000000002        4.5600000000000005        1897.8503534955794     
   115.20000000000002        4.6399999999999997        1612.4489225279403     
   115.20000000000002        4.7199999999999998        1365.9702568038299     
   115.20000000000002        4.7999999999999998        1152.7017460646668     
   115.20000000000002        4.8799999999999999        971.85370000698845     
   115.20000000000002        4.9600000000000000        815.21396259596122     
   115.20000000000002        5.0400000000000000        683.33093270490951     
   115.20000000000002        5.1200000000000001        569.00516747385177     
   115.20000000000002        5.2000000000000002        473.47260580928963     
   115.20000000000002        5.2800000000000002        391.84160925979774     
   115.20000000000002        5.3600000000000003        321.92485805408586     
   115.20000000000002        5.4399999999999995        263.45531360316483     
   115.20000000000002        5.5199999999999996        213.37703446166603     
   115.20000000000002        5.5999999999999996        171.88329425591303     
   115.20000000000002        5.6799999999999997        136.36599615424035     
   115.20000000000002        5.7599999999999998        107.24252905097519     
   115.20000000000002        5.8399999999999999        82.777307770326416     
   115.20000000000002        5.9199999999999999        62.183293911581693     
   115.20000000000002        6.0000000000000000        45.367988062234545     
   115.20000000000002        6.0800000000000001        31.265928098678764     
   115.20000000000002        6.1600000000000001        19.932109270458461     
   115.20000000000002        6.2400000000000002        10.634918301335421     
   115.20000000000002        6.3200000000000003        3.0448293888067037     
   115.20000000000002        6.4000000000000004       -2.9608101528673676     
   115.20000000000002        6.4800000000000004       -7.7967539951792171     
   115.20000000000002        6.5600000000000005       -11.499641254183919     
   115.20000000000002        6.6400000000000006       -14.411088838664165     
   115.20000000000002        6.7200000000000006       -16.524547271054470     
   115.20000000000002        6.7999999999999998       -18.067612915730709     
   115.20000000000002        6.8799999999999999       -19.145802349841688     
   115.20000000000002        6.9600000000000000       -19.800780302665459     
   115.20000000000002        7.0400000000000000       -20.156162906272534     
   115.20000000000002        7.1200000000000001       -20.229779910266132     
   115.20000000000002        7.2000000000000002       -20.116613171803728     
   115.20000000000002        7.2799999999999994       -19.823663562458162     
   115.20000000000002        7.3599999999999994       -19.411289532405185     
   115.20000000000002        7.4399999999999995       -18.908945400739086     
   115.20000000000002        7.5199999999999996       -18.332128384280658     
   115.20000000000002        7.5999999999999996       -17.709650656964918     
   115.20000000000002        7.6799999999999997       -17.051804725474248     
   115.20000000000002        7.7599999999999998       -16.376663742978948     
   115.20000000000002        7.8399999999999999       -15.692778441780694     
   115.20000000000002        7.9199999999999999       -15.010059316894843     
   115.20000000000002        8.0000000000000000       -14.334285201298133     
   115.20000000000002        8.0800000000000001       -13.672242844393256     
   115.20000000000002        8.1600000000000001       -13.025458319681270     
   115.20000000000002        8.2400000000000002       -12.400423510777042     
   115.20000000000002        8.3200000000000003       -11.794753940732409     
   115.20000000000002        8.4000000000000004       -11.215312999084897     
   115.20000000000002        8.4800000000000004       -10.659338027800237     
   115.20000000000002        8.5599999999999987       -10.126288297316929     
   115.20000000000002        8.6400000000000006       -9.6197535802917606     
   115.20000000000002        8.7199999999999989       -9.1353543899771221     
   115.20000000000002        8.8000000000000007       -8.6773366785271460     
   115.20000000000002        8.8799999999999990       -8.2418653544861460     
   115.20000000000002        8.9600000000000009       -7.8279206872933882     
   115.20000000000002        9.0399999999999991       -7.4369416704249121     
   115.20000000000002        9.1200000000000010       -7.0653326588850467     
   115.20000000000002        9.1999999999999993       -6.7152944487914246     
   115.20000000000002        9.2800000000000011       -6.3824314774900088     
   115.20000000000002        9.3599999999999994       -6.0695734106753498     
   115.20000000000002        9.4400000000000013       -5.7732714106353660     
   115.20000000000002        9.5199999999999996       -5.4923778447044445     
   115.20000000000002        9.5999999999999996       -5.2277815646363957     
   115.20000000000002        9.6799999999999997       -4.9765849749099296     
   115.20000000000002        9.7599999999999998       -4.7402613269532070     
   115.20000000000002        9.8399999999999999       -4.5155371515505465     
   115.20000000000002        9.9199999999999999       -4.3043313453489578     
   115.20000000000002        10.000000000000000       -4.1041745203727942     
   115.20000000000002        10.080000000000000       -3.9141917755785358     
   115.20000000000002        10.160000000000000       -3.7350262377536523     
   115.20000000000002        10.240000000000000       -3.5646317647173134     
   115.20000000000002        10.320000000000000       -3.4040428124059594     
   115.20000000000002        10.400000000000000       -3.2510091588189907     
   115.20000000000002        10.480000000000000       -3.1068580021446297     
   115.20000000000002        10.559999999999999       -2.9699282001478298     
   115.20000000000002        10.640000000000001       -2.8396139884330314     
   115.20000000000002        10.719999999999999       -2.7164085184005629     
   115.20000000000002        10.800000000000001       -2.5989135680570858     
   115.20000000000002        10.879999999999999       -2.4878760767475869     
   115.20000000000002        10.960000000000001       -2.3817713527024384     
   115.20000000000002        11.039999999999999       -2.2815366309437288     
   115.20000000000002        11.120000000000001       -2.1860627819411622     
   115.20000000000002        11.199999999999999       -2.0949376331701544     
   115.20000000000002        11.280000000000001       -2.0085453389258618     
   115.20000000000002        11.359999999999999       -1.9259262784884588     
   115.20000000000002        11.440000000000001       -1.8476300802976657     
   115.20000000000002        11.520000000000000       -1.7729151777334875     
   115.20000000000002        11.600000000000000       -1.7015460389971508     
   115.20000000000002        11.680000000000000       -1.6336817806564190     
   115.20000000000002        11.760000000000000       -1.5687348484762451     
   115.20000000000002        11.840000000000000       -1.5070055598813690     
   115.20000000000002        11.920000000000000       -1.4478231015537226     
   115.20000000000002        12.000000000000000       -1.3915977335584593     
   117.00000000000000        4.0000000000000000        5538.3752031714539     
   117.00000000000000        4.0800000000000001        4760.3525576695474     
   117.00000000000000        4.1600000000000001        4082.9789202172146     
   117.00000000000000        4.2400000000000002        3492.5115158958824     
   117.00000000000000        4.3200000000000003        2986.7180707729826     
   117.00000000000000        4.4000000000000004        2545.2689297221509     
   117.00000000000000        4.4800000000000004        2169.5075343682611     
   117.00000000000000        4.5600000000000005        1841.1415432189729     
   117.00000000000000        4.6399999999999997        1563.4385567904410     
   117.00000000000000        4.7199999999999998        1323.7086740002269     
   117.00000000000000        4.7999999999999998        1116.3617359806531     
   117.00000000000000        4.8799999999999999        940.61096045999705     
   117.00000000000000        4.9600000000000000        788.44190287590561     
   117.00000000000000        5.0400000000000000        660.37775182666678     
   117.00000000000000        5.1200000000000001        549.40186579015074     
   117.00000000000000        5.2000000000000002        456.70980248958608     
   117.00000000000000        5.2800000000000002        377.53742269468444     
   117.00000000000000        5.3600000000000003        309.75396118160762     
   117.00000000000000        5.4399999999999995        253.09612136353144     
   117.00000000000000        5.5199999999999996        204.59132929146216     
   117.00000000000000        5.5999999999999996        164.42473587100670     
   117.00000000000000        5.6799999999999997        130.06141660912400     
   117.00000000000000        5.7599999999999998        101.90467736225033     
   117.00000000000000        5.8399999999999999        78.268297093168769     
   117.00000000000000        5.9199999999999999        58.387449588115601     
   117.00000000000000        6.0000000000000000        42.171152991280429     
   117.00000000000000        6.0800000000000001        28.585236108851166     
   117.00000000000000        6.1600000000000001        17.681953181238580     
   117.00000000000000        6.2400000000000002        8.7514612843553898     
   117.00000000000000        6.3200000000000003        1.4738612976753995     
   117.00000000000000        6.4000000000000004       -4.2703906616026632     
   117.00000000000000        6.4800000000000004       -8.8833011960967614     
   117.00000000000000        6.5600000000000005       -12.401033260771104     
   117.00000000000000        6.6400000000000006       -15.154324980822571     
   117.00000000000000        6.7200000000000006       -17.137537046370749     
   117.00000000000000        6.7999999999999998       -18.570880052957737     
   117.00000000000000        6.8799999999999999       -19.556559532314218     
   117.00000000000000        6.9600000000000000       -20.135271021895377     
   117.00000000000000        7.0400000000000000       -20.426355018380061     
   117.00000000000000        7.1200000000000001       -20.447498149907084     
   117.00000000000000        7.2000000000000002       -20.290130579896896     
   117.00000000000000        7.2799999999999994       -19.961527468342837     
   117.00000000000000        7.3599999999999994       -19.519688747248171     
   117.00000000000000        7.4399999999999995       -18.992997001737209     
   117.00000000000000        7.5199999999999996       -18.396653642695053     
   117.00000000000000        7.5999999999999996       -17.758125978990901     
   117.00000000000000        7.6799999999999997       -17.087652016108560     
   117.00000000000000        7.7599999999999998       -16.402222319229164     
   117.00000000000000        7.8399999999999999       -15.710448559216493     
   117.00000000000000        7.9199999999999999       -15.021539366672940     
   117.00000000000000        8.0000000000000000       -14.340948942851595     
   117.00000000000000        8.0800000000000001       -13.675368938553500     
   117.00000000000000        8.1600000000000001       -13.025938401639205     
   117.00000000000000        8.2400000000000002       -12.399118258343043     
   117.00000000000000        8.3200000000000003       -11.792228460399924     
   117.00000000000000        8.4000000000000004       -11.212129358236727     
   117.00000000000000        8.4800000000000004       -10.655873400143552     
   117.00000000000000        8.5599999999999987       -10.122831623978064     
   117.00000000000000        8.6400000000000006       -9.6165582946460599     
   117.00000000000000        8.7199999999999989       -9.1325817045898159     
   117.00000000000000        8.8000000000000007       -8.6751264723202901     
   117.00000000000000        8.8799999999999990       -8.2403008158199533     
   117.00000000000000        8.9600000000000009       -7.8270554858937391     
   117.00000000000000        9.0399999999999991       -7.4368078670450499     
   117.00000000000000        9.1200000000000010       -7.0659399146436890     
   117.00000000000000        9.1999999999999993       -6.7166362860222106     
   117.00000000000000        9.2800000000000011       -6.3844917536538670     
   117.00000000000000        9.3599999999999994       -6.0723214358709559     
   117.00000000000000        9.4400000000000013       -5.7766734398980688     
   117.00000000000000        9.5199999999999996       -5.4963965932311316     
   117.00000000000000        9.5999999999999996       -5.2323717694446987     
   117.00000000000000        9.6799999999999997       -4.9817055123220220     
   117.00000000000000        9.7599999999999998       -4.7458627289599598     
   117.00000000000000        9.8399999999999999       -4.5215785310689309     
   117.00000000000000        9.9199999999999999       -4.3107626774970598     
   117.00000000000000        10.000000000000000       -4.1109534071961811     
   117.00000000000000        10.080000000000000       -3.9212782515854698     
   117.00000000000000        10.160000000000000       -3.7423770429420791     
   117.00000000000000        10.240000000000000       -3.5722114474089226     
   117.00000000000000        10.320000000000000       -3.4118115655050238     
   117.00000000000000        10.400000000000000       -3.2589363384281138     
   117.00000000000000        10.480000000000000       -3.1149078439737847     
   117.00000000000000        10.559999999999999       -2.9780719907827624     
   117.00000000000000        10.640000000000001       -2.8478258215753911     
   117.00000000000000        10.719999999999999       -2.7246611594242798     
   117.00000000000000        10.800000000000001       -2.6071856769616049     
   117.00000000000000        10.879999999999999       -2.4961442858474570     
   117.00000000000000        10.960000000000001       -2.3900183943144544     
   117.00000000000000        11.039999999999999       -2.2897428300418077     
   117.00000000000000        11.120000000000001       -2.1942129339028456     
   117.00000000000000        11.199999999999999       -2.1030184825502540     
   117.00000000000000        11.280000000000001       -2.0165432826898493     
   117.00000000000000        11.359999999999999       -1.9338311132223134     
   117.00000000000000        11.440000000000001       -1.8554309538059208     
   117.00000000000000        11.520000000000000       -1.7806038141962259     
   117.00000000000000        11.600000000000000       -1.7091153196442197     
   117.00000000000000        11.680000000000000       -1.6411249638287992     
   117.00000000000000        11.760000000000000       -1.5760469055042774     
   117.00000000000000        11.840000000000000       -1.5141816347016530     
   117.00000000000000        11.920000000000000       -1.4548598625079645     
   117.00000000000000        12.000000000000000       -1.3984919730755685     
   118.80000000000003        4.0000000000000000        5393.1778638052037     
   118.80000000000003        4.0800000000000001        4632.8603398039804     
   118.80000000000003        4.1600000000000001        3971.3867668652451     
   118.80000000000003        4.2400000000000002        3395.1666224726773     
   118.80000000000003        4.3200000000000003        2901.9185900613638     
   118.80000000000003        4.4000000000000004        2471.6604355724144     
   118.80000000000003        4.4800000000000004        2105.6478783647458     
   118.80000000000003        4.5600000000000005        1785.9535124151498     
   118.80000000000003        4.6399999999999997        1515.7319621351928     
   118.80000000000003        4.7199999999999998        1282.5650625754470     
   118.80000000000003        4.7999999999999998        1080.9798194961743     
   118.80000000000003        4.8799999999999999        910.19109801330785     
   118.80000000000003        4.9600000000000000        762.37553206687278     
   118.80000000000003        5.0400000000000000        638.03117633731370     
   118.80000000000003        5.1200000000000001        530.31875282404394     
   118.80000000000003        5.2000000000000002        440.39418648259681     
   118.80000000000003        5.2800000000000002        363.61727829796888     
   118.80000000000003        5.3600000000000003        297.91224354308196     
   118.80000000000003        5.4399999999999995        243.01934068415076     
   118.80000000000003        5.5199999999999996        196.04722066177965     
   118.80000000000003        5.5999999999999996        157.17308968397822     
   118.80000000000003        5.6799999999999997        123.93337001632911     
   118.80000000000003        5.7599999999999998        96.717644482033876     
   118.80000000000003        5.8399999999999999        73.887842662711805     
   118.80000000000003        5.9199999999999999        54.700812139931777     
   118.80000000000003        6.0000000000000000        39.067075783146734     
   118.80000000000003        6.0800000000000001        25.982979173163187     
   118.80000000000003        6.1600000000000001        15.498132822107026     
   118.80000000000003        6.2400000000000002        6.9239211914776986     
   118.80000000000003        6.3200000000000003       -5.0163085544872053E-002
   118.80000000000003        6.4000000000000004       -5.5406178003260704     
   118.80000000000003        6.4800000000000004       -9.9370320234128595     
   118.80000000000003        6.5600000000000005       -13.275089127469888     
   118.80000000000003        6.6400000000000006       -15.874940641499782     
   118.80000000000003        6.7200000000000006       -17.731818874151614     
   118.80000000000003        6.7999999999999998       -19.058751807570001     
   118.80000000000003        6.8799999999999999       -19.954723881540460     
   118.80000000000003        6.9600000000000000       -20.459483316240235     
   118.80000000000003        7.0400000000000000       -20.688218808617911     
   118.80000000000003        7.1200000000000001       -20.658473749704559     
   118.80000000000003        7.2000000000000002       -20.458233385791445     
   118.80000000000003        7.2799999999999994       -20.095036033236710     
   118.80000000000003        7.3599999999999994       -19.624595737827931     
   118.80000000000003        7.4399999999999995       -19.074256494706457     
   118.80000000000003        7.5199999999999996       -18.458932832344132     
   118.80000000000003        7.5999999999999996       -17.804790099838112     
   118.80000000000003        7.6799999999999997       -17.122013846621932     
   118.80000000000003        7.7599999999999998       -16.426547004200156     
   118.80000000000003        7.8399999999999999       -15.727061112968574     
   118.80000000000003        7.9199999999999999       -15.032085840042146     
   118.80000000000003        8.0000000000000000       -14.346761626730327     
   118.80000000000003        8.0800000000000001       -13.677689084755560     
   118.80000000000003        8.1600000000000001       -13.025632573994224     
   118.80000000000003        8.2400000000000002       -12.397024285324237     
   118.80000000000003        8.3200000000000003       -11.788897471076378     
   118.80000000000003        8.4000000000000004       -11.208110979675654     
   118.80000000000003        8.4800000000000004       -10.651537717604715     
   118.80000000000003        8.5599999999999987       -10.118463225059864     
   118.80000000000003        8.6400000000000006       -9.6124081951515290     
   118.80000000000003        8.7199999999999989       -9.1288107303006409     
   118.80000000000003        8.8000000000000007       -8.6718757233190740     
   118.80000000000003        8.8799999999999990       -8.2376556797967204     
   118.80000000000003        8.9600000000000009       -7.8250725345856393     
   118.80000000000003        9.0399999999999991       -7.4355230182858936     
   118.80000000000003        9.1200000000000010       -7.0653665863171824     
   118.80000000000003        9.1999999999999993       -6.7167726516971777     
   118.80000000000003        9.2800000000000011       -6.3853256495803219     
   118.80000000000003        9.3599999999999994       -6.0738270669403294     
   118.80000000000003        9.4400000000000013       -5.7788212639901761     
   118.80000000000003        9.5199999999999996       -5.4991533169759856     
   118.80000000000003        9.5999999999999996       -5.2356963970406358     
   118.80000000000003        9.6799999999999997       -4.9855604318570252     
   118.80000000000003        9.7599999999999998       -4.7502023345222817     
   118.80000000000003        9.8399999999999999       -4.5263648996680210     
   118.80000000000003        9.9199999999999999       -4.3159491445104061     
   118.80000000000003        10.000000000000000       -4.1165002232080461     
   118.80000000000003        10.080000000000000       -3.9271477949937141     
   118.80000000000003        10.160000000000000       -3.7485284167468151     
   118.80000000000003        10.240000000000000       -3.5786110051602065     
   118.80000000000003        10.320000000000000       -3.4184213712306062     
   118.80000000000003        10.400000000000000       -3.2657270790248907     
   118.80000000000003        10.480000000000000       -3.1218451622331727     
   118.80000000000003        10.559999999999999       -2.9851281837526669     
   118.80000000000003        10.640000000000001       -2.8549757973198813     
   118.80000000000003        10.719999999999999       -2.7318784193086869     
   118.80000000000003        10.800000000000001       -2.6144493637701069     
   118.80000000000003        10.879999999999999       -2.5034314416465571     
   118.80000000000003        10.960000000000001       -2.3973119688312559     
   118.80000000000003        11.039999999999999       -2.2970232756808246     
   118.80000000000003        11.120000000000001       -2.2014650436758774     
   118.80000000000003        11.199999999999999       -2.1102289149954943     
   118.80000000000003        11.280000000000001       -2.0236982377311081     
   118.80000000000003        11.359999999999999       -1.9409201533425349     
   118.80000000000003        11.440000000000001       -1.8624428628936196     
   118.80000000000003        11.520000000000000       -1.7875299366463608     
   118.80000000000003        11.600000000000000       -1.7159481173493043     
   118.80000000000003        11.680000000000000       -1.6478571832410731     
   118.80000000000003        11.760000000000000       -1.5826730347399369     
   118.80000000000003        11.840000000000000       -1.5206962195291012     
   118.80000000000003        11.920000000000000       -1.4612590509132812     
   118.80000000000003        12.000000000000000       -1.4047718949382502     
   120.60000000000001        4.0000000000000000        5255.3253800391240     
   120.60000000000001        4.0800000000000001        4511.6302140021089     
   120.60000000000001        4.1600000000000001        3865.1350184440948     
   120.60000000000001        4.2400000000000002        3302.3745307457034     
   120.60000000000001        4.3200000000000003        2821.0101655012058     
   120.60000000000001        4.4000000000000004        2401.3737513281685     
   120.60000000000001        4.4800000000000004        2044.6322416036139     
   120.60000000000001        4.5600000000000005        1733.1959120233250     
   120.60000000000001        4.6399999999999997        1470.1090278131574     
   120.60000000000001        4.7199999999999998        1243.2072482536678     
   120.60000000000001        4.7999999999999998        1047.1267863781477     
   120.60000000000001        4.8799999999999999        881.08246611592210     
   120.60000000000001        4.9600000000000000        737.43162412172853     
   120.60000000000001        5.0400000000000000        616.64746262866754     
   120.60000000000001        5.1200000000000001        512.05939007687493     
   120.60000000000001        5.2000000000000002        424.78497813476179     
   120.60000000000001        5.2800000000000002        350.30222503560981     
   120.60000000000001        5.3600000000000003        286.58777838763899     
   120.60000000000001        5.4399999999999995        233.38514704287957     
   120.60000000000001        5.5199999999999996        187.88071219454639     
   120.60000000000001        5.5999999999999996        150.24400727144334     
   120.60000000000001        5.6799999999999997        118.07982279600942     
   120.60000000000001        5.7599999999999998        91.764577705640079     
   120.60000000000001        5.8399999999999999        69.706372812104718     
   120.60000000000001        5.9199999999999999        51.182847082679487     
   120.60000000000001        6.0000000000000000        36.105987807685878     
   120.60000000000001        6.0800000000000001        23.501407474913776     
   120.60000000000001        6.1600000000000001        13.416210974443514     
   120.60000000000001        6.2400000000000002        5.1821386866819461     
   120.60000000000001        6.3200000000000003       -1.5023043883075105     
   120.60000000000001        6.4000000000000004       -6.7506778910538658     
   120.60000000000001        6.4800000000000004       -10.940674534600854     
   120.60000000000001        6.5600000000000005       -14.107499494571750     
   120.60000000000001        6.6400000000000006       -16.561174264538874     
   120.60000000000001        6.7200000000000006       -18.297747629913772     
   120.60000000000001        6.7999999999999998       -19.523380064710519     
   120.60000000000001        6.8799999999999999       -20.333974560890340     
   120.60000000000001        6.9600000000000000       -20.768366971351131     
   120.60000000000001        7.0400000000000000       -20.937783938752165     
   120.60000000000001        7.1200000000000001       -20.859625907748995     
   120.60000000000001        7.2000000000000002       -20.618595831451437     
   120.60000000000001        7.2799999999999994       -20.222477977663356     
   120.60000000000001        7.3599999999999994       -19.724810671924804     
   120.60000000000001        7.4399999999999995       -19.151949336259417     
   120.60000000000001        7.5199999999999996       -18.518534450193911     
   120.60000000000001        7.5999999999999996       -17.849494466108169     
   120.60000000000001        7.6799999999999997       -17.154964600627277     
   120.60000000000001        7.7599999999999998       -16.449893514392272     
   120.60000000000001        7.8399999999999999       -15.743009778807098     
   120.60000000000001        7.9199999999999999       -15.042199172324192     
   120.60000000000001        8.0000000000000000       -14.352304835758053     
   120.60000000000001        8.0800000000000001       -13.679841766678175     
   120.60000000000001        8.1600000000000001       -13.025219028454687     
   120.60000000000001        8.2400000000000002       -12.394842589271102     
   120.60000000000001        8.3200000000000003       -11.785473482880025     
   120.60000000000001        8.4000000000000004       -11.203970427758822     
   120.60000000000001        8.4800000000000004       -10.647035749324054     
   120.60000000000001        8.5599999999999987       -10.113873948053433     
   120.60000000000001        8.6400000000000006       -9.6079747142297496     
   120.60000000000001        8.7199999999999989       -9.1246899095106837     
   120.60000000000001        8.8000000000000007       -8.6682066975935594     
   120.60000000000001        8.8799999999999990       -8.2345240790879028     
   120.60000000000001        8.9600000000000009       -7.8225365216088729     
   120.60000000000001        9.0399999999999991       -7.4336215307867874     
   120.60000000000001        9.1200000000000010       -7.0641164921762272     
   120.60000000000001        9.1999999999999993       -6.7161768450990538     
   120.60000000000001        9.2800000000000011       -6.3853762720767699     
   120.60000000000001        9.3599999999999994       -6.0745039056625680     
   120.60000000000001        9.4400000000000013       -5.7800997742873452     
   120.60000000000001        9.5199999999999996       -5.5010051035092182     
   120.60000000000001        9.5999999999999996       -5.2380858649561519     
   120.60000000000001        9.6799999999999997       -4.9884545375327631     
   120.60000000000001        9.7599999999999998       -4.7535606379691790     
   120.60000000000001        9.8399999999999999       -4.5301535441438894     
   120.60000000000001        9.9199999999999999       -4.3201262079642770     
   120.60000000000001        10.000000000000000       -4.1210298050910854     
   120.60000000000001        10.080000000000000       -3.9319957734817073     
   120.60000000000001        10.160000000000000       -3.7536575393370382     
   120.60000000000001        10.240000000000000       -3.5839905052621859     
   120.60000000000001        10.320000000000000       -3.4240164215619089     
   120.60000000000001        10.400000000000000       -3.2715106726789847     
   120.60000000000001        10.480000000000000       -3.1277855191139188     
   120.60000000000001        10.559999999999999       -2.9911995774399496     
   120.60000000000001        10.640000000000001       -2.8611548442806884     
   120.60000000000001        10.719999999999999       -2.7381403251328194     
   120.60000000000001        10.800000000000001       -2.6207745353057970     
   120.60000000000001        10.879999999999999       -2.5097982154460059     
   120.60000000000001        10.960000000000001       -2.4037041871114715     
   120.60000000000001        11.039999999999999       -2.3034223180049334     
   120.60000000000001        11.120000000000001       -2.2078563446735853     
   120.60000000000001        11.199999999999999       -2.1165996305061965     
   120.60000000000001        11.280000000000001       -2.0300349979573342     
   120.60000000000001        11.359999999999999       -1.9472127802233323     
   120.60000000000001        11.440000000000001       -1.8686803323471435     
   120.60000000000001        11.520000000000000       -1.7937036651035854     
   120.60000000000001        11.600000000000000       -1.7220505614849617     
   120.60000000000001        11.680000000000000       -1.6538810016082253     
   120.60000000000001        11.760000000000000       -1.5886125768016472     
   120.60000000000001        11.840000000000000       -1.5265458026059100     
   120.60000000000001        11.920000000000000       -1.4670145873840923     
   120.60000000000001        12.000000000000000       -1.4104291722217910     
   122.40000000000002        4.0000000000000000        5127.5636501630970     
   122.40000000000002        4.0800000000000001        4399.0213522312470     
   122.40000000000002        4.1600000000000001        3766.2482208817905     
   122.40000000000002        4.2400000000000002        3215.8697146248037     
   122.40000000000002        4.3200000000000003        2745.4801696607474     
   122.40000000000002        4.4000000000000004        2335.6814965283888     
   122.40000000000002        4.4800000000000004        1987.5512054424892     
   122.40000000000002        4.5600000000000005        1683.8006934286220     
   122.40000000000002        4.6399999999999997        1427.3678838501137     
   122.40000000000002        4.7199999999999998        1206.3179861828205     
   122.40000000000002        4.7999999999999998        1015.3856455505288     
   122.40000000000002        4.8799999999999999        853.78347580250920     
   122.40000000000002        4.9600000000000000        714.03523291527893     
   122.40000000000002        5.0400000000000000        596.58973575062805     
   122.40000000000002        5.1200000000000001        494.93304002212057     
   122.40000000000002        5.2000000000000002        410.14617390770877     
   122.40000000000002        5.2800000000000002        337.81733043368536     
   122.40000000000002        5.3600000000000003        275.97203250449348     
   122.40000000000002        5.4399999999999995        224.35660540346950     
   122.40000000000002        5.5199999999999996        180.23027606206148     
   122.40000000000002        5.5999999999999996        143.75526733582097     
   122.40000000000002        5.6799999999999997        112.60057917420572     
   122.40000000000002        5.7599999999999998        87.130225120008518     
   122.40000000000002        5.8399999999999999        65.795715555207892     
   122.40000000000002        5.9199999999999999        47.894246957941682     
   122.40000000000002        6.0000000000000000        33.339201298510446     
   122.40000000000002        6.0800000000000001        21.183724199932538     
   122.40000000000002        6.1600000000000001        11.472593649167427     
   122.40000000000002        6.2400000000000002        3.5567009157310383     
   122.40000000000002        6.3200000000000003       -2.8569626794627232     
   122.40000000000002        6.4000000000000004       -7.8791725408149897     
   122.40000000000002        6.4800000000000004       -11.876440355951059     
   122.40000000000002        6.5600000000000005       -14.883499293622434     
   122.40000000000002        6.6400000000000006       -17.200863792509594     
   122.40000000000002        6.7200000000000006       -18.825326970497731     
   122.40000000000002        6.7999999999999998       -19.956610191732388     
   122.40000000000002        6.8799999999999999       -20.687724861864076     
   122.40000000000002        6.9600000000000000       -21.056642451435881     
   122.40000000000002        7.0400000000000000       -21.170884055175392     
   122.40000000000002        7.1200000000000001       -21.047707628313415     
   122.40000000000002        7.2000000000000002       -20.768753139652684     
   122.40000000000002        7.2799999999999994       -20.342027170481394     
   122.40000000000002        7.3599999999999994       -19.819040631822219     
   122.40000000000002        7.4399999999999995       -19.225227495216007     
   122.40000000000002        7.5199999999999996       -18.574970846791580     
   122.40000000000002        7.5999999999999996       -17.892049927972764     
   122.40000000000002        7.6799999999999997       -17.186551660056011     
   122.40000000000002        7.7599999999999998       -16.472502687689612     
   122.40000000000002        7.8399999999999999       -15.758683795955157     
   122.40000000000002        7.9199999999999999       -15.052384479851131     
   122.40000000000002        8.0000000000000000       -14.358172773663913     
   122.40000000000002        8.0800000000000001       -13.682484809010273     
   122.40000000000002        8.1600000000000001       -13.025401074390320     
   122.40000000000002        8.2400000000000002       -12.393304042159670     
   122.40000000000002        8.3200000000000003       -11.782702891729471     
   122.40000000000002        8.4000000000000004       -11.200457324461500     
   122.40000000000002        8.4800000000000004       -10.643111851977183     
   122.40000000000002        8.5599999999999987       -10.109796203098117     
   122.40000000000002        8.6400000000000006       -9.6039722577765509     
   122.40000000000002        8.7199999999999989       -9.1209116488774722     
   122.40000000000002        8.8000000000000007       -8.6647861725902739     
   122.40000000000002        8.8799999999999990       -8.2315448683468357     
   122.40000000000002        8.9600000000000009       -7.8200567791890183     
   122.40000000000002        9.0399999999999991       -7.4316821040218048     
   122.40000000000002        9.1200000000000010       -7.0627371878495442     
   122.40000000000002        9.1999999999999993       -6.7153651483723591     
   122.40000000000002        9.2800000000000011       -6.3851288177262768     
   122.40000000000002        9.3599999999999994       -6.0748066131072687     
   122.40000000000002        9.4400000000000013       -5.7809337960222020     
   122.40000000000002        9.5199999999999996       -5.5023477752187642     
   122.40000000000002        9.5999999999999996       -5.2399080650809431     
   122.40000000000002        9.6799999999999997       -4.9907288091669022     
   122.40000000000002        9.7599999999999998       -4.7562529826019233     
   122.40000000000002        9.8399999999999999       -4.5332352610789100     
   122.40000000000002        9.9199999999999999       -4.3235614976247128     
   122.40000000000002        10.000000000000000       -4.1247878234577318     
   122.40000000000002        10.080000000000000       -3.9360470683578197     
   122.40000000000002        10.160000000000000       -3.7579698071833545     
   122.40000000000002        10.240000000000000       -3.5885369585935147     
   122.40000000000002        10.320000000000000       -3.4287666136744979     
   122.40000000000002        10.400000000000000       -3.2764409092728135     
   122.40000000000002        10.480000000000000       -3.1328678093535145     
   122.40000000000002        10.559999999999999       -2.9964111760297838     
   122.40000000000002        10.640000000000001       -2.8664750086354709     
   122.40000000000002        10.719999999999999       -2.7435469782931232     
   122.40000000000002        10.800000000000001       -2.6262501681729491     
   122.40000000000002        10.879999999999999       -2.5153233904549945     
   122.40000000000002        10.960000000000001       -2.4092643515485186     
   122.40000000000002        11.039999999999999       -2.3090006252179265     
   122.40000000000002        11.120000000000001       -2.2134395545796157     
   122.40000000000002        11.199999999999999       -2.1221760169924089     
   122.40000000000002        11.280000000000001       -2.0355922908620050     
   122.40000000000002        11.359999999999999       -1.9527415888841371     
   122.40000000000002        11.440000000000001       -1.8741704209936370     
   122.40000000000002        11.520000000000000       -1.7991470081148044     
   122.40000000000002        11.600000000000000       -1.7274400567654218     
   122.40000000000002        11.680000000000000       -1.6592096781240446     
   122.40000000000002        11.760000000000000       -1.5938750187926274     
   122.40000000000002        11.840000000000000       -1.5317365007742880     
   122.40000000000002        11.920000000000000       -1.4721295288136216     
   122.40000000000002        12.000000000000000       -1.4154641517609785     
   124.20000000000000        4.0000000000000000        5012.5909357828541     
   124.20000000000000        4.0800000000000001        4297.3489296630414     
   124.20000000000000        4.1600000000000001        3676.7105207427740     
   124.20000000000000        4.2400000000000002        3137.3497582250316     
   124.20000000000000        4.3200000000000003        2676.7824529963332     
   124.20000000000000        4.4000000000000004        2275.8259862706150     
   124.20000000000000        4.4800000000000004        1935.4680649280303     
   124.20000000000000        4.5600000000000005        1638.6753641353314     
   124.20000000000000        4.6399999999999997        1388.2848332881172     
   124.20000000000000        4.7199999999999998        1172.5606238330572     
   124.20000000000000        4.7999999999999998        986.32222748102413     
   124.20000000000000        4.8799999999999999        828.77737995182986     
   124.20000000000000        4.9600000000000000        692.59810165173906     
   124.20000000000000        5.0400000000000000        578.20946254423825     
   124.20000000000000        5.1200000000000001        479.23880903202303     
   124.20000000000000        5.2000000000000002        396.73294109522311     
   124.20000000000000        5.2800000000000002        326.38001972391459     
   124.20000000000000        5.3600000000000003        266.24989155407218     
   124.20000000000000        5.4399999999999995        216.09112956829551     
   124.20000000000000        5.5199999999999996        173.22956123886993     
   124.20000000000000        5.5999999999999996        137.82054265991709     
   124.20000000000000        5.6799999999999997        107.59197363695998     
   124.20000000000000        5.7599999999999998        82.896409711068756     
   124.20000000000000        5.8399999999999999        62.225248311914036     
   124.20000000000000        5.9199999999999999        44.893667478984419     
   124.20000000000000        6.0000000000000000        30.816343451035941     
   124.20000000000000        6.0800000000000001        19.071752962058884     
   124.20000000000000        6.1600000000000001        9.7025635030893227     
   124.20000000000000        6.2400000000000002        2.0772901915959854     
   124.20000000000000        6.3200000000000003       -4.0892570287491976     
   124.20000000000000        6.4000000000000004       -8.9052679686114598     
   124.20000000000000        6.4800000000000004       -12.726975343120511     
   124.20000000000000        6.5600000000000005       -15.588651365364282     
   124.20000000000000        6.6400000000000006       -17.782086104623406     
   124.20000000000000        6.7200000000000006       -19.304728606777896     
   124.20000000000000        6.7999999999999998       -20.350398100078216     
   124.20000000000000        6.8799999999999999       -21.009452340043978     
   124.20000000000000        6.9600000000000000       -21.319058775366390     
   124.20000000000000        7.0400000000000000       -21.383353386937554     
   124.20000000000000        7.1200000000000001       -21.219452077863345     
   124.20000000000000        7.2000000000000002       -20.906205471825775     
   124.20000000000000        7.2799999999999994       -20.451812430079375     
   124.20000000000000        7.3599999999999994       -19.905941324778158     
   124.20000000000000        7.4399999999999995       -19.293188157760625     
   124.20000000000000        7.5199999999999996       -18.627698787694388     
   124.20000000000000        7.5999999999999996       -17.932212708705652     
   124.20000000000000        7.6799999999999997       -17.216770323268474     
   124.20000000000000        7.7599999999999998       -16.494566796053608     
   124.20000000000000        7.8399999999999999       -15.774428208229674     
   124.20000000000000        7.9199999999999999       -15.063107535741612     
   124.20000000000000        8.0000000000000000       -14.364925442517473     
   124.20000000000000        8.0800000000000001       -13.686247123987039     
   124.20000000000000        8.1600000000000001       -13.026858405948797     
   124.20000000000000        8.2400000000000002       -12.393121089301808     
   124.20000000000000        8.3200000000000003       -11.781318700568214     
   124.20000000000000        8.4000000000000004       -11.198312665789340     
   124.20000000000000        8.4800000000000004       -10.640506251084501     
   124.20000000000000        8.5599999999999987       -10.106962478215028     
   124.20000000000000        8.6400000000000006       -9.6011191698929537     
   124.20000000000000        8.7199999999999989       -9.1181758526199665     
   124.20000000000000        8.8000000000000007       -8.6622916160869838     
   124.20000000000000        8.8799999999999990       -8.2293704684413118     
   124.20000000000000        8.9600000000000009       -7.8182587781932824     
   124.20000000000000        9.0399999999999991       -7.4303018258393045     
   124.20000000000000        9.1200000000000010       -7.0617965971587413     
   124.20000000000000        9.1999999999999993       -6.7148758953720815     
   124.20000000000000        9.2800000000000011       -6.3850919864893365     
   124.20000000000000        9.3599999999999994       -6.0752145418127794     
   124.20000000000000        9.4400000000000013       -5.7817738220059747     
   124.20000000000000        9.5199999999999996       -5.5036036065744618     
   124.20000000000000        9.5999999999999996       -5.2415579304715232     
   124.20000000000000        9.6799999999999997       -4.9927517022742398     
   124.20000000000000        9.7599999999999998       -4.7586224581449770     
   124.20000000000000        9.8399999999999999       -4.5359287422914125     
   124.20000000000000        9.9199999999999999       -4.3265505531776265     
   124.20000000000000        10.000000000000000       -4.1280477705836160     
   124.20000000000000        10.080000000000000       -3.9395542051251971     
   124.20000000000000        10.160000000000000       -3.7616979953801115     
   124.20000000000000        10.240000000000000       -3.5924644229481610     
   124.20000000000000        10.320000000000000       -3.4328684924770929     
   124.20000000000000        10.400000000000000       -3.2806977798429453     
   124.20000000000000        10.480000000000000       -3.1372566326589002     
   124.20000000000000        10.559999999999999       -3.0009131570928642     
   124.20000000000000        10.640000000000001       -2.8710729498696881     
   124.20000000000000        10.719999999999999       -2.7482225075229127     
   124.20000000000000        10.800000000000001       -2.6309886631021189     
   124.20000000000000        10.879999999999999       -2.5201085556164267     
   124.20000000000000        10.960000000000001       -2.4140839432243038     
   124.20000000000000        11.039999999999999       -2.3138404107870336     
   124.20000000000000        11.120000000000001       -2.2182883008122953     
   124.20000000000000        11.199999999999999       -2.1270237370257350     
   124.20000000000000        11.280000000000001       -2.0404284868873690     
   124.20000000000000        11.359999999999999       -1.9575581903491184     
   124.20000000000000        11.440000000000001       -1.8789585847231869     
   124.20000000000000        11.520000000000000       -1.8038997610136791     
   124.20000000000000        11.600000000000000       -1.7321511941582686     
   124.20000000000000        11.680000000000000       -1.6638730697294619     
   124.20000000000000        11.760000000000000       -1.5984858684781822     
   124.20000000000000        11.840000000000000       -1.5362898886324348     
   124.20000000000000        11.920000000000000       -1.4766218392896726     
   124.20000000000000        12.000000000000000       -1.4198915527311962     
   126.00000000000000        4.0000000000000000        4913.1292324218348     
   126.00000000000000        4.0800000000000001        4208.9437282008066     
   126.00000000000000        4.1600000000000001        3598.5155009642344     
   126.00000000000000        4.2400000000000002        3068.5170461514467     
   126.00000000000000        4.3200000000000003        2616.3723690825882     
   126.00000000000000        4.4000000000000004        2223.0486498742648     
   126.00000000000000        4.4800000000000004        1889.4436577032031     
   126.00000000000000        4.5600000000000005        1598.7239217758586     
   126.00000000000000        4.6399999999999997        1353.6320939609295     
   126.00000000000000        4.7199999999999998        1142.5941505489373     
   126.00000000000000        4.7999999999999998        960.49795023200704     
   126.00000000000000        4.8799999999999999        806.54313782856843     
   126.00000000000000        4.9600000000000000        673.52790041345895     
   126.00000000000000        5.0400000000000000        561.85433299711269     
   126.00000000000000        5.1200000000000001        465.27235893651653     
   126.00000000000000        5.2000000000000002        384.79735359577336     
   126.00000000000000        5.2800000000000002        316.20497601349706     
   126.00000000000000        5.3600000000000003        257.60384080994800     
   126.00000000000000        5.4399999999999995        208.74405539761224     
   126.00000000000000        5.5199999999999996        167.01044041149487     
   126.00000000000000        5.5999999999999996        132.55200327445891     
   126.00000000000000        5.6799999999999997        103.14908769934559     
   126.00000000000000        5.7599999999999998        79.143921185708720     
   126.00000000000000        5.8399999999999999        59.063509796215392     
   126.00000000000000        5.9199999999999999        42.239097180695133     
   126.00000000000000        6.0000000000000000        28.586521068451759     
   126.00000000000000        6.0800000000000001        17.206924557395602     
   126.00000000000000        6.1600000000000001        8.1411168732996693     
   126.00000000000000        6.2400000000000002       0.77339248002682670     
   126.00000000000000        6.3200000000000003       -5.1744274411570643     
   126.00000000000000        6.4000000000000004       -9.8081900940014979     
   126.00000000000000        6.4800000000000004       -13.474934723774361     
   126.00000000000000        6.5600000000000005       -16.208488562317481     
   126.00000000000000        6.6400000000000006       -18.292856636303224     
   126.00000000000000        6.7200000000000006       -19.726039553996774     
   126.00000000000000        6.7999999999999998       -20.696597764643602     
   126.00000000000000        6.8799999999999999       -21.292520363115084     
   126.00000000000000        6.9600000000000000       -21.550243139338445     
   126.00000000000000        7.0400000000000000       -21.570900013398781     
   126.00000000000000        7.1200000000000001       -21.371465082126694     
   126.00000000000000        7.2000000000000002       -21.028326543651254     
   126.00000000000000        7.2799999999999994       -20.549839026777153     
   126.00000000000000        7.3599999999999994       -19.984049124716869     
   126.00000000000000        7.4399999999999995       -19.354814366364145     
   126.00000000000000        7.5199999999999996       -18.676066864070162     
   126.00000000000000        7.5999999999999996       -17.969637277633613     
   126.00000000000000        7.6799999999999997       -17.245520864348308     
   126.00000000000000        7.7599999999999998       -16.516189930417930     
   126.00000000000000        7.8399999999999999       -15.790506709747401     
   126.00000000000000        7.9199999999999999       -15.074759481510991     
   126.00000000000000        8.0000000000000000       -14.373054754216747     
   126.00000000000000        8.0800000000000001       -13.691695808581835     
   126.00000000000000        8.1600000000000001       -13.030214912126567     
   126.00000000000000        8.2400000000000002       -12.394956029314184     
   126.00000000000000        8.3200000000000003       -11.782009124651418     
   126.00000000000000        8.4000000000000004       -11.198237629127687     
   126.00000000000000        8.4800000000000004       -10.639923984863460     
   126.00000000000000        8.5599999999999987       -10.106074383677360     
   126.00000000000000        8.6400000000000006       -9.6001068642032266     
   126.00000000000000        8.7199999999999989       -9.1171591465562862     
   126.00000000000000        8.8000000000000007       -8.6613805268741419     
   126.00000000000000        8.8799999999999990       -8.2286363554589652     
   126.00000000000000        8.9600000000000009       -7.8177538030872196     
   126.00000000000000        9.0399999999999991       -7.4300660800125895     
   126.00000000000000        9.1200000000000010       -7.0618531954882835     
   126.00000000000000        9.1999999999999993       -6.7152399820160387     
   126.00000000000000        9.2800000000000011       -6.3857688611435872     
   126.00000000000000        9.3599999999999994       -6.0762030339475501     
   126.00000000000000        9.4400000000000013       -5.7830677702972944     
   126.00000000000000        9.5199999999999996       -5.5051935784555273     
   126.00000000000000        9.5999999999999996       -5.2434302240994786     
   126.00000000000000        9.6799999999999997       -4.9948925006762117     
   126.00000000000000        9.7599999999999998       -4.7610138475058736     
   126.00000000000000        9.8399999999999999       -4.5385551373826996     
   126.00000000000000        9.9199999999999999       -4.3293920248223969     
   126.00000000000000        10.000000000000000       -4.1310868145932318     
   126.00000000000000        10.080000000000000       -3.9427738732527615     
   126.00000000000000        10.160000000000000       -3.7650794528259190     
   126.00000000000000        10.240000000000000       -3.5959918792152132     
   126.00000000000000        10.320000000000000       -3.4365238110472465     
   126.00000000000000        10.400000000000000       -3.2844667216046717     
   126.00000000000000        10.480000000000000       -3.1411222207407827     
   126.00000000000000        10.559999999999999       -3.0048614760921533     
   126.00000000000000        10.640000000000001       -2.8750912166184519     
   126.00000000000000        10.719999999999999       -2.7522970070624675     
   126.00000000000000        10.800000000000001       -2.6351084363738497     
   126.00000000000000        10.879999999999999       -2.5242613377683365     
   126.00000000000000        10.960000000000001       -2.4182604836953177     
   126.00000000000000        11.039999999999999       -2.3180299095461021     
   126.00000000000000        11.120000000000001       -2.2224821968859247     
   126.00000000000000        11.199999999999999       -2.1312143903378833     
   126.00000000000000        11.280000000000001       -2.0446078311448344     
   126.00000000000000        11.359999999999999       -1.9617199979720286     
   126.00000000000000        11.440000000000001       -1.8830959992943124     
   126.00000000000000        11.520000000000000       -1.8080073490872006     
   126.00000000000000        11.600000000000000       -1.7362240984597497     
   126.00000000000000        11.680000000000000       -1.6679064654004585     
   126.00000000000000        11.760000000000000       -1.6024759597961304     
   126.00000000000000        11.840000000000000       -1.5402327573338972     
   126.00000000000000        11.920000000000000       -1.4805145873894363     
   126.00000000000000        12.000000000000000       -1.4237310845347562     
   127.80000000000001        4.0000000000000000        4831.9094162443316     
   127.80000000000001        4.0800000000000001        4136.1392093470122     
   127.80000000000001        4.1600000000000001        3533.6549191746194     
   127.80000000000001        4.2400000000000002        3011.0689488371327     
   127.80000000000001        4.3200000000000003        2565.6982000839098     
   127.80000000000001        4.4000000000000004        2178.5825428483163     
   127.80000000000001        4.4800000000000004        1850.5298086126998     
   127.80000000000001        4.5600000000000005        1564.8411218869967     
   127.80000000000001        4.6399999999999997        1324.1727736302764     
   127.80000000000001        4.7199999999999998        1117.0687937530854     
   127.80000000000001        4.7999999999999998        938.46596325268717     
   127.80000000000001        4.8799999999999999        787.55203460961229     
   127.80000000000001        4.9600000000000000        657.22526749412441     
   127.80000000000001        5.0400000000000000        547.86566771643527     
   127.80000000000001        5.1200000000000001        453.32364069599930     
   127.80000000000001        5.2000000000000002        374.58640831819758     
   127.80000000000001        5.2800000000000002        307.50240663026125     
   127.80000000000001        5.3600000000000003        250.21245325772421     
   127.80000000000001        5.4399999999999995        202.46732242623685     
   127.80000000000001        5.5199999999999996        161.70186386872106     
   127.80000000000001        5.5999999999999996        128.05932021309619     
   127.80000000000001        5.6799999999999997        99.364887447268330     
   127.80000000000001        5.7599999999999998        75.951769463523220     
   127.80000000000001        5.8399999999999999        56.377555954603402     
   127.80000000000001        5.9199999999999999        39.987304181984868     
   127.80000000000001        6.0000000000000000        26.697846320119904     
   127.80000000000001        6.0800000000000001        15.629872866687190     
   127.80000000000001        6.1600000000000001        6.8226203576385265     
   127.80000000000001        6.2400000000000002      -0.32599265905678249     
   127.80000000000001        6.3200000000000003       -6.0880779777830822     
   127.80000000000001        6.4000000000000004       -10.567427003711703     
   127.80000000000001        6.4800000000000004       -14.103149802781061     
   127.80000000000001        6.5600000000000005       -16.728649718646189     
   127.80000000000001        6.6400000000000006       -18.721238333655464     
   127.80000000000001        6.7200000000000006       -20.079348078997000     
   127.80000000000001        6.7999999999999998       -20.987027237665675     
   127.80000000000001        6.8799999999999999       -21.530226867924352     
   127.80000000000001        6.9600000000000000       -21.744735049623344     
   127.80000000000001        7.0400000000000000       -21.729127391618398     
   127.80000000000001        7.1200000000000001       -21.500236129080964     
   127.80000000000001        7.2000000000000002       -21.132365618233774     
   127.80000000000001        7.2799999999999994       -20.633983299782908     
   127.80000000000001        7.3599999999999994       -20.051769547458633     
   127.80000000000001        7.4399999999999995       -19.408958412729536     
   127.80000000000001        7.5199999999999996       -18.719294843044391     
   127.80000000000001        7.5999999999999996       -18.003852437088486     
   127.80000000000001        7.6799999999999997       -17.272582155031909     
   127.80000000000001        7.7599999999999998       -16.537359723715202     
   127.80000000000001        7.8399999999999999       -15.807072073027784     
   127.80000000000001        7.9199999999999999       -15.087626404015767     
   127.80000000000001        8.0000000000000000       -14.382953626710906     
   127.80000000000001        8.0800000000000001       -13.699305116484249     
   127.80000000000001        8.1600000000000001       -13.036007780659062     
   127.80000000000001        8.2400000000000002       -12.399390504428986     
   127.80000000000001        8.3200000000000003       -11.785387639432429     
   127.80000000000001        8.4000000000000004       -11.200864352571903     
   127.80000000000001        8.4800000000000004       -10.642006533393509     
   127.80000000000001        8.5599999999999987       -10.107775222159509     
   127.80000000000001        8.6400000000000006       -9.6015734143258271     
   127.80000000000001        8.7199999999999989       -9.1184895380537192     
   127.80000000000001        8.8000000000000007       -8.6626662039273015     
   127.80000000000001        8.8799999999999990       -8.2299379591311030     
   127.80000000000001        8.9600000000000009       -7.8191169882019400     
   127.80000000000001        9.0399999999999991       -7.4315277185027142     
   127.80000000000001        9.1200000000000010       -7.0634363083588489     
   127.80000000000001        9.1999999999999993       -6.7169622716674917     
   127.80000000000001        9.2800000000000011       -6.3876393979866588     
   127.80000000000001        9.3599999999999994       -6.0782269652648893     
   127.80000000000001        9.4400000000000013       -5.7852455494955786     
   127.80000000000001        9.5199999999999996       -5.5075229309525922     
   127.80000000000001        9.5999999999999996       -5.2459060388974272     
   127.80000000000001        9.6799999999999997       -4.9975087273839343     
   127.80000000000001        9.7599999999999998       -4.7637619044648147     
   127.80000000000001        9.8399999999999999       -4.5414271614575972     
   127.80000000000001        9.9199999999999999       -4.3323775652528917     
   127.80000000000001        10.000000000000000       -4.1341764361110007     
   127.80000000000001        10.080000000000000       -3.9459582694130768     
   127.80000000000001        10.160000000000000       -3.7683481097962019     
   127.80000000000001        10.240000000000000       -3.5993358677829699     
   127.80000000000001        10.320000000000000       -3.4399327548403442     
   127.80000000000001        10.400000000000000       -3.2879323975049282     
   127.80000000000001        10.480000000000000       -3.1446347330698958     
   127.80000000000001        10.559999999999999       -3.0084126458408376     
   127.80000000000001        10.640000000000001       -2.8786734795866713     
   127.80000000000001        10.719999999999999       -2.7559021900839715     
   127.80000000000001        10.800000000000001       -2.6387299669881568     
   127.80000000000001        10.879999999999999       -2.5278918120404912     
   127.80000000000001        10.960000000000001       -2.4218942851784093     
   127.80000000000001        11.039999999999999       -2.3216604396928635     
   127.80000000000001        11.120000000000001       -2.2261041935176000     
   127.80000000000001        11.199999999999999       -2.1348231333350869     
   127.80000000000001        11.280000000000001       -2.0481983089005218     
   127.80000000000001        11.359999999999999       -1.9652883211102625     
   127.80000000000001        11.440000000000001       -1.8866378620024538     
   127.80000000000001        11.520000000000000       -1.8115193206909057     
   127.80000000000001        11.600000000000000       -1.7397030975760841     
   127.80000000000001        11.680000000000000       -1.6713494158207061     
   127.80000000000001        11.760000000000000       -1.6058804299970384     
   127.80000000000001        11.840000000000000       -1.5435962252066955     
   127.80000000000001        11.920000000000000       -1.4838351794145175     
   127.80000000000001        12.000000000000000       -1.4270067903268295     
   129.60000000000002        4.0000000000000000        4771.4569827497380     
   129.60000000000002        4.0800000000000001        4081.0887693744721     
   129.60000000000002        4.1600000000000001        3483.9628983485509     
   129.60000000000002        4.2400000000000002        2966.5651008438936     
   129.60000000000002        4.3200000000000003        2526.0878792362282     
   129.60000000000002        4.4000000000000004        2143.5558159588768     
   129.60000000000002        4.4800000000000004        1819.6868609122098     
   129.60000000000002        4.5600000000000005        1537.8421773145867     
   129.60000000000002        4.6399999999999997        1300.6007583125520     
   129.60000000000002        4.7199999999999998        1096.5746432867104     
   129.60000000000002        4.7999999999999998        920.72728935616897     
   129.60000000000002        4.8799999999999999        772.23017214633160     
   129.60000000000002        4.9600000000000000        644.05178930165823     
   129.60000000000002        5.0400000000000000        536.55102019779520     
   129.60000000000002        5.1200000000000001        443.65351141149688     
   129.60000000000002        5.2000000000000002        366.32201346531042     
   129.60000000000002        5.2800000000000002        300.46093085600455     
   129.60000000000002        5.3600000000000003        244.23578157177454     
   129.60000000000002        5.4399999999999995        197.39698574078790     
   129.60000000000002        5.5199999999999996        157.41921034798884     
   129.60000000000002        5.5999999999999996        124.44056818153815     
   129.60000000000002        5.6799999999999997        96.322477943135880     
   129.60000000000002        5.7599999999999998        73.390576028232303     
   129.60000000000002        5.8399999999999999        54.227330894166599     
   129.60000000000002        5.9199999999999999        38.189055017235773     
   129.60000000000002        6.0000000000000000        25.193373663539500     
   129.60000000000002        6.0800000000000001        14.376995573589527     
   129.60000000000002        6.1600000000000001        5.7778976520067440     
   129.60000000000002        6.2400000000000002       -1.1948122801851055     
   129.60000000000002        6.3200000000000003       -6.8082464850323197     
   129.60000000000002        6.4000000000000004       -11.164467538811758     
   129.60000000000002        6.4800000000000004       -14.596080332844707     
   129.60000000000002        6.5600000000000005       -17.136090647300517     
   129.60000000000002        6.6400000000000006       -19.056343602950374     
   129.60000000000002        6.7200000000000006       -20.355570477363862     
   129.60000000000002        6.7999999999999998       -21.214145540479375     
   129.60000000000002        6.8799999999999999       -21.716352880432346     
   129.60000000000002        6.9600000000000000       -21.897427116930015     
   129.60000000000002        7.0400000000000000       -21.853882900639192     
   129.60000000000002        7.1200000000000001       -21.602410248942238     
   129.60000000000002        7.2000000000000002       -21.215653832152192     
   129.60000000000002        7.2799999999999994       -20.702145155918625     
   129.60000000000002        7.3599999999999994       -20.107484603382936     
   129.60000000000002        7.4399999999999995       -19.454411368233004     
   129.60000000000002        7.5199999999999996       -18.756512436182110     
   129.60000000000002        7.5999999999999996       -18.034274536036467     
   129.60000000000002        7.6799999999999997       -17.297604575893068     
   129.60000000000002        7.7599999999999998       -16.557923634654315     
   129.60000000000002        7.8399999999999999       -15.824129675519750     
   129.60000000000002        7.9199999999999999       -15.101842916545996     
   129.60000000000002        8.0000000000000000       -14.394861947878404     
   129.60000000000002        8.0800000000000001       -13.709397029930454     
   129.60000000000002        8.1600000000000001       -13.044624269951633     
   129.60000000000002        8.2400000000000002       -12.406860052728973     
   129.60000000000002        8.3200000000000003       -11.791926378244439     
   129.60000000000002        8.4000000000000004       -11.206689269305247     
   129.60000000000002        8.4800000000000004       -10.647265844605618     
   129.60000000000002        8.5599999999999987       -10.112585300689211     
   129.60000000000002        8.6400000000000006       -9.6060406902032867     
   129.60000000000002        8.7199999999999989       -9.1226857308510940     
   129.60000000000002        8.8000000000000007       -8.6666595594373899     
   129.60000000000002        8.8799999999999990       -8.2337751736727700     
   129.60000000000002        8.9600000000000009       -7.8228346628646923     
   129.60000000000002        9.0399999999999991       -7.4351573315027677     
   129.60000000000002        9.1200000000000010       -7.0669993433762803     
   129.60000000000002        9.1999999999999993       -6.7204777892004337     
   129.60000000000002        9.2800000000000011       -6.3911195559225016     
   129.60000000000002        9.3599999999999994       -6.0816827465078989     
   129.60000000000002        9.4400000000000013       -5.7886838575128747     
   129.60000000000002        9.5199999999999996       -5.5109486725629742     
   129.60000000000002        9.5999999999999996       -5.2493229073142915     
   129.60000000000002        9.6799999999999997       -5.0009187510763322     
   129.60000000000002        9.7599999999999998       -4.7671663285421984     
   129.60000000000002        9.8399999999999999       -4.5448263291761570     
   129.60000000000002        9.9199999999999999       -4.3357711853059993     
   129.60000000000002        10.000000000000000       -4.1375637855967451     
   129.60000000000002        10.080000000000000       -3.9493383407315457     
   129.60000000000002        10.160000000000000       -3.7717194784497878     
   129.60000000000002        10.240000000000000       -3.6026971382218234     
   129.60000000000002        10.320000000000000       -3.4432821159015217     
   129.60000000000002        10.400000000000000       -3.2912682966264866     
   129.60000000000002        10.480000000000000       -3.1479551654392819     
   129.60000000000002        10.559999999999999       -3.0117158557394714     
   129.60000000000002        10.640000000000001       -2.8819577712535884     
   129.60000000000002        10.719999999999999       -2.7591656512120628     
   129.60000000000002        10.800000000000001       -2.6419710032598402     
   129.60000000000002        10.879999999999999       -2.5311085634559132     
   129.60000000000002        10.960000000000001       -2.4250852992830794     
   129.60000000000002        11.039999999999999       -2.3248239583910597     
   129.60000000000002        11.120000000000001       -2.2292387766073425     
   129.60000000000002        11.199999999999999       -2.1379274611649386     
   129.60000000000002        11.280000000000001       -2.0512709492138859     
   129.60000000000002        11.359999999999999       -1.9683281412929561     
   129.60000000000002        11.440000000000001       -1.8896435853332945     
   129.60000000000002        11.520000000000000       -1.8144899138293840     
   129.60000000000002        11.600000000000000       -1.7426376213501855     
   129.60000000000002        11.680000000000000       -1.6742469229978065     
   129.60000000000002        11.760000000000000       -1.6087401665244070     
   129.60000000000002        11.840000000000000       -1.5464174061277183     
   129.60000000000002        11.920000000000000       -1.4866172218682934     
   129.60000000000002        12.000000000000000       -1.4297490730171658     
   131.40000000000001        4.0000000000000000        4734.3761214623082     
   131.40000000000001        4.0800000000000001        4046.0069899235273     
   131.40000000000001        4.1600000000000001        3451.3207759469547     
   131.40000000000001        4.2400000000000002        2936.6012066043299     
   131.40000000000001        4.3200000000000003        2498.8967906378612     
   131.40000000000001        4.4000000000000004        2119.1172143879376     
   131.40000000000001        4.4800000000000004        1797.8905382474236     
   131.40000000000001        4.5600000000000005        1518.5535529048248     
   131.40000000000001        4.6399999999999997        1283.6181098102327     
   131.40000000000001        4.7199999999999998        1081.7076012611053     
   131.40000000000001        4.7999999999999998        907.78695451255442     
   131.40000000000001        4.8799999999999999        761.00633317620998     
   131.40000000000001        4.9600000000000000        634.37073771023893     
   131.40000000000001        5.0400000000000000        528.21893110766325     
   131.40000000000001        5.1200000000000001        436.52330474659072     
   131.40000000000001        5.2000000000000002        360.22621871988662     
   131.40000000000001        5.2800000000000002        295.26908665825874     
   131.40000000000001        5.3600000000000003        239.83365681833496     
   131.40000000000001        5.4399999999999995        193.66880672204201     
   131.40000000000001        5.5199999999999996        154.27753456784831     
   131.40000000000001        5.5999999999999996        121.79350192312636     
   131.40000000000001        5.6799999999999997        94.104667192665943     
   131.40000000000001        5.7599999999999998        71.530702732969445     
   131.40000000000001        5.8399999999999999        52.672563250943313     
   131.40000000000001        5.9199999999999999        36.894947898677565     
   131.40000000000001        6.0000000000000000        24.116036600867780     
   131.40000000000001        6.0800000000000001        13.484615184577674     
   131.40000000000001        6.1600000000000001        5.0377396364103380     
   131.40000000000001        6.2400000000000002       -1.8070076640066417     
   131.40000000000001        6.3200000000000003       -7.3129304987062067     
   131.40000000000001        6.4000000000000004       -11.580730311571141     
   131.40000000000001        6.4800000000000004       -14.938089917823362     
   131.40000000000001        6.5600000000000005       -17.417649533958144     
   131.40000000000001        6.6400000000000006       -19.287149210584094     
   131.40000000000001        6.7200000000000006       -20.545473269105525     
   131.40000000000001        6.7999999999999998       -21.370250823542573     
   131.40000000000001        6.8799999999999999       -21.844510130735991     
   131.40000000000001        6.9600000000000000       -22.003036854647799     
   131.40000000000001        7.0400000000000000       -21.940835012902539     
   131.40000000000001        7.1200000000000001       -21.674451768157247     
   131.40000000000001        7.2000000000000002       -21.275341247086331     
   131.40000000000001        7.2799999999999994       -20.752044534901376     
   131.40000000000001        7.3599999999999994       -20.149398507694372     
   131.40000000000001        7.4399999999999995       -19.489789547600601     
   131.40000000000001        7.5199999999999996       -18.786678429871298     
   131.40000000000001        7.5999999999999996       -18.060153377915004     
   131.40000000000001        7.6799999999999997       -17.320076846865032     
   131.40000000000001        7.7599999999999998       -16.577572663526009     
   131.40000000000001        7.8399999999999999       -15.841533922523741     
   131.40000000000001        7.9199999999999999       -15.117398310290911     
   131.40000000000001        8.0000000000000000       -14.408880033271483     
   131.40000000000001        8.0800000000000001       -13.722159759066408     
   131.40000000000001        8.1600000000000001       -13.056323666768380     
   131.40000000000001        8.2400000000000002       -12.417677995600876     
   131.40000000000001        8.3200000000000003       -11.801980948286969     
   131.40000000000001        8.4000000000000004       -11.216097863353692     
   131.40000000000001        8.4800000000000004       -10.656108374706983     
   131.40000000000001        8.5599999999999987       -10.120924762657630     
   131.40000000000001        8.6400000000000006       -9.6139355623769660     
   131.40000000000001        8.7199999999999989       -9.1301764468066828     
   131.40000000000001        8.8000000000000007       -8.6737863545897298     
   131.40000000000001        8.8799999999999990       -8.2405674043244002     
   131.40000000000001        8.9600000000000009       -7.8293171607158447     
   131.40000000000001        9.0399999999999991       -7.4413538183788779     
   131.40000000000001        9.1200000000000010       -7.0729281566661566     
   131.40000000000001        9.1999999999999993       -6.7261579554964488     
   131.40000000000001        9.2800000000000011       -6.3965654791409499     
   131.40000000000001        9.3599999999999994       -6.0869105718646912     
   131.40000000000001        9.4400000000000013       -5.7937066101749819     
   131.40000000000001        9.5199999999999996       -5.5157783073545756     
   131.40000000000001        9.5999999999999996       -5.2539719640682812     
   131.40000000000001        9.6799999999999997       -5.0053975049055355     
   131.40000000000001        9.7599999999999998       -4.7714861810179139     
   131.40000000000001        9.8399999999999999       -4.5489961824420515     
   131.40000000000001        9.9199999999999999       -4.3398014309463200     
   131.40000000000001        10.000000000000000       -4.1414629245841512     
   131.40000000000001        10.080000000000000       -3.9531141974278601     
   131.40000000000001        10.160000000000000       -3.7753803515511462     
   131.40000000000001        10.240000000000000       -3.6062497271323384     
   131.40000000000001        10.320000000000000       -3.4467338532650333     
   131.40000000000001        10.400000000000000       -3.2946248560479847     
   131.40000000000001        10.480000000000000       -3.1512231244790501     
   131.40000000000001        10.559999999999999       -3.0149004714548702     
   131.40000000000001        10.640000000000001       -2.8850637755816537     
   131.40000000000001        10.719999999999999       -2.7621980137949915     
   131.40000000000001        10.800000000000001       -2.6449336200699474     
   131.40000000000001        10.879999999999999       -2.5340057109570866     
   131.40000000000001        10.960000000000001       -2.4279201493622602     
   131.40000000000001        11.039999999999999       -2.3276001492250433     
   131.40000000000001        11.120000000000001       -2.2319591454951122     
   131.40000000000001        11.199999999999999       -2.1405945075379260     
   131.40000000000001        11.280000000000001       -2.0538872774473691     
   131.40000000000001        11.359999999999999       -1.9708957404262057     
   131.40000000000001        11.440000000000001       -1.8921646249077999     
   131.40000000000001        11.520000000000000       -1.8169661018168177     
   131.40000000000001        11.600000000000000       -1.7450704800898167     
   131.40000000000001        11.680000000000000       -1.6766379656429771     
   131.40000000000001        11.760000000000000       -1.6110905893685306     
   131.40000000000001        11.840000000000000       -1.5487284582462262     
   131.40000000000001        11.920000000000000       -1.4888898426905424     
   131.40000000000001        12.000000000000000       -1.4319842945010559     
   133.20000000000002        4.0000000000000000        4723.0700169797601     
   133.20000000000002        4.0800000000000001        4032.9314027417367     
   133.20000000000002        4.1600000000000001        3437.4542491024499     
   133.20000000000002        4.2400000000000002        2922.6364650350101     
   133.20000000000002        4.3200000000000003        2485.3606520798076     
   133.20000000000002        4.4000000000000004        2106.3108554609657     
   133.20000000000002        4.4800000000000004        1786.0250777763051     
   133.20000000000002        4.5600000000000005        1507.7219609962717     
   133.20000000000002        4.6399999999999997        1273.8573228973344     
   133.20000000000002        4.7199999999999998        1073.0029952264094     
   133.20000000000002        4.7999999999999998        900.09736131580985     
   133.20000000000002        4.8799999999999999        754.26358674212452     
   133.20000000000002        4.9600000000000000        628.50578509363231     
   133.20000000000002        5.0400000000000000        523.14362303290773     
   133.20000000000002        5.1200000000000001        432.16471441591449     
   133.20000000000002        5.2000000000000002        356.49545106520833     
   133.20000000000002        5.2800000000000002        292.09330640712324     
   133.20000000000002        5.3600000000000003        237.14689168423084     
   133.20000000000002        5.4399999999999995        191.40218610617265     
   133.20000000000002        5.5199999999999996        152.37786676095024     
   133.20000000000002        5.5999999999999996        120.20385124777081     
   133.20000000000002        5.6799999999999997        92.783998428060755     
   133.20000000000002        5.7599999999999998        70.433744404475945     
   133.20000000000002        5.8399999999999999        51.765516412063853     
   133.20000000000002        5.9199999999999999        36.149251083498200     
   133.20000000000002        6.0000000000000000        23.503407248914623     
   133.20000000000002        6.0800000000000001        12.984538624892632     
   133.20000000000002        6.1600000000000001        4.6291385616036349     
   133.20000000000002        6.2400000000000002       -2.1396994353338763     
   133.20000000000002        6.3200000000000003       -7.5827717998443180     
   133.20000000000002        6.4000000000000004       -11.799823767666899     
   133.20000000000002        6.4800000000000004       -15.115339147131618     
   133.20000000000002        6.5600000000000005       -17.561630578377443     
   133.20000000000002        6.6400000000000006       -19.403811818499008     
   133.20000000000002        6.7200000000000006       -20.640763983402312     
   133.20000000000002        6.7999999999999998       -21.448378753589065     
   133.20000000000002        6.8799999999999999       -21.908874561064458     
   133.20000000000002        6.9600000000000000       -22.056701710435693     
   133.20000000000002        7.0400000000000000       -21.985949635954999     
   133.20000000000002        7.1200000000000001       -21.713021885465214     
   133.20000000000002        7.2000000000000002       -21.308689861546025     
   133.20000000000002        7.2799999999999994       -20.781444844437068     
   133.20000000000002        7.3599999999999994       -20.175702633848605     
   133.20000000000002        7.4399999999999995       -19.513650340824952     
   133.20000000000002        7.5199999999999996       -18.808656419522322     
   133.20000000000002        7.5999999999999996       -18.080614513080238     
   133.20000000000002        7.6799999999999997       -17.339341593084722     
   133.20000000000002        7.7599999999999998       -16.595834891106882     
   133.20000000000002        7.8399999999999999       -15.858964710274220     
   133.20000000000002        7.9199999999999999       -15.134099540653208     
   133.20000000000002        8.0000000000000000       -14.424921117492643     
   133.20000000000002        8.0800000000000001       -13.737592590673618     
   133.20000000000002        8.1600000000000001       -13.071176535294255     
   133.20000000000002        8.2400000000000002       -12.431971117739096     
   133.20000000000002        8.3200000000000003       -11.815723912622820     
   133.20000000000002        8.4000000000000004       -11.229297361741878     
   133.20000000000002        8.4800000000000004       -10.668767967842786     
   133.20000000000002        8.5599999999999987       -10.133047427337781     
   133.20000000000002        8.6400000000000006       -9.6255254050029659     
   133.20000000000002        8.7199999999999989       -9.1412380586277990     
   133.20000000000002        8.8000000000000007       -8.6843273878726848     
   133.20000000000002        8.8799999999999990       -8.2505965820023928     
   133.20000000000002        8.9600000000000009       -7.8388448509198652     
   133.20000000000002        9.0399999999999991       -7.4503935691375114     
   133.20000000000002        9.1200000000000010       -7.0814934478257419     
   133.20000000000002        9.1999999999999993       -6.7342662149991606     
   133.20000000000002        9.2800000000000011       -6.4042323384810098     
   133.20000000000002        9.3599999999999994       -6.0941564135538373     
   133.20000000000002        9.4400000000000013       -5.8005500103532635     
   133.20000000000002        9.5199999999999996       -5.5222378842472191     
   133.20000000000002        9.5999999999999996       -5.2600688535371658     
   133.20000000000002        9.6799999999999997       -5.0111501358634909     
   133.20000000000002        9.7599999999999998       -4.7769161307334986     
   133.20000000000002        9.8399999999999999       -4.5541210083306920     
   133.20000000000002        9.9199999999999999       -4.3446424161101085     
   133.20000000000002        10.000000000000000       -4.1460380361070923     
   133.20000000000002        10.080000000000000       -3.9574403680722714     
   133.20000000000002        10.160000000000000       -3.7794759549495662     
   133.20000000000002        10.240000000000000       -3.6101298838490083     
   133.20000000000002        10.320000000000000       -3.4504156489616551     
   133.20000000000002        10.400000000000000       -3.2981215345022759     
   133.20000000000002        10.480000000000000       -3.1545502839431130     
   133.20000000000002        10.559999999999999       -3.0180707625189753     
   133.20000000000002        10.640000000000001       -2.8880887241063515     
   133.20000000000002        10.719999999999999       -2.7650898834378475     
   133.20000000000002        10.800000000000001       -2.6477021405170063     
   133.20000000000002        10.879999999999999       -2.5366616964304338     
   133.20000000000002        10.960000000000001       -2.4304717103569797     
   133.20000000000002        11.039999999999999       -2.3300567026659458     
   133.20000000000002        11.120000000000001       -2.2343281218468953     
   133.20000000000002        11.199999999999999       -2.1428825170042840     
   133.20000000000002        11.280000000000001       -2.0561012814923183     
   133.20000000000002        11.359999999999999       -1.9730411067260556     
   133.20000000000002        11.440000000000001       -1.8942472645493571     
   133.20000000000002        11.520000000000000       -1.8189907087100914     
   133.20000000000002        11.600000000000000       -1.7470412660726344     
   133.20000000000002        11.680000000000000       -1.6785591418828616     
   133.20000000000002        11.760000000000000       -1.6129654989303956     
   133.20000000000002        11.840000000000000       -1.5505605988064068     
   133.20000000000002        11.920000000000000       -1.4906818440007366     
   133.20000000000002        12.000000000000000       -1.4337390341834388     
   135.00000000000000        4.0000000000000000        4739.4488480876971     
   135.00000000000000        4.0800000000000001        4043.4745235797131     
   135.00000000000000        4.1600000000000001        3443.7229325997978     
   135.00000000000000        4.2400000000000002        2925.8151861410593     
   135.00000000000000        4.3200000000000003        2486.4440212214040     
   135.00000000000000        4.4000000000000004        2105.9478034876201     
   135.00000000000000        4.4800000000000004        1784.7740800139459     
   135.00000000000000        4.5600000000000005        1505.9218165952436     
   135.00000000000000        4.6399999999999997        1271.8026052038292     
   135.00000000000000        4.7199999999999998        1070.8686494342305     
   135.00000000000000        4.7999999999999998        898.00145293694038     
   135.00000000000000        4.8799999999999999        752.29092266175576     
   135.00000000000000        4.9600000000000000        626.69992195243640     
   135.00000000000000        5.0400000000000000        521.53001058208258     
   135.00000000000000        5.1200000000000001        430.75006654375341     
   135.00000000000000        5.2000000000000002        355.27517570889592     
   135.00000000000000        5.2800000000000002        291.05632990726633     
   135.00000000000000        5.3600000000000003        236.27891565671956     
   135.00000000000000        5.4399999999999995        190.68450941149021     
   135.00000000000000        5.5199999999999996        151.79389665617259     
   135.00000000000000        5.5999999999999996        119.73396638311901     
   135.00000000000000        5.6799999999999997        92.413095756455249     
   135.00000000000000        5.7599999999999998        70.144296617731399     
   135.00000000000000        5.8399999999999999        51.543976113652747     
   135.00000000000000        5.9199999999999999        35.983942093561659     
   135.00000000000000        6.0000000000000000        23.382622513145567     
   135.00000000000000        6.0800000000000001        12.899751528883451     
   135.00000000000000        6.1600000000000001        4.5716281794436986     
   135.00000000000000        6.2400000000000002       -2.1762925927193444     
   135.00000000000000        6.3200000000000003       -7.6036838835843907     
   135.00000000000000        6.4000000000000004       -11.809769083823618     
   135.00000000000000        6.4800000000000004       -15.117658905851300     
   135.00000000000000        6.5600000000000005       -17.559382338005051     
   135.00000000000000        6.6400000000000006       -19.398990576030958     
   135.00000000000000        6.7200000000000006       -20.635198937554453     
   135.00000000000000        6.7999999999999998       -21.443225941778895     
   135.00000000000000        6.8799999999999999       -21.904951260785616     
   135.00000000000000        6.9600000000000000       -22.054610277362109     
   135.00000000000000        7.0400000000000000       -21.986006144070259     
   135.00000000000000        7.1200000000000001       -21.715398191986051     
   135.00000000000000        7.2000000000000002       -21.313409929860036     
   135.00000000000000        7.2799999999999994       -20.788420142635090     
   135.00000000000000        7.3599999999999994       -20.184783991950091     
   135.00000000000000        7.4399999999999995       -19.524650810816336     
   135.00000000000000        7.5199999999999996       -18.821332063270376     
   135.00000000000000        7.5999999999999996       -18.094741472151171     
   135.00000000000000        7.6799999999999997       -17.354648973071466     
   135.00000000000000        7.7599999999999998       -16.612105018410979     
   135.00000000000000        7.8399999999999999       -15.875937673189091     
   135.00000000000000        7.9199999999999999       -15.151565700035690     
   135.00000000000000        8.0000000000000000       -14.442692993845617     
   135.00000000000000        8.0800000000000001       -13.755477541139294     
   135.00000000000000        8.1600000000000001       -13.089028448215807     
   135.00000000000000        8.2400000000000002       -12.449637561056253     
   135.00000000000000        8.3200000000000003       -11.833098277969956     
   135.00000000000000        8.4000000000000004       -11.246267318206172     
   135.00000000000000        8.4800000000000004       -10.685254605213711     
   135.00000000000000        8.5599999999999987       -10.148988572119334     
   135.00000000000000        8.6400000000000006       -9.6408657307081267     
   135.00000000000000        8.7199999999999989       -9.1559426438029465     
   135.00000000000000        8.8000000000000007       -8.6983675170358055     
   135.00000000000000        8.8799999999999990       -8.2639575316749365     
   135.00000000000000        8.9600000000000009       -7.8515201475579230     
   135.00000000000000        9.0399999999999991       -7.4623843613081862     
   135.00000000000000        9.1200000000000010       -7.0928067034679181     
   135.00000000000000        9.1999999999999993       -6.7449161524575141     
   135.00000000000000        9.2800000000000011       -6.4142346883036652     
   135.00000000000000        9.3599999999999994       -6.1035346580025589     
   135.00000000000000        9.4400000000000013       -5.8093274670303359     
   135.00000000000000        9.5199999999999996       -5.5304391806918574     
   135.00000000000000        9.5999999999999996       -5.2677231358206749     
   135.00000000000000        9.6799999999999997       -5.0182835820189622     
   135.00000000000000        9.7599999999999998       -4.7835601280201043     
   135.00000000000000        9.8399999999999999       -4.5603015399882958     
   135.00000000000000        9.9199999999999999       -4.3503914557535932     
   135.00000000000000        10.000000000000000       -4.1513829024464313     
   135.00000000000000        10.080000000000000       -3.9624070342301794     
   135.00000000000000        10.160000000000000       -3.7840928380567425     
   135.00000000000000        10.240000000000000       -3.6144205294630050     
   135.00000000000000        10.320000000000000       -3.4544068323902550     
   135.00000000000000        10.400000000000000       -3.3018341190821223     
   135.00000000000000        10.480000000000000       -3.1580089722207121     
   135.00000000000000        10.559999999999999       -3.0212956854307236     
   135.00000000000000        10.640000000000001       -2.8910982947844981     
   135.00000000000000        10.719999999999999       -2.7679037750796498     
   135.00000000000000        10.800000000000001       -2.6503360198975621     
   135.00000000000000        10.879999999999999       -2.5391330440686026     
   135.00000000000000        10.960000000000001       -2.4327936808769879     
   135.00000000000000        11.039999999999999       -2.3322446261059739     
   135.00000000000000        11.120000000000001       -2.2363941370739830     
   135.00000000000000        11.199999999999999       -2.1448374546492488     
   135.00000000000000        11.280000000000001       -2.0579565842190464     
   135.00000000000000        11.359999999999999       -1.9748056229337283     
   135.00000000000000        11.440000000000001       -1.8959307671763608     
   135.00000000000000        11.520000000000000       -1.8206009796313394     
   135.00000000000000        11.600000000000000       -1.7485853035959849     
   135.00000000000000        11.680000000000000       -1.6800439583367583     
   135.00000000000000        11.760000000000000       -1.6143966710259787     
   135.00000000000000        11.840000000000000       -1.5519439695507509     
   135.00000000000000        11.920000000000000       -1.4920218105406100     
   135.00000000000000        12.000000000000000       -1.4350404097232872     
   136.79999999999998        4.0000000000000000        4785.7945667645154     
   136.79999999999998        4.0800000000000001        4079.5583437783457     
   136.79999999999998        4.1600000000000001        3471.7439282215455     
   136.79999999999998        4.2400000000000002        2947.4956503805729     
   136.79999999999998        4.3200000000000003        2503.2897393348226     
   136.79999999999998        4.4000000000000004        2118.9873803597275     
   136.79999999999998        4.4800000000000004        1794.9448697655484     
   136.79999999999998        4.5600000000000005        1513.8305094478467     
   136.79999999999998        4.6399999999999997        1278.0242413750341     
   136.79999999999998        4.7199999999999998        1075.7843211724366     
   136.79999999999998        4.7999999999999998        901.90221765797503     
   136.79999999999998        4.8799999999999999        755.42759716674129     
   136.79999999999998        4.9600000000000000        629.23813969138268     
   136.79999999999998        5.0400000000000000        523.61823003090853     
   136.79999999999998        5.1200000000000001        432.48114655721508     
   136.79999999999998        5.2000000000000002        356.73560342934474     
   136.79999999999998        5.2800000000000002        292.30167773824490     
   136.79999999999998        5.3600000000000003        237.35058741710009     
   136.79999999999998        5.4399999999999995        191.61782135474320     
   136.79999999999998        5.5199999999999996        152.61161832079389     
   136.79999999999998        5.5999999999999996        120.45656092568720     
   136.79999999999998        5.6799999999999997        93.053287629861586     
   136.79999999999998        5.7599999999999998        70.714295556740154     
   136.79999999999998        5.8399999999999999        52.051916155332734     
   136.79999999999998        5.9199999999999999        36.436207089925226     
   136.79999999999998        6.0000000000000000        23.785215366640934     
   136.79999999999998        6.0800000000000001        13.256941689647487     
   136.79999999999998        6.1600000000000001        4.8878707061742270     
   136.79999999999998        6.2400000000000002       -1.8975492764354671     
   136.79999999999998        6.3200000000000003       -7.3593492120776398     
   136.79999999999998        6.4000000000000004       -11.596699586214427     
   136.79999999999998        6.4800000000000004       -14.933284459670467     
   136.79999999999998        6.5600000000000005       -17.400900153787653     
   136.79999999999998        6.6400000000000006       -19.264198579750794     
   136.79999999999998        6.7200000000000006       -20.521559382481055     
   136.79999999999998        6.7999999999999998       -21.348658462570672     
   136.79999999999998        6.8799999999999999       -21.827537208261241     
   136.79999999999998        6.9600000000000000       -21.992344668981172     
   136.79999999999998        7.0400000000000000       -21.937263775734774     
   136.79999999999998        7.1200000000000001       -21.678409402391136     
   136.79999999999998        7.2000000000000002       -21.286823542429126     
   136.79999999999998        7.2799999999999994       -20.770706139804307     
   136.79999999999998        7.3599999999999994       -20.174733166631938     
   136.79999999999998        7.4399999999999995       -19.521186985024581     
   136.79999999999998        7.5199999999999996       -18.823359211161925     
   136.79999999999998        7.5999999999999996       -18.101410754617618     
   136.79999999999998        7.6799999999999997       -17.365062502037439     
   136.79999999999998        7.7599999999999998       -16.625608484196182     
   136.79999999999998        7.8399999999999999       -15.891813471065726     
   136.79999999999998        7.9199999999999999       -15.169272997968307     
   136.79999999999998        8.0000000000000000       -14.461770882305730     
   136.79999999999998        8.0800000000000001       -13.775472696331432     
   136.79999999999998        8.1600000000000001       -13.109608521495950     
   136.79999999999998        8.2400000000000002       -12.470465346638001     
   136.79999999999998        8.3200000000000003       -11.853942511331958     
   136.79999999999998        8.4000000000000004       -11.266887565028860     
   136.79999999999998        8.4800000000000004       -10.705482841314666     
   136.79999999999998        8.5599999999999987       -10.168691930389960     
   136.79999999999998        8.6400000000000006       -9.6599240134766884     
   136.79999999999998        8.7199999999999989       -9.1742774921121057     
   136.79999999999998        8.8000000000000007       -8.7159098206749253     
   136.79999999999998        8.8799999999999990       -8.2806661412410563     
   136.79999999999998        8.9600000000000009       -7.8673692381534321     
   136.79999999999998        9.0399999999999991       -7.4773603410686711     
   136.79999999999998        9.1200000000000010       -7.1069082927271392     
   136.79999999999998        9.1999999999999993       -6.7581526724042753     
   136.79999999999998        9.2800000000000011       -6.4266207867108092     
   136.79999999999998        9.3599999999999994       -6.1150957237265997     
   136.79999999999998        9.4400000000000013       -5.8200907067138843     
   136.79999999999998        9.5199999999999996       -5.5404345381602731     
   136.79999999999998        9.5999999999999996       -5.2769871399144517     
   136.79999999999998        9.6799999999999997       -5.0268497195950754     
   136.79999999999998        9.7599999999999998       -4.7914691882014546     
   136.79999999999998        9.8399999999999999       -4.5675876665664861     
   136.79999999999998        9.9199999999999999       -4.3570970656337549     
   136.79999999999998        10.000000000000000       -4.1575445095056853     
   136.79999999999998        10.080000000000000       -3.9680595414671767     
   136.79999999999998        10.160000000000000       -3.7892746246578111     
   136.79999999999998        10.240000000000000       -3.6191635252632306     
   136.79999999999998        10.320000000000000       -3.4587474840948862     
   136.79999999999998        10.400000000000000       -3.3058009129936110     
   136.79999999999998        10.480000000000000       -3.1616357396921968     
   136.79999999999998        10.559999999999999       -3.0246100724034024     
   136.79999999999998        10.640000000000001       -2.8941256439153222     
   136.79999999999998        10.719999999999999       -2.7706712257271326     
   136.79999999999998        10.800000000000001       -2.6528652289672925     
   136.79999999999998        10.879999999999999       -2.5414482263545186     
   136.79999999999998        10.960000000000001       -2.4349130919185167     
   136.79999999999998        11.039999999999999       -2.3341895821710787     
   136.79999999999998        11.120000000000001       -2.2381815484759140     
   136.79999999999998        11.199999999999999       -2.1464824325099521     
   136.79999999999998        11.280000000000001       -2.0594751202791595     
   136.79999999999998        11.359999999999999       -1.9762101019542901     
   136.79999999999998        11.440000000000001       -1.8972348891390109     
   136.79999999999998        11.520000000000000       -1.8218156692665732     
   136.79999999999998        11.600000000000000       -1.7497203974670978     
   136.79999999999998        11.680000000000000       -1.6811093245260480     
   136.79999999999998        11.760000000000000       -1.6154001654500576     
   136.79999999999998        11.840000000000000       -1.5528938307558975     
   136.79999999999998        11.920000000000000       -1.4929242426816463     
   136.79999999999998        12.000000000000000       -1.4359022072909824     
   138.59999999999999        4.0000000000000000        4863.3251259495864     
   138.59999999999999        4.0800000000000001        4142.1957500509307     
   138.59999999999999        4.1600000000000001        3522.3580773197418     
   138.59999999999999        4.2400000000000002        2988.3740982061563     
   138.59999999999999        4.3200000000000003        2536.4750946448194     
   138.59999999999999        4.4000000000000004        2145.9066465936735     
   138.59999999999999        4.4800000000000004        1816.9326088219482     
   138.59999999999999        4.5600000000000005        1531.7740187520476     
   138.59999999999999        4.6399999999999997        1292.7920528944653     
   138.59999999999999        4.7199999999999998        1087.9730296381383     
   138.59999999999999        4.7999999999999998        911.98355831316792     
   138.59999999999999        4.8799999999999999        763.82559357929847     
   138.59999999999999        4.9600000000000000        636.24566549832628     
   138.59999999999999        5.0400000000000000        529.51181520816056     
   138.59999999999999        5.1200000000000001        437.44324814042778     
   138.59999999999999        5.2000000000000002        360.94732986614537     
   138.59999999999999        5.2800000000000002        295.88775917635002     
   138.59999999999999        5.3600000000000003        240.41017031288720     
   138.59999999999999        5.4399999999999995        194.24215423757298     
   138.59999999999999        5.5199999999999996        154.86418387943021     
   138.59999999999999        5.5999999999999996        122.39923428352206     
   138.59999999999999        5.6799999999999997        94.727511606952618     
   138.59999999999999        5.7599999999999998        72.162932813256248     
   138.59999999999999        5.8399999999999999        53.305424069242299     
   138.59999999999999        5.9199999999999999        37.519545870081153     
   138.59999999999999        6.0000000000000000        24.722584287524960     
   138.59999999999999        6.0800000000000001        14.065744344428438     
   138.59999999999999        6.1600000000000001        5.5860718824600477     
   138.59999999999999        6.2400000000000002       -1.2964552326539853     
   138.59999999999999        6.3200000000000003       -6.8437505678059640     
   138.59999999999999        6.4000000000000004       -11.155419099085975     
   138.59999999999999        6.4800000000000004       -14.557713520549960     
   138.59999999999999        6.5600000000000005       -17.082254703743416     
   138.59999999999999        6.6400000000000006       -18.995996150035602     
   138.59999999999999        6.7200000000000006       -20.296812006483798     
   138.59999999999999        6.7999999999999998       -21.161990000229288     
   138.59999999999999        6.8799999999999999       -21.674244490949711     
   138.59999999999999        6.9600000000000000       -21.867770564669161     
   138.59999999999999        7.0400000000000000       -21.837809390757030     
   138.59999999999999        7.1200000000000001       -21.600331985783605     
   138.59999999999999        7.2000000000000002       -21.227374881381138     
   138.59999999999999        7.2799999999999994       -20.726892171982136     
   138.59999999999999        7.3599999999999994       -20.144268248229704     
   138.59999999999999        7.4399999999999995       -19.502092013968060     
   138.59999999999999        7.5199999999999996       -18.813672930650643     
   138.59999999999999        7.5999999999999996       -18.099649626359970     
   138.59999999999999        7.6799999999999997       -17.369691727362472     
   138.59999999999999        7.7599999999999998       -16.635530052410584     
   138.59999999999999        7.8399999999999999       -15.905844416348774     
   138.59999999999999        7.9199999999999999       -15.186535497936790     
   138.59999999999999        8.0000000000000000       -14.481525584702094     
   138.59999999999999        8.0800000000000001       -13.797000517961887     
   138.59999999999999        8.1600000000000001       -13.132386999252622     
   138.59999999999999        8.2400000000000002       -12.493968326391895     
   138.59999999999999        8.3200000000000003       -11.877811010357874     
   138.59999999999999        8.4000000000000004       -11.290749548064333     
   138.59999999999999        8.4800000000000004       -10.729078435202164     
   138.59999999999999        8.5599999999999987       -10.191815146800854     
   138.59999999999999        8.6400000000000006       -9.6823872184891187     
   138.59999999999999        8.7199999999999989       -9.1959568959192470     
   138.59999999999999        8.8000000000000007       -8.7366936922341552     
   138.59999999999999        8.8799999999999990       -8.3004851042448689     
   138.59999999999999        8.9600000000000009       -7.8861764669854804     
   138.59999999999999        9.0399999999999991       -7.4951258108765657     
   138.59999999999999        9.1200000000000010       -7.1236210939906659     
   138.59999999999999        9.1999999999999993       -6.7738157339309701     
   138.59999999999999        9.2800000000000011       -6.4412465106944037     
   138.59999999999999        9.3599999999999994       -6.1287100810506878     
   138.59999999999999        9.4400000000000013       -5.8327237178595013     
   138.59999999999999        9.5199999999999996       -5.5521204776090816     
   138.59999999999999        9.5999999999999996       -5.2877688921956318     
   138.59999999999999        9.6799999999999997       -5.0367672467793572     
   138.59999999999999        9.7599999999999998       -4.8005717675700126     
   138.59999999999999        9.8399999999999999       -4.5759168975646176     
   138.59999999999999        9.9199999999999999       -4.3647049962913700     
   138.59999999999999        10.000000000000000       -4.1644761923279345     
   138.59999999999999        10.080000000000000       -3.9743582105333930     
   138.59999999999999        10.160000000000000       -3.7949879913346303     
   138.59999999999999        10.240000000000000       -3.6243313982044065     
   138.59999999999999        10.320000000000000       -3.4634154228247884     
   138.59999999999999        10.400000000000000       -3.3100046010995068     
   138.59999999999999        10.480000000000000       -3.1654176434110077     
   138.59999999999999        10.559999999999999       -3.0280049566458040     
   138.59999999999999        10.640000000000001       -2.8971654226887673     
   138.59999999999999        10.719999999999999       -2.7733901255807583     
   138.59999999999999        10.800000000000001       -2.6552905972186802     
   138.59999999999999        10.879999999999999       -2.5436106792727338     
   138.59999999999999        10.960000000000001       -2.4368357361716138     
   138.59999999999999        11.039999999999999       -2.3358994293739439     
   138.59999999999999        11.120000000000001       -2.2397000498107271     
   138.59999999999999        11.199999999999999       -2.1478287733948171     
   138.59999999999999        11.280000000000001       -2.0606696228208103     
   138.59999999999999        11.359999999999999       -1.9772685173342031     
   138.59999999999999        11.440000000000001       -1.8981746554654959     
   138.59999999999999        11.520000000000000       -1.8226507025691814     
   138.59999999999999        11.600000000000000       -1.7504632352489553     
   138.59999999999999        11.680000000000000       -1.6817725518109854     
   138.59999999999999        11.760000000000000       -1.6159938059566870     
   138.59999999999999        11.840000000000000       -1.5534284006586188     
   138.59999999999999        11.920000000000000       -1.4934076635349516     
   138.59999999999999        12.000000000000000       -1.4363431556986577     
   140.40000000000001        4.0000000000000000        4973.4474534774918     
   140.40000000000001        4.0800000000000001        4232.5545776334893     
   140.40000000000001        4.1600000000000001        3596.5331717985596     
   140.40000000000001        4.2400000000000002        3049.2506118998035     
   140.40000000000001        4.3200000000000003        2586.6625616749320     
   140.40000000000001        4.4000000000000004        2187.2523676302367     
   140.40000000000001        4.4800000000000004        1851.1897167057132     
   140.40000000000001        4.5600000000000005        1560.1251950850869     
   140.40000000000001        4.6399999999999997        1316.4144123143576     
   140.40000000000001        4.7199999999999998        1107.6894793682097     
   140.40000000000001        4.7999999999999998        928.45537316815114     
   140.40000000000001        4.8799999999999999        777.65828398828262     
   140.40000000000001        4.9600000000000000        647.86527492671769     
   140.40000000000001        5.0400000000000000        539.32874957394552     
   140.40000000000001        5.1200000000000001        445.73351647091130     
   140.40000000000001        5.2000000000000002        367.99071274972465     
   140.40000000000001        5.2800000000000002        301.88101432311817     
   140.40000000000001        5.3600000000000003        245.51251687362813     
   140.40000000000001        5.4399999999999995        198.60295886409469     
   140.40000000000001        5.5199999999999996        158.58918420736029     
   140.40000000000001        5.5999999999999996        125.59323264433887     
   140.40000000000001        5.6799999999999997        97.461686376844057     
   140.40000000000001        5.7599999999999998        74.511845931292967     
   140.40000000000001        5.8399999999999999        55.322590176288443     
   140.40000000000001        5.9199999999999999        39.249092359889133     
   140.40000000000001        6.0000000000000000        26.207464009535535     
   140.40000000000001        6.0800000000000001        15.336882751914501     
   140.40000000000001        6.1600000000000001        6.6753267298318235     
   140.40000000000001        6.2400000000000002      -0.36527001342401649     
   140.40000000000001        6.3200000000000003       -6.0502782465297695     
   140.40000000000001        6.4000000000000004       -10.480245854748132     
   140.40000000000001        6.4800000000000004       -13.986045603200635     
   140.40000000000001        6.5600000000000005       -16.599187238300360     
   140.40000000000001        6.6400000000000006       -18.590670098181487     
   140.40000000000001        6.7200000000000006       -19.957693104608111     
   140.40000000000001        6.7999999999999998       -20.880337912297520     
   140.40000000000001        6.8799999999999999       -21.442515629032393     
   140.40000000000001        6.9600000000000000       -21.678604247780502     
   140.40000000000001        7.0400000000000000       -21.685596002441706     
   140.40000000000001        7.1200000000000001       -21.479319807585103     
   140.40000000000001        7.2000000000000002       -21.133393937691224     
   140.40000000000001        7.2799999999999994       -20.655459097565672     
   140.40000000000001        7.3599999999999994       -20.092002786683331     
   140.40000000000001        7.4399999999999995       -19.466097117464813     
   140.40000000000001        7.5199999999999996       -18.791107878100576     
   140.40000000000001        7.5999999999999996       -18.088385797570815     
   140.40000000000001        7.6799999999999997       -17.367546982196622     
   140.40000000000001        7.7599999999999998       -16.640955360075289     
   140.40000000000001        7.8399999999999999       -15.917183642446197     
   140.40000000000001        7.9199999999999999       -15.202568028266368     
   140.40000000000001        8.0000000000000000       -14.501228681816167     
   140.40000000000001        8.0800000000000001       -13.819384410299731     
   140.40000000000001        8.1600000000000001       -13.156735398114456     
   140.40000000000001        8.2400000000000002       -12.519562186572058     
   140.40000000000001        8.3200000000000003       -11.904160769475080     
   140.40000000000001        8.4000000000000004       -11.317348332441837     
   140.40000000000001        8.4800000000000004       -10.755572008908947     
   140.40000000000001        8.5599999999999987       -10.217922178160789     
   140.40000000000001        8.6400000000000006       -9.7078502948125340     
   140.40000000000001        8.7199999999999989       -9.2206049765095468     
   140.40000000000001        8.8000000000000007       -8.7603703882056987     
   140.40000000000001        8.8799999999999990       -8.3230911573811586     
   140.40000000000001        8.9600000000000009       -7.9076425269903021     
   140.40000000000001        9.0399999999999991       -7.5154038441950579     
   140.40000000000001        9.1200000000000010       -7.1426892633265453     
   140.40000000000001        9.1999999999999993       -6.7916691570201424     
   140.40000000000001        9.2800000000000011       -6.4578942291170200     
   140.40000000000001        9.3599999999999994       -6.1441773613976416     
   140.40000000000001        9.4400000000000013       -5.8470423363063597     
   140.40000000000001        9.5199999999999996       -5.5653280573053925     
   140.40000000000001        9.5999999999999996       -5.2999136357187888     
   140.40000000000001        9.6799999999999997       -5.0478947376975283     
   140.40000000000001        9.7599999999999998       -4.8107388217272895     
   140.40000000000001        9.8399999999999999       -4.5851718274161746     
   140.40000000000001        9.9199999999999999       -4.3731086122341010     
   140.40000000000001        10.000000000000000       -4.1720813725700046     
   140.40000000000001        10.080000000000000       -3.9812158614133408     
   140.40000000000001        10.160000000000000       -3.8011544532870416     
   140.40000000000001        10.240000000000000       -3.6298537867361782     
   140.40000000000001        10.320000000000000       -3.4683477690280338     
   140.40000000000001        10.400000000000000       -3.3143892907611572     
   140.40000000000001        10.480000000000000       -3.1693051948731061     
   140.40000000000001        10.559999999999999       -3.0314367799065542     
   140.40000000000001        10.640000000000001       -2.9001795693244317     
   140.40000000000001        10.719999999999999       -2.7760274441936041     
   140.40000000000001        10.800000000000001       -2.6575837530517048     
   140.40000000000001        10.879999999999999       -2.5455962709138604     
   140.40000000000001        10.960000000000001       -2.4385414030163095     
   140.40000000000001        11.039999999999999       -2.3373575025490245     
   140.40000000000001        11.120000000000001       -2.2409362194620672     
   140.40000000000001        11.199999999999999       -2.1488660261319223     
   140.40000000000001        11.280000000000001       -2.0615323176224205     
   140.40000000000001        11.359999999999999       -1.9779755409148077     
   140.40000000000001        11.440000000000001       -1.8987469238662407     
   140.40000000000001        11.520000000000000       -1.8231049114658442     
   140.40000000000001        11.600000000000000       -1.7508144288768177     
   140.40000000000001        11.680000000000000       -1.6820358330091305     
   140.40000000000001        11.760000000000000       -1.6161812041694403     
   140.40000000000001        11.840000000000000       -1.5535525354709911     
   140.40000000000001        11.920000000000000       -1.4934780394985281     
   140.40000000000001        12.000000000000000       -1.4363701801740101     
   142.20000000000002        4.0000000000000000        5116.8273630228568     
   142.20000000000002        4.0800000000000001        4351.1696326335095     
   142.20000000000002        4.1600000000000001        3694.6967194003032     
   142.20000000000002        4.2400000000000002        3130.4647536250068     
   142.20000000000002        4.3200000000000003        2654.1214772800163     
   142.20000000000002        4.4000000000000004        2243.2363283846221     
   142.20000000000002        4.4800000000000004        1897.8825560763328     
   142.20000000000002        4.5600000000000005        1599.0132105074372     
   142.20000000000002        4.6399999999999997        1348.9915223686860     
   142.20000000000002        4.7199999999999998        1135.0106531779927     
   142.20000000000002        4.7999999999999998        951.37603265776318     
   142.20000000000002        4.8799999999999999        796.96961685792337     
   142.20000000000002        4.9600000000000000        664.12941213019644     
   142.20000000000002        5.0400000000000000        553.09273803835026     
   142.20000000000002        5.1200000000000001        457.36873987480726     
   142.20000000000002        5.2000000000000002        377.87741863482614     
   142.20000000000002        5.2800000000000002        310.28920503812861     
   142.20000000000002        5.3600000000000003        252.66243162097356     
   142.20000000000002        5.4399999999999995        204.70292593624228     
   142.20000000000002        5.5199999999999996        163.78775880495837     
   142.20000000000002        5.5999999999999996        130.03866122589667     
   142.20000000000002        5.6799999999999997        101.25520620259221     
   142.20000000000002        5.7599999999999998        77.760022033557405     
   142.20000000000002        5.8399999999999999        58.102186127419003     
   142.20000000000002        5.9199999999999999        41.623541183528495     
   142.20000000000002        6.0000000000000000        28.238584840451345     
   142.20000000000002        6.0800000000000001        17.069188780101985     
   142.20000000000002        6.1600000000000001        8.1546196551695900     
   142.20000000000002        6.2400000000000002       0.89516893142216269     
   142.20000000000002        6.3200000000000003       -4.9795789484703885     
   142.20000000000002        6.4000000000000004       -9.5716330465355917     
   142.20000000000002        6.4800000000000004       -13.218544822715032     
   142.20000000000002        6.5600000000000005       -15.951783709467536     
   142.20000000000002        6.6400000000000006       -18.048140302482164     
   142.20000000000002        6.7200000000000006       -19.503973684972259     
   142.20000000000002        6.7999999999999998       -20.503340386675070     
   142.20000000000002        6.8799999999999999       -21.131871921269003     
   142.20000000000002        6.9600000000000000       -21.424267662418430     
   142.20000000000002        7.0400000000000000       -21.479960862880780     
   142.20000000000002        7.1200000000000001       -21.314641675673084     
   142.20000000000002        7.2000000000000002       -21.004093567728091     
   142.20000000000002        7.2799999999999994       -20.555577947844590     
   142.20000000000002        7.3599999999999994       -20.017077065065894     
   142.20000000000002        7.4399999999999995       -19.412321575296577     
   142.20000000000002        7.5199999999999996       -18.754772084473633     
   142.20000000000002        7.5999999999999996       -18.066723452565686     
   142.20000000000002        7.6799999999999997       -17.357736230484221     
   142.20000000000002        7.7599999999999998       -16.641001553132092     
   142.20000000000002        7.8399999999999999       -15.924963184427611     
   142.20000000000002        7.9199999999999999       -15.216521628391627     
   142.20000000000002        8.0000000000000000       -14.520053566767100     
   142.20000000000002        8.0800000000000001       -13.841823214341593     
   142.20000000000002        8.1600000000000001       -13.181880113470591     
   142.20000000000002        8.2400000000000002       -12.546502803375008     
   142.20000000000002        8.3200000000000003       -11.932278308780191     
   142.20000000000002        8.4000000000000004       -11.346002061390170     
   142.20000000000002        8.4800000000000004       -10.784313810095099     
   142.20000000000002        8.5599999999999987       -10.246395577668736     
   142.20000000000002        8.6400000000000006       -9.7357280376819268     
   142.20000000000002        8.7199999999999989       -9.2476685181825040     
   142.20000000000002        8.8000000000000007       -8.7864181519439892     
   142.20000000000002        8.8799999999999990       -8.3479933758190139     
   142.20000000000002        8.9600000000000009       -7.9313065907720972     
   142.20000000000002        9.0399999999999991       -7.5377627821461797     
   142.20000000000002        9.1200000000000010       -7.1637094170881195     
   142.20000000000002        9.1999999999999993       -6.8113367179721740     
   142.20000000000002        9.2800000000000011       -6.4762139063028217     
   142.20000000000002        9.3599999999999994       -6.1611724841645374     
   142.20000000000002        9.4400000000000013       -5.8627453379913801     
   142.20000000000002        9.5199999999999996       -5.5797788265819781     
   142.20000000000002        9.5999999999999996       -5.3131644809837635     
   142.20000000000002        9.6799999999999997       -5.0599958179383231     
   142.20000000000002        9.7599999999999998       -4.8217532758161470     
   142.20000000000002        9.8399999999999999       -4.5951536961085555     
   142.20000000000002        9.9199999999999999       -4.3821262768467824     
   142.20000000000002        10.000000000000000       -4.1801945304924466     
   142.20000000000002        10.080000000000000       -3.9884821401793280     
   142.20000000000002        10.160000000000000       -3.8076377852823962     
   142.20000000000002        10.240000000000000       -3.6356077353604173     
   142.20000000000002        10.320000000000000       -3.4734338577903991     
   142.20000000000002        10.400000000000000       -3.3188558415398637     
   142.20000000000002        10.480000000000000       -3.1732098646804814     
   142.20000000000002        10.559999999999999       -3.0348268729167285     
   142.20000000000002        10.640000000000001       -2.9030985816330688     
   142.20000000000002        10.719999999999999       -2.7785220973910749     
   142.20000000000002        10.800000000000001       -2.6596914265555704     
   142.20000000000002        10.879999999999999       -2.5473588622337231     
   142.20000000000002        10.960000000000001       -2.4399905627777909     
   142.20000000000002        11.039999999999999       -2.3385302632068541     
   142.20000000000002        11.120000000000001       -2.2418620118256105     
   142.20000000000002        11.199999999999999       -2.1495711861322486     
   142.20000000000002        11.280000000000001       -2.0620447544213363     
   142.20000000000002        11.359999999999999       -1.9783168932479471     
   142.20000000000002        11.440000000000001       -1.8989411529293059     
   142.20000000000002        11.520000000000000       -1.8231711401928183     
   142.20000000000002        11.600000000000000       -1.7507698846980955     
   142.20000000000002        11.680000000000000       -1.6818978047165463     
   142.20000000000002        11.760000000000000       -1.6159634567695134     
   142.20000000000002        11.840000000000000       -1.5532695015599050     
   142.20000000000002        11.920000000000000       -1.4931405826223894     
   142.20000000000002        12.000000000000000       -1.4359901862607536     
   144.00000000000000        4.0000000000000000        5293.6052451403402     
   144.00000000000000        4.0800000000000001        4498.1272966443539     
   144.00000000000000        4.1600000000000001        3816.8938697005196     
   144.00000000000000        4.2400000000000002        3232.0305311498250     
   144.00000000000000        4.3200000000000003        2738.8435836738604     
   144.00000000000000        4.4000000000000004        2313.8340848106268     
   144.00000000000000        4.4800000000000004        1956.9760238466083     
   144.00000000000000        4.5600000000000005        1648.3958538037555     
   144.00000000000000        4.6399999999999997        1390.4773733438083     
   144.00000000000000        4.7199999999999998        1169.8888758152659     
   144.00000000000000        4.7999999999999998        980.69776534333766     
   144.00000000000000        4.8799999999999999        821.71299707179594     
   144.00000000000000        4.9600000000000000        684.99342939119958     
   144.00000000000000        5.0400000000000000        570.76168227924950     
   144.00000000000000        5.1200000000000001        472.30967759754373     
   144.00000000000000        5.2000000000000002        390.57125880283343     
   144.00000000000000        5.2800000000000002        321.07924159633143     
   144.00000000000000        5.3600000000000003        261.82989401617800     
   144.00000000000000        5.4399999999999995        212.51500099416984     
   144.00000000000000        5.5199999999999996        170.43569282997333     
   144.00000000000000        5.5999999999999996        135.71396078704421     
   144.00000000000000        5.6799999999999997        106.08900465033730     
   144.00000000000000        5.7599999999999998        81.890672330701307     
   144.00000000000000        5.8399999999999999        61.629514350373391     
   144.00000000000000        5.9199999999999999        44.630109632322679     
   144.00000000000000        6.0000000000000000        30.804883015258483     
   144.00000000000000        6.0800000000000001        19.253160462191339     
   144.00000000000000        6.1600000000000001        10.015831688000583     
   144.00000000000000        6.2400000000000002        2.4779800002332402     
   144.00000000000000        6.3200000000000003       -3.6374298871980697     
   144.00000000000000        6.4000000000000004       -8.4343884318249494     
   144.00000000000000        6.4800000000000004       -12.259157773074156     
   144.00000000000000        6.5600000000000005       -15.143243800676997     
   144.00000000000000        6.6400000000000006       -17.370945931476221     
   144.00000000000000        6.7200000000000006       -18.937627322605447     
   144.00000000000000        6.7999999999999998       -20.032479402349598     
   144.00000000000000        6.8799999999999999       -20.743368968215567     
   144.00000000000000        6.9600000000000000       -21.105454890196775     
   144.00000000000000        7.0400000000000000       -21.221286717981791     
   144.00000000000000        7.1200000000000001       -21.106421109255852     
   144.00000000000000        7.2000000000000002       -20.839376200841873     
   144.00000000000000        7.2799999999999994       -20.426971380073443     
   144.00000000000000        7.3599999999999994       -19.919065290450543     
   144.00000000000000        7.4399999999999995       -19.340218071627142     
   144.00000000000000        7.5199999999999996       -18.704023158890951     
   144.00000000000000        7.5999999999999996       -18.033944945271184     
   144.00000000000000        7.6799999999999997       -17.339486854645024     
   144.00000000000000        7.7599999999999998       -16.634855397844010     
   144.00000000000000        7.8399999999999999       -15.928344457425844     
   144.00000000000000        7.9199999999999999       -15.227543528624020     
   144.00000000000000        8.0000000000000000       -14.537142560315113     
   144.00000000000000        8.0800000000000001       -13.863463205472719     
   144.00000000000000        8.1600000000000001       -13.206977693154084     
   144.00000000000000        8.2400000000000002       -12.573963205190276     
   144.00000000000000        8.3200000000000003       -11.961357259530441     
   144.00000000000000        8.4000000000000004       -11.375929079681038     
   144.00000000000000        8.4800000000000004       -10.814549627619956     
   144.00000000000000        8.5599999999999987       -10.276510619474276     
   144.00000000000000        8.6400000000000006       -9.7653268989161131     
   144.00000000000000        8.7199999999999989       -9.2764861245867767     
   144.00000000000000        8.8000000000000007       -8.8142084145560524     
   144.00000000000000        8.8799999999999990       -8.3745962357393182     
   144.00000000000000        8.9600000000000009       -7.9566061149672791     
   144.00000000000000        9.0399999999999991       -7.5616727075764860     
   144.00000000000000        9.1200000000000010       -7.1861837548119274     
   144.00000000000000        9.1999999999999993       -6.8323519394287526     
   144.00000000000000        9.2800000000000011       -6.4957696013956134     
   144.00000000000000        9.3599999999999994       -6.1792889461823837     
   144.00000000000000        9.4400000000000013       -5.8794546087793194     
   144.00000000000000        9.5199999999999996       -5.5951219775343501     
   144.00000000000000        9.5999999999999996       -5.3271966653009830     
   144.00000000000000        9.6799999999999997       -5.0727706482366788     
   144.00000000000000        9.7599999999999998       -4.8333388760466693     
   144.00000000000000        9.8399999999999999       -4.6056087296858843     
   144.00000000000000        9.9199999999999999       -4.3915253336737639     
   144.00000000000000        10.000000000000000       -4.1886029588067171     
   144.00000000000000        10.080000000000000       -3.9959631723220173     
   144.00000000000000        10.160000000000000       -3.8142617152255136     
   144.00000000000000        10.240000000000000       -3.6414335465258940     
   144.00000000000000        10.320000000000000       -3.4785293851171581     
   144.00000000000000        10.400000000000000       -3.3232744131594103     
   144.00000000000000        10.480000000000000       -3.1770151609582800     
   144.00000000000000        10.559999999999999       -3.0380711706403067     
   144.00000000000000        10.640000000000001       -2.9058299675842711     
   144.00000000000000        10.719999999999999       -2.7807922398476315     
   144.00000000000000        10.800000000000001       -2.6615416702043073     
   144.00000000000000        10.879999999999999       -2.5488355533904179     
   144.00000000000000        10.960000000000001       -2.4411287131167527     
   144.00000000000000        11.039999999999999       -2.3393708341128261     
   144.00000000000000        11.120000000000001       -2.2424375510229098     
   144.00000000000000        11.199999999999999       -2.1499108124731423     
   144.00000000000000        11.280000000000001       -2.0621793163996189     
   144.00000000000000        11.359999999999999       -1.9782702997530976     
   144.00000000000000        11.440000000000001       -1.8987398660093904     
   144.00000000000000        11.520000000000000       -1.8228362664745634     
   144.00000000000000        11.600000000000000       -1.7503204272988726     
   144.00000000000000        11.680000000000000       -1.6813528201383954     
   144.00000000000000        11.760000000000000       -1.6153381049280311     
   144.00000000000000        11.840000000000000       -1.5525796617273606     
   144.00000000000000        11.920000000000000       -1.4923981946557516     
   144.00000000000000        12.000000000000000       -1.4352082962799324     
   145.79999999999998        4.0000000000000000        5503.8507471230077     
   145.79999999999998        4.0800000000000001        4673.4505684738142     
   145.79999999999998        4.1600000000000001        3963.1133137307543     
   145.79999999999998        4.2400000000000002        3353.9119284672533     
   145.79999999999998        4.3200000000000003        2840.7764504951733     
   145.79999999999998        4.4000000000000004        2398.9823586969987     
   145.79999999999998        4.4800000000000004        2028.4009326563241     
   145.79999999999998        4.5600000000000005        1708.2011159729245     
   145.79999999999998        4.6399999999999997        1440.7999097187003     
   145.79999999999998        4.7199999999999998        1212.2537520637673     
   145.79999999999998        4.7999999999999998        1016.3530256417380     
   145.79999999999998        4.8799999999999999        851.82461481833207     
   145.79999999999998        4.9600000000000000        710.39772564146574     
   145.79999999999998        5.0400000000000000        592.28047820827487     
   145.79999999999998        5.1200000000000001        490.50580306052098     
   145.79999999999998        5.2000000000000002        406.02622978912967     
   145.79999999999998        5.2800000000000002        334.20950314909868     
   145.79999999999998        5.3600000000000003        272.97747584396274     
   145.79999999999998        5.4399999999999995        222.00568661010789     
   145.79999999999998        5.5199999999999996        178.50317535308727     
   145.79999999999998        5.5999999999999996        142.59270077581468     
   145.79999999999998        5.6799999999999997        111.93978272903765     
   145.79999999999998        5.7599999999999998        86.883320915061532     
   145.79999999999998        5.8399999999999999        65.886666590875507     
   145.79999999999998        5.9199999999999999        48.253222589925514     
   145.79999999999998        6.0000000000000000        33.892862837042323     
   145.79999999999998        6.0800000000000001        21.877182072749065     
   145.79999999999998        6.1600000000000001        12.249004076456563     
   145.79999999999998        6.2400000000000002        4.3746823727375466     
   145.79999999999998        6.3200000000000003       -2.0309957283327100     
   145.79999999999998        6.4000000000000004       -7.0745231136331865     
   145.79999999999998        6.4800000000000004       -11.112871488807601     
   145.79999999999998        6.5600000000000005       -14.177666206736568     
   145.79999999999998        6.6400000000000006       -16.562399458379787     
   145.79999999999998        6.7200000000000006       -18.261291983033367     
   145.79999999999998        6.7999999999999998       -19.469805218268334     
   145.79999999999998        6.8799999999999999       -20.278545660495048     
   145.79999999999998        6.9600000000000000       -20.723269252963764     
   145.79999999999998        7.0400000000000000       -20.910299918689326     
   145.79999999999998        7.1200000000000001       -20.855068325170162     
   145.79999999999998        7.2000000000000002       -20.639380462467042     
   145.79999999999998        7.2799999999999994       -20.269554742154419     
   145.79999999999998        7.3599999999999994       -19.797696224101873     
   145.79999999999998        7.4399999999999995       -19.249360390545554     
   145.79999999999998        7.5199999999999996       -18.638311046207011     
   145.79999999999998        7.5999999999999996       -17.989399794922523     
   145.79999999999998        7.6799999999999997       -17.312072013521501     
   145.79999999999998        7.7599999999999998       -16.621730803177865     
   145.79999999999998        7.8399999999999999       -15.926500425350397     
   145.79999999999998        7.9199999999999999       -15.234779231595226     
   145.79999999999998        8.0000000000000000       -14.551624983554337     
   145.79999999999998        8.0800000000000001       -13.883428402991319     
   145.79999999999998        8.1600000000000001       -13.231154689645408     
   145.79999999999998        8.2400000000000002       -12.601080280364574     
   145.79999999999998        8.3200000000000003       -11.990550104794853     
   145.79999999999998        8.4000000000000004       -11.406302821192195     
   145.79999999999998        8.4800000000000004       -10.845477503693164     
   145.79999999999998        8.5599999999999987       -10.307492778089093     
   145.79999999999998        8.6400000000000006       -9.7959022530343418     
   145.79999999999998        8.7199999999999989       -9.3063446069207547     
   145.79999999999998        8.8000000000000007       -8.8430606767733977     
   145.79999999999998        8.8799999999999990       -8.4022525695647197     
   145.79999999999998        8.9600000000000009       -7.9829275524951493     
   145.79999999999998        9.0399999999999991       -7.5865536623893952     
   145.79999999999998        9.1200000000000010       -7.2095656299357129     
   145.79999999999998        9.1999999999999993       -6.8542009080485471     
   145.79999999999998        9.2800000000000011       -6.5160794894477903     
   145.79999999999998        9.3599999999999994       -6.1980760420432963     
   145.79999999999998        9.4400000000000013       -5.8967495946892141     
   145.79999999999998        9.5199999999999996       -5.6109660788606188     
   145.79999999999998        9.5999999999999996       -5.3416466533237221     
   145.79999999999998        9.6799999999999997       -5.0858824786120369     
   145.79999999999998        9.7599999999999998       -4.8451843134387396     
   145.79999999999998        9.8399999999999999       -4.6162499367059207     
   145.79999999999998        9.9199999999999999       -4.4010417101648827     
   145.79999999999998        10.000000000000000       -4.1970642940195768     
   145.79999999999998        10.080000000000000       -4.0034371398254232     
   145.79999999999998        10.160000000000000       -3.8208236801302657     
   145.79999999999998        10.240000000000000       -3.6471468285444231     
   145.79999999999998        10.320000000000000       -3.4834668792755488     
   145.79999999999998        10.400000000000000       -3.3274934646224521     
   145.79999999999998        10.480000000000000       -3.1805842820992880     
   145.79999999999998        10.559999999999999       -3.0410466229403568     
   145.79999999999998        10.640000000000001       -2.9082635105948413     
   145.79999999999998        10.719999999999999       -2.7827394898128395     
   145.79999999999998        10.800000000000001       -2.6630471275820096     
   145.79999999999998        10.879999999999999       -2.5499490921010688     
   145.79999999999998        10.960000000000001       -2.4418879998447514     
   145.79999999999998        11.039999999999999       -2.3398199185553858     
   145.79999999999998        11.120000000000001       -2.2426114175899778     
   145.79999999999998        11.199999999999999       -2.1498407442176113     
   145.79999999999998        11.280000000000001       -2.0618984326714425     
   145.79999999999998        11.359999999999999       -1.9778042514203227     
   145.79999999999998        11.440000000000001       -1.8981170183558935     
   145.79999999999998        11.520000000000000       -1.8220792220123350     
   145.79999999999998        11.600000000000000       -1.7494495160402941     
   145.79999999999998        11.680000000000000       -1.6803884049772286     
   145.79999999999998        11.760000000000000       -1.6142963644008703     
   145.79999999999998        11.840000000000000       -1.5514775164998449     
   145.79999999999998        11.920000000000000       -1.4912483477031340     
   145.79999999999998        12.000000000000000       -1.4340246006032402     
   147.59999999999999        4.0000000000000000        5746.6857733669867     
   147.59999999999999        4.0800000000000001        4876.3593545964150     
   147.59999999999999        4.1600000000000001        4132.6637324482190     
   147.59999999999999        4.2400000000000002        3495.4979058851586     
   147.59999999999999        4.3200000000000003        2959.3805093278343     
   147.59999999999999        4.4000000000000004        2498.2059908763563     
   147.59999999999999        4.4800000000000004        2111.7389481461014     
   147.59999999999999        4.5600000000000005        1778.0617737636364     
   147.59999999999999        4.6399999999999997        1499.6366425325987     
   147.59999999999999        4.7199999999999998        1261.8225539325090     
   147.59999999999999        4.7999999999999998        1058.0944649228136     
   147.59999999999999        4.8799999999999999        887.08807813579847     
   147.59999999999999        4.9600000000000000        740.15346113589783     
   147.59999999999999        5.0400000000000000        617.48424776172465     
   147.59999999999999        5.1200000000000001        511.81358237283195     
   147.59999999999999        5.2000000000000002        424.11725605353752     
   147.59999999999999        5.2800000000000002        349.57117538734036     
   147.59999999999999        5.3600000000000003        286.01072605045960     
   147.59999999999999        5.4399999999999995        233.09298834702653     
   147.59999999999999        5.5199999999999996        187.91923353831001     
   147.59999999999999        5.5999999999999996        150.61341944661621     
   147.59999999999999        5.6799999999999997        118.75450989757093     
   147.59999999999999        5.7599999999999998        92.692177544639819     
   147.59999999999999        5.8399999999999999        70.834197967024480     
   147.59999999999999        5.9199999999999999        52.459015935935881     
   147.59999999999999        6.0000000000000000        37.473470080336639     
   147.59999999999999        6.0800000000000001        24.916437848169483     
   147.59999999999999        6.1600000000000001        14.832955130023990     
   147.59999999999999        6.2400000000000002        6.5672665609994905     
   147.59999999999999        6.3200000000000003      -0.17551496251124449     
   147.59999999999999        6.4000000000000004       -5.5048925473115791     
   147.59999999999999        6.4800000000000004       -9.7904571042934698     
   147.59999999999999        6.5600000000000005       -13.064041010514282     
   147.59999999999999        6.6400000000000006       -15.629931943511181     
   147.59999999999999        6.7200000000000006       -17.481076189169688     
   147.59999999999999        6.7999999999999998       -18.820283163106264     
   147.59999999999999        6.8799999999999999       -19.741378806981636     
   147.59999999999999        6.9600000000000000       -20.280849656802364     
   147.59999999999999        7.0400000000000000       -20.549415925974170     
   147.59999999999999        7.1200000000000001       -20.562392251071532     
   147.59999999999999        7.2000000000000002       -20.405393170871072     
   147.59999999999999        7.2799999999999994       -20.084183087106705     
   147.59999999999999        7.3599999999999994       -19.653460943691893     
   147.59999999999999        7.4399999999999995       -19.139933491370900     
   147.59999999999999        7.5199999999999996       -18.557571066463389     
   147.59999999999999        7.5999999999999996       -17.932815831465831     
   147.59999999999999        7.6799999999999997       -17.275055084554271     
   147.59999999999999        7.7599999999999998       -16.601057142161014     
   147.59999999999999        7.8399999999999999       -15.918758903687982     
   147.59999999999999        7.9199999999999999       -15.237478841226395     
   147.59999999999999        8.0000000000000000       -14.562693165979891     
   147.59999999999999        8.0800000000000001       -13.900872616327504     
   147.59999999999999        8.1600000000000001       -13.253540302063740     
   147.59999999999999        8.2400000000000002       -12.626972557255300     
   147.59999999999999        8.3200000000000003       -12.018974178138018     
   147.59999999999999        8.4000000000000004       -11.436249216415455     
   147.59999999999999        8.4800000000000004       -10.876238791508689     
   147.59999999999999        8.5599999999999987       -10.338504233840444     
   147.59999999999999        8.6400000000000006       -9.8266420269916601     
   147.59999999999999        8.7199999999999989       -9.3364608832145013     
   147.59999999999999        8.8000000000000007       -8.8722237746696280     
   147.59999999999999        8.8799999999999990       -8.4302449461022384     
   147.59999999999999        8.9600000000000009       -8.0095884248234110     
   147.59999999999999        9.0399999999999991       -7.6117588924245680     
   147.59999999999999        9.1200000000000010       -7.2332442772055918     
   147.59999999999999        9.1999999999999993       -6.8763087330416077     
   147.59999999999999        9.2800000000000011       -6.5366041863374225     
   147.59999999999999        9.3599999999999994       -6.2170291434847273     
   147.59999999999999        9.4400000000000013       -5.9141595587402556     
   147.59999999999999        9.5199999999999996       -5.6268732955351703     
   147.59999999999999        9.5999999999999996       -5.3561082673770075     
   147.59999999999999        9.6799999999999997       -5.0989556211234808     
   147.59999999999999        9.7599999999999998       -4.8569429375411355     
   147.59999999999999        9.8399999999999999       -4.6267584676570621     
   147.59999999999999        9.9199999999999999       -4.4103827941755389     
   147.59999999999999        10.000000000000000       -4.2053107928911295     
   147.59999999999999        10.080000000000000       -4.0106598416528723     
   147.59999999999999        10.160000000000000       -3.8271015396223098     
   147.59999999999999        10.240000000000000       -3.6525462511090474     
   147.59999999999999        10.320000000000000       -3.4880643700358602     
   147.59999999999999        10.400000000000000       -3.3313492362038040     
   147.59999999999999        10.480000000000000       -3.1837702912468977     
   147.59999999999999        10.559999999999999       -3.0436219633630404     
   147.59999999999999        10.640000000000001       -2.9102825429238575     
   147.59999999999999        10.719999999999999       -2.7842606117207662     
   147.59999999999999        10.800000000000001       -2.6641170497476003     
   147.59999999999999        10.879999999999999       -2.5506201404248436     
   147.59999999999999        10.960000000000001       -2.4421996721279209     
   147.59999999999999        11.039999999999999       -2.3398183728754320     
   147.59999999999999        11.120000000000001       -2.2423332830864475     
   147.59999999999999        11.199999999999999       -2.1493187487326795     
   147.59999999999999        11.280000000000001       -2.0611671904480211     
   147.59999999999999        11.359999999999999       -1.9768905432658674     
   147.59999999999999        11.440000000000001       -1.8970504217300466     
   147.59999999999999        11.520000000000000       -1.8208832725030857     
   147.59999999999999        11.600000000000000       -1.7481453538772922     
   147.59999999999999        11.680000000000000       -1.6789971696753676     
   147.59999999999999        11.760000000000000       -1.6128348220950903     
   147.59999999999999        11.840000000000000       -1.5499631663350681     
   147.59999999999999        11.920000000000000       -1.4896942990385929     
   147.59999999999999        12.000000000000000       -1.4324451121870039     
   149.40000000000003        4.0000000000000000        6020.0887848493976     
   149.40000000000003        4.0800000000000001        5105.1091797587078     
   149.40000000000003        4.1600000000000001        4324.0410420074986     
   149.40000000000003        4.2400000000000002        3655.4933669744255     
   149.40000000000003        4.3200000000000003        3093.5393128184969     
   149.40000000000003        4.4000000000000004        2610.5443044409853     
   149.40000000000003        4.4800000000000004        2206.1619791997409     
   149.40000000000003        4.5600000000000005        1857.2656988212370     
   149.40000000000003        4.6399999999999997        1566.3737454853735     
   149.40000000000003        4.7199999999999998        1318.0665905467126     
   149.40000000000003        4.7999999999999998        1105.4673440831466     
   149.40000000000003        4.8799999999999999        927.11172673351359     
   149.40000000000003        4.9600000000000000        773.92396071488429     
   149.40000000000003        5.0400000000000000        646.08304212686846     
   149.40000000000003        5.1200000000000001        535.98394272470682     
   149.40000000000003        5.2000000000000002        444.62987850912651     
   149.40000000000003        5.2800000000000002        366.97977483944965     
   149.40000000000003        5.3600000000000003        300.77121978880143     
   149.40000000000003        5.4399999999999995        245.64069768005706     
   149.40000000000003        5.5199999999999996        198.56704475789846     
   149.40000000000003        5.5999999999999996        159.67576437675368     
   149.40000000000003        5.6799999999999997        126.44725834809641     
   149.40000000000003        5.7599999999999998        99.243527290896722     
   149.40000000000003        5.8399999999999999        76.408974922272108     
   149.40000000000003        5.9199999999999999        57.193564654530270     
   149.40000000000003        6.0000000000000000        41.500626518953979     
   149.40000000000003        6.0800000000000001        28.331701596121611     
   149.40000000000003        6.1600000000000001        17.734274135837637     
   149.40000000000003        6.2400000000000002        9.0273563614567589     
   149.40000000000003        6.3200000000000003        1.9050004178862836     
   149.40000000000003        6.4000000000000004       -3.7457847044259642     
   149.40000000000003        6.4800000000000004       -8.3089658952405934     
   149.40000000000003        6.5600000000000005       -11.816671995739886     
   149.40000000000003        6.6400000000000006       -14.585454239317938     
   149.40000000000003        6.7200000000000006       -16.606871636775995     
   149.40000000000003        6.7999999999999998       -18.092066487693508     
   149.40000000000003        6.8799999999999999       -19.138523351513573     
   149.40000000000003        6.9600000000000000       -19.783584618696182     
   149.40000000000003        7.0400000000000000       -20.142931698579932     
   149.40000000000003        7.1200000000000001       -20.231775566608071     
   149.40000000000003        7.2000000000000002       -20.140009900717580     
   149.40000000000003        7.2799999999999994       -19.872800071383320     
   149.40000000000003        7.3599999999999994       -19.487752001739317     
   149.40000000000003        7.4399999999999995       -19.012864437674885     
   149.40000000000003        7.5199999999999996       -18.462347951739520     
   149.40000000000003        7.5999999999999996       -17.864417244031262     
   149.40000000000003        7.6799999999999997       -17.228402549922567     
   149.40000000000003        7.7599999999999998       -16.572587499496521     
   149.40000000000003        7.8399999999999999       -15.904706659890270     
   149.40000000000003        7.9199999999999999       -15.235097331029701     
   149.40000000000003        8.0000000000000000       -14.569699114065227     
   149.40000000000003        8.0800000000000001       -13.915072707629292     
   149.40000000000003        8.1600000000000001       -13.273356353594481     
   149.40000000000003        8.2400000000000002       -12.650827000199525     
   149.40000000000003        8.3200000000000003       -12.045795339556943     
   149.40000000000003        8.4000000000000004       -11.464927304790651     
   149.40000000000003        8.4800000000000004       -10.905995741131299     
   149.40000000000003        8.5599999999999987       -10.368718462626811     
   149.40000000000003        8.6400000000000006       -9.8567383258392596     
   149.40000000000003        8.7199999999999989       -9.3660506668585093     
   149.40000000000003        8.8000000000000007       -8.9009416664418950     
   149.40000000000003        8.8799999999999990       -8.4578485903625591     
   149.40000000000003        8.9600000000000009       -8.0358974131198142     
   149.40000000000003        9.0399999999999991       -7.6366321578356828     
   149.40000000000003        9.1200000000000010       -7.2565993891012566     
   149.40000000000003        9.1999999999999993       -6.8980914491462233     
   149.40000000000003        9.2800000000000011       -6.5567960330586299     
   149.40000000000003        9.3599999999999994       -6.2356364377541027     
   149.40000000000003        9.4400000000000013       -5.9312078412906386     
   149.40000000000003        9.5199999999999996       -5.6424012408400541     
   149.40000000000003        9.5999999999999996       -5.3701722126702949     
   149.40000000000003        9.6799999999999997       -5.1116127214326559     
   149.40000000000003        9.7599999999999998       -4.8682678628969933     
   149.40000000000003        9.8399999999999999       -4.6368166306565888     
   149.40000000000003        9.9199999999999999       -4.4192584523004133     
   149.40000000000003        10.000000000000000       -4.2130784351584580     
   149.40000000000003        10.080000000000000       -4.0173919604376334     
   149.40000000000003        10.160000000000000       -3.8328790961445178     
   149.40000000000003        10.240000000000000       -3.6574373953182802     
   149.40000000000003        10.320000000000000       -3.4921476580677631     
   149.40000000000003        10.400000000000000       -3.3346865100897243     
   149.40000000000003        10.480000000000000       -3.1864354562457438     
   149.40000000000003        10.559999999999999       -3.0456757026944987     
   149.40000000000003        10.640000000000001       -2.9117806629084773     
   149.40000000000003        10.719999999999999       -2.7852630346368894     
   149.40000000000003        10.800000000000001       -2.6646716787338813     
   149.40000000000003        10.879999999999999       -2.5507805972116082     
   149.40000000000003        10.960000000000001       -2.4420064013944933     
   149.40000000000003        11.039999999999999       -2.3393185914994610     
   149.40000000000003        11.120000000000001       -2.2415644185921670     
   149.40000000000003        11.199999999999999       -2.1483142065694665     
   149.40000000000003        11.280000000000001       -2.0599622544275311     
   149.40000000000003        11.359999999999999       -1.9755124748725641     
   149.40000000000003        11.440000000000001       -1.8955292797650594     
   149.40000000000003        11.520000000000000       -1.8192429323710959     
   149.40000000000003        11.600000000000000       -1.7464072230738787     
   149.40000000000003        11.680000000000000       -1.6771826096021651     
   149.40000000000003        11.760000000000000       -1.6109607367757945     
   149.40000000000003        11.840000000000000       -1.5480471523465533     
   149.40000000000003        11.920000000000000       -1.4877495028691394     
   149.40000000000003        12.000000000000000       -1.4304857850082531     
   151.20000000000002        4.0000000000000000        6321.8663360619685     
   151.20000000000002        4.0800000000000001        5357.8122407982783     
   151.20000000000002        4.1600000000000001        4535.6218743747750     
   151.20000000000002        4.2400000000000002        3832.5041906307943     
   151.20000000000002        4.3200000000000003        3242.0540979199591     
   151.20000000000002        4.4000000000000004        2734.9684149079844     
   151.20000000000002        4.4800000000000004        2310.7852813325476     
   151.20000000000002        4.5600000000000005        1945.0538871532287     
   151.20000000000002        4.6399999999999997        1640.3584702638659     
   151.20000000000002        4.7199999999999998        1380.4248895954197     
   151.20000000000002        4.7999999999999998        1157.9902026279869     
   151.20000000000002        4.8799999999999999        971.48172555307565     
   151.20000000000002        4.9600000000000000        811.35419297679050     
   151.20000000000002        5.0400000000000000        677.77165991507093     
   151.20000000000002        5.1200000000000001        562.75517424220357     
   151.20000000000002        5.2000000000000002        467.33911518872458     
   151.20000000000002        5.2800000000000002        386.24205341351467     
   151.20000000000002        5.3600000000000003        317.09323638189977     
   151.20000000000002        5.4399999999999995        259.50650701193899     
   151.20000000000002        5.5199999999999996        210.32469187698356     
   151.20000000000002        5.5999999999999996        169.67510398866739     
   151.20000000000002        5.6799999999999997        134.92850923438104     
   151.20000000000002        5.7599999999999998        106.46062114503034     
   151.20000000000002        5.8399999999999999        82.545294561858526     
   151.20000000000002        5.9199999999999999        62.400764717798438     
   151.20000000000002        6.0000000000000000        45.926394833806263     
   151.20000000000002        6.0800000000000001        32.082158781884118     
   151.20000000000002        6.1600000000000001        20.918183960103477     
   151.20000000000002        6.2400000000000002        11.725396006197098     
   151.20000000000002        6.3200000000000003        4.1855168624040644     
   151.20000000000002        6.4000000000000004       -1.8183774471161376     
   151.20000000000002        6.4800000000000004       -6.6862265691564078     
   151.20000000000002        6.5600000000000005       -10.450546386013164     
   151.20000000000002        6.6400000000000006       -13.441479514380257     
   151.20000000000002        6.7200000000000006       -15.649104244284230     
   151.20000000000002        6.7999999999999998       -17.293783993596705     
   151.20000000000002        6.8799999999999999       -18.477058928973992     
   151.20000000000002        6.9600000000000000       -19.237243798337985     
   151.20000000000002        7.0400000000000000       -19.695487155092053     
   151.20000000000002        7.1200000000000001       -19.866911034402488     
   151.20000000000002        7.2000000000000002       -19.846107164018690     
   151.20000000000002        7.2799999999999994       -19.637605042093224     
   151.20000000000002        7.3599999999999994       -19.302195265820888     
   151.20000000000002        7.4399999999999995       -18.869293653671264     
   151.20000000000002        7.5199999999999996       -18.353382184915645     
   151.20000000000002        7.5999999999999996       -17.784608107581136     
   151.20000000000002        7.6799999999999997       -17.172246700278659     
   151.20000000000002        7.7599999999999998       -16.536227966155359     
   151.20000000000002        7.8399999999999999       -15.884072046800243     
   151.20000000000002        7.9199999999999999       -15.227220878192069     
   151.20000000000002        8.0000000000000000       -14.572116548596247     
   151.20000000000002        8.0800000000000001       -13.925418658790008     
   151.20000000000002        8.1600000000000001       -13.289929867690070     
   151.20000000000002        8.2400000000000002       -12.671928570296318     
   151.20000000000002        8.3200000000000003       -12.070270759588054     
   151.20000000000002        8.4000000000000004       -11.491581330166056     
   151.20000000000002        8.4800000000000004       -10.933990146031681     
   151.20000000000002        8.5599999999999987       -10.397383211362019     
   151.20000000000002        8.6400000000000006       -9.8854526563521929     
   151.20000000000002        8.7199999999999989       -9.3943945116994989     
   151.20000000000002        8.8000000000000007       -8.9285189276321866     
   151.20000000000002        8.8799999999999990       -8.4843953909263945     
   151.20000000000002        8.9600000000000009       -8.0612161519779910     
   151.20000000000002        9.0399999999999991       -7.6605667092093208     
   151.20000000000002        9.1200000000000010       -7.2790568855567921     
   151.20000000000002        9.1999999999999993       -6.9190082704216156     
   151.20000000000002        9.2800000000000011       -6.5761476681359561     
   151.20000000000002        9.3599999999999994       -6.2534237169423319     
   151.20000000000002        9.4400000000000013       -5.9474528484510980     
   151.20000000000002        9.5199999999999996       -5.6571401959101761     
   151.20000000000002        9.5999999999999996       -5.3834596122951597     
   151.20000000000002        9.6799999999999997       -5.1235047140512053     
   151.20000000000002        9.7599999999999998       -4.8788384977681654     
   151.20000000000002        9.8399999999999999       -4.6461311368531213     
   151.20000000000002        9.9199999999999999       -4.4274011855562172     
   151.20000000000002        10.000000000000000       -4.2201241666466336     
   151.20000000000002        10.080000000000000       -4.0234135694415487     
   151.20000000000002        10.160000000000000       -3.8379580668214293     
   151.20000000000002        10.240000000000000       -3.6616423623603311     
   151.20000000000002        10.320000000000000       -3.4955577613606890     
   151.20000000000002        10.400000000000000       -3.3373640544085110     
   151.20000000000002        10.480000000000000       -3.1884548843069727     
   151.20000000000002        10.559999999999999       -3.0470981141505415     
   151.20000000000002        10.640000000000001       -2.9126622187179598     
   151.20000000000002        10.719999999999999       -2.7856639946192479     
   151.20000000000002        10.800000000000001       -2.6646401772063140     
   151.20000000000002        10.879999999999999       -2.5503704599377106     
   151.20000000000002        10.960000000000001       -2.4412581851509683     
   151.20000000000002        11.039999999999999       -2.3382795815708950     
   151.20000000000002        11.120000000000001       -2.2402720427525327     
   151.20000000000002        11.199999999999999       -2.1468018248442169     
   151.20000000000002        11.280000000000001       -2.0582650430002349     
   151.20000000000002        11.359999999999999       -1.9736575650212917     
   151.20000000000002        11.440000000000001       -1.8935465247073326     
   151.20000000000002        11.520000000000000       -1.8171559903390540     
   151.20000000000002        11.600000000000000       -1.7442372596256162     
   151.20000000000002        11.680000000000000       -1.6749506884335841     
   151.20000000000002        11.760000000000000       -1.6086834791296316     
   151.20000000000002        11.840000000000000       -1.5457418029129859     
   151.20000000000002        11.920000000000000       -1.4854289008695147     
   151.20000000000002        12.000000000000000       -1.4281637892001637     
   153.00000000000000        4.0000000000000000        6648.6922153471123     
   153.00000000000000        4.0800000000000001        5631.6301507315620     
   153.00000000000000        4.1600000000000001        4764.9857572486280     
   153.00000000000000        4.2400000000000002        4024.4687944791021     
   153.00000000000000        4.3200000000000003        3403.1660050924670     
   153.00000000000000        4.4000000000000004        2869.9804266594010     
   153.00000000000000        4.4800000000000004        2424.3302156190603     
   153.00000000000000        4.5600000000000005        2040.3374468295090     
   153.00000000000000        4.6399999999999997        1720.6607581950345     
   153.00000000000000        4.7199999999999998        1448.1034921403489     
   153.00000000000000        4.7999999999999998        1214.9860969335218     
   153.00000000000000        4.8799999999999999        1019.6198254034266     
   153.00000000000000        4.9600000000000000        851.95112633625456     
   153.00000000000000        5.0400000000000000        712.12870274311217     
   153.00000000000000        5.1200000000000001        591.76799511258662     
   153.00000000000000        5.2000000000000002        491.93773469760441     
   153.00000000000000        5.2800000000000002        407.09546047550486     
   153.00000000000000        5.3600000000000003        334.75274302294150     
   153.00000000000000        5.4399999999999995        274.49892027039374     
   153.00000000000000        5.5199999999999996        223.02885331206593     
   153.00000000000000        5.5999999999999996        180.47184374841248     
   153.00000000000000        5.6799999999999997        144.07930367405010     
   153.00000000000000        5.7599999999999998        114.24182672772355     
   153.00000000000000        5.8399999999999999        89.156433498066036     
   153.00000000000000        5.9199999999999999        68.006784004633076     
   153.00000000000000        6.0000000000000000        50.687850466371579     
   153.00000000000000        6.0800000000000001        36.114355165123825     
   153.00000000000000        6.1600000000000001        24.339215770440035     
   153.00000000000000        6.2400000000000002        14.622792543597575     
   153.00000000000000        6.3200000000000003        6.6333718020052848     
   153.00000000000000        6.4000000000000004       0.24970078705344864     
   153.00000000000000        6.4800000000000004       -4.9455108686024216     
   153.00000000000000        6.5600000000000005       -8.9852544544684427     
   153.00000000000000        6.6400000000000006       -12.214402799677412     
   153.00000000000000        6.7200000000000006       -14.621482942235202     
   153.00000000000000        6.7999999999999998       -16.436838422166840     
   153.00000000000000        6.8799999999999999       -17.766405313049027     
   153.00000000000000        6.9600000000000000       -18.649574317056739     
   153.00000000000000        7.0400000000000000       -19.213389542973566     
   153.00000000000000        7.1200000000000001       -19.472900765861361     
   153.00000000000000        7.2000000000000002       -19.527749535232083     
   153.00000000000000        7.2799999999999994       -19.381802332667668     
   153.00000000000000        7.3599999999999994       -19.099266444189450     
   153.00000000000000        7.4399999999999995       -18.711079578109167     
   153.00000000000000        7.5199999999999996       -18.232022681099078     
   153.00000000000000        7.5999999999999996       -17.694307601484770     
   153.00000000000000        7.6799999999999997       -17.107157859917532     
   153.00000000000000        7.7599999999999998       -16.492256893994170     
   153.00000000000000        7.8399999999999999       -15.856901735603767     
   153.00000000000000        7.9199999999999999       -15.213708597999657     
   153.00000000000000        8.0000000000000000       -14.569653827448814     
   153.00000000000000        8.0800000000000001       -13.931503559409521     
   153.00000000000000        8.1600000000000001       -13.302764308251570     
   153.00000000000000        8.2400000000000002       -12.689716864870022     
   153.00000000000000        8.3200000000000003       -12.091793754754926     
   153.00000000000000        8.4000000000000004       -11.515576651232950     
   153.00000000000000        8.4800000000000004       -10.959572339906863     
   153.00000000000000        8.5599999999999987       -10.423844187372589     
   153.00000000000000        8.6400000000000006       -9.9121358005034992     
   153.00000000000000        8.7199999999999989       -9.4208548852067526     
   153.00000000000000        8.8000000000000007       -8.9543359948283925     
   153.00000000000000        8.8799999999999990       -8.5092879763073448     
   153.00000000000000        8.9600000000000009       -8.0849726512857174     
   153.00000000000000        9.0399999999999991       -7.6830184847685645     
   153.00000000000000        9.1200000000000010       -7.3001021677870472     
   153.00000000000000        9.1999999999999993       -6.9385751330420957     
   153.00000000000000        9.2800000000000011       -6.5942059926713110     
   153.00000000000000        9.3599999999999994       -6.2699688644062093     
   153.00000000000000        9.4400000000000013       -5.9625031024417146     
   153.00000000000000        9.5199999999999996       -5.6707287357915117     
   153.00000000000000        9.5999999999999996       -5.3956381938135891     
   153.00000000000000        9.6799999999999997       -5.1343275384563096     
   153.00000000000000        9.7599999999999998       -4.8883777372371453     
   153.00000000000000        9.8399999999999999       -4.6544507185935213     
   153.00000000000000        9.9199999999999999       -4.4345841008186646     
   153.00000000000000        10.000000000000000       -4.2262441580813377     
   153.00000000000000        10.080000000000000       -4.0285426136097389     
   153.00000000000000        10.160000000000000       -3.8421767137224490     
   153.00000000000000        10.240000000000000       -3.6650184918298132     
   153.00000000000000        10.320000000000000       -3.4981696521167112     
   153.00000000000000        10.400000000000000       -3.3392733250353754     
   153.00000000000000        10.480000000000000       -3.1897351264050195     
   153.00000000000000        10.559999999999999       -3.0478096909320906     
   153.00000000000000        10.640000000000001       -2.9128605751907530     
   153.00000000000000        10.719999999999999       -2.7854085658460521     
   153.00000000000000        10.800000000000001       -2.6639783896631255     
   153.00000000000000        10.879999999999999       -2.5493552799946873     
   153.00000000000000        10.960000000000001       -2.4399294709187749     
   153.00000000000000        11.039999999999999       -2.3366837282797737     
   153.00000000000000        11.120000000000001       -2.2384457089545493     
   153.00000000000000        11.199999999999999       -2.1447776305187265     
   153.00000000000000        11.280000000000001       -2.0560773131945624     
   153.00000000000000        11.359999999999999       -1.9713327188498715     
   153.00000000000000        11.440000000000001       -1.8911135585807066     
   153.00000000000000        11.520000000000000       -1.8146378199836124     
   153.00000000000000        11.600000000000000       -1.7416543307244785     
   153.00000000000000        11.680000000000000       -1.6723232820086995     
   153.00000000000000        11.760000000000000       -1.6060275432360140     
   153.00000000000000        11.840000000000000       -1.5430738160157824     
   153.00000000000000        11.920000000000000       -1.4827610793350834     
   153.00000000000000        12.000000000000000       -1.4255092493241623     
   154.79999999999998        4.0000000000000000        6997.8685783866449     
   154.79999999999998        4.0800000000000001        5924.2551350567292     
   154.79999999999998        4.1600000000000001        5010.1601349578532     
   154.79999999999998        4.2400000000000002        4229.7033387717283     
   154.79999999999998        4.3200000000000003        3575.4354705178412     
   154.79999999999998        4.4000000000000004        3014.3518842743501     
   154.79999999999998        4.4800000000000004        2545.7461837100714     
   154.79999999999998        4.5600000000000005        2142.2200319678191     
   154.79999999999998        4.6399999999999997        1806.5137054446620     
   154.79999999999998        4.7199999999999998        1520.4466342764972     
   154.79999999999998        4.7999999999999998        1275.8949994447514     
   154.79999999999998        4.8799999999999999        1071.0469087894962     
   154.79999999999998        4.9600000000000000        895.30562126425616     
   154.79999999999998        5.0400000000000000        748.80396396787842     
   154.79999999999998        5.1200000000000001        622.72337811394539     
   154.79999999999998        5.2000000000000002        518.16967093399217     
   154.79999999999998        5.2800000000000002        429.32086248121431     
   154.79999999999998        5.3600000000000003        353.56248919938889     
   154.79999999999998        5.4399999999999995        290.45766113541600     
   154.79999999999998        5.5199999999999996        236.54264120638234     
   154.79999999999998        5.5999999999999996        191.94882278836187     
   154.79999999999998        5.6799999999999997        153.79965918105677     
   154.79999999999998        5.7599999999999998        122.50160775481071     
   154.79999999999998        5.8399999999999999        96.169302773762965     
   154.79999999999998        5.9199999999999999        73.949310530876488     
   154.79999999999998        6.0000000000000000        55.731813986246600     
   154.79999999999998        6.0800000000000001        40.383050918783482     
   154.79999999999998        6.1600000000000001        27.958835129386557     
   154.79999999999998        6.2400000000000002        17.686793432318481     
   154.79999999999998        6.3200000000000003        9.2208066327755436     
   154.79999999999998        6.4000000000000004        2.4349373736921667     
   154.79999999999998        6.4800000000000004       -3.1066515657075322     
   154.79999999999998        6.5600000000000005       -7.4375142333641726     
   154.79999999999998        6.6400000000000006       -10.918234900896406     
   154.79999999999998        6.7200000000000006       -13.535738702915690     
   154.79999999999998        6.7999999999999998       -15.531000342549804     
   154.79999999999998        6.8799999999999999       -17.014644835383450     
   154.79999999999998        6.9600000000000000       -18.027231998807832     
   154.79999999999998        7.0400000000000000       -18.702064830990114     
   154.79999999999998        7.1200000000000001       -19.054139529581345     
   154.79999999999998        7.2000000000000002       -19.188442655379585     
   154.79999999999998        7.2799999999999994       -19.108159027420001     
   154.79999999999998        7.3599999999999994       -18.881106050688111     
   154.79999999999998        7.4399999999999995       -18.539831060127327     
   154.79999999999998        7.5199999999999996       -18.099438625011508     
   154.79999999999998        7.5999999999999996       -17.594313496930809     
   154.79999999999998        7.6799999999999997       -17.033631705301840     
   154.79999999999998        7.7599999999999998       -16.440916703588837     
   154.79999999999998        7.8399999999999999       -15.823236759897169     
   154.79999999999998        7.9199999999999999       -15.194438173225645     
   154.79999999999998        8.0000000000000000       -14.562057058802957     
   154.79999999999998        8.0800000000000001       -13.932972648777270     
   154.79999999999998        8.1600000000000001       -13.311426274001295     
   154.79999999999998        8.2400000000000002       -12.703702217057691     
   154.79999999999998        8.3200000000000003       -12.109833697350023     
   154.79999999999998        8.4000000000000004       -11.536357660636162     
   154.79999999999998        8.4800000000000004       -10.982173041226851     
   154.79999999999998        8.5599999999999987       -10.447527543796040     
   154.79999999999998        8.6400000000000006       -9.9362178648995023     
   154.79999999999998        8.7199999999999989       -9.4448716676607383     
   154.79999999999998        8.8000000000000007       -8.9778480715043401     
   154.79999999999998        8.8799999999999990       -8.5320006167295617     
   154.79999999999998        8.9600000000000009       -8.1066630874320982     
   154.79999999999998        9.0399999999999991       -7.7035078485892186     
   154.79999999999998        9.1200000000000010       -7.3192811748845621     
   154.79999999999998        9.1999999999999993       -6.9563645374870360     
   154.79999999999998        9.2800000000000011       -6.6105704819261133     
   154.79999999999998        9.3599999999999994       -6.2848983863048637     
   154.79999999999998        9.4400000000000013       -5.9760118714832755     
   154.79999999999998        9.5199999999999996       -5.6828464053543470     
   154.79999999999998        9.5999999999999996       -5.4064130173530236     
   154.79999999999998        9.6799999999999997       -5.1438109665931426     
   154.79999999999998        9.7599999999999998       -4.8966389849933432     
   154.79999999999998        9.8399999999999999       -4.6615514459005736     
   154.79999999999998        9.9199999999999999       -4.4406046675055402     
   154.79999999999998        10.000000000000000       -4.2312561401525119     
   154.79999999999998        10.080000000000000       -4.0326159630435789     
   154.79999999999998        10.160000000000000       -3.8453897767253089     
   154.79999999999998        10.240000000000000       -3.6674373118298327     
   154.79999999999998        10.320000000000000       -3.4998703844560155     
   154.79999999999998        10.400000000000000       -3.3403158975000569     
   154.79999999999998        10.480000000000000       -3.1901910642182201     
   154.79999999999998        10.559999999999999       -3.0477376110898757     
   154.79999999999998        10.640000000000001       -2.9123142684764143     
   154.79999999999998        10.719999999999999       -2.7844456233084078     
   154.79999999999998        10.800000000000001       -2.6626447060666560     
   154.79999999999998        10.879999999999999       -2.5477020288516550     
   154.79999999999998        10.960000000000001       -2.4379950997211561     
   154.79999999999998        11.039999999999999       -2.3345129002333653     
   154.79999999999998        11.120000000000001       -2.2360736372152399     
   154.79999999999998        11.199999999999999       -2.1422355844640402     
   154.79999999999998        11.280000000000001       -2.0533981130425230     
   154.79999999999998        11.359999999999999       -1.9685415597829239     
   154.79999999999998        11.440000000000001       -1.8882380074014757     
   154.79999999999998        11.520000000000000       -1.8116995877536419     
   154.79999999999998        11.600000000000000       -1.7386727227228345     
   154.79999999999998        11.680000000000000       -1.6693173697993482     
   154.79999999999998        11.760000000000000       -1.6030122580672055     
   154.79999999999998        11.840000000000000       -1.5400645053882147     
   154.79999999999998        11.920000000000000       -1.4797690589088057     
   154.79999999999998        12.000000000000000       -1.4225465846893623     
   156.59999999999997        4.0000000000000000        7363.4450164973568     
   156.59999999999997        4.0800000000000001        6230.6543277092369     
   156.59999999999997        4.1600000000000001        5266.8907694582140     
   156.59999999999997        4.2400000000000002        4444.6161001237715     
   156.59999999999997        4.3200000000000003        3755.8239789101026     
   156.59999999999997        4.4000000000000004        3165.5170407188580     
   156.59999999999997        4.4800000000000004        2672.8607069771315     
   156.59999999999997        4.5600000000000005        2248.8667239956058     
   156.59999999999997        4.6399999999999997        1896.3621932950302     
   156.59999999999997        4.7199999999999998        1596.1369484249637     
   156.59999999999997        4.7999999999999998        1339.6023005254879     
   156.59999999999997        4.8799999999999999        1124.8178464070872     
   156.59999999999997        4.9600000000000000        940.61776700880978     
   156.59999999999997        5.0400000000000000        787.11852072240515     
   156.59999999999997        5.1200000000000001        655.04655593122118     
   156.59999999999997        5.2000000000000002        545.54666900511381     
   156.59999999999997        5.2800000000000002        452.50371456620360     
   156.59999999999997        5.3600000000000003        373.17101534604575     
   156.59999999999997        5.4399999999999995        307.08413000109732     
   156.59999999999997        5.5199999999999996        250.61291667299685     
   156.59999999999997        5.5999999999999996        203.89088116191573     
   156.59999999999997        5.6799999999999997        163.90723303781337     
   156.59999999999997        5.7599999999999998        131.08495856001204     
   156.59999999999997        5.8399999999999999        103.45226226898311     
   156.59999999999997        5.9199999999999999        80.116777678088511     
   156.59999999999997        6.0000000000000000        60.963580376385067     
   156.59999999999997        6.0800000000000001        44.808092176589618     
   156.59999999999997        6.1600000000000001        31.709070387811227     
   156.59999999999997        6.2400000000000002        20.859852567074917     
   156.59999999999997        6.3200000000000003        11.899213845605967     
   156.59999999999997        6.4000000000000004        4.6962640864103342     
   156.59999999999997        6.4800000000000004       -1.2042279109431080     
   156.59999999999997        6.5600000000000005       -5.8364553024843788     
   156.59999999999997        6.6400000000000006       -9.5773990529496693     
   156.59999999999997        6.7200000000000006       -12.412361097013278     
   156.59999999999997        6.7999999999999998       -14.593398031656458     
   156.59999999999997        6.8799999999999999       -16.236028328843471     
   156.59999999999997        6.9600000000000000       -17.382051529228743     
   156.59999999999997        7.0400000000000000       -18.171275282406452     
   156.59999999999997        7.1200000000000001       -18.618661371867283     
   156.59999999999997        7.2000000000000002       -18.834736524952014     
   156.59999999999997        7.2799999999999994       -18.821997580949400     
   156.59999999999997        7.3599999999999994       -18.651998099788013     
   156.59999999999997        7.4399999999999995       -18.358952719822494     
   156.59999999999997        7.5199999999999996       -17.958308141161623     
   156.59999999999997        7.5999999999999996       -17.486689961301490     
   156.59999999999997        7.6799999999999997       -16.953231816287776     
   156.59999999999997        7.7599999999999998       -16.383349671866970     
   156.59999999999997        7.8399999999999999       -15.783881634673342     
   156.59999999999997        7.9199999999999999       -15.169937155969651     
   156.59999999999997        8.0000000000000000       -14.549627305269045     
   156.59999999999997        8.0800000000000001       -13.929948950841665     
   156.59999999999997        8.1600000000000001       -13.315895617954526     
   156.59999999999997        8.2400000000000002       -12.713756209601700     
   156.59999999999997        8.3200000000000003       -12.124177662796230     
   156.59999999999997        8.4000000000000004       -11.553651639603091     
   156.59999999999997        8.4800000000000004       -11.001477170208174     
   156.59999999999997        8.5599999999999987       -10.468089869220089     
   156.59999999999997        8.6400000000000006       -9.9573402347635529     
   156.59999999999997        8.7199999999999989       -9.4660800355136931     
   156.59999999999997        8.8000000000000007       -8.9986927607753646     
   156.59999999999997        8.8799999999999990       -8.5521792393726432     
   156.59999999999997        8.9600000000000009       -8.1259462666806765     
   156.59999999999997        9.0399999999999991       -7.7217102665891382     
   156.59999999999997        9.1200000000000010       -7.3362884574685721     
   156.59999999999997        9.1999999999999993       -6.9720920388899161     
   156.59999999999997        9.2800000000000011       -6.6249787123281205     
   156.59999999999997        9.3599999999999994       -6.2979724906533923     
   156.59999999999997        9.4400000000000013       -5.9877620827645073     
   156.59999999999997        9.5199999999999996       -5.6932986270178034     
   156.59999999999997        9.5999999999999996       -5.4156114481385993     
   156.59999999999997        9.6799999999999997       -5.1518036310949338     
   156.59999999999997        9.7599999999999998       -4.9034911623722355     
   156.59999999999997        9.8399999999999999       -4.6673216191732791     
   156.59999999999997        9.9199999999999999       -4.4453693412148532     
   156.59999999999997        10.000000000000000       -4.2350836083746008     
   156.59999999999997        10.080000000000000       -4.0355730461419910     
   156.59999999999997        10.160000000000000       -3.8475513599116304     
   156.59999999999997        10.240000000000000       -3.6688665306757580     
   156.59999999999997        10.320000000000000       -3.5006400231605390     
   156.59999999999997        10.400000000000000       -3.3404832034119436     
   156.59999999999997        10.480000000000000       -3.1898243058767592     
   156.59999999999997        10.559999999999999       -3.0468926771150300     
   156.59999999999997        10.640000000000001       -2.9110423892478603     
   156.59999999999997        10.719999999999999       -2.7828015702318361     
   156.59999999999997        10.800000000000001       -2.6606720608666721     
   156.59999999999997        10.879999999999999       -2.5454492966291244     
   156.59999999999997        10.960000000000001       -2.4354986566827943     
   156.59999999999997        11.039999999999999       -2.3318149064870939     
   156.59999999999997        11.120000000000001       -2.2332072498676041     
   156.59999999999997        11.199999999999999       -2.1392301779683098     
   156.59999999999997        11.280000000000001       -2.0502844290407598     
   156.59999999999997        11.359999999999999       -1.9653431273178101     
   156.59999999999997        11.440000000000001       -1.8849804777202472     
   156.59999999999997        11.520000000000000       -1.8084030828250193     
   156.59999999999997        11.600000000000000       -1.7353550641922826     
   156.59999999999997        11.680000000000000       -1.6659960791247113     
   156.59999999999997        11.760000000000000       -1.5997009817372454     
   156.59999999999997        11.840000000000000       -1.5367771830569790     
   156.59999999999997        11.920000000000000       -1.4765159002970201     
   156.59999999999997        12.000000000000000       -1.4193383844432639     
   158.39999999999998        4.0000000000000000        7740.9512646615030     
   158.39999999999998        4.0800000000000001        6547.0443947705235     
   158.39999999999998        4.1600000000000001        5531.9777189157321     
   158.39999999999998        4.2400000000000002        4666.5038956737135     
   158.39999999999998        4.3200000000000003        3942.0434659180601     
   158.39999999999998        4.4000000000000004        3321.5428126361958     
   158.39999999999998        4.4800000000000004        2804.0361929054002     
   158.39999999999998        4.5600000000000005        2358.8937002952730     
   158.39999999999998        4.6399999999999997        1989.0328758513426     
   158.39999999999998        4.7199999999999998        1674.1800244633478     
   158.39999999999998        4.7999999999999998        1405.2662609424835     
   158.39999999999998        4.8799999999999999        1180.2185767950809     
   158.39999999999998        4.9600000000000000        987.28294771303592     
   158.39999999999998        5.0400000000000000        826.55898386251260     
   158.39999999999998        5.1200000000000001        688.30270390514261     
   158.39999999999998        5.2000000000000002        573.69919009011983     
   158.39999999999998        5.2800000000000002        476.33012396421947     
   158.39999999999998        5.3600000000000003        393.31207169023651     
   158.39999999999998        5.4399999999999995        324.15201483030091     
   158.39999999999998        5.5199999999999996        265.04772773565219     
   158.39999999999998        5.5999999999999996        216.13478497826205     
   158.39999999999998        5.6799999999999997        174.26361572186372     
   158.39999999999998        5.7599999999999998        139.87415853468684     
   158.39999999999998        5.8399999999999999        110.90528222603533     
   158.39999999999998        5.9199999999999999        86.424360611100553     
   158.39999999999998        6.0000000000000000        66.311103433331553     
   158.39999999999998        6.0800000000000001        49.328465416399098     
   158.39999999999998        6.1600000000000001        35.538149847536111     
   158.39999999999998        6.2400000000000002        24.098111514189956     
   158.39999999999998        6.3200000000000003        14.631523262138431     
   158.39999999999998        6.4000000000000004        7.0023398205720486     
   158.39999999999998        6.4800000000000004       0.73535269181651552     
   158.39999999999998        6.5600000000000005       -4.2043388058662314     
   158.39999999999998        6.6400000000000006       -8.2105736114479164     
   158.39999999999998        6.7200000000000006       -11.267031751133935     
   158.39999999999998        6.7999999999999998       -13.637150777775167     
   158.39999999999998        6.8799999999999999       -15.441480157456304     
   158.39999999999998        6.9600000000000000       -16.723112859228795     
   158.39999999999998        7.0400000000000000       -17.628517776684216     
   158.39999999999998        7.1200000000000001       -18.172641989334974     
   158.39999999999998        7.2000000000000002       -18.471671559200022     
   158.39999999999998        7.2799999999999994       -18.527418561575626     
   158.39999999999998        7.3599999999999994       -18.415247508210378     
   158.39999999999998        7.4399999999999995       -18.171075179673910     
   158.39999999999998        7.5199999999999996       -17.810704314567165     
   158.39999999999998        7.5999999999999996       -17.373038543251504     
   158.39999999999998        7.6799999999999997       -16.867174910774899     
   158.39999999999998        7.7599999999999998       -16.320448368631148     
   158.39999999999998        7.8399999999999999       -15.739468775099700     
   158.39999999999998        7.9199999999999999       -15.140624418325913     
   158.39999999999998        8.0000000000000000       -14.532608619446723     
   158.39999999999998        8.0800000000000001       -13.922538900849965     
   158.39999999999998        8.1600000000000001       -13.316167951606147     
   158.39999999999998        8.2400000000000002       -12.719790471754685     
   158.39999999999998        8.3200000000000003       -12.134671588205729     
   158.39999999999998        8.4000000000000004       -11.567257871523555     
   158.39999999999998        8.4800000000000004       -11.017250798957486     
   158.39999999999998        8.5599999999999987       -10.485274851244583     
   158.39999999999998        8.6400000000000006       -9.9752343545515707     
   158.39999999999998        8.7199999999999989       -9.4842061453175557     
   158.39999999999998        8.8000000000000007       -9.0165976169460382     
   158.39999999999998        8.8799999999999990       -8.5695573686574491     
   158.39999999999998        8.9600000000000009       -8.1425652206018899     
   158.39999999999998        9.0399999999999991       -7.7373812194357914     
   158.39999999999998        9.1200000000000010       -7.3508938378263053     
   158.39999999999998        9.1999999999999993       -6.9855433063381573     
   158.39999999999998        9.2800000000000011       -6.6372330031774789     
   158.39999999999998        9.3599999999999994       -6.3090106394944678     
   158.39999999999998        9.4400000000000013       -5.9975904261842938     
   158.39999999999998        9.5199999999999996       -5.7019391617224997     
   158.39999999999998        9.5999999999999996       -5.4231039084052108     
   158.39999999999998        9.6799999999999997       -5.1581921076221375     
   158.39999999999998        9.7599999999999998       -4.9088362577003002     
   158.39999999999998        9.8399999999999999       -4.6716779485701760     
   158.39999999999998        9.9199999999999999       -4.4488086222845977     
   158.39999999999998        10.000000000000000       -4.2376700029785352     
   158.39999999999998        10.080000000000000       -4.0373693982607657     
   158.39999999999998        10.160000000000000       -3.8486281337333534     
   158.39999999999998        10.240000000000000       -3.6692831353697835     
   158.39999999999998        10.320000000000000       -3.5004649182740732     
   158.39999999999998        10.400000000000000       -3.3397701995080511     
   158.39999999999998        10.480000000000000       -3.1886375051036597     
   158.39999999999998        10.559999999999999       -3.0452844891764705     
   158.39999999999998        10.640000000000001       -2.9090607917724411     
   158.39999999999998        10.719999999999999       -2.7804977697966975     
   158.39999999999998        10.800000000000001       -2.6580867295920236     
   158.39999999999998        10.879999999999999       -2.5426276030162511     
   158.39999999999998        10.960000000000001       -2.4324744017104538     
   158.39999999999998        11.039999999999999       -2.3286271593955341     
   158.39999999999998        11.120000000000001       -2.2298866465721452     
   158.39999999999998        11.199999999999999       -2.1358037836765837     
   158.39999999999998        11.280000000000001       -2.0467804704921799     
   158.39999999999998        11.359999999999999       -1.9617831314341474     
   158.39999999999998        11.440000000000001       -1.8813878113942883     
   158.39999999999998        11.520000000000000       -1.8047959875419881     
   158.39999999999998        11.600000000000000       -1.7317496181200418     
   158.39999999999998        11.680000000000000       -1.6624079961062079     
   158.39999999999998        11.760000000000000       -1.5961424212660555     
   158.39999999999998        11.840000000000000       -1.5332604683550408     
   158.39999999999998        11.920000000000000       -1.4730499808369972     
   158.39999999999998        12.000000000000000       -1.4159326187379493     
   160.20000000000002        4.0000000000000000        8124.5303535229623     
   160.20000000000002        4.0800000000000001        6868.4867328832261     
   160.20000000000002        4.1600000000000001        5801.2592808269792     
   160.20000000000002        4.2400000000000002        4891.8640451383553     
   160.20000000000002        4.3200000000000003        4131.1396792223259     
   160.20000000000002        4.4000000000000004        3479.9422516720829     
   160.20000000000002        4.4800000000000004        2937.1730910945421     
   160.20000000000002        4.5600000000000005        2470.5329908595186     
   160.20000000000002        4.6399999999999997        2083.0316854735665     
   160.20000000000002        4.7199999999999998        1753.3138487914837     
   160.20000000000002        4.7999999999999998        1471.8221961212889     
   160.20000000000002        4.8799999999999999        1236.3488270224880     
   160.20000000000002        4.9600000000000000        1034.5413758246168     
   160.20000000000002        5.0400000000000000        866.48223146568318     
   160.20000000000002        5.1200000000000001        721.94886726767550     
   160.20000000000002        5.2000000000000002        602.16720833827890     
   160.20000000000002        5.2800000000000002        500.41052442081792     
   160.20000000000002        5.3600000000000003        413.65623131008488     
   160.20000000000002        5.4399999999999995        341.38212544119705     
   160.20000000000002        5.5199999999999996        279.61097560450833     
   160.20000000000002        5.5999999999999996        228.48032342545008     
   160.20000000000002        5.6799999999999997        184.69952836887319     
   160.20000000000002        5.7599999999999998        148.72561485607991     
   160.20000000000002        5.8399999999999999        118.40666549753891     
   160.20000000000002        5.9199999999999999        92.769124047426573     
   160.20000000000002        6.0000000000000000        71.687161044343455     
   160.20000000000002        6.0800000000000001        53.870474645187670     
   160.20000000000002        6.1600000000000001        39.383667802719913     
   160.20000000000002        6.2400000000000002        27.348801774142274     
   160.20000000000002        6.3200000000000003        17.373208016712354     
   160.20000000000002        6.4000000000000004        9.3155697969498217     
   160.20000000000002        6.4800000000000004        2.6804473768772712     
   160.20000000000002        6.5600000000000005       -2.5678227435020515     
   160.20000000000002        6.6400000000000006       -6.8401214236003494     
   160.20000000000002        6.7200000000000006       -10.118533124743292     
   160.20000000000002        6.7999999999999998       -12.677988490606735     
   160.20000000000002        6.8799999999999999       -14.644122659249790     
   160.20000000000002        6.9600000000000000       -16.061353703777328     
   160.20000000000002        7.0400000000000000       -17.082859624218273     
   160.20000000000002        7.1200000000000001       -17.723591959226145     
   160.20000000000002        7.2000000000000002       -18.105423456272682     
   160.20000000000002        7.2799999999999994       -18.229495088651944     
   160.20000000000002        7.3599999999999994       -18.174995523391893     
   160.20000000000002        7.4399999999999995       -17.979550975204958     
   160.20000000000002        7.5199999999999996       -17.659328159996083     
   160.20000000000002        7.5999999999999996       -17.255509407375097     
   160.20000000000002        7.6799999999999997       -16.777161394056531     
   160.20000000000002        7.7599999999999998       -16.253533930164011     
   160.20000000000002        7.8399999999999999       -15.691014088288110     
   160.20000000000002        7.9199999999999999       -15.107264357117357     
   160.20000000000002        8.0000000000000000       -14.511558368309993     
   160.20000000000002        8.0800000000000001       -13.911135416907072     
   160.20000000000002        8.1600000000000001       -13.312502312150885     
   160.20000000000002        8.2400000000000002       -12.721960684294316     
   160.20000000000002        8.3200000000000003       -12.141388541051853     
   160.20000000000002        8.4000000000000004       -11.577188346663014     
   160.20000000000002        8.4800000000000004       -11.029460015122979     
   160.20000000000002        8.5599999999999987       -10.499014881638301     
   160.20000000000002        8.6400000000000006       -9.9898103476727869     
   160.20000000000002        8.7199999999999989       -9.4991456928118332     
   160.20000000000002        8.8000000000000007       -9.0314514608990901     
   160.20000000000002        8.8799999999999990       -8.5840221386880327     
   160.20000000000002        8.9600000000000009       -8.1564094371178886     
   160.20000000000002        9.0399999999999991       -7.7504159506148413     
   160.20000000000002        9.1200000000000010       -7.3630005457775987     
   160.20000000000002        9.1999999999999993       -6.9966313935768056     
   160.20000000000002        9.2800000000000011       -6.6472572751039625     
   160.20000000000002        9.3599999999999994       -6.3179483692208205     
   160.20000000000002        9.4400000000000013       -6.0054443386249616     
   160.20000000000002        9.5199999999999996       -5.7087273696701013     
   160.20000000000002        9.5999999999999996       -5.4288614589423689     
   160.20000000000002        9.6799999999999997       -5.1629588037650365     
   160.20000000000002        9.7599999999999998       -4.9126674590262436     
   160.20000000000002        9.8399999999999999       -4.6746238518060723     
   160.20000000000002        9.9199999999999999       -4.4509353969089949     
   160.20000000000002        10.000000000000000       -4.2390369748051446     
   160.20000000000002        10.080000000000000       -4.0380347315521687     
   160.20000000000002        10.160000000000000       -3.8486570705164520     
   160.20000000000002        10.240000000000000       -3.6687306756955427     
   160.20000000000002        10.320000000000000       -3.4993944041895388     
   160.20000000000002        10.400000000000000       -3.3382313785956059     
   160.20000000000002        10.480000000000000       -3.1866895649672311     
   160.20000000000002        10.559999999999999       -3.0429757482672946     
   160.20000000000002        10.640000000000001       -2.9064354146578313     
   160.20000000000002        10.719999999999999       -2.7776028013227996     
   160.20000000000002        10.800000000000001       -2.6549594595491790     
   160.20000000000002        10.879999999999999       -2.5393093406899272     
   160.20000000000002        10.960000000000001       -2.4289959837665922     
   160.20000000000002        11.039999999999999       -2.3250241177478062     
   160.20000000000002        11.120000000000001       -2.2261867488561471     
   160.20000000000002        11.199999999999999       -2.1320314818785184     
   160.20000000000002        11.280000000000001       -2.0429611630376541     
   160.20000000000002        11.359999999999999       -1.9579361070466939     
   160.20000000000002        11.440000000000001       -1.8775339003620222     
   160.20000000000002        11.520000000000000       -1.8009513575290548     
   160.20000000000002        11.600000000000000       -1.7279284366358039     
   160.20000000000002        11.680000000000000       -1.6586240099332772     
   160.20000000000002        11.760000000000000       -1.5924061829223355     
   160.20000000000002        11.840000000000000       -1.5295825672932912     
   160.20000000000002        11.920000000000000       -1.4694380244538607     
   160.20000000000002        12.000000000000000       -1.4123944485143569     
   162.00000000000000        4.0000000000000000        8506.7683693469990     
   162.00000000000000        4.0800000000000001        7188.7501585446125     
   162.00000000000000        4.1600000000000001        6069.5014496207705     
   162.00000000000000        4.2400000000000002        5116.3056483458586     
   162.00000000000000        4.3200000000000003        4319.4208176069505     
   162.00000000000000        4.4000000000000004        3637.6174011914181     
   162.00000000000000        4.4800000000000004        3069.6639967666501     
   162.00000000000000        4.5600000000000005        2581.5958330737085     
   162.00000000000000        4.6399999999999997        2176.5144629772085     
   162.00000000000000        4.7199999999999998        1831.9853366872783     
   162.00000000000000        4.7999999999999998        1537.9638135253392     
   162.00000000000000        4.8799999999999999        1292.1072578786520     
   162.00000000000000        4.9600000000000000        1081.4663492108928     
   162.00000000000000        5.0400000000000000        906.10611438888236     
   162.00000000000000        5.1200000000000001        755.32667389233052     
   162.00000000000000        5.2000000000000002        630.39449003043990     
   162.00000000000000        5.2800000000000002        524.27521709779990     
   162.00000000000000        5.3600000000000003        433.80745055645605     
   162.00000000000000        5.4399999999999995        358.43975137677427     
   162.00000000000000        5.5199999999999996        294.02041674742009     
   162.00000000000000        5.5999999999999996        240.68880789475210     
   162.00000000000000        5.6799999999999997        195.01372230250621     
   162.00000000000000        5.7599999999999998        157.46906544458508     
   162.00000000000000        5.8399999999999999        125.81248765809586     
   162.00000000000000        5.9199999999999999        99.029647437297982     
   162.00000000000000        6.0000000000000000        76.989117732780500     
   162.00000000000000        6.0800000000000001        58.347609123095083     
   162.00000000000000        6.1600000000000001        43.172526792950798     
   162.00000000000000        6.2400000000000002        30.550240602730561     
   162.00000000000000        6.3200000000000003        20.072317551671635     
   162.00000000000000        6.4000000000000004        11.592161702765614     
   162.00000000000000        6.4800000000000004        4.5942476100009513     
   162.00000000000000        6.5600000000000005      -0.95788682780071543     
   162.00000000000000        6.6400000000000006       -5.4920145223917887     
   162.00000000000000        6.7200000000000006       -8.9886775725391850     
   162.00000000000000        6.7999999999999998       -11.734187834035701     
   162.00000000000000        6.8799999999999999       -13.859221134620649     
   162.00000000000000        6.9600000000000000       -15.409524555976288     
   162.00000000000000        7.0400000000000000       -16.544904088182882     
   162.00000000000000        7.1200000000000001       -17.280332833550990     
   162.00000000000000        7.2000000000000002       -17.743289627749800     
   162.00000000000000        7.2799999999999994       -17.934269023611584     
   162.00000000000000        7.3599999999999994       -17.936225005782681     
   162.00000000000000        7.4399999999999995       -17.788468183186399     
   162.00000000000000        7.5199999999999996       -17.507529684281568     
   162.00000000000000        7.5999999999999996       -17.136829020791293     
   162.00000000000000        7.6799999999999997       -16.685408705740144     
   162.00000000000000        7.7599999999999998       -16.184394296247955     
   162.00000000000000        7.8399999999999999       -15.639959178032106     
   162.00000000000000        7.9199999999999999       -15.071012315378981     
   162.00000000000000        8.0000000000000000       -14.487395191094020     
   162.00000000000000        8.0800000000000001       -13.896467681399800     
   162.00000000000000        8.1600000000000001       -13.305472214157810     
   162.00000000000000        8.2400000000000002       -12.720718306205809     
   162.00000000000000        8.3200000000000003       -12.144680690421771     
   162.00000000000000        8.4000000000000004       -11.583719503079667     
   162.00000000000000        8.4800000000000004       -11.038322079656812     
   162.00000000000000        8.5599999999999987       -10.509481335749896     
   162.00000000000000        8.6400000000000006       -10.001206131043578     
   162.00000000000000        8.7199999999999989       -9.5110116608230157     
   162.00000000000000        8.8000000000000007       -9.0433505639692910     
   162.00000000000000        8.8799999999999990       -8.5956587776001214     
   162.00000000000000        8.9600000000000009       -8.1675575419605337     
   162.00000000000000        9.0399999999999991       -7.7608902628435210     
   162.00000000000000        9.1200000000000010       -7.3726840821210233     
   162.00000000000000        9.1999999999999993       -7.0054336397256627     
   162.00000000000000        9.2800000000000011       -6.6551319808797160     
   162.00000000000000        9.3599999999999994       -6.3248702631046205     
   162.00000000000000        9.4400000000000013       -6.0114130433600161     
   162.00000000000000        9.5199999999999996       -5.7137573521654659     
   162.00000000000000        9.5999999999999996       -5.4329830943387369     
   162.00000000000000        9.6799999999999997       -5.1662074595428420     
   162.00000000000000        9.7599999999999998       -4.9150929284476765     
   162.00000000000000        9.8399999999999999       -4.6762715632517802     
   162.00000000000000        9.9199999999999999       -4.4518654610144832     
   162.00000000000000        10.000000000000000       -4.2393033960964903     
   162.00000000000000        10.080000000000000       -4.0376905041476272     
   162.00000000000000        10.160000000000000       -3.8477616534977228     
   162.00000000000000        10.240000000000000       -3.6673341830199586     
   162.00000000000000        10.320000000000000       -3.4975545105092900     
   162.00000000000000        10.400000000000000       -3.3359933385010048     
   162.00000000000000        10.480000000000000       -3.1841071455489915     
   162.00000000000000        10.559999999999999       -3.0400927702205247     
   162.00000000000000        10.640000000000001       -2.9032918645764085     
   162.00000000000000        10.719999999999999       -2.7742411831756120     
   162.00000000000000        10.800000000000001       -2.6514133885624558     
   162.00000000000000        10.879999999999999       -2.5356159546955856     
   162.00000000000000        10.960000000000001       -2.4251829307505344     
   162.00000000000000        11.039999999999999       -2.3211231467053248     
   162.00000000000000        11.120000000000001       -2.2222225784134699     
   162.00000000000000        11.199999999999999       -2.1280258011684730     
   162.00000000000000        11.280000000000001       -2.0389363992566434     
   162.00000000000000        11.359999999999999       -1.9539092121543775     
   162.00000000000000        11.440000000000001       -1.8735230748862746     
   162.00000000000000        11.520000000000000       -1.7969706347361947     
   162.00000000000000        11.600000000000000       -1.7239900307631497     
   162.00000000000000        11.680000000000000       -1.6547396720750756     
   162.00000000000000        11.760000000000000       -1.5885848475741591     
   162.00000000000000        11.840000000000000       -1.5258330927347994     
   162.00000000000000        11.920000000000000       -1.4657666887868068     
   162.00000000000000        12.000000000000000       -1.4088076044928948     
   163.79999999999998        4.0000000000000000        8882.7533647583605     
   163.79999999999998        4.0800000000000001        7503.7034358295023     
   163.79999999999998        4.1600000000000001        6333.2317339943384     
   163.79999999999998        4.2400000000000002        5336.9135922198211     
   163.79999999999998        4.3200000000000003        4504.4343124304514     
   163.79999999999998        4.4000000000000004        3792.5088618723616     
   163.79999999999998        4.4800000000000004        3199.7745378791678     
   163.79999999999998        4.5600000000000005        2690.6254059632397     
   163.79999999999998        4.6399999999999997        2268.2530166799947     
   163.79999999999998        4.7199999999999998        1909.1595284063337     
   163.79999999999998        4.7999999999999998        1602.8200834434297     
   163.79999999999998        4.8799999999999999        1346.7590654868670     
   163.79999999999998        4.9600000000000000        1127.4392026924884     
   163.79999999999998        5.0400000000000000        944.90816001420171     
   163.79999999999998        5.1200000000000001        787.99606103292922     
   163.79999999999998        5.2000000000000002        658.00901859399073     
   163.79999999999998        5.2800000000000002        547.60986788915352     
   163.79999999999998        5.3600000000000003        453.50051895935167     
   163.79999999999998        5.4399999999999995        375.10061311870624     
   163.79999999999998        5.5199999999999996        308.08680454736049     
   163.79999999999998        5.5999999999999996        252.60009299851254     
   163.79999999999998        5.6799999999999997        205.07108131389330     
   163.79999999999998        5.7599999999999998        165.99012353725817     
   163.79999999999998        5.8399999999999999        133.02599216915235     
   163.79999999999998        5.9199999999999999        105.12424742670184     
   163.79999999999998        6.0000000000000000        82.147881582236280     
   163.79999999999998        6.0800000000000001        62.701592020755108     
   163.79999999999998        6.1600000000000001        46.855453491023503     
   163.79999999999998        6.2400000000000002        33.660822045383426     
   163.79999999999998        6.3200000000000003        22.693787779504195     
   163.79999999999998        6.4000000000000004        13.802539753812830     
   163.79999999999998        6.4800000000000004        6.4518792219903647     
   163.79999999999998        6.5600000000000005       0.60452220394370904     
   163.79999999999998        6.6400000000000006       -4.1838230279905329     
   163.79999999999998        6.7200000000000006       -7.8922278856676638     
   163.79999999999998        6.7999999999999998       -10.818123521426649     
   163.79999999999998        6.8799999999999999       -13.097114779424789     
   163.79999999999998        6.9600000000000000       -14.776263270382641     
   163.79999999999998        7.0400000000000000       -16.021835270204154     
   163.79999999999998        7.1200000000000001       -16.848841392497174     
   163.79999999999998        7.2000000000000002       -17.390213340922138     
   163.79999999999998        7.2799999999999994       -17.645831546271594     
   163.79999999999998        7.3599999999999994       -17.702307946315578     
   163.79999999999998        7.4399999999999995       -17.600590743358502     
   163.79999999999998        7.5199999999999996       -17.357570942825934     
   163.79999999999998        7.5999999999999996       -17.018835219992166     
   163.79999999999998        7.6799999999999997       -16.593408197439096     
   163.79999999999998        7.7599999999999998       -16.114228371440159     
   163.79999999999998        7.8399999999999999       -15.587267070091471     
   163.79999999999998        7.9199999999999999       -15.032636346034435     
   163.79999999999998        8.0000000000000000       -14.460725942009601     
   163.79999999999998        8.0800000000000001       -13.879013580968985     
   163.79999999999998        8.1600000000000001       -13.295449647910186     
   163.79999999999998        8.2400000000000002       -12.716352402970195     
   163.79999999999998        8.3200000000000003       -12.144769748264206     
   163.79999999999998        8.4000000000000004       -11.587021826160120     
   163.79999999999998        8.4800000000000004       -11.043967591473608     
   163.79999999999998        8.5599999999999987       -10.516774036174578     
   163.79999999999998        8.6400000000000006       -10.009499272764147     
   163.79999999999998        8.7199999999999989       -9.5198652102811323     
   163.79999999999998        8.8000000000000007       -9.0523453207772580     
   163.79999999999998        8.8799999999999990       -8.6045108014300418     
   163.79999999999998        8.9600000000000009       -8.1760492166796883     
   163.79999999999998        9.0399999999999991       -7.7688425908110164     
   163.79999999999998        9.1200000000000010       -7.3799833573775970     
   163.79999999999998        9.1999999999999993       -7.0119908883967828     
   163.79999999999998        9.2800000000000011       -6.6609007606787527     
   163.79999999999998        9.3599999999999994       -6.3298234385163363     
   163.79999999999998        9.4400000000000013       -6.0155474674077052     
   163.79999999999998        9.5199999999999996       -5.7170839907388844     
   163.79999999999998        9.5999999999999996       -5.4355276386796660     
   163.79999999999998        9.6799999999999997       -5.1680007194704842     
   163.79999999999998        9.7599999999999998       -4.9161788835262366     
   163.79999999999998        9.8399999999999999       -4.6766906118209564     
   163.79999999999998        9.9199999999999999       -4.4516712769985816     
   163.79999999999998        10.000000000000000       -4.2385443057024323     
   163.79999999999998        10.080000000000000       -4.0364139714182876     
   163.79999999999998        10.160000000000000       -3.8460209435275687     
   163.79999999999998        10.240000000000000       -3.6651741741503576     
   163.79999999999998        10.320000000000000       -3.4950268068044892     
   163.79999999999998        10.400000000000000       -3.3331383859294315     
   163.79999999999998        10.480000000000000       -3.1809729186161158     
   163.79999999999998        10.559999999999999       -3.0367182922227460     
   163.79999999999998        10.640000000000001       -2.8997126744603614     
   163.79999999999998        10.719999999999999       -2.7704949628710680     
   163.79999999999998        10.800000000000001       -2.6475298611821674     
   163.79999999999998        10.879999999999999       -2.5316278530082772     
   163.79999999999998        10.960000000000001       -2.4211145452890914     
   163.79999999999998        11.039999999999999       -2.3170022574277418     
   163.79999999999998        11.120000000000001       -2.2180707167254257     
   163.79999999999998        11.199999999999999       -2.1238617778004856     
   163.79999999999998        11.280000000000001       -2.0347795582555142     
   163.79999999999998        11.359999999999999       -1.9497740901797016     
   163.79999999999998        11.440000000000001       -1.8694251665073789     
   163.79999999999998        11.520000000000000       -1.7929217872842400     
   163.79999999999998        11.600000000000000       -1.7200004668319686     
   163.79999999999998        11.680000000000000       -1.6508191180887921     
   163.79999999999998        11.760000000000000       -1.5847406048469206     
   163.79999999999998        11.840000000000000       -1.5220722820330312     
   163.79999999999998        11.920000000000000       -1.4620942614402872     
   163.79999999999998        12.000000000000000       -1.4052284369372248     
   165.59999999999999        4.0000000000000000        9243.8799985343667     
   165.59999999999999        4.0800000000000001        7806.1391061126551     
   165.59999999999999        4.1600000000000001        6586.4170830653720     
   165.59999999999999        4.2400000000000002        5548.6443453333504     
   165.59999999999999        4.3200000000000003        4681.9540186269660     
   165.59999999999999        4.4000000000000004        3941.0825319222349     
   165.59999999999999        4.4800000000000004        3324.5401211961089     
   165.59999999999999        4.5600000000000005        2795.1416220252545     
   165.59999999999999        4.6399999999999997        2356.1645764368800     
   165.59999999999999        4.7199999999999998        1983.0881698050976     
   165.59999999999999        4.7999999999999998        1664.9254816375831     
   165.59999999999999        4.8799999999999999        1399.0726974000368     
   165.59999999999999        4.9600000000000000        1171.4271423540079     
   165.59999999999999        5.0400000000000000        982.01950896084088     
   165.59999999999999        5.1200000000000001        819.22813004811292     
   165.59999999999999        5.2000000000000002        684.39697156087880     
   165.59999999999999        5.2800000000000002        569.89784623725245     
   165.59999999999999        5.3600000000000003        472.30127803611424     
   165.59999999999999        5.4399999999999995        390.99898648216947     
   165.59999999999999        5.5199999999999996        321.50277872153850     
   165.59999999999999        5.5999999999999996        263.95509229069484     
   165.59999999999999        5.6799999999999997        214.65388980856440     
   165.59999999999999        5.7599999999999998        174.10518319420009     
   165.59999999999999        5.8399999999999999        139.89246885295896     
   165.59999999999999        5.9199999999999999        110.92282212645092     
   165.59999999999999        6.0000000000000000        87.053813509695630     
   165.59999999999999        6.0800000000000001        66.840290698559514     
   165.59999999999999        6.1600000000000001        50.354818747203986     
   165.59999999999999        6.2400000000000002        36.615214729127572     
   165.59999999999999        6.3200000000000003        25.182734080601350     
   165.59999999999999        6.4000000000000004        15.900540655711104     
   165.59999999999999        6.4800000000000004        8.2146172895171006     
   165.59999999999999        6.5600000000000005        2.0868609596889365     
   165.59999999999999        6.6400000000000006       -2.9427990760001190     
   165.59999999999999        6.7200000000000006       -6.8520605347881745     
   165.59999999999999        6.7999999999999998       -9.9489671924371326     
   165.59999999999999        6.8799999999999999       -12.373831884135933     
   165.59999999999999        6.9600000000000000       -14.174984172230646     
   165.59999999999999        7.0400000000000000       -15.524843675194779     
   165.59999999999999        7.1200000000000001       -16.438470416917362     
   165.59999999999999        7.2000000000000002       -17.053980464229628     
   165.59999999999999        7.2799999999999994       -17.370682539837091     
   165.59999999999999        7.3599999999999994       -17.478662719169005     
   165.59999999999999        7.4399999999999995       -17.420425537174005     
   165.59999999999999        7.5199999999999996       -17.213208687721725     
   165.59999999999999        7.5999999999999996       -16.904651925277300     
   165.59999999999999        7.6799999999999997       -16.503767561693405     
   165.59999999999999        7.7599999999999998       -16.045208161508182     
   165.59999999999999        7.8399999999999999       -15.534757799994233     
   165.59999999999999        7.9199999999999999       -14.993664624080919     
   165.59999999999999        8.0000000000000000       -14.432836260721864     
   165.59999999999999        8.0800000000000001       -13.859862973976885     
   165.59999999999999        8.1600000000000001       -13.283361945102167     
   165.59999999999999        8.2400000000000002       -12.709660676130177     
   165.59999999999999        8.3200000000000003       -12.142345957321847     
   165.59999999999999        8.4000000000000004       -11.587700929927585     
   165.59999999999999        8.4800000000000004       -11.046933508042466     
   165.59999999999999        8.5599999999999987       -10.521374068758350     
   165.59999999999999        8.6400000000000006       -10.015126912056548     
   165.59999999999999        8.7199999999999989       -9.5261077053564041     
   165.59999999999999        8.8000000000000007       -9.0588092114829095     
   165.59999999999999        8.8799999999999990       -8.6109292678069256     
   165.59999999999999        8.9600000000000009       -8.1822174056661403     
   165.59999999999999        9.0399999999999991       -7.7745914819952375     
   165.59999999999999        9.1200000000000010       -7.3852050527393232     
   165.59999999999999        9.1999999999999993       -7.0166001792487025     
   165.59999999999999        9.2800000000000011       -6.6648524095775592     
   165.59999999999999        9.3599999999999994       -6.3330896736400879     
   165.59999999999999        9.4400000000000013       -6.0181231122190493     
   165.59999999999999        9.5199999999999996       -5.7189770083707581     
   165.59999999999999        9.5999999999999996       -5.4367593789042488     
   165.59999999999999        9.6799999999999997       -5.1685975954795875     
   165.59999999999999        9.7599999999999998       -4.9161791263593182     
   165.59999999999999        9.8399999999999999       -4.6761295747786980     
   165.59999999999999        9.9199999999999999       -4.4505961162286605     
   165.59999999999999        10.000000000000000       -4.2369975655535042     
   165.59999999999999        10.080000000000000       -4.0344374703980455     
   165.59999999999999        10.160000000000000       -3.8436616168073483     
   165.59999999999999        10.240000000000000       -3.6624715509602490     
   165.59999999999999        10.320000000000000       -3.4920262981553423     
   165.59999999999999        10.400000000000000       -3.3298755422816817     
   165.59999999999999        10.480000000000000       -3.1774898357886481     
   165.59999999999999        10.559999999999999       -3.0330491428820343     
   165.59999999999999        10.640000000000001       -2.8958885171322382     
   165.59999999999999        10.719999999999999       -2.7665486441774667     
   165.59999999999999        10.800000000000001       -2.6434872197168713     
   165.59999999999999        10.879999999999999       -2.5275172492626932     
   165.59999999999999        10.960000000000001       -2.4169569549487542     
   165.59999999999999        11.039999999999999       -2.3128215669540011     
   165.59999999999999        11.120000000000001       -2.2138853519398758     
   165.59999999999999        11.199999999999999       -2.1196877619461900     
   165.59999999999999        11.280000000000001       -2.0306332714673072     
   165.59999999999999        11.359999999999999       -1.9456677640217870     
   165.59999999999999        11.440000000000001       -1.8653717346338328     
   165.59999999999999        11.520000000000000       -1.7889310465393247     
   165.59999999999999        11.600000000000000       -1.7160807872014987     
   165.59999999999999        11.680000000000000       -1.6469783608788877     
   165.59999999999999        11.760000000000000       -1.5809845817952162     
   165.59999999999999        11.840000000000000       -1.5184065468928314     
   165.59999999999999        11.920000000000000       -1.4585225822838610     
   165.59999999999999        12.000000000000000       -1.4017543909207635     
   167.40000000000001        4.0000000000000000        9583.2680906872629     
   167.40000000000001        4.0800000000000001        8090.3005465988390     
   167.40000000000001        4.1600000000000001        6824.2438218296475     
   167.40000000000001        4.2400000000000002        5747.4779168930418     
   167.40000000000001        4.3200000000000003        4848.6148247523251     
   167.40000000000001        4.4000000000000004        4080.5272168303395     
   167.40000000000001        4.4800000000000004        3441.6048813513416     
   167.40000000000001        4.5600000000000005        2893.1756263510870     
   167.40000000000001        4.6399999999999997        2438.5973012268705     
   167.40000000000001        4.7199999999999998        2052.3860712479973     
   167.40000000000001        4.7999999999999998        1723.1199803960455     
   167.40000000000001        4.8799999999999999        1448.0742646151671     
   167.40000000000001        4.9600000000000000        1212.6142627485576     
   167.40000000000001        5.0400000000000000        1016.7544235719646     
   167.40000000000001        5.1200000000000001        848.44817967847280     
   167.40000000000001        5.2000000000000002        709.07484568135851     
   167.40000000000001        5.2800000000000002        590.73260325702142     
   167.40000000000001        5.3600000000000003        489.86841976466604     
   167.40000000000001        5.4399999999999995        405.84764393382829     
   167.40000000000001        5.5199999999999996        334.02719306744433     
   167.40000000000001        5.5999999999999996        274.55073356641685     
   167.40000000000001        5.6799999999999997        223.59167615252542     
   167.40000000000001        5.7599999999999998        181.67062134807668     
   167.40000000000001        5.8399999999999999        146.29101689518728     
   167.40000000000001        5.9199999999999999        116.32380262987517     
   167.40000000000001        6.0000000000000000        91.621401519650320     
   167.40000000000001        6.0800000000000001        70.691916606520920     
   167.40000000000001        6.1600000000000001        53.610189555687036     
   167.40000000000001        6.2400000000000002        39.362603699800346     
   167.40000000000001        6.3200000000000003        27.496502811204447     
   167.40000000000001        6.4000000000000004        17.850315586396373     
   167.40000000000001        6.4800000000000004        9.8524102345497653     
   167.40000000000001        6.5600000000000005        3.4638891473962024     
   167.40000000000001        6.6400000000000006       -1.7900693032258783     
   167.40000000000001        6.7200000000000006       -5.8859050846616201     
   167.40000000000001        6.7999999999999998       -9.1415756886717716     
   167.40000000000001        6.8799999999999999       -11.701794922737276     
   167.40000000000001        6.9600000000000000       -13.616088106992384     
   167.40000000000001        7.0400000000000000       -15.062612288632787     
   167.40000000000001        7.1200000000000001       -16.056485203576923     
   167.40000000000001        7.2000000000000002       -16.740648846359402     
   167.40000000000001        7.2799999999999994       -17.113890143484426     
   167.40000000000001        7.3599999999999994       -17.269525970103079     
   167.40000000000001        7.4399999999999995       -17.251509067704777     
   167.40000000000001        7.5199999999999996       -17.077403727373945     
   167.40000000000001        7.5999999999999996       -16.796754557342243     
   167.40000000000001        7.6799999999999997       -16.418566436062569     
   167.40000000000001        7.7599999999999998       -15.979079302280416     
   167.40000000000001        7.8399999999999999       -15.483907090728874     
   167.40000000000001        7.9199999999999999       -14.955348883236120     
   167.40000000000001        8.0000000000000000       -14.404791508829071     
   167.40000000000001        8.0800000000000001       -13.839930435401836     
   167.40000000000001        8.1600000000000001       -13.269998157063521     
   167.40000000000001        8.2400000000000002       -12.701331595202504     
   167.40000000000001        8.3200000000000003       -12.138013985777871     
   167.40000000000001        8.4000000000000004       -11.586294928844577     
   167.40000000000001        8.4800000000000004       -11.047703436898480     
   167.40000000000001        8.5599999999999987       -10.523720165220372     
   167.40000000000001        8.6400000000000006       -10.018491878774162     
   167.40000000000001        8.7199999999999989       -9.5301122197054315     
   167.40000000000001        8.8000000000000007       -9.0630914884970668     
   167.40000000000001        8.8799999999999990       -8.6152437194255480     
   167.40000000000001        8.9600000000000009       -8.1863751923473398     
   167.40000000000001        9.0399999999999991       -7.7784363743629488     
   167.40000000000001        9.1200000000000010       -7.3886368881713285     
   167.40000000000001        9.1999999999999993       -7.0195392255996207     
   167.40000000000001        9.2800000000000011       -6.6672557241828043     
   167.40000000000001        9.3599999999999994       -6.3349298297350201     
   167.40000000000001        9.4400000000000013       -6.0193935188891530     
   167.40000000000001        9.5199999999999996       -5.7196830640710541     
   167.40000000000001        9.5999999999999996       -5.4369184269494442     
   167.40000000000001        9.6799999999999997       -5.1682318455243914     
   167.40000000000001        9.7599999999999998       -4.9153211995703963     
   167.40000000000001        9.8399999999999999       -4.6748098449669495     
   167.40000000000001        9.9199999999999999       -4.4488552591137678     
   167.40000000000001        10.000000000000000       -4.2348723530268959     
   167.40000000000001        10.080000000000000       -4.0319640743624934     
   167.40000000000001        10.160000000000000       -3.8408806375781310     
   167.40000000000001        10.240000000000000       -3.6594171666930611     
   167.40000000000001        10.320000000000000       -3.4887377330027083     
   167.40000000000001        10.400000000000000       -3.3263834649495321     
   167.40000000000001        10.480000000000000       -3.1738304957258427     
   167.40000000000001        10.559999999999999       -3.0292519040099517     
   167.40000000000001        10.640000000000001       -2.8919800101311348     
   167.40000000000001        10.719999999999999       -2.7625569557080296     
   167.40000000000001        10.800000000000001       -2.6394343796886801     
   167.40000000000001        10.879999999999999       -2.5234273514921979     
   167.40000000000001        10.960000000000001       -2.4128477551263461     
   167.40000000000001        11.039999999999999       -2.3087131906492933     
   167.40000000000001        11.120000000000001       -2.2097932429037321     
   167.40000000000001        11.199999999999999       -2.1156252814134868     
   167.40000000000001        11.280000000000001       -2.0266139877603191     
   167.40000000000001        11.359999999999999       -1.9417017363459632     
   167.40000000000001        11.440000000000001       -1.8614695018715841     
   167.40000000000001        11.520000000000000       -1.7851005040200909     
   167.40000000000001        11.600000000000000       -1.7123286006416374     
   167.40000000000001        11.680000000000000       -1.6433106919499352     
   167.40000000000001        11.760000000000000       -1.5774058981566454     
   167.40000000000001        11.840000000000000       -1.5149210043558983     
   167.40000000000001        11.920000000000000       -1.4551329054952582     
   167.40000000000001        12.000000000000000       -1.3984630273199032     
   169.19999999999999        4.0000000000000000        9894.5093039629555     
   169.19999999999999        4.0800000000000001        8350.8320607366422     
   169.19999999999999        4.1600000000000001        7042.2386545214613     
   169.19999999999999        4.2400000000000002        5929.6828869451947     
   169.19999999999999        4.3200000000000003        5001.2966769927862     
   169.19999999999999        4.4000000000000004        4208.2394170478765     
   169.19999999999999        4.4800000000000004        3548.7894083299066     
   169.19999999999999        4.5600000000000005        2982.9080977453859     
   169.19999999999999        4.6399999999999997        2514.0264676286711     
   169.19999999999999        4.7199999999999998        2115.7760438336159     
   169.19999999999999        4.7999999999999998        1776.3351946033999     
   169.19999999999999        4.8799999999999999        1492.8677987993140     
   169.19999999999999        4.9600000000000000        1250.2507874633823     
   169.19999999999999        5.0400000000000000        1048.4834394632408     
   169.19999999999999        5.1200000000000001        875.12927581948543     
   169.19999999999999        5.2000000000000002        731.59981853064198     
   169.19999999999999        5.2800000000000002        609.74221824763708     
   169.19999999999999        5.3600000000000003        505.89007185092692     
   169.19999999999999        5.4399999999999995        419.38443139598485     
   169.19999999999999        5.5199999999999996        345.44021482715124     
   169.19999999999999        5.5999999999999996        284.20210858365465     
   169.19999999999999        5.6799999999999997        231.72940534573547     
   169.19999999999999        5.7599999999999998        188.55597350771663     
   169.19999999999999        5.8399999999999999        152.11194234278986     
   169.19999999999999        5.9199999999999999        121.23514622140075     
   169.19999999999999        6.0000000000000000        95.773244168395465     
   169.19999999999999        6.0800000000000001        74.191567156847313     
   169.19999999999999        6.1600000000000001        56.566990619392229     
   169.19999999999999        6.2400000000000002        41.857149394981732     
   169.19999999999999        6.3200000000000003        29.596657199002134     
   169.19999999999999        6.4000000000000004        19.619590859262914     
   169.19999999999999        6.4800000000000004        11.338227749694452     
   169.19999999999999        6.5600000000000005        4.7129210627143872     
   169.19999999999999        6.6400000000000006      -0.74460992634842427     
   169.19999999999999        6.7200000000000006       -5.0096796734471472     
   169.19999999999999        6.7999999999999998       -8.4092849939787424     
   169.19999999999999        6.8799999999999999       -11.092155031386685     
   169.19999999999999        6.9600000000000000       -13.108914844290055     
   169.19999999999999        7.0400000000000000       -14.642943939344354     
   169.19999999999999        7.1200000000000001       -15.709422329904946     
   169.19999999999999        7.2000000000000002       -16.455678073775701     
   169.19999999999999        7.2799999999999994       -16.880032573949894     
   169.19999999999999        7.3599999999999994       -17.078736397919521     
   169.19999999999999        7.4399999999999995       -17.097058060020114     
   169.19999999999999        7.5199999999999996       -16.952861941664867     
   169.19999999999999        7.5999999999999996       -16.697418621178407     
   169.19999999999999        7.6799999999999997       -16.339729610557583     
   169.19999999999999        7.7599999999999998       -15.917470672462395     
   169.19999999999999        7.8399999999999999       -15.436104619692980     
   169.19999999999999        7.9199999999999999       -14.918880133765786     
   169.19999999999999        8.0000000000000000       -14.377617158655864     
   169.19999999999999        8.0800000000000001       -13.820107162213091     
   169.19999999999999        8.1600000000000001       -13.256137347195555     
   169.19999999999999        8.2400000000000002       -12.692053896825207     
   169.19999999999999        8.3200000000000003       -12.132386882497901     
   169.19999999999999        8.4000000000000004       -11.583356196345152     
   169.19999999999999        8.4800000000000004       -11.046779540089492     
   169.19999999999999        8.5599999999999987       -10.524272629265132     
   169.19999999999999        8.6400000000000006       -10.020020391324943     
   169.19999999999999        8.7199999999999989       -9.5322762057851254     
   169.19999999999999        8.8000000000000007       -9.0655659757449296     
   169.19999999999999        8.8799999999999990       -8.6178079150724933     
   169.19999999999999        8.9600000000000009       -8.1888590944460145     
   169.19999999999999        9.0399999999999991       -7.7806990008970471     
   169.19999999999999        9.1200000000000010       -7.3905875068596645     
   169.19999999999999        9.1999999999999993       -7.0211051038538210     
   169.19999999999999        9.2800000000000011       -6.6683972003793990     
   169.19999999999999        9.3599999999999994       -6.3356207346725153     
   169.19999999999999        9.4400000000000013       -6.0196264431846487     
   169.19999999999999        9.5199999999999996       -5.7194612891938084     
   169.19999999999999        9.5999999999999996       -5.4362556633381303     
   169.19999999999999        9.6799999999999997       -5.1671463439510363     
   169.19999999999999        9.7599999999999998       -4.9138401876856079     
   169.19999999999999        9.8399999999999999       -4.6729588562629880     
   169.19999999999999        9.9199999999999999       -4.4466686264971891     
   169.19999999999999        10.000000000000000       -4.2323811773570039     
   169.19999999999999        10.080000000000000       -4.0291989715464265     
   169.19999999999999        10.160000000000000       -3.8378759724761653     
   169.19999999999999        10.240000000000000       -3.6562018534002445     
   169.19999999999999        10.320000000000000       -3.4853449185685554     
   169.19999999999999        10.400000000000000       -3.3228390321073080     
   169.19999999999999        10.480000000000000       -3.1701649782914183     
   169.19999999999999        10.559999999999999       -3.0254899799975092     
   169.19999999999999        10.640000000000001       -2.8881440093906137     
   169.19999999999999        10.719999999999999       -2.7586703600777791     
   169.19999999999999        10.800000000000001       -2.6355155498287441     
   169.19999999999999        10.879999999999999       -2.5194962910028185     
   169.19999999999999        10.960000000000001       -2.4089191477109884     
   169.19999999999999        11.039999999999999       -2.3048035951732797     
   169.19999999999999        11.120000000000001       -2.2059152929400865     
   169.19999999999999        11.199999999999999       -2.1117898444641927     
   169.19999999999999        11.280000000000001       -2.0228320171171306     
   169.19999999999999        11.359999999999999       -1.9379812856954817     
   169.19999999999999        11.440000000000001       -1.8578189185046681     
   169.19999999999999        11.520000000000000       -1.7815259596416757     
   169.19999999999999        11.600000000000000       -1.7088352305234746     
   169.19999999999999        11.680000000000000       -1.6399031485113915     
   169.19999999999999        11.760000000000000       -1.5740874697318032     
   169.19999999999999        11.840000000000000       -1.5116946373787807     
   169.19999999999999        11.920000000000000       -1.4520004351580147     
   169.19999999999999        12.000000000000000       -1.3954259556666466     
   171.00000000000000        4.0000000000000000        10170.328006288411     
   171.00000000000000        4.0800000000000001        8581.6626293240333     
   171.00000000000000        4.1600000000000001        7235.3387511046312     
   171.00000000000000        4.2400000000000002        6091.0427423363617     
   171.00000000000000        4.3200000000000003        5136.4793089848399     
   171.00000000000000        4.4000000000000004        4321.2862741589861     
   171.00000000000000        4.4800000000000004        3643.6422902282329     
   171.00000000000000        4.5600000000000005        3062.2958447756987     
   171.00000000000000        4.6399999999999997        2580.7422999924506     
   171.00000000000000        4.7199999999999998        2171.8280604876240     
   171.00000000000000        4.7999999999999998        1823.3767431975475     
   171.00000000000000        4.8799999999999999        1532.4531949703294     
   171.00000000000000        4.9600000000000000        1283.5011148525011     
   171.00000000000000        5.0400000000000000        1076.5061214250043     
   171.00000000000000        5.1200000000000001        898.68602047610261     
   171.00000000000000        5.2000000000000002        751.48071012906837     
   171.00000000000000        5.2800000000000002        626.51481938316874     
   171.00000000000000        5.3600000000000003        520.02143608059544     
   171.00000000000000        5.4399999999999995        431.31999561608154     
   171.00000000000000        5.5199999999999996        355.49962008640051     
   171.00000000000000        5.5999999999999996        292.70581893569886     
   171.00000000000000        5.6799999999999997        238.89684118786664     
   171.00000000000000        5.7599999999999998        194.61822908848558     
   171.00000000000000        5.8399999999999999        157.23521225740291     
   171.00000000000000        5.9199999999999999        125.55631504406698     
   171.00000000000000        6.0000000000000000        99.424943149029744     
   171.00000000000000        6.0800000000000001        77.268598649197074     
   171.00000000000000        6.1600000000000001        59.165919299835274     
   171.00000000000000        6.2400000000000002        44.049124263154063     
   171.00000000000000        6.3200000000000003        31.441568022538114     
   171.00000000000000        6.4000000000000004        21.173464503242219     
   171.00000000000000        6.4800000000000004        12.642879725079140     
   171.00000000000000        6.5600000000000005        5.8094880747100301     
   171.00000000000000        6.6400000000000006       0.17313337327449416     
   171.00000000000000        6.7200000000000006       -4.2405219499639317     
   171.00000000000000        6.7999999999999998       -7.7664458728253019     
   171.00000000000000        6.8799999999999999       -10.556910242959493     
   171.00000000000000        6.9600000000000000       -12.663516827033510     
   171.00000000000000        7.0400000000000000       -14.274243915879376     
   171.00000000000000        7.1200000000000001       -15.404333519042407     
   171.00000000000000        7.2000000000000002       -16.204971041979618     
   171.00000000000000        7.2799999999999994       -16.674074890614829     
   171.00000000000000        7.3599999999999994       -16.910473750129128     
   171.00000000000000        7.4399999999999995       -16.960592980835006     
   171.00000000000000        7.5199999999999996       -16.842563283447316     
   171.00000000000000        7.5999999999999996       -16.609169280433303     
   171.00000000000000        7.6799999999999997       -16.269412022806346     
   171.00000000000000        7.7599999999999998       -15.862224965046305     
   171.00000000000000        7.8399999999999999       -15.392940606318245     
   171.00000000000000        7.9199999999999999       -14.885638678833262     
   171.00000000000000        8.0000000000000000       -14.352518261194119     
   171.00000000000000        8.0800000000000001       -13.801455539245453     
   171.00000000000000        8.1600000000000001       -13.242722228846000     
   171.00000000000000        8.2400000000000002       -12.682673183196460     
   171.00000000000000        8.3200000000000003       -12.126228231232229     
   171.00000000000000        8.4000000000000004       -11.579581720252865     
   171.00000000000000        8.4800000000000004       -11.044802924849742     
   171.00000000000000        8.5599999999999987       -10.523625220775854     
   171.00000000000000        8.6400000000000006       -10.020266786930796     
   171.00000000000000        8.7199999999999989       -9.5331199951276684     
   171.00000000000000        8.8000000000000007       -9.0667242317272674     
   171.00000000000000        8.8799999999999990       -8.6190882768830797     
   171.00000000000000        8.9600000000000009       -8.1901132912212695     
   171.00000000000000        9.0399999999999991       -7.7818038334346635     
   171.00000000000000        9.1200000000000010       -7.3914634425512649     
   171.00000000000000        9.1999999999999993       -7.0216880282054586     
   171.00000000000000        9.2800000000000011       -6.6686518063420577     
   171.00000000000000        9.3599999999999994       -6.3355231413599702     
   171.00000000000000        9.4400000000000013       -6.0191691314016635     
   171.00000000000000        9.5199999999999996       -5.7186459890693131     
   171.00000000000000        9.5999999999999996       -5.4350929665152075     
   171.00000000000000        9.6799999999999997       -5.1656509151470855     
   171.00000000000000        9.7599999999999998       -4.9120342347787354     
   171.00000000000000        9.8399999999999999       -4.6708633451949320     
   171.00000000000000        9.9199999999999999       -4.4443118545630096     
   171.00000000000000        10.000000000000000       -4.2297888254286296     
   171.00000000000000        10.080000000000000       -4.0263963365676565     
   171.00000000000000        10.160000000000000       -3.8348914487557364     
   171.00000000000000        10.240000000000000       -3.6530593194278498     
   171.00000000000000        10.320000000000000       -3.4820717203507483     
   171.00000000000000        10.400000000000000       -3.3194564957528425     
   171.00000000000000        10.480000000000000       -3.1666982163424495     
   171.00000000000000        10.559999999999999       -3.0219592452726203     
   171.00000000000000        10.640000000000001       -2.8845675877481796     
   171.00000000000000        10.719999999999999       -2.7550674269570661     
   171.00000000000000        10.800000000000001       -2.6319010537201142     
   171.00000000000000        10.879999999999999       -2.5158864574286040     
   171.00000000000000        10.960000000000001       -2.4053258416005772     
   171.00000000000000        11.039999999999999       -2.3012401297334231     
   171.00000000000000        11.120000000000001       -2.2023917673600932     
   171.00000000000000        11.199999999999999       -2.1083148962587543     
   171.00000000000000        11.280000000000001       -2.0194142856413460     
   171.00000000000000        11.359999999999999       -1.9346270692312995     
   171.00000000000000        11.440000000000001       -1.8545346712062438     
   171.00000000000000        11.520000000000000       -1.7783163861077937     
   171.00000000000000        11.600000000000000       -1.7057041824578256     
   171.00000000000000        11.680000000000000       -1.6368540353644958     
   171.00000000000000        11.760000000000000       -1.5711226278255053     
   171.00000000000000        11.840000000000000       -1.5088160604754710     
   171.00000000000000        11.920000000000000       -1.4492092761878119     
   171.00000000000000        12.000000000000000       -1.3927230163679256     
   172.80000000000001        4.0000000000000000        10405.491220301095     
   172.80000000000001        4.0800000000000001        8778.4284173528049     
   172.80000000000001        4.1600000000000001        7399.9072290801405     
   172.80000000000001        4.2400000000000002        6228.5304528868019     
   172.80000000000001        4.3200000000000003        5251.6370583990565     
   172.80000000000001        4.4000000000000004        4417.5648686944623     
   172.80000000000001        4.4800000000000004        3724.4068577363082     
   172.80000000000001        4.5600000000000005        3129.8756211709147     
   172.80000000000001        4.6399999999999997        2637.5210461024490     
   172.80000000000001        4.7199999999999998        2219.5191987305402     
   172.80000000000001        4.7999999999999998        1863.3907782657845     
   172.80000000000001        4.8799999999999999        1566.1159107568005     
   172.80000000000001        4.9600000000000000        1311.7685967759019     
   172.80000000000001        5.0400000000000000        1100.3226304560387     
   172.80000000000001        5.1200000000000001        918.70092446603257     
   172.80000000000001        5.2000000000000002        768.36743503521211     
   172.80000000000001        5.2800000000000002        640.75702741444707     
   172.80000000000001        5.3600000000000003        532.01706571452291     
   172.80000000000001        5.4399999999999995        441.44848774816035     
   172.80000000000001        5.5199999999999996        364.03320091788783     
   172.80000000000001        5.5999999999999996        299.91735234085775     
   172.80000000000001        5.6799999999999997        244.97311434578117     
   172.80000000000001        5.7599999999999998        199.75591581288549     
   172.80000000000001        5.8399999999999999        161.57571493757712     
   172.80000000000001        5.9199999999999999        129.21606982638917     
   172.80000000000001        6.0000000000000000        102.51673557274530     
   172.80000000000001        6.0800000000000001        79.873022509290067     
   172.80000000000001        6.1600000000000001        61.365039884157945     
   172.80000000000001        6.2400000000000002        45.903386655750055     
   172.80000000000001        6.3200000000000003        33.001835656996683     
   172.80000000000001        6.4000000000000004        22.487302789613150     
   172.80000000000001        6.4800000000000004        13.745775901256003     
   172.80000000000001        6.5600000000000005        6.7363392589973676     
   172.80000000000001        6.6400000000000006       0.94875271913340675     
   172.80000000000001        6.7200000000000006       -3.5905042688202617     
   172.80000000000001        6.7999999999999998       -7.2231648154037238     
   172.80000000000001        6.8799999999999999       -10.104508893792714     
   172.80000000000001        6.9600000000000000       -12.286972545289464     
   172.80000000000001        7.0400000000000000       -13.962432000068281     
   172.80000000000001        7.1200000000000001       -15.146187345126577     
   172.80000000000001        7.2000000000000002       -15.992689677910063     
   172.80000000000001        7.2799999999999994       -16.499521181259968     
   172.80000000000001        7.3599999999999994       -16.767691720347141     
   172.80000000000001        7.4399999999999995       -16.844605815219662     
   172.80000000000001        7.5199999999999996       -16.748621498722766     
   172.80000000000001        7.5999999999999996       -16.533802213963646     
   172.80000000000001        7.6799999999999997       -16.209150559511535     
   172.80000000000001        7.7599999999999998       -15.814660863060622     
   172.80000000000001        7.8399999999999999       -15.355557308339881     
   172.80000000000001        7.9199999999999999       -14.856620051324715     
   172.80000000000001        8.0000000000000000       -14.330367783002378     
   172.80000000000001        8.0800000000000001       -13.784748641595945     
   172.80000000000001        8.1600000000000001       -13.230441962309049     
   172.80000000000001        8.2400000000000002       -12.673810349744217     
   172.80000000000001        8.3200000000000003       -12.120101117008563     
   172.80000000000001        8.4000000000000004       -11.575487441740270     
   172.80000000000001        8.4800000000000004       -11.042249788916667     
   172.80000000000001        8.5599999999999987       -10.522220281002333     
   172.80000000000001        8.6400000000000006       -10.019645012067180     
   172.80000000000001        8.7199999999999989       -9.5330328703867249     
   172.80000000000001        8.8000000000000007       -9.0669344786480117     
   172.80000000000001        8.8799999999999990       -8.6194344721861889     
   172.80000000000001        8.9600000000000009       -8.1904708911793023     
   172.80000000000001        9.0399999999999991       -7.7820691751761659     
   172.80000000000001        9.1200000000000010       -7.3915694216392565     
   172.80000000000001        9.1999999999999993       -7.0215802791259510     
   172.80000000000001        9.2800000000000011       -6.6683001329599385     
   172.80000000000001        9.3599999999999994       -6.3349066864157892     
   172.80000000000001        9.4400000000000013       -6.0182807798101976     
   172.80000000000001        9.5199999999999996       -5.7174863373318425     
   172.80000000000001        9.5999999999999996       -5.4336698760982953     
   172.80000000000001        9.6799999999999997       -5.1639757536797424     
   172.80000000000001        9.7599999999999998       -4.9101244879241595     
   172.80000000000001        9.8399999999999999       -4.6687356336466461     
   172.80000000000001        9.9199999999999999       -4.4419886956582300     
   172.80000000000001        10.000000000000000       -4.2272906920596389     
   172.80000000000001        10.080000000000000       -4.0237434083680013     
   172.80000000000001        10.160000000000000       -3.8321063754450830     
   172.80000000000001        10.240000000000000       -3.6501611384791688     
   172.80000000000001        10.320000000000000       -3.4790822106829511     
   172.80000000000001        10.400000000000000       -3.3163926200121403     
   172.80000000000001        10.480000000000000       -3.1635799116395575     
   172.80000000000001        10.559999999999999       -3.0188025550868001     
   172.80000000000001        10.640000000000001       -2.8813869649834278     
   172.80000000000001        10.719999999999999       -2.7518779838218430     
   172.80000000000001        10.800000000000001       -2.6287145344504053     
   172.80000000000001        10.879999999999999       -2.5127155599727051     
   172.80000000000001        10.960000000000001       -2.4021798140080932     
   172.80000000000001        11.039999999999999       -2.2981292937565194     
   172.80000000000001        11.120000000000001       -2.1993239047958664     
   172.80000000000001        11.199999999999999       -2.1052966210854280     
   172.80000000000001        11.280000000000001       -2.0164521576864152     
   172.80000000000001        11.359999999999999       -1.9317258251700360     
   172.80000000000001        11.440000000000001       -1.8516991021909701     
   172.80000000000001        11.520000000000000       -1.7755499265377015     
   172.80000000000001        11.600000000000000       -1.7030095892566797     
   172.80000000000001        11.680000000000000       -1.6342336778505393     
   172.80000000000001        11.760000000000000       -1.5685780628487995     
   172.80000000000001        11.840000000000000       -1.5063485232903959     
   172.80000000000001        11.920000000000000       -1.4468193936896521     
   172.80000000000001        12.000000000000000       -1.3904110741927058     
   174.59999999999999        4.0000000000000000        10593.836111946443     
   174.59999999999999        4.0800000000000001        8935.9963337996724     
   174.59999999999999        4.1600000000000001        7531.6712339883516     
   174.59999999999999        4.2400000000000002        6338.5939779428536     
   174.59999999999999        4.3200000000000003        5343.8097069073292     
   174.59999999999999        4.4000000000000004        4494.6134363130086     
   174.59999999999999        4.4800000000000004        3789.0290831697662     
   174.59999999999999        4.5600000000000005        3183.9385606334954     
   174.59999999999999        4.6399999999999997        2682.9352024122068     
   174.59999999999999        4.7199999999999998        2257.6576348810195     
   174.59999999999999        4.7999999999999998        1895.3836769685925     
   174.59999999999999        4.8799999999999999        1593.0254303278457     
   174.59999999999999        4.9600000000000000        1334.3606111206052     
   174.59999999999999        5.0400000000000000        1119.3534373428538     
   174.59999999999999        5.1200000000000001        934.69056185428360     
   174.59999999999999        5.2000000000000002        781.85512882469288     
   174.59999999999999        5.2800000000000002        652.12999798231567     
   174.59999999999999        5.3600000000000003        541.59386034818044     
   174.59999999999999        5.4399999999999995        449.53279983933658     
   174.59999999999999        5.5199999999999996        370.84287922236319     
   174.59999999999999        5.5999999999999996        305.67071912861019     
   174.59999999999999        5.6799999999999997        249.81959658088709     
   174.59999999999999        5.7599999999999998        203.85282010422114     
   174.59999999999999        5.8399999999999999        165.03611777941325     
   174.59999999999999        5.9199999999999999        132.13306628132901     
   174.59999999999999        6.0000000000000000        104.98048312105914     
   174.59999999999999        6.0800000000000001        81.947932153480778     
   174.59999999999999        6.1600000000000001        63.116683334415832     
   174.59999999999999        6.2400000000000002        47.380048782144264     
   174.59999999999999        6.3200000000000003        34.244137959249727     
   174.59999999999999        6.4000000000000004        23.533222921314021     
   174.59999999999999        6.4800000000000004        14.623640449048992     
   174.59999999999999        6.5600000000000005        7.4739957281305376     
   174.59999999999999        6.6400000000000006        1.5659961327923728     
   174.59999999999999        6.7200000000000006       -3.0732336038397530     
   174.59999999999999        6.7999999999999998       -6.7908268240716865     
   174.59999999999999        6.8799999999999999       -9.7444655382326957     
   174.59999999999999        6.9600000000000000       -11.987254796345235     
   174.59999999999999        7.0400000000000000       -13.714179448853555     
   174.59999999999999        7.1200000000000001       -14.940589064707348     
   174.59999999999999        7.2000000000000002       -15.823536964887566     
   174.59999999999999        7.2799999999999994       -16.360340260550135     
   174.59999999999999        7.3599999999999994       -16.653746004664686     
   174.59999999999999        7.4399999999999995       -16.751938808156030     
   174.59999999999999        7.5199999999999996       -16.673458918485995     
   174.59999999999999        7.5999999999999996       -16.473387075050404     
   174.59999999999999        7.6799999999999997       -16.160728221526494     
   174.59999999999999        7.7599999999999998       -15.776319788299887     
   174.59999999999999        7.8399999999999999       -15.325300803321237     
   174.59999999999999        7.9199999999999999       -14.833007736723129     
   174.59999999999999        8.0000000000000000       -14.312213174242039     
   174.59999999999999        8.0800000000000001       -13.770922721139494     
   174.59999999999999        8.1600000000000001       -13.220139041121801     
   174.59999999999999        8.2400000000000002       -12.666231153209226     
   174.59999999999999        8.3200000000000003       -12.114705893127704     
   174.59999999999999        8.4000000000000004       -11.571719834359021     
   174.59999999999999        8.4800000000000004       -11.039720696279325     
   174.59999999999999        8.5599999999999987       -10.520618789851799     
   174.59999999999999        8.6400000000000006       -10.018682319571093     
   174.59999999999999        8.7199999999999989       -9.5325123539040959     
   174.59999999999999        8.8000000000000007       -9.0666683690155647     
   174.59999999999999        8.8799999999999990       -8.6192949734049709     
   174.59999999999999        8.9600000000000009       -8.1903593376435548     
   174.59999999999999        9.0399999999999991       -7.7819033434284783     
   174.59999999999999        9.1200000000000010       -7.3912959827175584     
   174.59999999999999        9.1999999999999993       -7.0211558767081703     
   174.59999999999999        9.2800000000000011       -6.6677005418866768     
   174.59999999999999        9.3599999999999994       -6.3341149337581948     
   174.59999999999999        9.4400000000000013       -6.0172907782382072     
   174.59999999999999        9.5199999999999996       -5.7162980758780639     
   174.59999999999999        9.5999999999999996       -5.4322889980358129     
   174.59999999999999        9.6799999999999997       -5.1624107275193465     
   174.59999999999999        9.7599999999999998       -4.9083885053696212     
   174.59999999999999        9.8399999999999999       -4.6668413016810355     
   174.59999999999999        9.9199999999999999       -4.4399531444082676     
   174.59999999999999        10.000000000000000       -4.2251295185311317     
   174.59999999999999        10.080000000000000       -4.0214719936158589     
   174.59999999999999        10.160000000000000       -3.8297419826222514     
   174.59999999999999        10.240000000000000       -3.6477182714308678     
   174.59999999999999        10.320000000000000       -3.4765774479208544     
   174.59999999999999        10.400000000000000       -3.3138388606288398     
   174.59999999999999        10.480000000000000       -3.1609922942341377     
   174.59999999999999        10.559999999999999       -3.0161932404197178     
   174.59999999999999        10.640000000000001       -2.8787668886309086     
   174.59999999999999        10.719999999999999       -2.7492585537594700     
   174.59999999999999        10.800000000000001       -2.6261045940032046     
   174.59999999999999        10.879999999999999       -2.5101246405038240     
   174.59999999999999        10.960000000000001       -2.3996148345599413     
   174.59999999999999        11.039999999999999       -2.2955979429445312     
   174.59999999999999        11.120000000000001       -2.1968319496511532     
   174.59999999999999        11.199999999999999       -2.1028489374797257     
   174.59999999999999        11.280000000000001       -2.0140535469912435     
   174.59999999999999        11.359999999999999       -1.9293797257165763     
   174.59999999999999        11.440000000000001       -1.8494089520954440     
   174.59999999999999        11.520000000000000       -1.7733181530862101     
   174.59999999999999        11.600000000000000       -1.7008381051182717     
   174.59999999999999        11.680000000000000       -1.6321240794811795     
   174.59999999999999        11.760000000000000       -1.5665313535081877     
   174.59999999999999        11.840000000000000       -1.5043654322601043     
   174.59999999999999        11.920000000000000       -1.4449002238499282     
   174.59999999999999        12.000000000000000       -1.3885558318247535     
   176.40000000000001        4.0000000000000000        10732.029769391809     
   176.40000000000001        4.0800000000000001        9051.5911401808298     
   176.40000000000001        4.1600000000000001        7628.3212606881580     
   176.40000000000001        4.2400000000000002        6419.3139475269427     
   176.40000000000001        4.3200000000000003        5411.3981018686845     
   176.40000000000001        4.4000000000000004        4551.1024495140400     
   176.40000000000001        4.4800000000000004        3836.3999249566782     
   176.40000000000001        4.5600000000000005        3223.5622225817469     
   176.40000000000001        4.6399999999999997        2716.2143931574415     
   176.40000000000001        4.7199999999999998        2285.6003362565361     
   176.40000000000001        4.7999999999999998        1918.8194730348469     
   176.40000000000001        4.8799999999999999        1612.7338730506990     
   176.40000000000001        4.9600000000000000        1350.9037297642074     
   176.40000000000001        5.0400000000000000        1133.2861600538131     
   176.40000000000001        5.1200000000000001        946.39441500767794     
   176.40000000000001        5.2000000000000002        791.72566065723379     
   176.40000000000001        5.2800000000000002        660.45121276281395     
   176.40000000000001        5.3600000000000003        548.59936470653383     
   176.40000000000001        5.4399999999999995        455.44527471912318     
   176.40000000000001        5.5199999999999996        375.82203755991753     
   176.40000000000001        5.5999999999999996        309.87659547920271     
   176.40000000000001        5.6799999999999997        253.36170716845928     
   176.40000000000001        5.7599999999999998        206.84643581045748     
   176.40000000000001        5.8399999999999999        167.56408337511374     
   176.40000000000001        5.9199999999999999        134.26357593511619     
   176.40000000000001        6.0000000000000000        106.77956623797725     
   176.40000000000001        6.0800000000000001        83.462752809290194     
   176.40000000000001        6.1600000000000001        64.395245003862982     
   176.40000000000001        6.2400000000000002        48.457691504287425     
   176.40000000000001        6.3200000000000003        35.150586498241331     
   176.40000000000001        6.4000000000000004        24.296260612607377     
   176.40000000000001        6.4800000000000004        15.263985059319713     
   176.40000000000001        6.5600000000000005        8.0120091243702287     
   176.40000000000001        6.6400000000000006        2.0161484429755201     
   176.40000000000001        6.7200000000000006       -2.6960050061878138     
   176.40000000000001        6.7999999999999998       -6.4755343559836840     
   176.40000000000001        6.8799999999999999       -9.4818790525517684     
   176.40000000000001        6.9600000000000000       -11.768635555773228     
   176.40000000000001        7.0400000000000000       -13.533060418353777     
   176.40000000000001        7.1200000000000001       -14.790541537228483     
   176.40000000000001        7.2000000000000002       -15.700032382336691     
   176.40000000000001        7.2799999999999994       -16.258658458228098     
   176.40000000000001        7.3599999999999994       -16.570434728883352     
   176.40000000000001        7.4399999999999995       -16.684115333706771     
   176.40000000000001        7.5199999999999996       -16.618374306259657     
   176.40000000000001        7.5999999999999996       -16.429034042237060     
   176.40000000000001        7.6799999999999997       -16.125101960702676     
   176.40000000000001        7.7599999999999998       -15.748029591665812     
   176.40000000000001        7.8399999999999999       -15.302894574205714     
   176.40000000000001        7.9199999999999999       -14.815438359896383     
   176.40000000000001        8.0000000000000000       -14.298618391612635     
   176.40000000000001        8.0800000000000001       -13.760482329022951     
   176.40000000000001        8.1600000000000001       -13.212267917740741     
   176.40000000000001        8.2400000000000002       -12.660349024783793     
   176.40000000000001        8.3200000000000003       -12.110421009643074     
   176.40000000000001        8.4000000000000004       -11.568628504291507     
   176.40000000000001        8.4800000000000004       -11.037540651093918     
   176.40000000000001        8.5599999999999987       -10.519124514060335     
   176.40000000000001        8.6400000000000006       -10.017664352372659     
   176.40000000000001        8.7199999999999989       -9.5318280883812587     
   176.40000000000001        8.8000000000000007       -9.0661815959056913     
   176.40000000000001        8.8799999999999990       -8.6189129524019954     
   176.40000000000001        8.9600000000000009       -8.1900104236500013     
   176.40000000000001        9.0399999999999991       -7.7815277635593265     
   176.40000000000001        9.1200000000000010       -7.3908548999414885     
   176.40000000000001        9.1999999999999993       -7.0206176150263380     
   176.40000000000001        9.2800000000000011       -6.6670473060580768     
   176.40000000000001        9.3599999999999994       -6.3333340958362596     
   176.40000000000001        9.4400000000000013       -6.0163776136772418     
   176.40000000000001        9.5199999999999996       -5.7152522499954781     
   176.40000000000001        9.5999999999999996       -5.4311142132931414     
   176.40000000000001        9.6799999999999997       -5.1611127698870849     
   176.40000000000001        9.7599999999999998       -4.9069765066760720     
   176.40000000000001        9.8399999999999999       -4.6653240370560365     
   176.40000000000001        9.9199999999999999       -4.4383425728471559     
   176.40000000000001        10.000000000000000       -4.2234365442429027     
   176.40000000000001        10.080000000000000       -4.0197073749972478     
   176.40000000000001        10.160000000000000       -3.8279177939805815     
   176.40000000000001        10.240000000000000       -3.6458446527535520     
   176.40000000000001        10.320000000000000       -3.4746659797543118     
   176.40000000000001        10.400000000000000       -3.3118985439951931     
   176.40000000000001        10.480000000000000       -3.1590336770148957     
   176.40000000000001        10.559999999999999       -3.0142247805440556     
   176.40000000000001        10.640000000000001       -2.8767961780206872     
   176.40000000000001        10.719999999999999       -2.7472934934863922     
   176.40000000000001        10.800000000000001       -2.6241512930521234     
   176.40000000000001        10.879999999999999       -2.5081896616636890     
   176.40000000000001        10.960000000000001       -2.3977029256210498     
   176.40000000000001        11.039999999999999       -2.2937143555377744     
   176.40000000000001        11.120000000000001       -2.1949806015414470     
   176.40000000000001        11.199999999999999       -2.1010331223979199     
   176.40000000000001        11.280000000000001       -2.0122764831347117     
   176.40000000000001        11.359999999999999       -1.9276436966775845     
   176.40000000000001        11.440000000000001       -1.8477162118906190     
   176.40000000000001        11.520000000000000       -1.7716702651583223     
   176.40000000000001        11.600000000000000       -1.6992362742156626     
   176.40000000000001        11.680000000000000       -1.6305692745377076     
   176.40000000000001        11.760000000000000       -1.5650241469436335     
   176.40000000000001        11.840000000000000       -1.5029061845242966     
   176.40000000000001        11.920000000000000       -1.4434890234494782     
   176.40000000000001        12.000000000000000       -1.3871925340922895     
   178.20000000000002        4.0000000000000000        10857.411052056603     
   178.20000000000002        4.0800000000000001        9156.9518098760309     
   178.20000000000002        4.1600000000000001        7716.8133480627403     
   178.20000000000002        4.2400000000000002        6493.5508935981297     
   178.20000000000002        4.3200000000000003        5473.8192148205189     
   178.20000000000002        4.4000000000000004        4603.4885842103349     
   178.20000000000002        4.4800000000000004        3880.4970588108508     
   178.20000000000002        4.5600000000000005        3260.5849824488832     
   178.20000000000002        4.6399999999999997        2747.4126766615614     
   178.20000000000002        4.7199999999999998        2311.8774874461919     
   178.20000000000002        4.7999999999999998        1940.9226891258966     
   178.20000000000002        4.8799999999999999        1631.3691407744777     
   178.20000000000002        4.9600000000000000        1366.5826945389661     
   178.20000000000002        5.0400000000000000        1146.5167289775763     
   178.20000000000002        5.1200000000000001        957.52750488691026     
   178.20000000000002        5.2000000000000002        801.12699003988587     
   178.20000000000002        5.2800000000000002        668.38469481017557     
   178.20000000000002        5.3600000000000003        555.28299884278829     
   178.20000000000002        5.4399999999999995        461.08780051424912     
   178.20000000000002        5.5199999999999996        380.57378248900858     
   178.20000000000002        5.5999999999999996        313.88880368181174     
   178.20000000000002        5.6799999999999997        256.73824421007504     
   178.20000000000002        5.7599999999999998        209.69701433575025     
   178.20000000000002        5.8399999999999999        169.96780668724432     
   178.20000000000002        5.9199999999999999        136.28572013194582     
   178.20000000000002        6.0000000000000000        108.48348989970424     
   178.20000000000002        6.0800000000000001        84.893803042562780     
   178.20000000000002        6.1600000000000001        65.599656280486016     
   178.20000000000002        6.2400000000000002        49.469547816661155     
   178.20000000000002        6.3200000000000003        35.998580875602507     
   178.20000000000002        6.4000000000000004        25.007227076905565     
   178.20000000000002        6.4800000000000004        15.857937290245301     
   178.20000000000002        6.5600000000000005        8.5086128346946417     
   178.20000000000002        6.6400000000000006        2.4293715806198901     
   178.20000000000002        6.7200000000000006       -2.3517578260454228     
   178.20000000000002        6.7999999999999998       -6.1896820394899139     
   178.20000000000002        6.8799999999999999       -9.2455466481711017     
   178.20000000000002        6.9600000000000000       -11.573437709242750     
   178.20000000000002        7.0400000000000000       -13.372805747257946     
   178.20000000000002        7.1200000000000001       -14.659092266772566     
   178.20000000000002        7.2000000000000002       -15.593077233865982     
   178.20000000000002        7.2799999999999994       -16.171719301115708     
   178.20000000000002        7.3599999999999994       -16.500248710897516     
   178.20000000000002        7.4399999999999995       -16.627967662708919     
   178.20000000000002        7.5199999999999996       -16.573687204391589     
   178.20000000000002        7.5999999999999996       -16.393933427983697     
   178.20000000000002        7.6799999999999997       -16.097725312576976     
   178.20000000000002        7.7599999999999998       -15.727091192855893     
   178.20000000000002        7.8399999999999999       -15.287059629346395     
   178.20000000000002        7.9199999999999999       -14.803750188270879     
   178.20000000000002        8.0000000000000000       -14.290293646926520     
   178.20000000000002        8.0800000000000001       -13.754780870516878     
   178.20000000000002        8.1600000000000001       -13.208665368892852     
   178.20000000000002        8.2400000000000002       -12.658329476219405     
   178.20000000000002        8.3200000000000003       -12.109638926324040     
   178.20000000000002        8.4000000000000004       -11.568731275766266     
   178.20000000000002        8.4800000000000004       -11.038284384480713     
   178.20000000000002        8.5599999999999987       -10.520316399675782     
   178.20000000000002        8.6400000000000006       -10.019127723491041     
   178.20000000000002        8.7199999999999989       -9.5334444627267914     
   178.20000000000002        8.8000000000000007       -9.0678399891475152     
   178.20000000000002        8.8799999999999990       -8.6205396214877883     
   178.20000000000002        8.9600000000000009       -8.1915499662819169     
   178.20000000000002        9.0399999999999991       -7.7829357979922591     
   178.20000000000002        9.1200000000000010       -7.3921041750785692     
   178.20000000000002        9.1999999999999993       -7.0216879040134907     
   178.20000000000002        9.2800000000000011       -6.6679289629363678     
   178.20000000000002        9.3599999999999994       -6.3340228829318823     
   178.20000000000002        9.4400000000000013       -6.0168749384707194     
   178.20000000000002        9.5199999999999996       -5.7155628840144930     
   178.20000000000002        9.5999999999999996       -5.4312466330838305     
   178.20000000000002        9.6799999999999997       -5.1610762439278401     
   178.20000000000002        9.7599999999999998       -4.9067835704344498     
   178.20000000000002        9.8399999999999999       -4.6649858237760746     
   178.20000000000002        9.9199999999999999       -4.4378734569285685     
   178.20000000000002        10.000000000000000       -4.2228491700924922     
   178.20000000000002        10.080000000000000       -4.0190139406130951     
   178.20000000000002        10.160000000000000       -3.8271317417406321     
   178.20000000000002        10.240000000000000       -3.6449771270441103     
   178.20000000000002        10.320000000000000       -3.4737295844536691     
   178.20000000000002        10.400000000000000       -3.3109030132516590     
   178.20000000000002        10.480000000000000       -3.1579903696557636     
   178.20000000000002        10.559999999999999       -3.0131427878958150     
   178.20000000000002        10.640000000000001       -2.8756836624745694     
   178.20000000000002        10.719999999999999       -2.7461589695830653     
   178.20000000000002        10.800000000000001       -2.6230013710042606     
   178.20000000000002        10.879999999999999       -2.5070314918126657     
   178.20000000000002        10.960000000000001       -2.3965417243729306     
   178.20000000000002        11.039999999999999       -2.2925559672334299     
   178.20000000000002        11.120000000000001       -2.1938294579360416     
   178.20000000000002        11.199999999999999       -2.0998930165674961     
   178.20000000000002        11.280000000000001       -2.0111512174562498     
   178.20000000000002        11.359999999999999       -1.9265360532390861     
   178.20000000000002        11.440000000000001       -1.8466290597358321     
   178.20000000000002        11.520000000000000       -1.7706057153505412     
   178.20000000000002        11.600000000000000       -1.6981960761094645     
   178.20000000000002        11.680000000000000       -1.6295550063158244     
   178.20000000000002        11.760000000000000       -1.5640369197328177     
   178.20000000000002        11.840000000000000       -1.5019469902597828     
   178.20000000000002        11.920000000000000       -1.4425584780210685     
   178.20000000000002        12.000000000000000       -1.3862911404014064     
   180.00000000000000        4.0000000000000000        10844.356608910623     
   180.00000000000000        4.0800000000000001        9145.5408463769254     
   180.00000000000000        4.1600000000000001        7706.8664970465752     
   180.00000000000000        4.2400000000000002        6484.9070715162279     
   180.00000000000000        4.3200000000000003        5466.3153848723014     
   180.00000000000000        4.4000000000000004        4596.9967391711907     
   180.00000000000000        4.4800000000000004        3874.8824740721561     
   180.00000000000000        4.5600000000000005        3255.7479299508050     
   180.00000000000000        4.6399999999999997        2743.2438581629349     
   180.00000000000000        4.7199999999999998        2308.2931239950408     
   180.00000000000000        4.7999999999999998        1937.8500502746299     
   180.00000000000000        4.8799999999999999        1628.7359802158214     
   180.00000000000000        4.9600000000000000        1364.3342367783982     
   180.00000000000000        5.0400000000000000        1144.5961282634737     
   180.00000000000000        5.1200000000000001        955.89393650643603     
   180.00000000000000        5.2000000000000002        799.73619702631413     
   180.00000000000000        5.2800000000000002        667.20355417836208     
   180.00000000000000        5.3600000000000003        554.28333226441009     
   180.00000000000000        5.4399999999999995        460.24179585610540     
   180.00000000000000        5.5199999999999996        379.86086727470177     
   180.00000000000000        5.5999999999999996        313.28773772030968     
   180.00000000000000        5.6799999999999997        256.23411929217110     
   180.00000000000000        5.7599999999999998        209.27373970928002     
   180.00000000000000        5.8399999999999999        169.61355743172015     
   180.00000000000000        5.9199999999999999        135.99059530122398     
   180.00000000000000        6.0000000000000000        108.23774202105302     
   180.00000000000000        6.0800000000000001        84.690374432428641     
   180.00000000000000        6.1600000000000001        65.431278297320731     
   180.00000000000000        6.2400000000000002        49.330819103280554     
   180.00000000000000        6.3200000000000003        35.884930506710766     
   180.00000000000000        6.4000000000000004        24.914364376721768     
   180.00000000000000        6.4800000000000004        15.782656475509780     
   180.00000000000000        6.5600000000000005        8.4477647158439240     
   180.00000000000000        6.6400000000000006        2.3807238137832107     
   180.00000000000000        6.7200000000000006       -2.3904974417958984     
   180.00000000000000        6.7999999999999998       -6.2201866234075291     
   180.00000000000000        6.8799999999999999       -9.2692092411809277     
   180.00000000000000        6.9600000000000000       -11.591561433711259     
   180.00000000000000        7.0400000000000000       -13.386341823316775     
   180.00000000000000        7.1200000000000001       -14.668970425784400     
   180.00000000000000        7.2000000000000002       -15.599940781793872     
   180.00000000000000        7.2799999999999994       -16.176224034332122     
   180.00000000000000        7.3599999999999994       -16.502862507549498     
   180.00000000000000        7.4399999999999995       -16.629071897931045     
   180.00000000000000        7.5199999999999996       -16.573635024419090     
   180.00000000000000        7.5999999999999996       -16.392974831004491     
   180.00000000000000        7.6799999999999997       -16.096101109448057     
   180.00000000000000        7.7599999999999998       -15.724962380457747     
   180.00000000000000        7.8399999999999999       -15.284586907867919     
   180.00000000000000        7.9199999999999999       -14.801043785448517     
   180.00000000000000        8.0000000000000000       -14.287440024974135     
   180.00000000000000        8.0800000000000001       -13.751857415563189     
   180.00000000000000        8.1600000000000001       -13.205723750341340     
   180.00000000000000        8.2400000000000002       -12.655416904782744     
   180.00000000000000        8.3200000000000003       -12.106784566257435     
   180.00000000000000        8.4000000000000004       -11.565961776387590     
   180.00000000000000        8.4800000000000004       -11.035615751637691     
   180.00000000000000        8.5599999999999987       -10.517759391028266     
   180.00000000000000        8.6400000000000006       -10.016689923032713     
   180.00000000000000        8.7199999999999989       -9.5311292358409450     
   180.00000000000000        8.8000000000000007       -9.0656483567964212     
   180.00000000000000        8.8799999999999990       -8.6184704394493767     
   180.00000000000000        8.9600000000000009       -8.1896007628641065     
   180.00000000000000        9.0399999999999991       -7.7811026394034624     
   180.00000000000000        9.1200000000000010       -7.3903828869353010     
   180.00000000000000        9.1999999999999993       -7.0200730340192390     
   180.00000000000000        9.2800000000000011       -6.6664156852254726     
   180.00000000000000        9.3599999999999994       -6.3326050903746403     
   180.00000000000000        9.4400000000000013       -6.0155472624473347     
   180.00000000000000        9.5199999999999996       -5.7143201271921331     
   180.00000000000000        9.5999999999999996       -5.4300831215267937     
   180.00000000000000        9.6799999999999997       -5.1599872099646982     
   180.00000000000000        9.7599999999999998       -4.9057636421501538     
   180.00000000000000        9.8399999999999999       -4.6640307756352515     
   180.00000000000000        9.9199999999999999       -4.4369783461506911     
   180.00000000000000        10.000000000000000       -4.2220099596741161     
   180.00000000000000        10.080000000000000       -4.0182269273872198     
   180.00000000000000        10.160000000000000       -3.8263930169062514     
   180.00000000000000        10.240000000000000       -3.6442835503074589     
   180.00000000000000        10.320000000000000       -3.4730776882270700     
   180.00000000000000        10.400000000000000       -3.3102901599541092     
   180.00000000000000        10.480000000000000       -3.1574135087060204     
   180.00000000000000        10.559999999999999       -3.0125994824907329     
   180.00000000000000        10.640000000000001       -2.8751717164718169     
   180.00000000000000        10.719999999999999       -2.7456760682523309     
   180.00000000000000        10.800000000000001       -2.6225456898090314     
   180.00000000000000        10.879999999999999       -2.5066010108106416     
   180.00000000000000        10.960000000000001       -2.3961349305012916     
   180.00000000000000        11.039999999999999       -2.2921711002642011     
   180.00000000000000        11.120000000000001       -2.1934651220749282     
   180.00000000000000        11.199999999999999       -2.0995479616210435     
   180.00000000000000        11.280000000000001       -2.0108241126918061     
   180.00000000000000        11.359999999999999       -1.9262258595630173     
   180.00000000000000        11.440000000000001       -1.8463346131771061     
   180.00000000000000        11.520000000000000       -1.7703260728012531     
   180.00000000000000        11.600000000000000       -1.6979303735739006     
   180.00000000000000        11.680000000000000       -1.6293023575276369     
   180.00000000000000        11.760000000000000       -1.5637966015111462     
   180.00000000000000        11.840000000000000       -1.5017182211791520     
   180.00000000000000        11.920000000000000       -1.4423406510038899     
   180.00000000000000        12.000000000000000       -1.3860835645149574     
