   0.0000000000000000        4.0000000000000000        13282.110186750548     
   1.8000000000000003        4.0000000000000000        13252.022220413755     
   3.6000000000000005        4.0000000000000000        13161.767908996000     
   5.4000000000000004        4.0000000000000000        13013.655856658155     
   7.2000000000000011        4.0000000000000000        12809.908027495943     
   9.0000000000000000        4.0000000000000000        12554.944567292292     
   10.800000000000001        4.0000000000000000        12252.791607863910     
   12.600000000000001        4.0000000000000000        11909.513757935370     
   14.400000000000002        4.0000000000000000        11530.301694069954     
   16.200000000000003        4.0000000000000000        11122.236043214574     
   18.000000000000000        4.0000000000000000        10691.500891166439     
   19.799999999999997        4.0000000000000000        10243.766868413399     
   21.600000000000001        4.0000000000000000        9786.9101640311656     
   23.400000000000002        4.0000000000000000        9325.7325911965891     
   25.200000000000003        4.0000000000000000        8865.9223614747334     
   27.000000000000000        4.0000000000000000        8413.4801962004640     
   28.800000000000004        4.0000000000000000        7971.7763526224508     
   30.600000000000005        4.0000000000000000        7545.2223230343388     
   32.400000000000006        4.0000000000000000        7137.1702262169883     
   34.199999999999996        4.0000000000000000        6749.9850247092736     
   36.000000000000000        4.0000000000000000        6385.4595594705415     
   37.800000000000004        4.0000000000000000        6044.9926099067479     
   39.599999999999994        4.0000000000000000        5729.4918208937643     
   41.399999999999999        4.0000000000000000        5439.3424868994443     
   43.200000000000003        4.0000000000000000        5174.2241678658183     
   45.000000000000000        4.0000000000000000        4934.0688763271228     
   46.800000000000004        4.0000000000000000        4717.7235969781641     
   48.599999999999994        4.0000000000000000        4524.5730848437634     
   50.400000000000006        4.0000000000000000        4353.3034873471897     
   52.200000000000003        4.0000000000000000        4202.6787126329173     
   54.000000000000000        4.0000000000000000        4071.5631676499415     
   55.799999999999997        4.0000000000000000        3958.4140369477955     
   57.600000000000009        4.0000000000000000        3861.9382366093569     
   59.400000000000013        4.0000000000000000        3780.7615881704846     
   61.200000000000010        4.0000000000000000        3713.5399321005243     
   63.000000000000000        4.0000000000000000        3659.0009024516216     
   64.800000000000011        4.0000000000000000        3615.9105057663742     
   66.600000000000009        4.0000000000000000        3583.0820973512036     
   68.399999999999991        4.0000000000000000        3559.3837918768604     
   70.200000000000003        4.0000000000000000        3543.7641930094483     
   72.000000000000000        4.0000000000000000        3535.2411082416966     
   73.799999999999997        4.0000000000000000        3532.8301124316913     
   75.600000000000009        4.0000000000000000        3535.6864827822651     
   77.399999999999991        4.0000000000000000        3542.9654501688187     
   79.199999999999989        4.0000000000000000        3553.8917391146865     
   81.000000000000000        4.0000000000000000        3567.7427286510497     
   82.799999999999997        4.0000000000000000        3583.8594135707435     
   84.599999999999994        4.0000000000000000        3601.6186586823487     
   86.400000000000006        4.0000000000000000        3620.4583619964874     
   88.200000000000003        4.0000000000000000        3639.8636660888942     
   90.000000000000000        4.0000000000000000        3659.3656289319661     
   91.799999999999997        4.0000000000000000        3678.5443721262459     
   93.600000000000009        4.0000000000000000        3697.0201481600234     
   95.400000000000006        4.0000000000000000        3714.4582868358498     
   97.199999999999989        4.0000000000000000        3730.5567916967007     
   99.000000000000014        4.0000000000000000        3745.0400401405618     
   100.80000000000001        4.0000000000000000        3757.6712410171162     
   102.59999999999999        4.0000000000000000        3768.2175814781299     
   104.40000000000001        4.0000000000000000        3776.4766401627253     
   106.19999999999999        4.0000000000000000        3782.2518737189230     
   108.00000000000000        4.0000000000000000        3785.3620540295542     
   109.80000000000000        4.0000000000000000        3785.6087795328585     
   111.59999999999999        4.0000000000000000        3782.8396568917860     
   113.40000000000001        4.0000000000000000        3776.8881631086201     
   115.20000000000002        4.0000000000000000        3767.5891679444544     
   117.00000000000000        4.0000000000000000        3754.8200439837788     
   118.80000000000003        4.0000000000000000        3738.4672174073971     
   120.60000000000001        4.0000000000000000        3718.4479309250287     
   122.40000000000002        4.0000000000000000        3694.6917349557975     
   124.20000000000000        4.0000000000000000        3667.2047629853482     
   126.00000000000000        4.0000000000000000        3636.0167872262864     
   127.80000000000001        4.0000000000000000        3601.1952399193478     
   129.60000000000002        4.0000000000000000        3562.8893107071458     
   131.40000000000001        4.0000000000000000        3521.2545067639780     
   133.20000000000002        4.0000000000000000        3476.5116218111675     
   135.00000000000000        4.0000000000000000        3428.9674177195311     
   136.79999999999998        4.0000000000000000        3378.8808754306956     
   138.59999999999999        4.0000000000000000        3326.6463372168996     
   140.40000000000001        4.0000000000000000        3272.6174386679295     
   142.20000000000002        4.0000000000000000        3217.2051692300493     
   144.00000000000000        4.0000000000000000        3160.8347463444238     
   145.79999999999998        4.0000000000000000        3103.9067706757651     
   147.59999999999999        4.0000000000000000        3046.8552436391856     
   149.40000000000003        4.0000000000000000        2990.1363930380498     
   151.20000000000002        4.0000000000000000        2934.1651371270714     
   153.00000000000000        4.0000000000000000        2879.3644562699237     
   154.79999999999998        4.0000000000000000        2826.0868969305752     
   156.59999999999997        4.0000000000000000        2774.7696655846371     
   158.39999999999998        4.0000000000000000        2725.7429391438559     
   160.20000000000002        4.0000000000000000        2679.3463326457381     
   162.00000000000000        4.0000000000000000        2635.9237759823714     
   163.79999999999998        4.0000000000000000        2595.7136297118532     
   165.59999999999999        4.0000000000000000        2559.0237036239491     
   167.40000000000001        4.0000000000000000        2526.0859642883265     
   169.19999999999999        4.0000000000000000        2497.0999562498550     
   171.00000000000000        4.0000000000000000        2472.2653971956620     
   172.80000000000001        4.0000000000000000        2451.7225436136482     
   174.59999999999999        4.0000000000000000        2435.6187250336361     
   176.40000000000001        4.0000000000000000        2424.0353501568893     
   178.20000000000002        4.0000000000000000        2417.4104565211264     
   180.00000000000000        4.0000000000000000        2414.7292582695991     
   0.0000000000000000        4.0800000000000001        11457.580344027732     
   1.8000000000000003        4.0800000000000001        11431.538722127831     
   3.6000000000000005        4.0800000000000001        11353.422087188354     
   5.4000000000000004        4.0800000000000001        11225.236005629959     
   7.2000000000000011        4.0800000000000001        11048.910381196520     
   9.0000000000000000        4.0800000000000001        10828.284282788309     
   10.800000000000001        4.0800000000000001        10566.853622979208     
   12.600000000000001        4.0800000000000001        10269.883787554294     
   14.400000000000002        4.0800000000000001        9941.8796857378056     
   16.200000000000003        4.0800000000000001        9588.9856127697312     
   18.000000000000000        4.0800000000000001        9216.5653246626953     
   19.799999999999997        4.0800000000000001        8829.5351040445876     
   21.600000000000001        4.0800000000000001        8434.7228789113215     
   23.400000000000002        4.0800000000000001        8036.2866814748504     
   25.200000000000003        4.0800000000000001        7639.1518257309417     
   27.000000000000000        4.0800000000000001        7248.5122764820026     
   28.800000000000004        4.0800000000000001        6867.2796521458686     
   30.600000000000005        4.0800000000000001        6499.2669391141162     
   32.400000000000006        4.0800000000000001        6147.3675876521484     
   34.199999999999996        4.0800000000000001        5813.6189686300440     
   36.000000000000000        4.0800000000000001        5499.5624742147847     
   37.800000000000004        4.0800000000000001        5206.3979689093558     
   39.599999999999994        4.0800000000000001        4934.8999478340247     
   41.399999999999999        4.0800000000000001        4685.3908050762857     
   43.200000000000003        4.0800000000000001        4457.5826156781022     
   45.000000000000000        4.0800000000000001        4251.4059378998591     
   46.800000000000004        4.0800000000000001        4065.8535263417202     
   48.599999999999994        4.0800000000000001        3900.3832768564475     
   50.400000000000006        4.0800000000000001        3753.8496782268712     
   52.200000000000003        4.0800000000000001        3625.1747733471607     
   54.000000000000000        4.0800000000000001        3513.3674576463404     
   55.799999999999997        4.0800000000000001        3417.0854294924743     
   57.600000000000009        4.0800000000000001        3335.2020454475519     
   59.400000000000013        4.0800000000000001        3266.5208674413980     
   61.200000000000010        4.0800000000000001        3209.8715272133145     
   63.000000000000000        4.0800000000000001        3164.1456477231459     
   64.800000000000011        4.0800000000000001        3128.2680670855052     
   66.600000000000009        4.0800000000000001        3101.2046292146038     
   68.399999999999991        4.0800000000000001        3081.9686403504884     
   70.200000000000003        4.0800000000000001        3069.6429155866481     
   72.000000000000000        4.0800000000000001        3063.3700264344784     
   73.799999999999997        4.0800000000000001        3062.2918278548436     
   75.600000000000009        4.0800000000000001        3065.6699852484726     
   77.399999999999991        4.0800000000000001        3072.7675772712391     
   79.199999999999989        4.0800000000000001        3082.9081997573248     
   81.000000000000000        4.0800000000000001        3095.4618776480029     
   82.799999999999997        4.0800000000000001        3109.8539349508956     
   84.599999999999994        4.0800000000000001        3125.5426155245582     
   86.400000000000006        4.0800000000000001        3142.0394570651119     
   88.200000000000003        4.0800000000000001        3158.8977655085123     
   90.000000000000000        4.0800000000000001        3175.7126756271109     
   91.799999999999997        4.0800000000000001        3192.1221019342465     
   93.600000000000009        4.0800000000000001        3207.7996411230815     
   95.400000000000006        4.0800000000000001        3222.4595678430724     
   97.199999999999989        4.0800000000000001        3235.8446350155596     
   99.000000000000014        4.0800000000000001        3247.7208434735767     
   100.80000000000001        4.0800000000000001        3257.8890973199677     
   102.59999999999999        4.0800000000000001        3266.1529861860195     
   104.40000000000001        4.0800000000000001        3272.3433123330342     
   106.19999999999999        4.0800000000000001        3276.2955979590756     
   108.00000000000000        4.0800000000000001        3277.8587077942170     
   109.80000000000000        4.0800000000000001        3276.8656903131637     
   111.59999999999999        4.0800000000000001        3273.1904120771319     
   113.40000000000001        4.0800000000000001        3266.6935659898868     
   115.20000000000002        4.0800000000000001        3257.2367123631161     
   117.00000000000000        4.0800000000000001        3244.7187359233048     
   118.80000000000003        4.0800000000000001        3229.0460417616850     
   120.60000000000001        4.0800000000000001        3210.1518556139258     
   122.40000000000002        4.0800000000000001        3187.9798601756297     
   124.20000000000000        4.0800000000000001        3162.5409058775845     
   126.00000000000000        4.0800000000000001        3133.8662058120021     
   127.80000000000001        4.0800000000000001        3102.0197280034140     
   129.60000000000002        4.0800000000000001        3067.1369588367734     
   131.40000000000001        4.0800000000000001        3029.3584937930113     
   133.20000000000002        4.0800000000000001        2988.8819077124422     
   135.00000000000000        4.0800000000000001        2945.9798335967016     
   136.79999999999998        4.0800000000000001        2900.8825264048614     
   138.59999999999999        4.0800000000000001        2853.9386327968605     
   140.40000000000001        4.0800000000000001        2805.4606653636256     
   142.20000000000002        4.0800000000000001        2755.8110675256576     
   144.00000000000000        4.0800000000000001        2705.3643995074622     
   145.79999999999998        4.0800000000000001        2654.4733368856032     
   147.59999999999999        4.0800000000000001        2603.5195556140548     
   149.40000000000003        4.0800000000000001        2552.9039652259394     
   151.20000000000002        4.0800000000000001        2502.9910870348726     
   153.00000000000000        4.0800000000000001        2454.1523573180484     
   154.79999999999998        4.0800000000000001        2406.6973868121340     
   156.59999999999997        4.0800000000000001        2361.0098912084218     
   158.39999999999998        4.0800000000000001        2317.3797569869321     
   160.20000000000002        4.0800000000000001        2276.1051148287297     
   162.00000000000000        4.0800000000000001        2237.4878856522650     
   163.79999999999998        4.0800000000000001        2201.7374374787228     
   165.59999999999999        4.0800000000000001        2169.1240527608511     
   167.40000000000001        4.0800000000000001        2139.8515233676430     
   169.19999999999999        4.0800000000000001        2114.0952050157039     
   171.00000000000000        4.0800000000000001        2092.0306132271858     
   172.80000000000001        4.0800000000000001        2073.7810751158713     
   174.59999999999999        4.0800000000000001        2059.4761145560115     
   176.40000000000001        4.0800000000000001        2049.1873579916555     
   178.20000000000002        4.0800000000000001        2043.2449687497265     
   180.00000000000000        4.0800000000000001        2040.9216924350546     
   0.0000000000000000        4.1600000000000001        9865.8037473681852     
   1.8000000000000003        4.1600000000000001        9843.2989668886312     
   3.6000000000000005        4.1600000000000001        9775.7916780300311     
   5.4000000000000004        4.1600000000000001        9665.0217073105450     
   7.2000000000000011        4.1600000000000001        9512.6628932125986     
   9.0000000000000000        4.1600000000000001        9322.0448555040530     
   10.800000000000001        4.1600000000000001        9096.1987627321669     
   12.600000000000001        4.1600000000000001        8839.6895422328544     
   14.400000000000002        4.1600000000000001        8556.4212926932087     
   16.200000000000003        4.1600000000000001        8251.7180866473882     
   18.000000000000000        4.1600000000000001        7930.2253900934847     
   19.799999999999997        4.1600000000000001        7596.1992310211444     
   21.600000000000001        4.1600000000000001        7255.5500956503101     
   23.400000000000002        4.1600000000000001        6911.8731457978083     
   25.200000000000003        4.1600000000000001        6569.4267101586202     
   27.000000000000000        4.1600000000000001        6232.6996533188840     
   28.800000000000004        4.1600000000000001        5904.2033976837665     
   30.600000000000005        4.1600000000000001        5587.2284684245969     
   32.400000000000006        4.1600000000000001        5284.2683678379808     
   34.199999999999996        4.1600000000000001        4997.0752607087425     
   36.000000000000000        4.1600000000000001        4726.9719594270991     
   37.800000000000004        4.1600000000000001        4474.9857008587232     
   39.599999999999994        4.1600000000000001        4241.7758471009683     
   41.399999999999999        4.1600000000000001        4027.6110399507647     
   43.200000000000003        4.1600000000000001        3832.2329221245536     
   45.000000000000000        4.1600000000000001        3655.5719179580610     
   46.800000000000004        4.1600000000000001        3496.7491640209096     
   48.599999999999994        4.1600000000000001        3355.2874839934952     
   50.400000000000006        4.1600000000000001        3230.1893550877130     
   52.200000000000003        4.1600000000000001        3120.5158563505333     
   54.000000000000000        4.1600000000000001        3025.4030035291007     
   55.799999999999997        4.1600000000000001        2943.6844478916264     
   57.600000000000009        4.1600000000000001        2874.3797742242459     
   59.400000000000013        4.1600000000000001        2816.4486131485442     
   61.200000000000010        4.1600000000000001        2768.8732127397316     
   63.000000000000000        4.1600000000000001        2730.6892707946818     
   64.800000000000011        4.1600000000000001        2700.9612044247074     
   66.600000000000009        4.1600000000000001        2678.7889035265484     
   68.399999999999991        4.1600000000000001        2663.3133498376887     
   70.200000000000003        4.1600000000000001        2653.7354686230924     
   72.000000000000000        4.1600000000000001        2649.3077152579208     
   73.799999999999997        4.1600000000000001        2649.2830391829571     
   75.600000000000009        4.1600000000000001        2653.0169486678283     
   77.399999999999991        4.1600000000000001        2659.8674999394675     
   79.199999999999989        4.1600000000000001        2669.2453949149181     
   81.000000000000000        4.1600000000000001        2680.6022431226861     
   82.799999999999997        4.1600000000000001        2693.4376710312513     
   84.599999999999994        4.1600000000000001        2707.2814484210862     
   86.400000000000006        4.1600000000000001        2721.7098301724782     
   88.200000000000003        4.1600000000000001        2736.3359609300664     
   90.000000000000000        4.1600000000000001        2750.8110058400330     
   91.799999999999997        4.1600000000000001        2764.8233804032188     
   93.600000000000009        4.1600000000000001        2778.0931805391401     
   95.400000000000006        4.1600000000000001        2790.3771303735116     
   97.199999999999989        4.1600000000000001        2801.4567291377143     
   99.000000000000014        4.1600000000000001        2811.1339263004929     
   100.80000000000001        4.1600000000000001        2819.2419642393811     
   102.59999999999999        4.1600000000000001        2825.6157112203805     
   104.40000000000001        4.1600000000000001        2830.1143336763353     
   106.19999999999999        4.1600000000000001        2832.6007256903931     
   108.00000000000000        4.1600000000000001        2832.9493640533697     
   109.80000000000000        4.1600000000000001        2831.0201909392727     
   111.59999999999999        4.1600000000000001        2826.7092860555758     
   113.40000000000001        4.1600000000000001        2819.9004923401176     
   115.20000000000002        4.1600000000000001        2810.4780904809390     
   117.00000000000000        4.1600000000000001        2798.3590862646838     
   118.80000000000003        4.1600000000000001        2783.4667021168088     
   120.60000000000001        4.1600000000000001        2765.7474719669326     
   122.40000000000002        4.1600000000000001        2745.1567965958720     
   124.20000000000000        4.1600000000000001        2721.7089168871826     
   126.00000000000000        4.1600000000000001        2695.4355936912812     
   127.80000000000001        4.1600000000000001        2666.3970461111749     
   129.60000000000002        4.1600000000000001        2634.7159844947364     
   131.40000000000001        4.1600000000000001        2600.5192235059553     
   133.20000000000002        4.1600000000000001        2563.9832511207032     
   135.00000000000000        4.1600000000000001        2525.3500128715982     
   136.79999999999998        4.1600000000000001        2484.8239228929897     
   138.59999999999999        4.1600000000000001        2442.7128229208092     
   140.40000000000001        4.1600000000000001        2399.2925259495578     
   142.20000000000002        4.1600000000000001        2354.8822613448897     
   144.00000000000000        4.1600000000000001        2309.8115578196430     
   145.79999999999998        4.1600000000000001        2264.3905166138725     
   147.59999999999999        4.1600000000000001        2218.9543873189045     
   149.40000000000003        4.1600000000000001        2173.8550416302533     
   151.20000000000002        4.1600000000000001        2129.4123378480704     
   153.00000000000000        4.1600000000000001        2085.9520562337907     
   154.79999999999998        4.1600000000000001        2043.7457729772948     
   156.59999999999997        4.1600000000000001        2003.1298540416540     
   158.39999999999998        4.1600000000000001        1964.3585067028382     
   160.20000000000002        4.1600000000000001        1927.6931317311096     
   162.00000000000000        4.1600000000000001        1893.3984563048423     
   163.79999999999998        4.1600000000000001        1861.6581624739179     
   165.59999999999999        4.1600000000000001        1832.7092987427120     
   167.40000000000001        4.1600000000000001        1806.7306915133440     
   169.19999999999999        4.1600000000000001        1783.8762566896628     
   171.00000000000000        4.1600000000000001        1764.3000576758388     
   172.80000000000001        4.1600000000000001        1748.1104067577976     
   174.59999999999999        4.1600000000000001        1735.4210393182232     
   176.40000000000001        4.1600000000000001        1726.2948999625446     
   178.20000000000002        4.1600000000000001        1720.9735146658061     
   180.00000000000000        4.1600000000000001        1718.9635277242485     
   0.0000000000000000        4.2400000000000002        8474.9630764065096     
   1.8000000000000003        4.2400000000000002        8455.5547784229948     
   3.6000000000000005        4.2400000000000002        8397.3359124290437     
   5.4000000000000004        4.2400000000000002        8301.8128949589536     
   7.2000000000000011        4.2400000000000002        8170.4346943977062     
   9.0000000000000000        4.2400000000000002        8006.0835559196094     
   10.800000000000001        4.2400000000000002        7811.3826331602659     
   12.600000000000001        4.2400000000000002        7590.2819582069114     
   14.400000000000002        4.2400000000000002        7346.1583957250850     
   16.200000000000003        4.2400000000000002        7083.6163382248096     
   18.000000000000000        4.2400000000000002        6806.6712849452088     
   19.799999999999997        4.2400000000000002        6519.0004241903425     
   21.600000000000001        4.2400000000000002        6225.7099851643634     
   23.400000000000002        4.2400000000000002        5929.9021982549593     
   25.200000000000003        4.2400000000000002        5635.2513097932078     
   27.000000000000000        4.2400000000000002        5345.6289261534621     
   28.800000000000004        4.2400000000000002        5063.1967019055155     
   30.600000000000005        4.2400000000000002        4790.7883420542166     
   32.400000000000006        4.2400000000000002        4530.5480396224193     
   34.199999999999996        4.2400000000000002        4283.9792574803296     
   36.000000000000000        4.2400000000000002        4052.2145014474700     
   37.800000000000004        4.2400000000000002        3836.1309635954462     
   39.599999999999994        4.2400000000000002        3636.2883086925704     
   41.399999999999999        4.2400000000000002        3452.9092016713912     
   43.200000000000003        4.2400000000000002        3285.7621857071008     
   45.000000000000000        4.2400000000000002        3134.7785747551870     
   46.800000000000004        4.2400000000000002        2999.1927628572489     
   48.599999999999994        4.2400000000000002        2878.5853042083618     
   50.400000000000006        4.2400000000000002        2772.0889931265456     
   52.200000000000003        4.2400000000000002        2678.8873617065947     
   54.000000000000000        4.2400000000000002        2598.2284580855944     
   55.799999999999997        4.2400000000000002        2529.1005973303149     
   57.600000000000009        4.2400000000000002        2470.6520559591945     
   59.400000000000013        4.2400000000000002        2421.9797394512352     
   61.200000000000010        4.2400000000000002        2382.2001476721925     
   63.000000000000000        4.2400000000000002        2350.4757754182888     
   64.800000000000011        4.2400000000000002        2325.9939109021716     
   66.600000000000009        4.2400000000000002        2307.9724801847356     
   68.399999999999991        4.2400000000000002        2295.6649296519472     
   70.200000000000003        4.2400000000000002        2288.3763022362368     
   72.000000000000000        4.2400000000000002        2285.4559954898232     
   73.799999999999997        4.2400000000000002        2286.2548573101349     
   75.600000000000009        4.2400000000000002        2290.2113096243634     
   77.399999999999991        4.2400000000000002        2296.7671882833843     
   79.199999999999989        4.2400000000000002        2305.4100589445966     
   81.000000000000000        4.2400000000000002        2315.6634877863985     
   82.799999999999997        4.2400000000000002        2327.0926692550074     
   84.599999999999994        4.2400000000000002        2339.2903327207709     
   86.400000000000006        4.2400000000000002        2351.8896910384801     
   88.200000000000003        4.2400000000000002        2364.5564928348704     
   90.000000000000000        4.2400000000000002        2376.9909625721593     
   91.799999999999997        4.2400000000000002        2388.9257007862025     
   93.600000000000009        4.2400000000000002        2400.1213842276024     
   95.400000000000006        4.2400000000000002        2410.3715919407418     
   97.199999999999989        4.2400000000000002        2419.4914047250195     
   99.000000000000014        4.2400000000000002        2427.3138474855791     
   100.80000000000001        4.2400000000000002        2433.6999231344348     
   102.59999999999999        4.2400000000000002        2438.5113962996434     
   104.40000000000001        4.2400000000000002        2441.6316610895924     
   106.19999999999999        4.2400000000000002        2442.9469904648540     
   108.00000000000000        4.2400000000000002        2442.3536708500642     
   109.80000000000000        4.2400000000000002        2439.7346620231833     
   111.59999999999999        4.2400000000000002        2435.0048401374725     
   113.40000000000001        4.2400000000000002        2428.0677555534276     
   115.20000000000002        4.2400000000000002        2418.8270479187313     
   117.00000000000000        4.2400000000000002        2407.2149930533665     
   118.80000000000003        4.2400000000000002        2393.1689749149564     
   120.60000000000001        4.2400000000000002        2376.6466030223332     
   122.40000000000002        4.2400000000000002        2357.6129860487772     
   124.20000000000000        4.2400000000000002        2336.0846962273922     
   126.00000000000000        4.2400000000000002        2312.0933548739349     
   127.80000000000001        4.2400000000000002        2285.6952712328712     
   129.60000000000002        4.2400000000000002        2257.0012740553098     
   131.40000000000001        4.2400000000000002        2226.1254611705103     
   133.20000000000002        4.2400000000000002        2193.2251671550621     
   135.00000000000000        4.2400000000000002        2158.5147214720373     
   136.79999999999998        4.2400000000000002        2122.1752737723832     
   138.59999999999999        4.2400000000000002        2084.4781841918357     
   140.40000000000001        4.2400000000000002        2045.6664731472722     
   142.20000000000002        4.2400000000000002        2006.0208505234002     
   144.00000000000000        4.2400000000000002        1965.8307584638999     
   145.79999999999998        4.2400000000000002        1925.3684233333327     
   147.59999999999999        4.2400000000000002        1884.9278420442718     
   149.40000000000003        4.2400000000000002        1844.8173509701703     
   151.20000000000002        4.2400000000000002        1805.3171675112653     
   153.00000000000000        4.2400000000000002        1766.7125700741854     
   154.79999999999998        4.2400000000000002        1729.2413909775280     
   156.59999999999997        4.2400000000000002        1693.1980182998425     
   158.39999999999998        4.2400000000000002        1658.8050154910386     
   160.20000000000002        4.2400000000000002        1626.2912133491727     
   162.00000000000000        4.2400000000000002        1595.8883584094308     
   163.79999999999998        4.2400000000000002        1567.7573418687020     
   165.59999999999999        4.2400000000000002        1542.1057358694547     
   167.40000000000001        4.2400000000000002        1519.0902118360823     
   169.19999999999999        4.2400000000000002        1498.8456541021162     
   171.00000000000000        4.2400000000000002        1481.5070832002755     
   172.80000000000001        4.2400000000000002        1467.1694750094784     
   174.59999999999999        4.2400000000000002        1455.9325443968999     
   176.40000000000001        4.2400000000000002        1447.8515195752807     
   178.20000000000002        4.2400000000000002        1443.0953009116979     
   180.00000000000000        4.2400000000000002        1441.3599716291556     
   0.0000000000000000        4.3200000000000003        7279.9806913492675     
   1.8000000000000003        4.3200000000000003        7263.2390729259014     
   3.6000000000000005        4.3200000000000003        7213.0193699405781     
   5.4000000000000004        4.3200000000000003        7130.6262456517597     
   7.2000000000000011        4.3200000000000003        7017.3143379618950     
   9.0000000000000000        4.3200000000000003        6875.5792857357437     
   10.800000000000001        4.3200000000000003        6707.6917485185013     
   12.600000000000001        4.3200000000000003        6517.0705948352861     
   14.400000000000002        4.3200000000000003        6306.6374304013207     
   16.200000000000003        4.3200000000000003        6080.3753079405569     
   18.000000000000000        4.3200000000000003        5841.7561091664838     
   19.799999999999997        4.3200000000000003        5593.9577457160003     
   21.600000000000001        4.3200000000000003        5341.3927916323519     
   23.400000000000002        4.3200000000000003        5086.7388188546429     
   25.200000000000003        4.3200000000000003        4833.1669157464903     
   27.000000000000000        4.3200000000000003        4584.0171481010120     
   28.800000000000004        4.3200000000000003        4341.1505325927892     
   30.600000000000005        4.3200000000000003        4107.0079321403691     
   32.400000000000006        4.3200000000000003        3883.4335338608844     
   34.199999999999996        4.3200000000000003        3671.7175883320301     
   36.000000000000000        4.3200000000000003        3472.8297441402242     
   37.800000000000004        4.3200000000000003        3287.5190417371887     
   39.599999999999994        4.3200000000000003        3116.2603667089943     
   41.399999999999999        4.3200000000000003        2959.2378535419771     
   43.200000000000003        4.3200000000000003        2816.2442119748071     
   45.000000000000000        4.3200000000000003        2687.2125161705171     
   46.800000000000004        4.3200000000000003        2571.4755500232081     
   48.599999999999994        4.3200000000000003        2468.6644648444421     
   50.400000000000006        4.3200000000000003        2378.0250354150703     
   52.200000000000003        4.3200000000000003        2298.8469766893354     
   54.000000000000000        4.3200000000000003        2230.4755577215069     
   55.799999999999997        4.3200000000000003        2172.0329100384211     
   57.600000000000009        4.3200000000000003        2122.7788107006681     
   59.400000000000013        4.3200000000000003        2081.9290259745167     
   61.200000000000010        4.3200000000000003        2048.7163123364094     
   63.000000000000000        4.3200000000000003        2022.4130237198083     
   64.800000000000011        4.3200000000000003        2002.3129359298216     
   66.600000000000009        4.3200000000000003        1987.7363069502915     
   68.399999999999991        4.3200000000000003        1978.0341214810087     
   70.200000000000003        4.3200000000000003        1972.6017981610485     
   72.000000000000000        4.3200000000000003        1970.8729555352636     
   73.799999999999997        4.3200000000000003        1972.2833814157750     
   75.600000000000009        4.3200000000000003        1976.3436488463626     
   77.399999999999991        4.3200000000000003        1982.5683620236459     
   79.199999999999989        4.3200000000000003        1990.5118726893641     
   81.000000000000000        4.3200000000000003        1999.7602326271769     
   82.799999999999997        4.3200000000000003        2009.9356047712993     
   84.599999999999994        4.3200000000000003        2020.6852629170940     
   86.400000000000006        4.3200000000000003        2031.6917538504686     
   88.200000000000003        4.3200000000000003        2042.6663268591442     
   90.000000000000000        4.3200000000000003        2053.3514454459446     
   91.799999999999997        4.3200000000000003        2063.5177177793348     
   93.600000000000009        4.3200000000000003        2072.9606245699583     
   95.400000000000006        4.3200000000000003        2081.5051627825692     
   97.199999999999989        4.3200000000000003        2088.9949820453853     
   99.000000000000014        4.3200000000000003        2095.2894630399182     
   100.80000000000001        4.3200000000000003        2100.2729604525857     
   102.59999999999999        4.3200000000000003        2103.8299105849801     
   104.40000000000001        4.3200000000000003        2105.8639689653760     
   106.19999999999999        4.3200000000000003        2106.2809611735793     
   108.00000000000000        4.3200000000000003        2104.9953498632144     
   109.80000000000000        4.3200000000000003        2101.9093977459065     
   111.59999999999999        4.3200000000000003        2096.9535313080114     
   113.40000000000001        4.3200000000000003        2090.0477264605133     
   115.20000000000002        4.3200000000000003        2081.1117772697717     
   117.00000000000000        4.3200000000000003        2070.0905336091055     
   118.80000000000003        4.3200000000000003        2056.9330319332080     
   120.60000000000001        4.3200000000000003        2041.6058639036041     
   122.40000000000002        4.3200000000000003        2024.0819665144272     
   124.20000000000000        4.3200000000000003        2004.3793038519350     
   126.00000000000000        4.3200000000000003        1982.5287780943308     
   127.80000000000001        4.3200000000000003        1958.5827232993404     
   129.60000000000002        4.3200000000000003        1932.6410599362814     
   131.40000000000001        4.3200000000000003        1904.8063008333247     
   133.20000000000002        4.3200000000000003        1875.2186122249484     
   135.00000000000000        4.3200000000000003        1844.0678100176594     
   136.79999999999998        4.3200000000000003        1811.5143832953408     
   138.59999999999999        4.3200000000000003        1777.7975343837727     
   140.40000000000001        4.3200000000000003        1743.1313951908601     
   142.20000000000002        4.3200000000000003        1707.7628313759110     
   144.00000000000000        4.3200000000000003        1671.9461143795620     
   145.79999999999998        4.3200000000000003        1635.9202635034296     
   147.59999999999999        4.3200000000000003        1599.9431539813982     
   149.40000000000003        4.3200000000000003        1564.2850380108960     
   151.20000000000002        4.3200000000000003        1529.1914656366259     
   153.00000000000000        4.3200000000000003        1494.9123145622125     
   154.79999999999998        4.3200000000000003        1461.6559202157571     
   156.59999999999997        4.3200000000000003        1429.6800053420150     
   158.39999999999998        4.3200000000000003        1399.1794822720717     
   160.20000000000002        4.3200000000000003        1370.3547269421492     
   162.00000000000000        4.3200000000000003        1343.4086728912337     
   163.79999999999998        4.3200000000000003        1318.4822865326194     
   165.59999999999999        4.3200000000000003        1295.7573818264630     
   167.40000000000001        4.3200000000000003        1275.3712581116592     
   169.19999999999999        4.3200000000000003        1257.4421535846486     
   171.00000000000000        4.3200000000000003        1242.0884324287013     
   172.80000000000001        4.3200000000000003        1229.3933979179337     
   174.59999999999999        4.3200000000000003        1219.4444965364191     
   176.40000000000001        4.3200000000000003        1212.2901979325329     
   178.20000000000002        4.3200000000000003        1208.0417377697386     
   180.00000000000000        4.3200000000000003        1206.5433003979517     
   0.0000000000000000        4.4000000000000004        6233.9727381949588     
   1.8000000000000003        4.4000000000000004        6219.5704380382031     
   3.6000000000000005        4.4000000000000004        6176.3679269427203     
   5.4000000000000004        4.4000000000000004        6105.4923021326813     
   7.2000000000000011        4.4000000000000004        6008.0272003411455     
   9.0000000000000000        4.4000000000000004        5886.1280739123749     
   10.800000000000001        4.4000000000000004        5741.7554889148150     
   12.600000000000001        4.4000000000000004        5577.8610885585986     
   14.400000000000002        4.4000000000000004        5396.9661608113920     
   16.200000000000003        4.4000000000000004        5202.5074749433134     
   18.000000000000000        4.4000000000000004        4997.4791705541247     
   19.799999999999997        4.4000000000000004        4784.6205569591812     
   21.600000000000001        4.4000000000000004        4567.7348913305823     
   23.400000000000002        4.4000000000000004        4349.1270962197859     
   25.200000000000003        4.4000000000000004        4131.5267459217912     
   27.000000000000000        4.4000000000000004        3917.8076400585733     
   28.800000000000004        4.4000000000000004        3709.5675117293349     
   30.600000000000005        4.4000000000000004        3508.9030453426776     
   32.400000000000006        4.4000000000000004        3317.3958846742194     
   34.199999999999996        4.4000000000000004        3136.1499956410480     
   36.000000000000000        4.4000000000000004        2965.9929682034808     
   37.800000000000004        4.4000000000000004        2807.5622561142445     
   39.599999999999994        4.4000000000000004        2661.2592185239732     
   41.399999999999999        4.4000000000000004        2527.2350247717181     
   43.200000000000003        4.4000000000000004        2405.3043712455997     
   45.000000000000000        4.4000000000000004        2295.4026592995606     
   46.800000000000004        4.4000000000000004        2196.9496592005976     
   48.599999999999994        4.4000000000000004        2109.6216044552825     
   50.400000000000006        4.4000000000000004        2032.7639784726180     
   52.200000000000003        4.4000000000000004        1965.7602226219083     
   54.000000000000000        4.4000000000000004        1908.0414808918595     
   55.799999999999997        4.4000000000000004        1858.8477703504966     
   57.600000000000009        4.4000000000000004        1817.5372174897418     
   59.400000000000013        4.4000000000000004        1783.4303700093933     
   61.200000000000010        4.4000000000000004        1755.8624805848206     
   63.000000000000000        4.4000000000000004        1734.2028046762900     
   64.800000000000011        4.4000000000000004        1717.8390688693592     
   66.600000000000009        4.4000000000000004        1706.1818421165015     
   68.399999999999991        4.4000000000000004        1698.6682176166973     
   70.200000000000003        4.4000000000000004        1694.7734584997763     
   72.000000000000000        4.4000000000000004        1694.0056470357831     
   73.799999999999997        4.4000000000000004        1695.8755812702575     
   75.600000000000009        4.4000000000000004        1699.9577160173314     
   77.399999999999991        4.4000000000000004        1705.8309754482138     
   79.199999999999989        4.4000000000000004        1713.1087610177537     
   81.000000000000000        4.4000000000000004        1721.4323412151848     
   82.799999999999997        4.4000000000000004        1730.4742422403863     
   84.599999999999994        4.4000000000000004        1739.9298329266810     
   86.400000000000006        4.4000000000000004        1749.5251498845548     
   88.200000000000003        4.4000000000000004        1759.0115023960782     
   90.000000000000000        4.4000000000000004        1768.1683874067319     
   91.799999999999997        4.4000000000000004        1776.7997075041378     
   93.600000000000009        4.4000000000000004        1784.7313487099634     
   95.400000000000006        4.4000000000000004        1791.8156040204951     
   97.199999999999989        4.4000000000000004        1797.9208967079808     
   99.000000000000014        4.4000000000000004        1802.9293976312811     
   100.80000000000001        4.4000000000000004        1806.7455011848956     
   102.59999999999999        4.4000000000000004        1809.2731383577573     
   104.40000000000001        4.4000000000000004        1810.4332596033503     
   106.19999999999999        4.4000000000000004        1810.1483830180359     
   108.00000000000000        4.4000000000000004        1808.3484391285003     
   109.80000000000000        4.4000000000000004        1804.9522161587768     
   111.59999999999999        4.4000000000000004        1799.9032850994354     
   113.40000000000001        4.4000000000000004        1793.1356063570336     
   115.20000000000002        4.4000000000000004        1784.5827446369694     
   117.00000000000000        4.4000000000000004        1774.2001349466088     
   118.80000000000003        4.4000000000000004        1761.9466168891013     
   120.60000000000001        4.4000000000000004        1747.7962332125524     
   122.40000000000002        4.4000000000000004        1731.7283786194246     
   124.20000000000000        4.4000000000000004        1713.7617631137766     
   126.00000000000000        4.4000000000000004        1693.9261956709270     
   127.80000000000001        4.4000000000000004        1672.2700531911587     
   129.60000000000002        4.4000000000000004        1648.8831633364791     
   131.40000000000001        4.4000000000000004        1623.8573850207219     
   133.20000000000002        4.4000000000000004        1597.3173005141789     
   135.00000000000000        4.4000000000000004        1569.4306527413498     
   136.79999999999998        4.4000000000000004        1540.3393196560248     
   138.59999999999999        4.4000000000000004        1510.2537161495497     
   140.40000000000001        4.4000000000000004        1479.3621264160256     
   142.20000000000002        4.4000000000000004        1447.8812019550307     
   144.00000000000000        4.4000000000000004        1416.0338540714554     
   145.79999999999998        4.4000000000000004        1384.0295103859062     
   147.59999999999999        4.4000000000000004        1352.0938928858648     
   149.40000000000003        4.4000000000000004        1320.4633812793998     
   151.20000000000002        4.4000000000000004        1289.3526997130166     
   153.00000000000000        4.4000000000000004        1258.9802628921620     
   154.79999999999998        4.4000000000000004        1229.5281880287828     
   156.59999999999997        4.4000000000000004        1201.2216304518486     
   158.39999999999998        4.4000000000000004        1174.2309325863459     
   160.20000000000002        4.4000000000000004        1148.7311905540146     
   162.00000000000000        4.4000000000000004        1124.8997404319371     
   163.79999999999998        4.4000000000000004        1102.8598367607647     
   165.59999999999999        4.4000000000000004        1082.7704048778087     
   167.40000000000001        4.4000000000000004        1064.7515211471630     
   169.19999999999999        4.4000000000000004        1048.9066204070662     
   171.00000000000000        4.4000000000000004        1035.3392541712440     
   172.80000000000001        4.4000000000000004        1024.1223393469031     
   174.59999999999999        4.4000000000000004        1015.3324082256632     
   176.40000000000001        4.4000000000000004        1009.0119129370745     
   178.20000000000002        4.4000000000000004        1005.2253230591033     
   180.00000000000000        4.4000000000000004        1003.9349690890632     
   0.0000000000000000        4.4800000000000004        5340.2881190579947     
   1.8000000000000003        4.4800000000000004        5327.8899087160507     
   3.6000000000000005        4.4800000000000004        5290.6990188719201     
   5.4000000000000004        4.4800000000000004        5229.6898323730948     
   7.2000000000000011        4.4800000000000004        5145.7989501307839     
   9.0000000000000000        4.4800000000000004        5040.8893219195152     
   10.800000000000001        4.4800000000000004        4916.6549639648001     
   12.600000000000001        4.4800000000000004        4775.6459487902175     
   14.400000000000002        4.4800000000000004        4620.0396413539547     
   16.200000000000003        4.4800000000000004        4452.8035582572493     
   18.000000000000000        4.4800000000000004        4276.5216737472865     
   19.799999999999997        4.4800000000000004        4093.5569101543106     
   21.600000000000001        4.4800000000000004        3907.1896814527890     
   23.400000000000002        4.4800000000000004        3719.4055302243919     
   25.200000000000003        4.4800000000000004        3532.5556514171990     
   27.000000000000000        4.4800000000000004        3349.1144088971282     
   28.800000000000004        4.4800000000000004        3170.4544331383854     
   30.600000000000005        4.4800000000000004        2998.3779923349352     
   32.400000000000006        4.4800000000000004        2834.2424525536612     
   34.199999999999996        4.4800000000000004        2678.9929573691975     
   36.000000000000000        4.4800000000000004        2533.3362182966525     
   37.800000000000004        4.4800000000000004        2397.8149449459033     
   39.599999999999994        4.4800000000000004        2272.7683729202026     
   41.399999999999999        4.4800000000000004        2158.3202886464001     
   43.200000000000003        4.4800000000000004        2054.3050352295604     
   45.000000000000000        4.4800000000000004        1960.6608157353221     
   46.800000000000004        4.4800000000000004        1876.8826210210327     
   48.599999999999994        4.4800000000000004        1802.6860285411283     
   50.400000000000006        4.4800000000000004        1737.5025643209556     
   52.200000000000003        4.4800000000000004        1680.7965684220981     
   54.000000000000000        4.4800000000000004        1632.0733684209522     
   55.799999999999997        4.4800000000000004        1590.6744938513273     
   57.600000000000009        4.4800000000000004        1556.0428886959703     
   59.400000000000013        4.4800000000000004        1527.5894030158784     
   61.200000000000010        4.4800000000000004        1504.7376330695099     
   63.000000000000000        4.4800000000000004        1486.9404025419869     
   64.800000000000011        4.4800000000000004        1473.6664848532980     
   66.600000000000009        4.4800000000000004        1464.4043826234622     
   68.399999999999991        4.4800000000000004        1458.6655241917367     
   70.200000000000003        4.4800000000000004        1455.9941602711544     
   72.000000000000000        4.4800000000000004        1455.9627687279019     
   73.799999999999997        4.4800000000000004        1458.1469226779734     
   75.600000000000009        4.4800000000000004        1462.1764103371083     
   77.399999999999991        4.4800000000000004        1467.6857560165702     
   79.199999999999989        4.4800000000000004        1474.3394214210384     
   81.000000000000000        4.4800000000000004        1481.8263873137232     
   82.799999999999997        4.4800000000000004        1489.8627184633417     
   84.599999999999994        4.4800000000000004        1498.1852310712848     
   86.400000000000006        4.4800000000000004        1506.5574269980621     
   88.200000000000003        4.4800000000000004        1514.7650719100886     
   90.000000000000000        4.4800000000000004        1522.6193551211759     
   91.799999999999997        4.4800000000000004        1529.9526399725655     
   93.600000000000009        4.4800000000000004        1536.6167169065004     
   95.400000000000006        4.4800000000000004        1542.4869773171877     
   97.199999999999989        4.4800000000000004        1547.4527589855566     
   99.000000000000014        4.4800000000000004        1551.4154059019013     
   100.80000000000001        4.4800000000000004        1554.2960130534705     
   102.59999999999999        4.4800000000000004        1556.0147995490131     
   104.40000000000001        4.4800000000000004        1556.5070345271342     
   106.19999999999999        4.4800000000000004        1555.7090607907533     
   108.00000000000000        4.4800000000000004        1553.5635693537947     
   109.80000000000000        4.4800000000000004        1550.0030877222823     
   111.59999999999999        4.4800000000000004        1544.9819414386491     
   113.40000000000001        4.4800000000000004        1538.4456403694469     
   115.20000000000002        4.4800000000000004        1530.3391414469222     
   117.00000000000000        4.4800000000000004        1520.6264987042478     
   118.80000000000003        4.4800000000000004        1509.2745284537530     
   120.60000000000001        4.4800000000000004        1496.2632258056483     
   122.40000000000002        4.4800000000000004        1481.5771059726740     
   124.20000000000000        4.4800000000000004        1465.2350391551229     
   126.00000000000000        4.4800000000000004        1447.2654313432524     
   127.80000000000001        4.4800000000000004        1427.7127944523611     
   129.60000000000002        4.4800000000000004        1406.6577790855376     
   131.40000000000001        4.4800000000000004        1384.1826188347716     
   133.20000000000002        4.4800000000000004        1360.3980133848556     
   135.00000000000000        4.4800000000000004        1335.4522164415816     
   136.79999999999998        4.4800000000000004        1309.4706656782855     
   138.59999999999999        4.4800000000000004        1282.6385241506418     
   140.40000000000001        4.4800000000000004        1255.1214156679600     
   142.20000000000002        4.4800000000000004        1227.1095704439263     
   144.00000000000000        4.4800000000000004        1198.7985143792312     
   145.79999999999998        4.4800000000000004        1170.3718514561417     
   147.59999999999999        4.4800000000000004        1142.0272803017319     
   149.40000000000003        4.4800000000000004        1113.9716864952875     
   151.20000000000002        4.4800000000000004        1086.3929604578695     
   153.00000000000000        4.4800000000000004        1059.4821435988526     
   154.79999999999998        4.4800000000000004        1033.3985405068561     
   156.59999999999997        4.4800000000000004        1008.3389919780498     
   158.39999999999998        4.4800000000000004        984.45246975505427     
   160.20000000000002        4.4800000000000004        961.89208611126730     
   162.00000000000000        4.4800000000000004        940.81291759047826     
   163.79999999999998        4.4800000000000004        921.32280574166236     
   165.59999999999999        4.4800000000000004        903.56076691924056     
   167.40000000000001        4.4800000000000004        887.63188754602618     
   169.19999999999999        4.4800000000000004        873.62671449364871     
   171.00000000000000        4.4800000000000004        861.63590298849579     
   172.80000000000001        4.4800000000000004        851.72332148534929     
   174.59999999999999        4.4800000000000004        843.95599631325013     
   176.40000000000001        4.4800000000000004        838.37113351874734     
   178.20000000000002        4.4800000000000004        834.99705248613759     
   180.00000000000000        4.4800000000000004        833.88523358337375     
   0.0000000000000000        4.5600000000000005        4556.7155593115267     
   1.8000000000000003        4.5600000000000005        4546.0787462366907     
   3.6000000000000005        4.5600000000000005        4514.1714825345525     
   5.4000000000000004        4.5600000000000005        4461.8334852610142     
   7.2000000000000011        4.5600000000000005        4389.8717211288031     
   9.0000000000000000        4.5600000000000005        4299.8912604905736     
   10.800000000000001        4.5600000000000005        4193.3511786638655     
   12.600000000000001        4.5600000000000005        4072.4476321971852     
   14.400000000000002        4.5600000000000005        3939.0549820629681     
   16.200000000000003        4.5600000000000005        3795.7273767377196     
   18.000000000000000        4.5600000000000005        3644.6876294493522     
   19.799999999999997        4.5600000000000005        3487.9673742483451     
   21.600000000000001        4.5600000000000005        3328.3868605421053     
   23.400000000000002        4.5600000000000005        3167.6508237094208     
   25.200000000000003        4.5600000000000005        3007.7777936005641     
   27.000000000000000        4.5600000000000005        2850.8910731111409     
   28.800000000000004        4.5600000000000005        2698.1657835772353     
   30.600000000000005        4.5600000000000005        2551.1457552323873     
   32.400000000000006        4.5600000000000005        2410.9917133139875     
   34.199999999999996        4.5600000000000005        2278.5097841890433     
   36.000000000000000        4.5600000000000005        2154.3010539237303     
   37.800000000000004        4.5600000000000005        2038.8255990818752     
   39.599999999999994        4.5600000000000005        1932.3687046701309     
   41.399999999999999        4.5600000000000005        1835.0307354374877     
   43.200000000000003        4.5600000000000005        1746.6639131852703     
   45.000000000000000        4.5600000000000005        1667.2095132042637     
   46.800000000000004        4.5600000000000005        1596.2291679276523     
   48.599999999999994        4.5600000000000005        1533.4735816678208     
   50.400000000000006        4.5600000000000005        1478.4503770759161     
   52.200000000000003        4.5600000000000005        1430.6954559961634     
   54.000000000000000        4.5600000000000005        1389.7798147647047     
   55.799999999999997        4.5600000000000005        1355.1346002677144     
   57.600000000000009        4.5600000000000005        1326.2777319370255     
   59.400000000000013        4.5600000000000005        1302.6998367736544     
   61.200000000000010        4.5600000000000005        1283.9025654191296     
   63.000000000000000        4.5600000000000005        1269.4126118166196     
   64.800000000000011        4.5600000000000005        1258.7704080337719     
   66.600000000000009        4.5600000000000005        1251.5333823684659     
   68.399999999999991        4.5600000000000005        1247.2787266314965     
   70.200000000000003        4.5600000000000005        1245.6117684128419     
   72.000000000000000        4.5600000000000005        1246.1620389962470     
   73.799999999999997        4.5600000000000005        1248.5624301853345     
   75.600000000000009        4.5600000000000005        1252.4918191928648     
   77.399999999999991        4.5600000000000005        1257.6339703019419     
   79.199999999999989        4.5600000000000005        1263.6985750839372     
   81.000000000000000        4.5600000000000005        1270.4168518781305     
   82.799999999999997        4.5600000000000005        1277.5434216599374     
   84.599999999999994        4.5600000000000005        1284.8517060381744     
   86.400000000000006        4.5600000000000005        1292.1382836662967     
   88.200000000000003        4.5600000000000005        1299.2192984579463     
   90.000000000000000        4.5600000000000005        1305.9337592164634     
   91.799999999999997        4.5600000000000005        1312.1389867961570     
   93.600000000000009        4.5600000000000005        1317.7094211596716     
   95.400000000000006        4.5600000000000005        1322.5405304508945     
   97.199999999999989        4.5600000000000005        1326.5397930839299     
   99.000000000000014        4.5600000000000005        1329.6251323499450     
   100.80000000000001        4.5600000000000005        1331.7319637003145     
   102.59999999999999        4.5600000000000005        1332.7945061379658     
   104.40000000000001        4.5600000000000005        1332.7602359976074     
   106.19999999999999        4.5600000000000005        1331.5772872865273     
   108.00000000000000        4.5600000000000005        1329.1991974063967     
   109.80000000000000        4.5600000000000005        1325.5702562538845     
   111.59999999999999        4.5600000000000005        1320.6538644764466     
   113.40000000000001        4.5600000000000005        1314.4053630019621     
   115.20000000000002        4.5600000000000005        1306.7794220502108     
   117.00000000000000        4.5600000000000005        1297.7473395105196     
   118.80000000000003        4.5600000000000005        1287.2826320259392     
   120.60000000000001        4.5600000000000005        1275.3702090694294     
   122.40000000000002        4.5600000000000005        1261.9987833621863     
   124.20000000000000        4.5600000000000005        1247.1870126974429     
   126.00000000000000        4.5600000000000005        1230.9617255632991     
   127.80000000000001        4.5600000000000005        1213.3636856791693     
   129.60000000000002        4.5600000000000005        1194.4650843864983     
   131.40000000000001        4.5600000000000005        1174.3393256976628     
   133.20000000000002        4.5600000000000005        1153.0845121481602     
   135.00000000000000        4.5600000000000005        1130.8313363437132     
   136.79999999999998        4.5600000000000005        1107.6904164521002     
   138.59999999999999        4.5600000000000005        1083.8242807682061     
   140.40000000000001        4.5600000000000005        1059.3782503368102     
   142.20000000000002        4.5600000000000005        1034.5189315689063     
   144.00000000000000        4.5600000000000005        1009.4173920897606     
   145.79999999999998        4.5600000000000005        984.23418510098122     
   147.59999999999999        4.5600000000000005        959.14202091359493     
   149.40000000000003        4.5600000000000005        934.32150549199775     
   151.20000000000002        4.5600000000000005        909.93662564120677     
   153.00000000000000        4.5600000000000005        886.15404948974640     
   154.79999999999998        4.5600000000000005        863.11276743498445     
   156.59999999999997        4.5600000000000005        840.98442328657484     
   158.39999999999998        4.5600000000000005        819.89896428329666     
   160.20000000000002        4.5600000000000005        799.98993550737009     
   162.00000000000000        4.5600000000000005        781.39260134133133     
   163.79999999999998        4.5600000000000005        764.20107705879411     
   165.59999999999999        4.5600000000000005        748.53665527083240     
   167.40000000000001        4.5600000000000005        734.49107113965090     
   169.19999999999999        4.5600000000000005        722.14338958992960     
   171.00000000000000        4.5600000000000005        711.57277633810440     
   172.80000000000001        4.5600000000000005        702.83503416539384     
   174.59999999999999        4.5600000000000005        695.98871761612929     
   176.40000000000001        4.5600000000000005        691.06635373353015     
   178.20000000000002        4.5600000000000005        688.06742427027814     
   180.00000000000000        4.5600000000000005        687.11271655860071     
   0.0000000000000000        4.6399999999999997        3891.1476551913938     
   1.8000000000000003        4.6399999999999997        3882.0116986879666     
   3.6000000000000005        4.6399999999999997        3854.6065270251620     
   5.4000000000000004        4.6399999999999997        3809.6566355752307     
   7.2000000000000011        4.6399999999999997        3747.8581000769495     
   9.0000000000000000        4.6399999999999997        3670.5954028388437     
   10.800000000000001        4.6399999999999997        3579.1267137096102     
   12.600000000000001        4.6399999999999997        3475.3455804551136     
   14.400000000000002        4.6399999999999997        3360.8673980963281     
   16.200000000000003        4.6399999999999997        3237.8930822367597     
   18.000000000000000        4.6399999999999997        3108.3369912916628     
   19.799999999999997        4.6399999999999997        2973.9479555254552     
   21.600000000000001        4.6399999999999997        2837.1534387222237     
   23.400000000000002        4.6399999999999997        2699.4187886677028     
   25.200000000000003        4.6399999999999997        2562.4789558354992     
   27.000000000000000        4.6399999999999997        2428.1581062546802     
   28.800000000000004        4.6399999999999997        2297.4634182161690     
   30.600000000000005        4.6399999999999997        2171.7188520243062     
   32.400000000000006        4.6399999999999997        2051.9180833079140     
   34.199999999999996        4.6399999999999997        1938.7493918822379     
   36.000000000000000        4.6399999999999997        1832.7245169988867     
   37.800000000000004        4.6399999999999997        1734.2338057239133     
   39.599999999999994        4.6399999999999997        1643.5172679911198     
   41.399999999999999        4.6399999999999997        1560.6560033497560     
   43.200000000000003        4.6399999999999997        1485.5181251932079     
   45.000000000000000        4.6399999999999997        1418.0481834433233     
   46.800000000000004        4.6399999999999997        1357.8651681950259     
   48.599999999999994        4.6399999999999997        1304.7503072207039     
   50.400000000000006        4.6399999999999997        1258.2765785265544     
   52.200000000000003        4.6399999999999997        1218.0413608676186     
   54.000000000000000        4.6399999999999997        1183.6721161583368     
   55.799999999999997        4.6399999999999997        1154.6767873931005     
   57.600000000000009        4.6399999999999997        1130.6376476442827     
   59.400000000000013        4.6399999999999997        1111.1137481257169     
   61.200000000000010        4.6399999999999997        1095.6736945597888     
   63.000000000000000        4.6399999999999997        1083.9075842424895     
   64.800000000000011        4.6399999999999997        1075.4173722933538     
   66.600000000000009        4.6399999999999997        1069.8196840083958     
   68.399999999999991        4.6399999999999997        1066.7482133862004     
   70.200000000000003        4.6399999999999997        1065.8608102460896     
   72.000000000000000        4.6399999999999997        1066.8361120604818     
   73.799999999999997        4.6399999999999997        1069.3562678315982     
   75.600000000000009        4.6399999999999997        1073.1424723938765     
   77.399999999999991        4.6399999999999997        1077.9208447371457     
   79.199999999999989        4.6399999999999997        1083.4399912439349     
   81.000000000000000        4.6399999999999997        1089.4674403599895     
   82.799999999999997        4.6399999999999997        1095.7909708555585     
   84.599999999999994        4.6399999999999997        1102.2153771450423     
   86.400000000000006        4.6399999999999997        1108.5655720537272     
   88.200000000000003        4.6399999999999997        1114.6836752017514     
   90.000000000000000        4.6399999999999997        1120.4323512467420     
   91.799999999999997        4.6399999999999997        1125.6901146431589     
   93.600000000000009        4.6399999999999997        1130.3505666372371     
   95.400000000000006        4.6399999999999997        1134.3260308601216     
   97.199999999999989        4.6399999999999997        1137.5391743503812     
   99.000000000000014        4.6399999999999997        1139.9217466888290     
   100.80000000000001        4.6399999999999997        1141.4209750769148     
   102.59999999999999        4.6399999999999997        1141.9826633497555     
   104.40000000000001        4.6399999999999997        1141.5642814679893     
   106.19999999999999        4.6399999999999997        1140.1236239454902     
   108.00000000000000        4.6399999999999997        1137.6230756897103     
   109.80000000000000        4.6399999999999997        1134.0166156331436     
   111.59999999999999        4.6399999999999997        1129.2749777852891     
   113.40000000000001        4.6399999999999997        1123.3615428088476     
   115.20000000000002        4.6399999999999997        1116.2389431997265     
   117.00000000000000        4.6399999999999997        1107.8843018788677     
   118.80000000000003        4.6399999999999997        1098.2765201380132     
   120.60000000000001        4.6399999999999997        1087.4043632688342     
   122.40000000000002        4.6399999999999997        1075.2598040317896     
   124.20000000000000        4.6399999999999997        1061.8609487472797     
   126.00000000000000        4.6399999999999997        1047.2329199877172     
   127.80000000000001        4.6399999999999997        1031.4129179782815     
   129.60000000000002        4.6399999999999997        1014.4655104331254     
   131.40000000000001        4.6399999999999997        996.45618668111695     
   133.20000000000002        4.6399999999999997        977.47189589576510     
   135.00000000000000        4.6399999999999997        957.62790800041239     
   136.79999999999998        4.6399999999999997        937.02182014951939     
   138.59999999999999        4.6399999999999997        915.79640387821962     
   140.40000000000001        4.6399999999999997        894.07926824111928     
   142.20000000000002        4.6399999999999997        872.01646063679073     
   144.00000000000000        4.6399999999999997        849.75779202005720     
   145.79999999999998        4.6399999999999997        827.44379528863340     
   147.59999999999999        4.6399999999999997        805.22550467827421     
   149.40000000000003        4.6399999999999997        783.26075096840384     
   151.20000000000002        4.6399999999999997        761.69281070629108     
   153.00000000000000        4.6399999999999997        740.66724631221905     
   154.79999999999998        4.6399999999999997        720.30545554655066     
   156.59999999999997        4.6399999999999997        700.75727825504930     
   158.39999999999998        4.6399999999999997        682.13619186202607     
   160.20000000000002        4.6399999999999997        664.55880513034163     
   162.00000000000000        4.6399999999999997        648.14323451772998     
   163.79999999999998        4.6399999999999997        632.97170658950586     
   165.59999999999999        4.6399999999999997        619.15016974044931     
   167.40000000000001        4.6399999999999997        606.75879341672635     
   169.19999999999999        4.6399999999999997        595.86669313744767     
   171.00000000000000        4.6399999999999997        586.54307850448151     
   172.80000000000001        4.6399999999999997        578.83675861636175     
   174.59999999999999        4.6399999999999997        572.79894398556303     
   176.40000000000001        4.6399999999999997        568.45810169254889     
   178.20000000000002        4.6399999999999997        565.79227953329928     
   180.00000000000000        4.6399999999999997        564.97164599148391     
   0.0000000000000000        4.7199999999999998        3314.2889469283164     
   1.8000000000000003        4.7199999999999998        3306.4576271376382     
   3.6000000000000005        4.7199999999999998        3282.9659537283874     
   5.4000000000000004        4.7199999999999998        3244.4378963636714     
   7.2000000000000011        4.7199999999999998        3191.4728030913288     
   9.0000000000000000        4.7199999999999998        3125.2627465271303     
   10.800000000000001        4.7199999999999998        3046.8907019755152     
   12.600000000000001        4.7199999999999998        2957.9863623294382     
   14.400000000000002        4.7199999999999998        2859.9394068971856     
   16.200000000000003        4.7199999999999998        2754.6429157739431     
   18.000000000000000        4.7199999999999998        2643.7425622417045     
   19.799999999999997        4.7199999999999998        2528.7409409784605     
   21.600000000000001        4.7199999999999998        2411.7235450142130     
   23.400000000000002        4.7199999999999998        2293.9475370243563     
   25.200000000000003        4.7199999999999998        2176.9012638151421     
   27.000000000000000        4.7199999999999998        2062.1488544056378     
   28.800000000000004        4.7199999999999998        1950.5517683085357     
   30.600000000000005        4.7199999999999998        1843.2431002739568     
   32.400000000000006        4.7199999999999998        1741.0717031111938     
   34.199999999999996        4.7199999999999998        1644.6238851542089     
   36.000000000000000        4.7199999999999998        1554.3342255698385     
   37.800000000000004        4.7199999999999998        1470.5329850437927     
   39.599999999999994        4.7199999999999998        1393.4213569714047     
   41.399999999999999        4.7199999999999998        1323.0642325012191     
   43.200000000000003        4.7199999999999998        1259.3440516956202     
   45.000000000000000        4.7199999999999998        1202.2087238893564     
   46.800000000000004        4.7199999999999998        1151.3275477204647     
   48.599999999999994        4.7199999999999998        1106.5087485982137     
   50.400000000000006        4.7199999999999998        1067.3825207496659     
   52.200000000000003        4.7199999999999998        1033.6000769181537     
   54.000000000000000        4.7199999999999998        1004.8383649672915     
   55.799999999999997        4.7199999999999998        980.67242772228178     
   57.600000000000009        4.7199999999999998        960.74084848680332     
   59.400000000000013        4.7199999999999998        944.66251085219278     
   61.200000000000010        4.7199999999999998        932.06457450366338     
   63.000000000000000        4.7199999999999998        922.59261346391338     
   64.800000000000011        4.7199999999999998        915.90242785012970     
   66.600000000000009        4.7199999999999998        911.66246744521777     
   68.399999999999991        4.7199999999999998        909.55590721403155     
   70.200000000000003        4.7199999999999998        909.28662798104176     
   72.000000000000000        4.7199999999999998        910.57633748369688     
   73.799999999999997        4.7199999999999998        913.15032653103788     
   75.600000000000009        4.7199999999999998        916.76695541586128     
   77.399999999999991        4.7199999999999998        921.18946809334102     
   79.199999999999989        4.7199999999999998        926.20058674133622     
   81.000000000000000        4.7199999999999998        931.59964740168664     
   82.799999999999997        4.7199999999999998        937.20348313581621     
   84.599999999999994        4.7199999999999998        942.84429435997708     
   86.400000000000006        4.7199999999999998        948.37173284452740     
   88.200000000000003        4.7199999999999998        953.65056031317965     
   90.000000000000000        4.7199999999999998        958.56395802552345     
   91.799999999999997        4.7199999999999998        963.00879814614859     
   93.600000000000009        4.7199999999999998        966.89522198928148     
   95.400000000000006        4.7199999999999998        970.15000128587144     
   97.199999999999989        4.7199999999999998        972.70878958526805     
   99.000000000000014        4.7199999999999998        974.51511486162383     
   100.80000000000001        4.7199999999999998        975.52616346113564     
   102.59999999999999        4.7199999999999998        975.69753803687138     
   104.40000000000001        4.7199999999999998        974.99507674193183     
   106.19999999999999        4.7199999999999998        973.38467075534402     
   108.00000000000000        4.7199999999999998        970.83609049973768     
   109.80000000000000        4.7199999999999998        967.31148030745851     
   111.59999999999999        4.7199999999999998        962.78764280568146     
   113.40000000000001        4.7199999999999998        957.23469022435813     
   115.20000000000002        4.7199999999999998        950.62193781975645     
   117.00000000000000        4.7199999999999998        942.93130868344497     
   118.80000000000003        4.7199999999999998        934.14613925885556     
   120.60000000000001        4.7199999999999998        924.25829567515223     
   122.40000000000002        4.7199999999999998        913.26234508281061     
   124.20000000000000        4.7199999999999998        901.17563305235694     
   126.00000000000000        4.7199999999999998        888.02152409713938     
   127.80000000000001        4.7199999999999998        873.83383893367966     
   129.60000000000002        4.7199999999999998        858.67020026022328     
   131.40000000000001        4.7199999999999998        842.58891770953403     
   133.20000000000002        4.7199999999999998        825.66692287225374     
   135.00000000000000        4.7199999999999998        808.00572553382619     
   136.79999999999998        4.7199999999999998        789.69130081080482     
   138.59999999999999        4.7199999999999998        770.84888308597533     
   140.40000000000001        4.7199999999999998        751.59036612294130     
   142.20000000000002        4.7199999999999998        732.04359341337295     
   144.00000000000000        4.7199999999999998        712.33957561099078     
   145.79999999999998        4.7199999999999998        692.60114861298950     
   147.59999999999999        4.7199999999999998        672.96020633268677     
   149.40000000000003        4.7199999999999998        653.55448450959045     
   151.20000000000002        4.7199999999999998        634.50899091858446     
   153.00000000000000        4.7199999999999998        615.95067901983225     
   154.79999999999998        4.7199999999999998        597.98543370174093     
   156.59999999999997        4.7199999999999998        580.74388152252482     
   158.39999999999998        4.7199999999999998        564.32498157630869     
   160.20000000000002        4.7199999999999998        548.83041555969135     
   162.00000000000000        4.7199999999999998        534.36318667832109     
   163.79999999999998        4.7199999999999998        520.99503718210440     
   165.59999999999999        4.7199999999999998        508.81838896945078     
   167.40000000000001        4.7199999999999998        497.90321062498498     
   169.19999999999999        4.7199999999999998        488.30984010334754     
   171.00000000000000        4.7199999999999998        480.09870340189559     
   172.80000000000001        4.7199999999999998        473.31243620090891     
   174.59999999999999        4.7199999999999998        467.99576768207532     
   176.40000000000001        4.7199999999999998        464.17357900107282     
   178.20000000000002        4.7199999999999998        461.80771842094578     
   180.00000000000000        4.7199999999999998        461.10378109427000     
   0.0000000000000000        4.7999999999999998        2813.3010969883453     
   1.8000000000000003        4.7999999999999998        2806.6063049277163     
   3.6000000000000005        4.7999999999999998        2786.5238588266870     
   5.4000000000000004        4.7999999999999998        2753.5898331356698     
   7.2000000000000011        4.7999999999999998        2708.3190186343577     
   9.0000000000000000        4.7999999999999998        2651.7352911285875     
   10.800000000000001        4.7999999999999998        2584.7685186377139     
   12.600000000000001        4.7999999999999998        2508.8178278537248     
   14.400000000000002        4.7999999999999998        2425.0757336148463     
   16.200000000000003        4.7999999999999998        2335.1664570467055     
   18.000000000000000        4.7999999999999998        2240.5011164191633     
   19.799999999999997        4.7999999999999998        2142.3674413166468     
   21.600000000000001        4.7999999999999998        2042.5525431787005     
   23.400000000000002        4.7999999999999998        1942.1321387228800     
   25.200000000000003        4.7999999999999998        1842.3796562279338     
   27.000000000000000        4.7999999999999998        1744.6326824156479     
   28.800000000000004        4.7999999999999998        1649.6259661485767     
   30.600000000000005        4.7999999999999998        1558.3265540028651     
   32.400000000000006        4.7999999999999998        1471.4574736964239     
   34.199999999999996        4.7999999999999998        1389.5166103030049     
   36.000000000000000        4.7999999999999998        1312.8717679984138     
   37.800000000000004        4.7999999999999998        1241.8013255395795     
   39.599999999999994        4.7999999999999998        1176.4731354998069     
   41.399999999999999        4.7999999999999998        1116.9384431023946     
   43.200000000000003        4.7999999999999998        1063.0926217594531     
   45.000000000000000        4.7999999999999998        1014.8869607618904     
   46.800000000000004        4.7999999999999998        972.03498381230202     
   48.599999999999994        4.7999999999999998        934.36884766835317     
   50.400000000000006        4.7999999999999998        901.56895107757953     
   52.200000000000003        4.7999999999999998        873.33375556803867     
   54.000000000000000        4.7999999999999998        849.38367739834109     
   55.799999999999997        4.7999999999999998        829.35252045459708     
   57.600000000000009        4.7999999999999998        812.92825279761564     
   59.400000000000013        4.7999999999999998        799.78219661105925     
   61.200000000000010        4.7999999999999998        789.59283503289930     
   63.000000000000000        4.7999999999999998        782.05439344587649     
   64.800000000000011        4.7999999999999998        776.86990384540582     
   66.600000000000009        4.7999999999999998        773.75328847756214     
   68.399999999999991        4.7999999999999998        772.43115170711235     
   70.200000000000003        4.7999999999999998        772.64780623385047     
   72.000000000000000        4.7999999999999998        774.16281940303043     
   73.799999999999997        4.7999999999999998        776.73935028762833     
   75.600000000000009        4.7999999999999998        780.16846992233934     
   77.399999999999991        4.7999999999999998        784.24603251452777     
   79.199999999999989        4.7999999999999998        788.78473145562657     
   81.000000000000000        4.7999999999999998        793.61182351697892     
   82.799999999999997        4.7999999999999998        798.56965158397145     
   84.599999999999994        4.7999999999999998        803.51440399651608     
   86.400000000000006        4.7999999999999998        808.31737382418771     
   88.200000000000003        4.7999999999999998        812.86309574944744     
   90.000000000000000        4.7999999999999998        817.05257621889928     
   91.799999999999997        4.7999999999999998        820.79861544767641     
   93.600000000000009        4.7999999999999998        824.02565456665604     
   95.400000000000006        4.7999999999999998        826.67286618772073     
   97.199999999999989        4.7999999999999998        828.68702092146657     
   99.000000000000014        4.7999999999999998        830.02169111809144     
   100.80000000000001        4.7999999999999998        830.64246415848868     
   102.59999999999999        4.7999999999999998        830.51323735021867     
   104.40000000000001        4.7999999999999998        829.60685708808387     
   106.19999999999999        4.7999999999999998        827.89600327137737     
   108.00000000000000        4.7999999999999998        825.35661297085528     
   109.80000000000000        4.7999999999999998        821.95771986110947     
   111.59999999999999        4.7999999999999998        817.68114774186233     
   113.40000000000001        4.7999999999999998        812.50265100033789     
   115.20000000000002        4.7999999999999998        806.39716137094877     
   117.00000000000000        4.7999999999999998        799.35055730726174     
   118.80000000000003        4.7999999999999998        791.34982832724234     
   120.60000000000001        4.7999999999999998        782.38932657004113     
   122.40000000000002        4.7999999999999998        772.46567384285254     
   124.20000000000000        4.7999999999999998        761.59531055183459     
   126.00000000000000        4.7999999999999998        749.79983221656107     
   127.80000000000001        4.7999999999999998        737.10987166981124     
   129.60000000000002        4.7999999999999998        723.57672536304926     
   131.40000000000001        4.7999999999999998        709.25218780708531     
   133.20000000000002        4.7999999999999998        694.20418288022222     
   135.00000000000000        4.7999999999999998        678.52192420901156     
   136.79999999999998        4.7999999999999998        662.28099730050178     
   138.59999999999999        4.7999999999999998        645.59104074698973     
   140.40000000000001        4.7999999999999998        628.54997840261615     
   142.20000000000002        4.7999999999999998        611.26950340378073     
   144.00000000000000        4.7999999999999998        593.86396507860024     
   145.79999999999998        4.7999999999999998        576.44052411323162     
   147.59999999999999        4.7999999999999998        559.11413810638567     
   149.40000000000003        4.7999999999999998        542.00477521668790     
   151.20000000000002        4.7999999999999998        525.22129408886053     
   153.00000000000000        4.7999999999999998        508.87420573411117     
   154.79999999999998        4.7999999999999998        493.05568702537818     
   156.59999999999997        4.7999999999999998        477.87939779730266     
   158.39999999999998        4.7999999999999998        463.43147176786357     
   160.20000000000002        4.7999999999999998        449.80040631334657     
   162.00000000000000        4.7999999999999998        437.07585613000958     
   163.79999999999998        4.7999999999999998        425.32029802019065     
   165.59999999999999        4.7999999999999998        414.61420431163043     
   167.40000000000001        4.7999999999999998        405.01852743798116     
   169.19999999999999        4.7999999999999998        396.58584524581016     
   171.00000000000000        4.7999999999999998        389.36881817360398     
   172.80000000000001        4.7999999999999998        383.40462111346307     
   174.59999999999999        4.7999999999999998        378.73225123797590     
   176.40000000000001        4.7999999999999998        375.37341588342542     
   178.20000000000002        4.7999999999999998        373.27798682001378     
   180.00000000000000        4.7999999999999998        372.67583619833431     
   0.0000000000000000        4.8799999999999999        2386.6031866466642     
   1.8000000000000003        4.8799999999999999        2380.8799866589488     
   3.6000000000000005        4.8799999999999999        2363.7120154401991     
   5.4000000000000004        4.8799999999999999        2335.5598883864318     
   7.2000000000000011        4.8799999999999999        2296.8658197022082     
   9.0000000000000000        4.8799999999999999        2248.5093231537044     
   10.800000000000001        4.8799999999999999        2191.2888958619174     
   12.600000000000001        4.8799999999999999        2126.4058545615858     
   14.400000000000002        4.8799999999999999        2054.8836333461072     
   16.200000000000003        4.8799999999999999        1978.1159270297899     
   18.000000000000000        4.8799999999999999        1897.3128490673882     
   19.799999999999997        4.8799999999999999        1813.5780880962427     
   21.600000000000001        4.8799999999999999        1728.4432006946874     
   23.400000000000002        4.8799999999999999        1642.8287000345863     
   25.200000000000003        4.8799999999999999        1557.8241908304392     
   27.000000000000000        4.8799999999999999        1474.5735766295916     
   28.800000000000004        4.8799999999999999        1393.7035098413965     
   30.600000000000005        4.8799999999999999        1316.0393032727943     
   32.400000000000006        4.8799999999999999        1242.1967496581535     
   34.199999999999996        4.8799999999999999        1172.5985455920199     
   36.000000000000000        4.8799999999999999        1107.5558479920292     
   37.800000000000004        4.8799999999999999        1047.3031402511654     
   39.599999999999994        4.8799999999999999        991.98024290976514     
   41.399999999999999        4.8799999999999999        941.62720694119093     
   43.200000000000003        4.8799999999999999        896.15091370798825     
   45.000000000000000        4.8799999999999999        855.50599471471878     
   46.800000000000004        4.8799999999999999        819.44418068722109     
   48.599999999999994        4.8799999999999999        787.81850039661856     
   50.400000000000006        4.8799999999999999        760.35263443288090     
   52.200000000000003        4.8799999999999999        736.78579033890162     
   54.000000000000000        4.8799999999999999        716.87590618262095     
   55.799999999999997        4.8799999999999999        700.30732977557511     
   57.600000000000009        4.8799999999999999        686.81058030819725     
   59.400000000000013        4.8799999999999999        676.10212714562647     
   61.200000000000010        4.8799999999999999        667.90464551982893     
   63.000000000000000        4.8799999999999999        661.95427678871636     
   64.800000000000011        4.8799999999999999        657.99475690688962     
   66.600000000000009        4.8799999999999999        655.77920811810179     
   68.399999999999991        4.8799999999999999        655.07168599942361     
   70.200000000000003        4.8799999999999999        655.65139908120614     
   72.000000000000000        4.8799999999999999        657.31061770583631     
   73.799999999999997        4.8799999999999999        659.84515682051813     
   75.600000000000009        4.8799999999999999        663.07438212089073     
   77.399999999999991        4.8799999999999999        666.82229048372380     
   79.199999999999989        4.8799999999999999        670.92744344894788     
   81.000000000000000        4.8799999999999999        675.24117255903241     
   82.799999999999997        4.8799999999999999        679.62782125670765     
   84.599999999999994        4.8799999999999999        683.96419103184519     
   86.400000000000006        4.8799999999999999        688.14015831301913     
   88.200000000000003        4.8799999999999999        692.05720196572952     
   90.000000000000000        4.8799999999999999        695.63151181616570     
   91.799999999999997        4.8799999999999999        698.78943326663068     
   93.600000000000009        4.8799999999999999        701.46751638973478     
   95.400000000000006        4.8799999999999999        703.61534412763854     
   97.199999999999989        4.8799999999999999        705.18899010787823     
   99.000000000000014        4.8799999999999999        706.15039351435962     
   100.80000000000001        4.8799999999999999        706.47204722521462     
   102.59999999999999        4.8799999999999999        706.12469706089655     
   104.40000000000001        4.8799999999999999        705.08690019225992     
   106.19999999999999        4.8799999999999999        703.33687780139223     
   108.00000000000000        4.8799999999999999        700.85557539803619     
   109.80000000000000        4.8799999999999999        697.61769670565559     
   111.59999999999999        4.8799999999999999        693.60909900750687     
   113.40000000000001        4.8799999999999999        688.81014460570100     
   115.20000000000002        4.8799999999999999        683.20036847200402     
   117.00000000000000        4.8799999999999999        676.76881198405545     
   118.80000000000003        4.8799999999999999        669.50538474900372     
   120.60000000000001        4.8799999999999999        661.40635662838588     
   122.40000000000002        4.8799999999999999        652.46990786476795     
   124.20000000000000        4.8799999999999999        642.71147008374646     
   126.00000000000000        4.8799999999999999        632.15089591622825     
   127.80000000000001        4.8799999999999999        620.81585546468727     
   129.60000000000002        4.8799999999999999        608.75196692897555     
   131.40000000000001        4.8799999999999999        596.00519993145679     
   133.20000000000002        4.8799999999999999        582.63550181554899     
   135.00000000000000        4.8799999999999999        568.72126991262792     
   136.79999999999998        4.8799999999999999        554.32894651413221     
   138.59999999999999        4.8799999999999999        539.55452288917195     
   140.40000000000001        4.8799999999999999        524.48370367947484     
   142.20000000000002        4.8799999999999999        509.21408597729067     
   144.00000000000000        4.8799999999999999        493.84549446530758     
   145.79999999999998        4.8799999999999999        478.47143282941209     
   147.59999999999999        4.8799999999999999        463.19211959010198     
   149.40000000000003        4.8799999999999999        448.11207341664738     
   151.20000000000002        4.8799999999999999        433.32611432892037     
   153.00000000000000        4.8799999999999999        418.93046685879023     
   154.79999999999998        4.8799999999999999        405.00539613231950     
   156.59999999999997        4.8799999999999999        391.64982931382309     
   158.39999999999998        4.8799999999999999        378.93875901292137     
   160.20000000000002        4.8799999999999999        366.94923173426668     
   162.00000000000000        4.8799999999999999        355.75930893222915     
   163.79999999999998        4.8799999999999999        345.42341514459201     
   165.59999999999999        4.8799999999999999        336.01164196503493     
   167.40000000000001        4.8799999999999999        327.57710502487652     
   169.19999999999999        4.8799999999999999        320.16563522060613     
   171.00000000000000        4.8799999999999999        313.82314118213151     
   172.80000000000001        4.8799999999999999        308.58204709892073     
   174.59999999999999        4.8799999999999999        304.47636458606053     
   176.40000000000001        4.8799999999999999        301.52503808657485     
   178.20000000000002        4.8799999999999999        299.66981715544586     
   180.00000000000000        4.8799999999999999        299.15480226870596     
   0.0000000000000000        4.9600000000000000        2015.5543846709736     
   1.8000000000000003        4.9600000000000000        2010.6789761907701     
   3.6000000000000005        4.9600000000000000        1996.0541188067393     
   5.4000000000000004        4.9600000000000000        1972.0743357232636     
   7.2000000000000011        4.9600000000000000        1939.1182865802423     
   9.0000000000000000        4.9600000000000000        1897.9390713160758     
   10.800000000000001        4.9600000000000000        1849.2201799004731     
   12.600000000000001        4.9600000000000000        1793.9897762936548     
   14.400000000000002        4.9600000000000000        1733.1233459080506     
   16.200000000000003        4.9600000000000000        1667.8128971936833     
   18.000000000000000        4.9600000000000000        1599.0927689003820     
   19.799999999999997        4.9600000000000000        1527.9057791264363     
   21.600000000000001        4.9600000000000000        1455.5601199196055     
   23.400000000000002        4.9600000000000000        1382.8408046399775     
   25.200000000000003        4.9600000000000000        1310.6769605068253     
   27.000000000000000        4.9600000000000000        1240.0434699532914     
   28.800000000000004        4.9600000000000000        1171.4728353540729     
   30.600000000000005        4.9600000000000000        1105.6668612470257     
   32.400000000000006        4.9600000000000000        1043.1480235414078     
   34.199999999999996        4.9600000000000000        984.27372235444557     
   36.000000000000000        4.9600000000000000        929.30602446389571     
   37.800000000000004        4.9600000000000000        878.44146654697863     
   39.599999999999994        4.9600000000000000        831.79577533117367     
   41.399999999999999        4.9600000000000000        789.39960194664195     
   43.200000000000003        4.9600000000000000        751.17022283828123     
   45.000000000000000        4.9600000000000000        717.06554073739142     
   46.800000000000004        4.9600000000000000        686.87093969816112     
   48.599999999999994        4.9600000000000000        660.45798646635376     
   50.400000000000006        4.9600000000000000        637.58841508965088     
   52.200000000000003        4.9600000000000000        618.03726695710452     
   54.000000000000000        4.9600000000000000        601.59550665444897     
   55.799999999999997        4.9600000000000000        587.99183134262535     
   57.600000000000009        4.9600000000000000        576.99415292126741     
   59.400000000000013        4.9600000000000000        568.35858712794243     
   61.200000000000010        4.9600000000000000        561.84662050656402     
   63.000000000000000        4.9600000000000000        557.23122570816554     
   64.800000000000011        4.9600000000000000        554.29191313149647     
   66.600000000000009        4.9600000000000000        552.81626674709923     
   68.399999999999991        4.9600000000000000        552.60127562320258     
   70.200000000000003        4.9600000000000000        553.45685702375943     
   72.000000000000000        4.9600000000000000        555.20408079048673     
   73.799999999999997        4.9600000000000000        557.66747683995254     
   75.600000000000009        4.9600000000000000        560.69135717509312     
   77.399999999999991        4.9600000000000000        564.12447987628173     
   79.199999999999989        4.9600000000000000        567.82816788001946     
   81.000000000000000        4.9600000000000000        571.67491697717639     
   82.799999999999997        4.9600000000000000        575.54841401916519     
   84.599999999999994        4.9600000000000000        579.34352530044885     
   86.400000000000006        4.9600000000000000        582.96640197166937     
   88.200000000000003        4.9600000000000000        586.33333421230896     
   90.000000000000000        4.9600000000000000        589.37371205384818     
   91.799999999999997        4.9600000000000000        592.02563888983957     
   93.600000000000009        4.9600000000000000        594.23613521444133     
   95.400000000000006        4.9600000000000000        595.96371419420905     
   97.199999999999989        4.9600000000000000        597.17240637511622     
   99.000000000000014        4.9600000000000000        597.83127676594700     
   100.80000000000001        4.9600000000000000        597.91862618469099     
   102.59999999999999        4.9600000000000000        597.41098582186055     
   104.40000000000001        4.9600000000000000        596.29167723248008     
   106.19999999999999        4.9600000000000000        594.54355320073137     
   108.00000000000000        4.9600000000000000        592.15172618470319     
   109.80000000000000        4.9600000000000000        589.09567887598473     
   111.59999999999999        4.9600000000000000        585.36459000187187     
   113.40000000000001        4.9600000000000000        580.94267877340565     
   115.20000000000002        4.9600000000000000        575.81334683583941     
   117.00000000000000        4.9600000000000000        569.96823013846631     
   118.80000000000003        4.9600000000000000        563.39963307191306     
   120.60000000000001        4.9600000000000000        556.10534194209174     
   122.40000000000002        4.9600000000000000        548.08474705140657     
   124.20000000000000        4.9600000000000000        539.35222101868078     
   126.00000000000000        4.9600000000000000        529.92591984096725     
   127.80000000000001        4.9600000000000000        519.83074680122934     
   129.60000000000002        4.9600000000000000        509.10715792091372     
   131.40000000000001        4.9600000000000000        497.79584377155243     
   133.20000000000002        4.9600000000000000        485.94957852992593     
   135.00000000000000        4.9600000000000000        473.63708572781798     
   136.79999999999998        4.9600000000000000        460.91662712292953     
   138.59999999999999        4.9600000000000000        447.87204112947865     
   140.40000000000001        4.9600000000000000        434.57815520618374     
   142.20000000000002        4.9600000000000000        421.12004127351247     
   144.00000000000000        4.9600000000000000        407.58463103246606     
   145.79999999999998        4.9600000000000000        394.05331136330938     
   147.59999999999999        4.9600000000000000        380.61323647601006     
   149.40000000000003        4.9600000000000000        367.35524084939186     
   151.20000000000002        4.9600000000000000        354.36171266215803     
   153.00000000000000        4.9600000000000000        341.71623050036737     
   154.79999999999998        4.9600000000000000        329.48851471256864     
   156.59999999999997        4.9600000000000000        317.76445860460694     
   158.39999999999998        4.9600000000000000        306.60919495857581     
   160.20000000000002        4.9600000000000000        296.08963784379205     
   162.00000000000000        4.9600000000000000        286.27359045741474     
   163.79999999999998        4.9600000000000000        277.20834838982518     
   165.59999999999999        4.9600000000000000        268.95481596104099     
   167.40000000000001        4.9600000000000000        261.55916967941567     
   169.19999999999999        4.9600000000000000        255.06126489146621     
   171.00000000000000        4.9600000000000000        249.50103027128588     
   172.80000000000001        4.9600000000000000        244.90668028525772     
   174.59999999999999        4.9600000000000000        241.30780953439555     
   176.40000000000001        4.9600000000000000        238.72091284228145     
   178.20000000000002        4.9600000000000000        237.08229870513833     
   180.00000000000000        4.9600000000000000        236.64340611124490     
   0.0000000000000000        5.0400000000000000        1701.6260157551026     
   1.8000000000000003        5.0400000000000000        1697.4710338048603     
   3.6000000000000005        5.0400000000000000        1685.0072368151968     
   5.4000000000000004        5.0400000000000000        1664.5727283370243     
   7.2000000000000011        5.0400000000000000        1636.4919278883356     
   9.0000000000000000        5.0400000000000000        1601.4100510526437     
   10.800000000000001        5.0400000000000000        1559.9124695631499     
   12.600000000000001        5.0400000000000000        1512.8796402464052     
   14.400000000000002        5.0400000000000000        1461.0608989162392     
   16.200000000000003        5.0400000000000000        1405.4763134075570     
   18.000000000000000        5.0400000000000000        1347.0104573665462     
   19.799999999999997        5.0400000000000000        1286.4691539106702     
   21.600000000000001        5.0400000000000000        1224.9703979295521     
   23.400000000000002        5.0400000000000000        1163.1839813494159     
   25.200000000000003        5.0400000000000000        1101.9025795774382     
   27.000000000000000        5.0400000000000000        1041.9574244483470     
   28.800000000000004        5.0400000000000000        983.80118841223168     
   30.600000000000005        5.0400000000000000        928.03089077506991     
   32.400000000000006        5.0400000000000000        875.08997030157832     
   34.199999999999996        5.0400000000000000        825.28066093115467     
   36.000000000000000        5.0400000000000000        778.82366434467929     
   37.800000000000004        5.0400000000000000        735.88363920972074     
   39.599999999999994        5.0400000000000000        696.55621817330689     
   41.399999999999999        5.0400000000000000        660.86444741072978     
   43.200000000000003        5.0400000000000000        628.73480539722448     
   45.000000000000000        5.0400000000000000        600.12834519959233     
   46.800000000000004        5.0400000000000000        574.85937817458978     
   48.599999999999994        5.0400000000000000        552.81556526904160     
   50.400000000000006        5.0400000000000000        533.79127853221530     
   52.200000000000003        5.0400000000000000        517.59230416843138     
   54.000000000000000        5.0400000000000000        504.03797241168991     
   55.799999999999997        5.0400000000000000        492.89492621869744     
   57.600000000000009        5.0400000000000000        483.96313003231444     
   59.400000000000013        5.0400000000000000        477.03265489918255     
   61.200000000000010        5.0400000000000000        471.89823097060946     
   63.000000000000000        5.0400000000000000        468.36439786437239     
   64.800000000000011        5.0400000000000000        466.24133512769293     
   66.600000000000009        5.0400000000000000        465.34617938905922     
   68.399999999999991        5.0400000000000000        465.50417071514852     
   70.200000000000003        5.0400000000000000        466.55159141254614     
   72.000000000000000        5.0400000000000000        468.33425761503696     
   73.799999999999997        5.0400000000000000        470.70132764872864     
   75.600000000000009        5.0400000000000000        473.51857715028001     
   77.399999999999991        5.0400000000000000        476.65601503922886     
   79.199999999999989        5.0400000000000000        479.99449927223623     
   81.000000000000000        5.0400000000000000        483.42466917049467     
   82.799999999999997        5.0400000000000000        486.84679580207154     
   84.599999999999994        5.0400000000000000        490.17117197483890     
   86.400000000000006        5.0400000000000000        493.31783411592750     
   88.200000000000003        5.0400000000000000        496.21567942893938     
   90.000000000000000        5.0400000000000000        498.80525845412473     
   91.799999999999997        5.0400000000000000        501.03459636761846     
   93.600000000000009        5.0400000000000000        502.85950599600136     
   95.400000000000006        5.0400000000000000        504.24592463113942     
   97.199999999999989        5.0400000000000000        505.16447317986484     
   99.000000000000014        5.0400000000000000        505.59008692703162     
   100.80000000000001        5.0400000000000000        505.50577419701295     
   102.59999999999999        5.0400000000000000        504.89278345643839     
   104.40000000000001        5.0400000000000000        503.73825825977258     
   106.19999999999999        5.0400000000000000        502.02877729510044     
   108.00000000000000        5.0400000000000000        499.75278561185416     
   109.80000000000000        5.0400000000000000        496.89365520062159     
   111.59999999999999        5.0400000000000000        493.44318635408604     
   113.40000000000001        5.0400000000000000        489.38871063796194     
   115.20000000000002        5.0400000000000000        484.71676509558438     
   117.00000000000000        5.0400000000000000        479.42102466970050     
   118.80000000000003        5.0400000000000000        473.49567543141103     
   120.60000000000001        5.0400000000000000        466.93963503538635     
   122.40000000000002        5.0400000000000000        459.75317183819038     
   124.20000000000000        5.0400000000000000        451.94957801918025     
   126.00000000000000        5.0400000000000000        443.54538980898587     
   127.80000000000001        5.0400000000000000        434.56297481528384     
   129.60000000000002        5.0400000000000000        425.03819053746514     
   131.40000000000001        5.0400000000000000        415.00704066615640     
   133.20000000000002        5.0400000000000000        404.51598517641503     
   135.00000000000000        5.0400000000000000        393.62528432105375     
   136.79999999999998        5.0400000000000000        382.38603980479797     
   138.59999999999999        5.0400000000000000        370.87151017580391     
   140.40000000000001        5.0400000000000000        359.14705745642834     
   142.20000000000002        5.0400000000000000        347.28687667029635     
   144.00000000000000        5.0400000000000000        335.36671622902873     
   145.79999999999998        5.0400000000000000        323.45745897719485     
   147.59999999999999        5.0400000000000000        311.63494627266749     
   149.40000000000003        5.0400000000000000        299.97817281344248     
   151.20000000000002        5.0400000000000000        288.55877326000626     
   153.00000000000000        5.0400000000000000        277.44939288588091     
   154.79999999999998        5.0400000000000000        266.71063446590790     
   156.59999999999997        5.0400000000000000        256.41712967486728     
   158.39999999999998        5.0400000000000000        246.62548870698743     
   160.20000000000002        5.0400000000000000        237.39386892906464     
   162.00000000000000        5.0400000000000000        228.78120822676519     
   163.79999999999998        5.0400000000000000        220.82863732743846     
   165.59999999999999        5.0400000000000000        213.58911884201285     
   167.40000000000001        5.0400000000000000        207.10282758777254     
   169.19999999999999        5.0400000000000000        201.40444916030262     
   171.00000000000000        5.0400000000000000        196.52873854903666     
   172.80000000000001        5.0400000000000000        192.50026596300145     
   174.59999999999999        5.0400000000000000        189.34480310950747     
   176.40000000000001        5.0400000000000000        187.07672287391881     
   178.20000000000002        5.0400000000000000        185.62941474427174     
   180.00000000000000        5.0400000000000000        185.25529603545922     
   0.0000000000000000        5.1200000000000001        1428.3549905768621     
   1.8000000000000003        5.1200000000000001        1424.8295759444200     
   3.6000000000000005        5.1200000000000001        1414.2542910925636     
   5.4000000000000004        5.1200000000000001        1396.9177442887387     
   7.2000000000000011        5.1200000000000001        1373.0967816170501     
   9.0000000000000000        5.1200000000000001        1343.3419962035050     
   10.800000000000001        5.1200000000000001        1308.1527260750174     
   12.600000000000001        5.1200000000000001        1268.2799261424718     
   14.400000000000002        5.1200000000000001        1224.3623730743432     
   16.200000000000003        5.1200000000000001        1177.2694649077905     
   18.000000000000000        5.1200000000000001        1127.7546006988853     
   19.799999999999997        5.1200000000000001        1076.5036666289232     
   21.600000000000001        5.1200000000000001        1024.4681553336129     
   23.400000000000002        5.1200000000000001        972.21710861295787     
   25.200000000000003        5.1200000000000001        920.42389472680532     
   27.000000000000000        5.1200000000000001        869.79419290451062     
   28.800000000000004        5.1200000000000001        820.71104282290855     
   30.600000000000005        5.1200000000000001        773.68001712867556     
   32.400000000000006        5.1200000000000001        729.07567810560022     
   34.199999999999996        5.1200000000000001        687.15228912784062     
   36.000000000000000        5.1200000000000001        648.09466436369303     
   37.800000000000004        5.1200000000000001        612.03987936159444     
   39.599999999999994        5.1200000000000001        579.06629111016230     
   41.399999999999999        5.1200000000000001        549.19058676234522     
   43.200000000000003        5.1200000000000001        522.34756319340579     
   45.000000000000000        5.1200000000000001        498.50130518525845     
   46.800000000000004        5.1200000000000001        477.49165195588705     
   48.599999999999994        5.1200000000000001        459.22058641622056     
   50.400000000000006        5.1200000000000001        443.51123042469908     
   52.200000000000003        5.1200000000000001        430.19646038989578     
   54.000000000000000        5.1200000000000001        419.12062250909219     
   55.799999999999997        5.1200000000000001        410.08371635855946     
   57.600000000000009        5.1200000000000001        402.91392657740715     
   59.400000000000013        5.1200000000000001        397.43119775328961     
   61.200000000000010        5.1200000000000001        393.45950979402232     
   63.000000000000000        5.1200000000000001        390.83119101793579     
   64.800000000000011        5.1200000000000001        389.38342490804195     
   66.600000000000009        5.1200000000000001        388.95937518964632     
   68.399999999999991        5.1200000000000001        389.40916881295544     
   70.200000000000003        5.1200000000000001        390.59232983245005     
   72.000000000000000        5.1200000000000001        392.37650377825003     
   73.799999999999997        5.1200000000000001        394.63254024113149     
   75.600000000000009        5.1200000000000001        397.24516830833846     
   77.399999999999991        5.1200000000000001        400.10312220072018     
   79.199999999999989        5.1200000000000001        403.10447294087868     
   81.000000000000000        5.1200000000000001        406.15583077305178     
   82.799999999999997        5.1200000000000001        409.17206559148167     
   84.599999999999994        5.1200000000000001        412.07700372479587     
   86.400000000000006        5.1200000000000001        414.80285297921063     
   88.200000000000003        5.1200000000000001        417.28953875984104     
   90.000000000000000        5.1200000000000001        419.48731792054451     
   91.799999999999997        5.1200000000000001        421.35282968036699     
   93.600000000000009        5.1200000000000001        422.84948776747882     
   95.400000000000006        5.1200000000000001        423.94959094443249     
   97.199999999999989        5.1200000000000001        424.62938848241845     
   99.000000000000014        5.1200000000000001        424.86880505685423     
   100.80000000000001        5.1200000000000001        424.65479128034883     
   102.59999999999999        5.1200000000000001        423.97256862673629     
   104.40000000000001        5.1200000000000001        422.81245173433604     
   106.19999999999999        5.1200000000000001        421.16411963797998     
   108.00000000000000        5.1200000000000001        419.01877601590161     
   109.80000000000000        5.1200000000000001        416.36306577587334     
   111.59999999999999        5.1200000000000001        413.19093343330826     
   113.40000000000001        5.1200000000000001        409.49231055200119     
   115.20000000000002        5.1200000000000001        405.25636556771610     
   117.00000000000000        5.1200000000000001        400.47843546107714     
   118.80000000000003        5.1200000000000001        395.15424008343706     
   120.60000000000001        5.1200000000000001        389.28357210822617     
   122.40000000000002        5.1200000000000001        382.86735858819884     
   124.20000000000000        5.1200000000000001        375.91781603725906     
   126.00000000000000        5.1200000000000001        368.44993519395302     
   127.80000000000001        5.1200000000000001        360.48373255376282     
   129.60000000000002        5.1200000000000001        352.05089099405109     
   131.40000000000001        5.1200000000000001        343.18317018007968     
   133.20000000000002        5.1200000000000001        333.92135033906834     
   135.00000000000000        5.1200000000000001        324.31811551533508     
   136.79999999999998        5.1200000000000001        314.41815549063557     
   138.59999999999999        5.1200000000000001        304.28529489475807     
   140.40000000000001        5.1200000000000001        293.97645828537111     
   142.20000000000002        5.1200000000000001        283.55616125524119     
   144.00000000000000        5.1200000000000001        273.09020946715805     
   145.79999999999998        5.1200000000000001        262.64015124140008     
   147.59999999999999        5.1200000000000001        252.27178370776255     
   149.40000000000003        5.1200000000000001        242.05359660144896     
   151.20000000000002        5.1200000000000001        232.04768537816966     
   153.00000000000000        5.1200000000000001        222.31700051648187     
   154.79999999999998        5.1200000000000001        212.91405942756990     
   156.59999999999997        5.1200000000000001        203.90351294689694     
   158.39999999999998        5.1200000000000001        195.33441549464621     
   160.20000000000002        5.1200000000000001        187.25716218973011     
   162.00000000000000        5.1200000000000001        179.72283246553536     
   163.79999999999998        5.1200000000000001        172.76708950211824     
   165.59999999999999        5.1200000000000001        166.43585471680225     
   167.40000000000001        5.1200000000000001        160.76397934844360     
   169.19999999999999        5.1200000000000001        155.78156229138068     
   171.00000000000000        5.1200000000000001        151.51876823990040     
   172.80000000000001        5.1200000000000001        147.99693253599685     
   174.59999999999999        5.1200000000000001        145.23843402479673     
   176.40000000000001        5.1200000000000001        143.25576104037683     
   178.20000000000002        5.1200000000000001        141.98102416813498     
   180.00000000000000        5.1200000000000001        141.66357189484916     
   0.0000000000000000        5.2000000000000002        1198.7902396409777     
   1.8000000000000003        5.2000000000000002        1195.7964611590351     
   3.6000000000000005        5.2000000000000002        1186.8159263419220     
   5.4000000000000004        5.2000000000000002        1172.0952410041727     
   7.2000000000000011        5.2000000000000002        1151.8708901820426     
   9.0000000000000000        5.2000000000000002        1126.6131916039189     
   10.800000000000001        5.2000000000000002        1096.7485190933212     
   12.600000000000001        5.2000000000000002        1062.9180124212896     
   14.400000000000002        5.2000000000000002        1025.6667413069092     
   16.200000000000003        5.2000000000000002        985.73642265276317     
   18.000000000000000        5.2000000000000002        943.76936239474617     
   19.799999999999997        5.2000000000000002        900.34992723223525     
   21.600000000000001        5.2000000000000002        856.28868868763493     
   23.400000000000002        5.2000000000000002        812.06954279187778     
   25.200000000000003        5.2000000000000002        768.26503666427277     
   27.000000000000000        5.2000000000000002        725.47480315858002     
   28.800000000000004        5.2000000000000002        684.02321785444701     
   30.600000000000005        5.2000000000000002        644.33876198757412     
   32.400000000000006        5.2000000000000002        606.73804137276034     
   34.199999999999996        5.2000000000000002        571.43506682879843     
   36.000000000000000        5.2000000000000002        538.58462853518051     
   37.800000000000004        5.2000000000000002        508.30080627181701     
   39.599999999999994        5.2000000000000002        480.64767661059165     
   41.399999999999999        5.2000000000000002        455.63686841597593     
   43.200000000000003        5.2000000000000002        433.21050465731759     
   45.000000000000000        5.2000000000000002        413.33553421714896     
   46.800000000000004        5.2000000000000002        395.87362558135936     
   48.599999999999994        5.2000000000000002        380.73913776045106     
   50.400000000000006        5.2000000000000002        367.77972066704916     
   52.200000000000003        5.2000000000000002        356.85137175824281     
   54.000000000000000        5.2000000000000002        347.81981202660182     
   55.799999999999997        5.2000000000000002        340.51342502098322     
   57.600000000000009        5.2000000000000002        334.78445648757270     
   59.400000000000013        5.2000000000000002        330.47829772280824     
   61.200000000000010        5.2000000000000002        327.44384621788981     
   63.000000000000000        5.2000000000000002        325.53711816463181     
   64.800000000000011        5.2000000000000002        324.61832154476701     
   66.600000000000009        5.2000000000000002        324.55281789228997     
   68.399999999999991        5.2000000000000002        325.21196558286687     
   70.200000000000003        5.2000000000000002        326.47513350695601     
   72.000000000000000        5.2000000000000002        328.22862119342273     
   73.799999999999997        5.2000000000000002        330.36177673407542     
   75.600000000000009        5.2000000000000002        332.77554544440028     
   77.399999999999991        5.2000000000000002        335.37463860452362     
   79.199999999999989        5.2000000000000002        338.07181281442007     
   81.000000000000000        5.2000000000000002        340.78728607504098     
   82.799999999999997        5.2000000000000002        343.44836663243694     
   84.599999999999994        5.2000000000000002        345.99036112424324     
   86.400000000000006        5.2000000000000002        348.35579058285731     
   88.200000000000003        5.2000000000000002        350.49389980824031     
   90.000000000000000        5.2000000000000002        352.36308640348523     
   91.799999999999997        5.2000000000000002        353.92719754629383     
   93.600000000000009        5.2000000000000002        355.15597147207097     
   95.400000000000006        5.2000000000000002        356.02693825312457     
   97.199999999999989        5.2000000000000002        356.52095518508810     
   99.000000000000014        5.2000000000000002        356.62200571246228     
   100.80000000000001        5.2000000000000002        356.32018280137981     
   102.59999999999999        5.2000000000000002        355.60390090045604     
   104.40000000000001        5.2000000000000002        354.46597065768111     
   106.19999999999999        5.2000000000000002        352.89852259019898     
   108.00000000000000        5.2000000000000002        350.89492645659146     
   109.80000000000000        5.2000000000000002        348.44445809359217     
   111.59999999999999        5.2000000000000002        345.54271838265436     
   113.40000000000001        5.2000000000000002        342.18170937314949     
   115.20000000000002        5.2000000000000002        338.35270892644405     
   117.00000000000000        5.2000000000000002        334.05233302465570     
   118.80000000000003        5.2000000000000002        329.27748202483150     
   120.60000000000001        5.2000000000000002        324.02856932185841     
   122.40000000000002        5.2000000000000002        318.30696511907388     
   124.20000000000000        5.2000000000000002        312.12383943472656     
   126.00000000000000        5.2000000000000002        305.49274086836840     
   127.80000000000001        5.2000000000000002        298.43155734817702     
   129.60000000000002        5.2000000000000002        290.96828027926608     
   131.40000000000001        5.2000000000000002        283.13092724441509     
   133.20000000000002        5.2000000000000002        274.95530877683859     
   135.00000000000000        5.2000000000000002        266.48751732397079     
   136.79999999999998        5.2000000000000002        257.76666152998126     
   138.59999999999999        5.2000000000000002        248.84839620313801     
   140.40000000000001        5.2000000000000002        239.78234180698854     
   142.20000000000002        5.2000000000000002        230.62465152509313     
   144.00000000000000        5.2000000000000002        221.43255084561000     
   145.79999999999998        5.2000000000000002        212.25953729425021     
   147.59999999999999        5.2000000000000002        203.16275456501043     
   149.40000000000003        5.2000000000000002        194.20164944487419     
   151.20000000000002        5.2000000000000002        185.43010784954330     
   153.00000000000000        5.2000000000000002        176.90274089116096     
   154.79999999999998        5.2000000000000002        168.66511039117873     
   156.59999999999997        5.2000000000000002        160.77328705583145     
   158.39999999999998        5.2000000000000002        153.26982733159949     
   160.20000000000002        5.2000000000000002        146.19845190385107     
   162.00000000000000        5.2000000000000002        139.60348308965891     
   163.79999999999998        5.2000000000000002        133.51587980668856     
   165.59999999999999        5.2000000000000002        127.97550751318926     
   167.40000000000001        5.2000000000000002        123.01263621999895     
   169.19999999999999        5.2000000000000002        118.65341658866146     
   171.00000000000000        5.2000000000000002        114.92406185515721     
   172.80000000000001        5.2000000000000002        111.84312108013610     
   174.59999999999999        5.2000000000000002        109.43005132368260     
   176.40000000000001        5.2000000000000002        107.69571666132605     
   178.20000000000002        5.2000000000000002        106.57252240586820     
   180.00000000000000        5.2000000000000002        106.30298414852695     
   0.0000000000000000        5.2800000000000002        1001.7003892657075     
   1.8000000000000003        5.2800000000000002        999.16527771614062     
   3.6000000000000005        5.2800000000000002        991.56060847178924     
   5.4000000000000004        5.2800000000000002        979.09659023288214     
   7.2000000000000011        5.2800000000000002        961.97474131751153     
   9.0000000000000000        5.2800000000000002        940.59583431259807     
   10.800000000000001        5.2800000000000002        915.32305070793757     
   12.600000000000001        5.2800000000000002        886.70243292485804     
   14.400000000000002        5.2800000000000002        855.19793712070873     
   16.200000000000003        5.2800000000000002        821.44077543387846     
   18.000000000000000        5.2800000000000002        785.97715705477981     
   19.799999999999997        5.2800000000000002        749.30367642545718     
   21.600000000000001        5.2800000000000002        712.10907676516422     
   23.400000000000002        5.2800000000000002        674.80374057901008     
   25.200000000000003        5.2800000000000002        637.87317343805671     
   27.000000000000000        5.2800000000000002        601.82549608851491     
   28.800000000000004        5.2800000000000002        566.93457629741033     
   30.600000000000005        5.2800000000000002        533.56248406092595     
   32.400000000000006        5.2800000000000002        501.97598165640619     
   34.199999999999996        5.2800000000000002        472.35454969669598     
   36.000000000000000        5.2800000000000002        444.82729279558333     
   37.800000000000004        5.2800000000000002        419.48868136303929     
   39.599999999999994        5.2800000000000002        396.39071104617386     
   41.399999999999999        5.2800000000000002        375.54088953383081     
   43.200000000000003        5.2800000000000002        356.88789608625370     
   45.000000000000000        5.2800000000000002        340.40138843510653     
   46.800000000000004        5.2800000000000002        325.96208198149384     
   48.599999999999994        5.2800000000000002        313.49523457808459     
   50.400000000000006        5.2800000000000002        302.86985470386617     
   52.200000000000003        5.2800000000000002        293.96208020052461     
   54.000000000000000        5.2800000000000002        286.65627003847220     
   55.799999999999997        5.2800000000000002        280.80546621721572     
   57.600000000000009        5.2800000000000002        276.28285458771597     
   59.400000000000013        5.2800000000000002        272.95595348086675     
   61.200000000000010        5.2800000000000002        270.69532875452887     
   63.000000000000000        5.2800000000000002        269.37760686672186     
   64.800000000000011        5.2800000000000002        268.88303280325334     
   66.600000000000009        5.2800000000000002        269.09629003141646     
   68.399999999999991        5.2800000000000002        269.90722189513542     
   70.200000000000003        5.2800000000000002        271.21248757000183     
   72.000000000000000        5.2800000000000002        272.91465040555664     
   73.799999999999997        5.2800000000000002        274.91915735587099     
   75.600000000000009        5.2800000000000002        277.14110624353469     
   77.399999999999991        5.2800000000000002        279.49911778581730     
   79.199999999999989        5.2800000000000002        281.91873210604399     
   81.000000000000000        5.2800000000000002        284.33199798258363     
   82.799999999999997        5.2800000000000002        286.67703682306461     
   84.599999999999994        5.2800000000000002        288.89909624432090     
   86.400000000000006        5.2800000000000002        290.94961812070869     
   88.200000000000003        5.2800000000000002        292.78588846854473     
   90.000000000000000        5.2800000000000002        294.37328103419856     
   91.799999999999997        5.2800000000000002        295.68180644258069     
   93.600000000000009        5.2800000000000002        296.68658286986425     
   95.400000000000006        5.2800000000000002        297.36954173553920     
   97.199999999999989        5.2800000000000002        297.71540120934895     
   99.000000000000014        5.2800000000000002        297.71152490729662     
   100.80000000000001        5.2800000000000002        297.35057141857988     
   102.59999999999999        5.2800000000000002        296.62358416866198     
   104.40000000000001        5.2800000000000002        295.52538720918074     
   106.19999999999999        5.2800000000000002        294.05009851779710     
   108.00000000000000        5.2800000000000002        292.19283230197669     
   109.80000000000000        5.2800000000000002        289.94503396150128     
   111.59999999999999        5.2800000000000002        287.30361733783786     
   113.40000000000001        5.2800000000000002        284.26227749455654     
   115.20000000000002        5.2800000000000002        280.81402870661566     
   117.00000000000000        5.2800000000000002        276.95649791032099     
   118.80000000000003        5.2800000000000002        272.68751889515499     
   120.60000000000001        5.2800000000000002        268.00795264877848     
   122.40000000000002        5.2800000000000002        262.91946744142177     
   124.20000000000000        5.2800000000000002        257.43222643394898     
   126.00000000000000        5.2800000000000002        251.55843047635764     
   127.80000000000001        5.2800000000000002        245.31402240025847     
   129.60000000000002        5.2800000000000002        238.72368182289432     
   131.40000000000001        5.2800000000000002        231.81207672700705     
   133.20000000000002        5.2800000000000002        224.61059674868665     
   135.00000000000000        5.2800000000000002        217.15949787979324     
   136.79999999999998        5.2800000000000002        209.49294508871708     
   138.59999999999999        5.2800000000000002        201.65938716514185     
   140.40000000000001        5.2800000000000002        193.70200418924821     
   142.20000000000002        5.2800000000000002        185.66958824490510     
   144.00000000000000        5.2800000000000002        177.61181925218713     
   145.79999999999998        5.2800000000000002        169.57511807563012     
   147.59999999999999        5.2800000000000002        161.60902907468127     
   149.40000000000003        5.2800000000000002        153.76506317588502     
   151.20000000000002        5.2800000000000002        146.08990335632754     
   153.00000000000000        5.2800000000000002        138.63084691950704     
   154.79999999999998        5.2800000000000002        131.42735501346718     
   156.59999999999997        5.2800000000000002        124.52797730445717     
   158.39999999999998        5.2800000000000002        117.96957242354111     
   160.20000000000002        5.2800000000000002        111.79000931423066     
   162.00000000000000        5.2800000000000002        106.02768605856150     
   163.79999999999998        5.2800000000000002        100.70943494298862     
   165.59999999999999        5.2800000000000002        95.869810708879541     
   167.40000000000001        5.2800000000000002        91.535063988884815     
   169.19999999999999        5.2800000000000002        87.727880576039198     
   171.00000000000000        5.2800000000000002        84.471005887525791     
   172.80000000000001        5.2800000000000002        81.780542521812563     
   174.59999999999999        5.2800000000000002        79.673382517073094     
   176.40000000000001        5.2800000000000002        78.158963002836600     
   178.20000000000002        5.2800000000000002        77.171009144297557     
   180.00000000000000        5.2800000000000002        76.942853132915403     
   0.0000000000000000        5.3600000000000003        832.08664833397472     
   1.8000000000000003        5.3600000000000003        829.94830629683440     
   3.6000000000000005        5.3600000000000003        823.53382988515636     
   5.4000000000000004        5.3600000000000003        813.02180243424516     
   7.2000000000000011        5.3600000000000003        798.58336675609314     
   9.0000000000000000        5.3600000000000003        780.55888280771069     
   10.800000000000001        5.3600000000000003        759.25665440663659     
   12.600000000000001        5.3600000000000003        735.14014837894945     
   14.400000000000002        5.3600000000000003        708.60291769954927     
   16.200000000000003        5.3600000000000003        680.18027581994284     
   18.000000000000000        5.3600000000000003        650.33508160930614     
   19.799999999999997        5.3600000000000003        619.48783706217375     
   21.600000000000001        5.3600000000000003        588.22167741551391     
   23.400000000000002        5.3600000000000003        556.88334311712254     
   25.200000000000003        5.3600000000000003        525.88299138035995     
   27.000000000000000        5.3600000000000003        495.64956007197486     
   28.800000000000004        5.3600000000000003        466.41331552213501     
   30.600000000000005        5.3600000000000003        438.47896422343325     
   32.400000000000006        5.3600000000000003        412.07028914118052     
   34.199999999999996        5.3600000000000003        387.33707341224340     
   36.000000000000000        5.3600000000000003        364.38639321487062     
   37.800000000000004        5.3600000000000003        343.29595824338736     
   39.599999999999994        5.3600000000000003        324.10752454429104     
   41.399999999999999        5.3600000000000003        306.82524922467843     
   43.200000000000003        5.3600000000000003        291.40369169193184     
   45.000000000000000        5.3600000000000003        277.81506371195843     
   46.800000000000004        5.3600000000000003        265.95674715415686     
   48.599999999999994        5.3600000000000003        255.76362465906149     
   50.400000000000006        5.3600000000000003        247.12335639953028     
   52.200000000000003        5.3600000000000003        239.92967434689041     
   54.000000000000000        5.3600000000000003        234.08323561214047     
   55.799999999999997        5.3600000000000003        229.45856467878647     
   57.600000000000009        5.3600000000000003        225.94712305779052     
   59.400000000000013        5.3600000000000003        223.43572376662573     
   61.200000000000010        5.3600000000000003        221.81382839690298     
   63.000000000000000        5.3600000000000003        220.97604603427135     
   64.800000000000011        5.3600000000000003        220.82010722830054     
   66.600000000000009        5.3600000000000003        221.24756044687783     
   68.399999999999991        5.3600000000000003        222.16438679893602     
   70.200000000000003        5.3600000000000003        223.48235079787474     
   72.000000000000000        5.3600000000000003        225.11823361665373     
   73.799999999999997        5.3600000000000003        226.99152975269078     
   75.600000000000009        5.3600000000000003        229.02972052603087     
   77.399999999999991        5.3600000000000003        231.16356711775623     
   79.199999999999989        5.3600000000000003        233.32976552514461     
   81.000000000000000        5.3600000000000003        235.47067581633152     
   82.799999999999997        5.3600000000000003        237.53384246357427     
   84.599999999999994        5.3600000000000003        239.47314137594617     
   86.400000000000006        5.3600000000000003        241.24774849798558     
   88.200000000000003        5.3600000000000003        242.82190343621764     
   90.000000000000000        5.3600000000000003        244.16697002459463     
   91.799999999999997        5.3600000000000003        245.25823913001898     
   93.600000000000009        5.3600000000000003        246.07541296796441     
   95.400000000000006        5.3600000000000003        246.60412988735200     
   97.199999999999989        5.3600000000000003        246.83234548495318     
   99.000000000000014        5.3600000000000003        246.75023950934863     
   100.80000000000001        5.3600000000000003        246.35256188384980     
   102.59999999999999        5.3600000000000003        245.63251988575516     
   104.40000000000001        5.3600000000000003        244.58655721708681     
   106.19999999999999        5.3600000000000003        243.21040054161844     
   108.00000000000000        5.3600000000000003        241.50056594379291     
   109.80000000000000        5.3600000000000003        239.45028986175342     
   111.59999999999999        5.3600000000000003        237.05752289800185     
   113.40000000000001        5.3600000000000003        234.31734570418357     
   115.20000000000002        5.3600000000000003        231.22420440303145     
   117.00000000000000        5.3600000000000003        227.77652240609146     
   118.80000000000003        5.3600000000000003        223.97286932468231     
   120.60000000000001        5.3600000000000003        219.81441899204810     
   122.40000000000002        5.3600000000000003        215.30302616552379     
   124.20000000000000        5.3600000000000003        210.44789406982019     
   126.00000000000000        5.3600000000000003        205.25996879724300     
   127.80000000000001        5.3600000000000003        199.75341686780655     
   129.60000000000002        5.3600000000000003        193.94994290435633     
   131.40000000000001        5.3600000000000003        187.87121205685477     
   133.20000000000002        5.3600000000000003        181.54467340199912     
   135.00000000000000        5.3600000000000003        175.00540322021192     
   136.79999999999998        5.3600000000000003        168.28317742645604     
   138.59999999999999        5.3600000000000003        161.42007290332097     
   140.40000000000001        5.3600000000000003        154.45357653496706     
   142.20000000000002        5.3600000000000003        147.42598380933148     
   144.00000000000000        5.3600000000000003        140.38032135382502     
   145.79999999999998        5.3600000000000003        133.35677305070519     
   147.59999999999999        5.3600000000000003        126.39819159786940     
   149.40000000000003        5.3600000000000003        119.54910462894571     
   151.20000000000002        5.3600000000000003        112.84985809310079     
   153.00000000000000        5.3600000000000003        106.34131729847778     
   154.79999999999998        5.3600000000000003        100.05757788034283     
   156.59999999999997        5.3600000000000003        94.040578569865829     
   158.39999999999998        5.3600000000000003        88.322168037479130     
   160.20000000000002        5.3600000000000003        82.935070583887622     
   162.00000000000000        5.3600000000000003        77.912475885245328     
   163.79999999999998        5.3600000000000003        73.277586344482060     
   165.59999999999999        5.3600000000000003        69.060286611840127     
   167.40000000000001        5.3600000000000003        65.283291162039788     
   169.19999999999999        5.3600000000000003        61.966236739810974     
   171.00000000000000        5.3600000000000003        59.128816997285732     
   172.80000000000001        5.3600000000000003        56.784980558649394     
   174.59999999999999        5.3600000000000003        54.949361442094414     
   176.40000000000001        5.3600000000000003        53.630139758497080     
   178.20000000000002        5.3600000000000003        52.763118483545433     
   180.00000000000000        5.3600000000000003        52.570796474179438     
   0.0000000000000000        5.4399999999999995        689.44792638785702     
   1.8000000000000003        5.4399999999999995        687.64539784739077     
   3.6000000000000005        5.4399999999999995        682.23826527110555     
   5.4000000000000004        5.4399999999999995        673.37820485315615     
   7.2000000000000011        5.4399999999999995        661.21052259605938     
   9.0000000000000000        5.4399999999999995        646.02419365668663     
   10.800000000000001        5.4399999999999995        628.08086111596947     
   12.600000000000001        5.4399999999999995        607.77378936729497     
   14.400000000000002        5.4399999999999995        585.43670707502577     
   16.200000000000003        5.4399999999999995        561.52345349356699     
   18.000000000000000        5.4399999999999995        536.42611857200859     
   19.799999999999997        5.4399999999999995        510.50063500540750     
   21.600000000000001        5.4399999999999995        484.24053151315593     
   23.400000000000002        5.4399999999999995        457.93863277535149     
   25.200000000000003        5.4399999999999995        431.94126821301074     
   27.000000000000000        5.4399999999999995        406.61033512776476     
   28.800000000000004        5.4399999999999995        382.13928607115997     
   30.600000000000005        5.4399999999999995        358.78436099812438     
   32.400000000000006        5.4399999999999995        336.73310364527885     
   34.199999999999996        5.4399999999999995        316.11033499859053     
   36.000000000000000        5.4399999999999995        297.00467848504366     
   37.800000000000004        5.4399999999999995        279.47986151989790     
   39.599999999999994        5.4399999999999995        263.56918633708739     
   41.399999999999999        5.4399999999999995        249.27419086037236     
   43.200000000000003        5.4399999999999995        236.55462257357635     
   45.000000000000000        5.4399999999999995        225.38506860268228     
   46.800000000000004        5.4399999999999995        215.67720996920235     
   48.599999999999994        5.4399999999999995        207.37427557073374     
   50.400000000000006        5.4399999999999995        200.37989065161423     
   52.200000000000003        5.4399999999999995        194.60285334674705     
   54.000000000000000        5.4399999999999995        189.95779371352097     
   55.799999999999997        5.4399999999999995        186.33757298485133     
   57.600000000000009        5.4399999999999995        183.64928489558372     
   59.400000000000013        5.4399999999999995        181.79622906856184     
   61.200000000000010        5.4399999999999995        180.68401350252424     
   63.000000000000000        5.4399999999999995        180.22262273157563     
   64.800000000000011        5.4399999999999995        180.32474047411873     
   66.600000000000009        5.4399999999999995        180.90634070084408     
   68.399999999999991        5.4399999999999995        181.88721082251405     
   70.200000000000003        5.4399999999999995        183.19204844821130     
   72.000000000000000        5.4399999999999995        184.74981666417548     
   73.799999999999997        5.4399999999999995        186.49201948713565     
   75.600000000000009        5.4399999999999995        188.35675877520819     
   77.399999999999991        5.4399999999999995        190.28517711358850     
   79.199999999999989        5.4399999999999995        192.22350754383018     
   81.000000000000000        5.4399999999999995        194.12291151527631     
   82.799999999999997        5.4399999999999995        195.93897485625746     
   84.599999999999994        5.4399999999999995        197.63290154060815     
   86.400000000000006        5.4399999999999995        199.17042683816553     
   88.200000000000003        5.4399999999999995        200.52166945269619     
   90.000000000000000        5.4399999999999995        201.66301478540760     
   91.799999999999997        5.4399999999999995        202.57416783417600     
   93.600000000000009        5.4399999999999995        203.23863757659618     
   95.400000000000006        5.4399999999999995        203.64509675353008     
   97.199999999999989        5.4399999999999995        203.78413653018092     
   99.000000000000014        5.4399999999999995        203.64821080910116     
   100.80000000000001        5.4399999999999995        203.23371094140239     
   102.59999999999999        5.4399999999999995        202.53556527178989     
   104.40000000000001        5.4399999999999995        201.55146718017843     
   106.19999999999999        5.4399999999999995        200.27839582766444     
   108.00000000000000        5.4399999999999995        198.71394882007107     
   109.80000000000000        5.4399999999999995        196.85279527756288     
   111.59999999999999        5.4399999999999995        194.69366741958257     
   113.40000000000001        5.4399999999999995        192.23274292075445     
   115.20000000000002        5.4399999999999995        189.46561291747733     
   117.00000000000000        5.4399999999999995        186.39130031026392     
   118.80000000000003        5.4399999999999995        183.00892910496620     
   120.60000000000001        5.4399999999999995        179.31986660882373     
   122.40000000000002        5.4399999999999995        175.32605681776596     
   124.20000000000000        5.4399999999999995        171.03580390698431     
   126.00000000000000        5.4399999999999995        166.45890507682358     
   127.80000000000001        5.4399999999999995        161.60793132878106     
   129.60000000000002        5.4399999999999995        156.50196033684577     
   131.40000000000001        5.4399999999999995        151.16001132695339     
   133.20000000000002        5.4399999999999995        145.60608239648508     
   135.00000000000000        5.4399999999999995        139.87073500198755     
   136.79999999999998        5.4399999999999995        133.97991775691034     
   138.59999999999999        5.4399999999999995        127.97017566972868     
   140.40000000000001        5.4399999999999995        121.87405460046510     
   142.20000000000002        5.4399999999999995        115.72822184242573     
   144.00000000000000        5.4399999999999995        109.56994596508220     
   145.79999999999998        5.4399999999999995        103.43401585030496     
   147.59999999999999        5.4399999999999995        97.357501671733786     
   149.40000000000003        5.4399999999999995        91.378901071843728     
   151.20000000000002        5.4399999999999995        85.533089335812747     
   153.00000000000000        5.4399999999999995        79.855381606551902     
   154.79999999999998        5.4399999999999995        74.375243260286041     
   156.59999999999997        5.4399999999999995        69.128911620213742     
   158.39999999999998        5.4399999999999995        64.143913097208980     
   160.20000000000002        5.4399999999999995        59.448534150262851     
   162.00000000000000        5.4399999999999995        55.071471545928937     
   163.79999999999998        5.4399999999999995        51.032794646896335     
   165.59999999999999        5.4399999999999995        47.358358470511639     
   167.40000000000001        5.4399999999999995        44.067824694527289     
   169.19999999999999        5.4399999999999995        41.178197068420971     
   171.00000000000000        5.4399999999999995        38.706533762070947     
   172.80000000000001        5.4399999999999995        36.664922246609521     
   174.59999999999999        5.4399999999999995        35.066045794770183     
   176.40000000000001        5.4399999999999995        33.916997726693126     
   178.20000000000002        5.4399999999999995        33.156279421589666     
   180.00000000000000        5.4399999999999995        32.994319306945243     
   0.0000000000000000        5.5199999999999996        566.67317456443709     
   1.8000000000000003        5.5199999999999996        565.16143217055242     
   3.6000000000000005        5.5199999999999996        560.62657532659614     
   5.4000000000000004        5.5199999999999996        553.19687211426492     
   7.2000000000000011        5.5199999999999996        542.99515689149030     
   9.0000000000000000        5.5199999999999996        530.26571344231400     
   10.800000000000001        5.5199999999999996        515.22961459503961     
   12.600000000000001        5.5199999999999996        498.21909242715935     
   14.400000000000002        5.5199999999999996        479.51588845449089     
   16.200000000000003        5.5199999999999996        459.50305225001171     
   18.000000000000000        5.5199999999999996        438.51121945640858     
   19.799999999999997        5.5199999999999996        416.84028070780562     
   21.600000000000001        5.5199999999999996        394.90599852099291     
   23.400000000000002        5.5199999999999996        372.95447020361297     
   25.200000000000003        5.5199999999999996        351.27671140088694     
   27.000000000000000        5.5199999999999996        330.17654883542485     
   28.800000000000004        5.5199999999999996        309.81562549903521     
   30.600000000000005        5.5199999999999996        290.40827753761533     
   32.400000000000006        5.5199999999999996        272.11077414721666     
   34.199999999999996        5.5199999999999996        255.02645492131751     
   36.000000000000000        5.5199999999999996        239.22811326180610     
   37.800000000000004        5.5199999999999996        224.76752731035353     
   39.599999999999994        5.5199999999999996        211.67084473723676     
   41.399999999999999        5.5199999999999996        199.93750466676076     
   43.200000000000003        5.5199999999999996        189.53191241350896     
   45.000000000000000        5.5199999999999996        180.43087943283740     
   46.800000000000004        5.5199999999999996        172.55862036731227     
   48.599999999999994        5.5199999999999996        165.86574853612055     
   50.400000000000006        5.5199999999999996        160.26985437135050     
   52.200000000000003        5.5199999999999996        155.69291982060903     
   54.000000000000000        5.5199999999999996        152.06181494120119     
   55.799999999999997        5.5199999999999996        149.28540071772221     
   57.600000000000009        5.5199999999999996        147.28443610358329     
   59.400000000000013        5.5199999999999996        145.97661921172335     
   61.200000000000010        5.5199999999999996        145.28165970187791     
   63.000000000000000        5.5199999999999996        145.12297735599284     
   64.800000000000011        5.5199999999999996        145.42632393129790     
   66.600000000000009        5.5199999999999996        146.12028228602813     
   68.399999999999991        5.5199999999999996        147.13670932560444     
   70.200000000000003        5.5199999999999996        148.41161617550480     
   72.000000000000000        5.5199999999999996        149.88462862508462     
   73.799999999999997        5.5199999999999996        151.49774175204402     
   75.600000000000009        5.5199999999999996        153.19836056579069     
   77.399999999999991        5.5199999999999996        154.93669740407077     
   79.199999999999989        5.5199999999999996        156.66731509455474     
   81.000000000000000        5.5199999999999996        158.34905145696246     
   82.799999999999997        5.5199999999999996        159.94450396903437     
   84.599999999999994        5.5199999999999996        161.42123900183600     
   86.400000000000006        5.5199999999999996        162.75067928283741     
   88.200000000000003        5.5199999999999996        163.90802672580341     
   90.000000000000000        5.5199999999999996        164.87397502022154     
   91.799999999999997        5.5199999999999996        165.63200648775012     
   93.600000000000009        5.5199999999999996        166.16886775212458     
   95.400000000000006        5.5199999999999996        166.47577765482899     
   97.199999999999989        5.5199999999999996        166.54552739515611     
   99.000000000000014        5.5199999999999996        166.37245469037009     
   100.80000000000001        5.5199999999999996        165.95427260055882     
   102.59999999999999        5.5199999999999996        165.28731466460948     
   104.40000000000001        5.5199999999999996        164.37026360588837     
   106.19999999999999        5.5199999999999996        163.20110017454229     
   108.00000000000000        5.5199999999999996        161.77827912503287     
   109.80000000000000        5.5199999999999996        160.09764789973491     
   111.59999999999999        5.5199999999999996        158.15854390672845     
   113.40000000000001        5.5199999999999996        155.95803877237466     
   115.20000000000002        5.5199999999999996        153.49266603941686     
   117.00000000000000        5.5199999999999996        150.76191264341520     
   118.80000000000003        5.5199999999999996        147.76533225701218     
   120.60000000000001        5.5199999999999996        144.50440687729804     
   122.40000000000002        5.5199999999999996        140.98110680498729     
   124.20000000000000        5.5199999999999996        137.20289252909589     
   126.00000000000000        5.5199999999999996        133.17850068636747     
   127.80000000000001        5.5199999999999996        128.91905066516486     
   129.60000000000002        5.5199999999999996        124.44126196764034     
   131.40000000000001        5.5199999999999996        119.76178255232941     
   133.20000000000002        5.5199999999999996        114.90153303945603     
   135.00000000000000        5.5199999999999996        109.88706423343562     
   136.79999999999998        5.5199999999999996        104.74092359392593     
   138.59999999999999        5.5199999999999996        99.494758192530270     
   140.40000000000001        5.5199999999999996        94.176740279631460     
   142.20000000000002        5.5199999999999996        88.818562747570340     
   144.00000000000000        5.5199999999999996        83.452409362437010     
   145.79999999999998        5.5199999999999996        78.108306876182624     
   147.59999999999999        5.5199999999999996        72.818225567390272     
   149.40000000000003        5.5199999999999996        67.615348314398815     
   151.20000000000002        5.5199999999999996        62.529729589029920     
   153.00000000000000        5.5199999999999996        57.591795507651248     
   154.79999999999998        5.5199999999999996        52.826932488688179     
   156.59999999999997        5.5199999999999996        48.266357931899194     
   158.39999999999998        5.5199999999999996        43.933791464429184     
   160.20000000000002        5.5199999999999996        39.853611397186135     
   162.00000000000000        5.5199999999999996        36.050557774852592     
   163.79999999999998        5.5199999999999996        32.541939481010196     
   165.59999999999999        5.5199999999999996        29.350061946485884     
   167.40000000000001        5.5199999999999996        26.491896536676702     
   169.19999999999999        5.5199999999999996        23.982126093208240     
   171.00000000000000        5.5199999999999996        21.835485560541855     
   172.80000000000001        5.5199999999999996        20.062421025537553     
   174.59999999999999        5.5199999999999996        18.673895577246206     
   176.40000000000001        5.5199999999999996        17.676043580114193     
   178.20000000000002        5.5199999999999996        17.010432306469220     
   180.00000000000000        5.5199999999999996        16.874786148035138     
   0.0000000000000000        5.5999999999999996        464.32100073534923     
   1.8000000000000003        5.5999999999999996        463.05358493714812     
   3.6000000000000005        5.5999999999999996        459.25163942223895     
   5.4000000000000004        5.5999999999999996        453.02365006506216     
   7.2000000000000011        5.5999999999999996        444.47346594919208     
   9.0000000000000000        5.5999999999999996        433.80761382753451     
   10.800000000000001        5.5999999999999996        421.21290403214266     
   12.600000000000001        5.5999999999999996        406.97003245168509     
   14.400000000000002        5.5999999999999996        391.31686569893662     
   16.200000000000003        5.5999999999999996        374.57672141583362     
   18.000000000000000        5.5999999999999996        357.02841566918050     
   19.799999999999997        5.5999999999999996        338.92461294495354     
   21.600000000000001        5.5999999999999996        320.61554967668593     
   23.400000000000002        5.5999999999999996        302.30801725009098     
   25.200000000000003        5.5999999999999996        284.24650705003347     
   27.000000000000000        5.5999999999999996        266.68603148619167     
   28.800000000000004        5.5999999999999996        249.76157653185186     
   30.600000000000005        5.5999999999999996        233.65233562108625     
   32.400000000000006        5.5999999999999996        218.48841017012663     
   34.199999999999996        5.5999999999999996        204.35523050535670     
   36.000000000000000        5.5999999999999996        191.31244514457805     
   37.800000000000004        5.5999999999999996        179.40195865986058     
   39.599999999999994        5.5999999999999996        168.64408214505221     
   41.399999999999999        5.5999999999999996        159.03667021493578     
   43.200000000000003        5.5999999999999996        150.54821718100101     
   45.000000000000000        5.5999999999999996        143.15758121550809     
   46.800000000000004        5.5999999999999996        136.79966957207782     
   48.599999999999994        5.5999999999999996        131.43146757270685     
   50.400000000000006        5.5999999999999996        126.98244968656266     
   52.200000000000003        5.5999999999999996        123.38582216080826     
   54.000000000000000        5.5999999999999996        120.57888924651476     
   55.799999999999997        5.5999999999999996        118.48408495707692     
   57.600000000000009        5.5999999999999996        117.03378730624645     
   59.400000000000013        5.5999999999999996        116.15792236232652     
   61.200000000000010        5.5999999999999996        115.78817563316916     
   63.000000000000000        5.5999999999999996        115.85938369882965     
   64.800000000000011        5.5999999999999996        116.30840455230152     
   66.600000000000009        5.5999999999999996        117.07453873449202     
   68.399999999999991        5.5999999999999996        118.09990382461169     
   70.200000000000003        5.5999999999999996        119.33013619372474     
   72.000000000000000        5.5999999999999996        120.71393927955873     
   73.799999999999997        5.5999999999999996        122.20221764065546     
   75.600000000000009        5.5999999999999996        123.75030294749904     
   77.399999999999991        5.5999999999999996        125.31611004190356     
   79.199999999999989        5.5999999999999996        126.86127297897542     
   81.000000000000000        5.5999999999999996        128.35113435195348     
   82.799999999999997        5.5999999999999996        129.75423076947129     
   84.599999999999994        5.5999999999999996        131.04348900302662     
   86.400000000000006        5.5999999999999996        132.19511532839161     
   88.200000000000003        5.5999999999999996        133.18857158987262     
   90.000000000000000        5.5999999999999996        134.00812667159195     
   91.799999999999997        5.5999999999999996        134.64038697743507     
   93.600000000000009        5.5999999999999996        135.07475573522385     
   95.400000000000006        5.5999999999999996        135.30450414099110     
   97.199999999999989        5.5999999999999996        135.32418470659934     
   99.000000000000014        5.5999999999999996        135.12962792291373     
   100.80000000000001        5.5999999999999996        134.71955326648626     
   102.59999999999999        5.5999999999999996        134.09138648330216     
   104.40000000000001        5.5999999999999996        133.24454585192737     
   106.19999999999999        5.5999999999999996        132.17776871490685     
   108.00000000000000        5.5999999999999996        130.89014934640193     
   109.80000000000000        5.5999999999999996        129.37846271010196     
   111.59999999999999        5.5999999999999996        127.64248283262435     
   113.40000000000001        5.5999999999999996        125.67997697737754     
   115.20000000000002        5.5999999999999996        123.48822229423456     
   117.00000000000000        5.5999999999999996        121.06704109343372     
   118.80000000000003        5.5999999999999996        118.41629824501135     
   120.60000000000001        5.5999999999999996        115.53751948840660     
   122.40000000000002        5.5999999999999996        112.43264629155237     
   124.20000000000000        5.5999999999999996        109.10836408001279     
   126.00000000000000        5.5999999999999996        105.57245129921327     
   127.80000000000001        5.5999999999999996        101.83473573332036     
   129.60000000000002        5.5999999999999996        97.909869105256419     
   131.40000000000001        5.5999999999999996        93.812423841901577     
   133.20000000000002        5.5999999999999996        89.560641804376417     
   135.00000000000000        5.5999999999999996        85.177598059753421     
   136.79999999999998        5.5999999999999996        80.682891253899356     
   138.59999999999999        5.5999999999999996        76.103939831106629     
   140.40000000000001        5.5999999999999996        71.465141275888499     
   142.20000000000002        5.5999999999999996        66.793902668545030     
   144.00000000000000        5.5999999999999996        62.118031247370489     
   145.79999999999998        5.5999999999999996        57.463457058554923     
   147.59999999999999        5.5999999999999996        52.857767438780634     
   149.40000000000003        5.5999999999999996        48.329581072128867     
   151.20000000000002        5.5999999999999996        43.904813414819188     
   153.00000000000000        5.5999999999999996        39.609694851867076     
   154.79999999999998        5.5999999999999996        35.466111021362977     
   156.59999999999997        5.5999999999999996        31.500973566350012     
   158.39999999999998        5.5999999999999996        27.734735747790719     
   160.20000000000002        5.5999999999999996        24.188422942327463     
   162.00000000000000        5.5999999999999996        20.883380468830531     
   163.79999999999998        5.5999999999999996        17.834547480213587     
   165.59999999999999        5.5999999999999996        15.061183074529907     
   167.40000000000001        5.5999999999999996        12.577948521620254     
   169.19999999999999        5.5999999999999996        10.397533196494274     
   171.00000000000000        5.5999999999999996        8.5326764340284598     
   172.80000000000001        5.5999999999999996        6.9924136495392473     
   174.59999999999999        5.5999999999999996        5.7862297313896045     
   176.40000000000001        5.5999999999999996        4.9194343723768554     
   178.20000000000002        5.5999999999999996        4.3369366116152808     
   180.00000000000000        5.5999999999999996        4.2234214205349092     
   0.0000000000000000        5.6799999999999997        376.25277135259159     
   1.8000000000000003        5.6799999999999997        375.19707362543022     
   3.6000000000000005        5.6799999999999997        372.03022377330944     
   5.4000000000000004        5.6799999999999997        366.84348068185631     
   7.2000000000000011        5.6799999999999997        359.72416451047047     
   9.0000000000000000        5.6799999999999997        350.84593052090378     
   10.800000000000001        5.6799999999999997        340.36576936143246     
   12.600000000000001        5.6799999999999997        328.51952851169341     
   14.400000000000002        5.6799999999999997        315.50691052476753     
   16.200000000000003        5.6799999999999997        301.59928435612238     
   18.000000000000000        5.6799999999999997        287.03042466570884     
   19.799999999999997        5.6799999999999997        272.01196903431736     
   21.600000000000001        5.6799999999999997        256.83723424426807     
   23.400000000000002        5.6799999999999997        241.67891767059021     
   25.200000000000003        5.6799999999999997        226.74115875544325     
   27.000000000000000        5.6799999999999997        212.23665306394872     
   28.800000000000004        5.6799999999999997        198.27733888308148     
   30.600000000000005        5.6799999999999997        185.01200559148245     
   32.400000000000006        5.6799999999999997        172.54816071249948     
   34.199999999999996        5.6799999999999997        160.95581972871730     
   36.000000000000000        5.6799999999999997        150.28335702463914     
   37.800000000000004        5.6799999999999997        140.56424594824890     
   39.599999999999994        5.6799999999999997        131.81387110373183     
   41.399999999999999        5.6799999999999997        124.02884852287303     
   43.200000000000003        5.6799999999999997        117.18134780775208     
   45.000000000000000        5.6799999999999997        111.25213467485034     
   46.800000000000004        5.6799999999999997        106.18550392142721     
   48.599999999999994        5.6799999999999997        101.94408891671581     
   50.400000000000006        5.6799999999999997        98.467775627459332     
   52.200000000000003        5.6799999999999997        95.699607669535681     
   54.000000000000000        5.6799999999999997        93.586044132267702     
   55.799999999999997        5.6799999999999997        92.061378454989821     
   57.600000000000009        5.6799999999999997        91.068160420719096     
   59.400000000000013        5.6799999999999997        90.547009858155192     
   61.200000000000010        5.6799999999999997        90.440085305957396     
   63.000000000000000        5.6799999999999997        90.692212350797021     
   64.800000000000011        5.6799999999999997        91.249967083902433     
   66.600000000000009        5.6799999999999997        92.062029093859010     
   68.399999999999991        5.6799999999999997        93.079495865138043     
   70.200000000000003        5.6799999999999997        94.256432605716626     
   72.000000000000000        5.6799999999999997        95.549496229968994     
   73.799999999999997        5.6799999999999997        96.917380872028602     
   75.600000000000009        5.6799999999999997        98.322367344174950     
   77.399999999999991        5.6799999999999997        99.729104206773769     
   79.199999999999989        5.6799999999999997        101.10540492186890     
   81.000000000000000        5.6799999999999997        102.42228749808466     
   82.799999999999997        5.6799999999999997        103.65346837962969     
   84.599999999999994        5.6799999999999997        104.77652792383297     
   86.400000000000006        5.6799999999999997        105.77181887313152     
   88.200000000000003        5.6799999999999997        106.62248401516699     
   90.000000000000000        5.6799999999999997        107.31585503573770     
   91.799999999999997        5.6799999999999997        107.84120670713990     
   93.600000000000009        5.6799999999999997        108.19019538178559     
   95.400000000000006        5.6799999999999997        108.35780496896976     
   97.199999999999989        5.6799999999999997        108.34004864264641     
   99.000000000000014        5.6799999999999997        108.13398314903110     
   100.80000000000001        5.6799999999999997        107.73912289056560     
   102.59999999999999        5.6799999999999997        107.15377481505431     
   104.40000000000001        5.6799999999999997        106.37792449884316     
   106.19999999999999        5.6799999999999997        105.41090312815419     
   108.00000000000000        5.6799999999999997        104.25230090016527     
   109.80000000000000        5.6799999999999997        102.89965191280875     
   111.59999999999999        5.6799999999999997        101.35305729068574     
   113.40000000000001        5.6799999999999997        99.610848026038752     
   115.20000000000002        5.6799999999999997        97.670911969504203     
   117.00000000000000        5.6799999999999997        95.533323669405291     
   118.80000000000003        5.6799999999999997        93.198182627369448     
   120.60000000000001        5.6799999999999997        90.667015192101260     
   122.40000000000002        5.6799999999999997        87.941701610539610     
   124.20000000000000        5.6799999999999997        85.028207856351230     
   126.00000000000000        5.6799999999999997        81.933433327050608     
   127.80000000000001        5.6799999999999997        78.666034011547424     
   129.60000000000002        5.6799999999999997        75.238806216608140     
   131.40000000000001        5.6799999999999997        71.664462491219368     
   133.20000000000002        5.6799999999999997        67.958854549629734     
   135.00000000000000        5.6799999999999997        64.141966857350965     
   136.79999999999998        5.6799999999999997        60.230775065363545     
   138.59999999999999        5.6799999999999997        56.248948821453226     
   140.40000000000001        5.6799999999999997        52.217540014049341     
   142.20000000000002        5.6799999999999997        48.160162495060483     
   144.00000000000000        5.6799999999999997        44.100753124724939     
   145.79999999999998        5.6799999999999997        40.061620536640007     
   147.59999999999999        5.6799999999999997        36.066480718268913     
   149.40000000000003        5.6799999999999997        32.139923341340328     
   151.20000000000002        5.6799999999999997        28.304210885361993     
   153.00000000000000        5.6799999999999997        24.581872016595739     
   154.79999999999998        5.6799999999999997        20.991703617362138     
   156.59999999999997        5.6799999999999997        17.556820159650862     
   158.39999999999998        5.6799999999999997        14.294793532838822     
   160.20000000000002        5.6799999999999997        11.223691644212394     
   162.00000000000000        5.6799999999999997        8.3618653666794369     
   163.79999999999998        5.6799999999999997        5.7221625961043712     
   165.59999999999999        5.6799999999999997        3.3211546040977278     
   167.40000000000001        5.6799999999999997        1.1714635569397636     
   169.19999999999999        5.6799999999999997      -0.71598120357324613     
   171.00000000000000        5.6799999999999997       -2.3302023962075324     
   172.80000000000001        5.6799999999999997       -3.6634107165739676     
   174.59999999999999        5.6799999999999997       -4.7074269163075160     
   176.40000000000001        5.6799999999999997       -5.4576701398048355     
   178.20000000000002        5.6799999999999997       -5.9657644152249656     
   180.00000000000000        5.6799999999999997       -6.0600885744476729     
   0.0000000000000000        5.7599999999999998        303.54606865168745     
   1.8000000000000003        5.7599999999999998        302.66687261140419     
   3.6000000000000005        5.7599999999999998        300.02947985330718     
   5.4000000000000004        5.7599999999999998        295.71069466117314     
   7.2000000000000011        5.7599999999999998        289.78397272504856     
   9.0000000000000000        5.7599999999999998        282.39539713832215     
   10.800000000000001        5.7599999999999998        273.67695640009850     
   12.600000000000001        5.7599999999999998        263.82690053528370     
   14.400000000000002        5.7599999999999998        253.01295693627065     
   16.200000000000003        5.7599999999999998        241.46297922031394     
   18.000000000000000        5.7599999999999998        229.37304071633906     
   19.799999999999997        5.7599999999999998        216.92046171384226     
   21.600000000000001        5.7599999999999998        204.35095350359191     
   23.400000000000002        5.7599999999999998        191.80875210660113     
   25.200000000000003        5.7599999999999998        179.46431517642452     
   27.000000000000000        5.7599999999999998        167.49503972210428     
   28.800000000000004        5.7599999999999998        155.99370568339967     
   30.600000000000005        5.7599999999999998        145.08380779420452     
   32.400000000000006        5.7599999999999998        134.85410660533682     
   34.199999999999996        5.7599999999999998        125.36188091060588     
   36.000000000000000        5.7599999999999998        116.64623412336502     
   37.800000000000004        5.7599999999999998        108.73374800099587     
   39.599999999999994        5.7599999999999998        101.63584487097425     
   41.399999999999999        5.7599999999999998        95.348256980943688     
   43.200000000000003        5.7599999999999998        89.846364307279430     
   45.000000000000000        5.7599999999999998        85.112671593440851     
   46.800000000000004        5.7599999999999998        81.099435459135336     
   48.599999999999994        5.7599999999999998        77.774138611242606     
   50.400000000000006        5.7599999999999998        75.085473224778866     
   52.200000000000003        5.7599999999999998        72.984807732589815     
   54.000000000000000        5.7599999999999998        71.426359294336038     
   55.799999999999997        5.7599999999999998        70.354416970449350     
   57.600000000000009        5.7599999999999998        69.720125126318862     
   59.400000000000013        5.7599999999999998        69.473126807586709     
   61.200000000000010        5.7599999999999998        69.564416925720593     
   63.000000000000000        5.7599999999999998        69.947254045606414     
   64.800000000000011        5.7599999999999998        70.576419043769903     
   66.600000000000009        5.7599999999999998        71.408510670892213     
   68.399999999999991        5.7599999999999998        72.402209010942926     
   70.200000000000003        5.7599999999999998        73.518701628357263     
   72.000000000000000        5.7599999999999998        74.721370224853189     
   73.799999999999997        5.7599999999999998        75.975476767069466     
   75.600000000000009        5.7599999999999998        77.249181319878616     
   77.399999999999991        5.7599999999999998        78.512808573598662     
   79.199999999999989        5.7599999999999998        79.739377824546736     
   81.000000000000000        5.7599999999999998        80.904678213738464     
   82.799999999999997        5.7599999999999998        81.986778101867401     
   84.599999999999994        5.7599999999999998        82.967143963258380     
   86.400000000000006        5.7599999999999998        83.829583990281122     
   88.200000000000003        5.7599999999999998        84.560295543080784     
   90.000000000000000        5.7599999999999998        85.149122782848835     
   91.799999999999997        5.7599999999999998        85.587520530270666     
   93.600000000000009        5.7599999999999998        85.868968291370393     
   95.400000000000006        5.7599999999999998        85.989804828687056     
   97.199999999999989        5.7599999999999998        85.947188654922527     
   99.000000000000014        5.7599999999999998        85.739125094426626     
   100.80000000000001        5.7599999999999998        85.365707467917971     
   102.59999999999999        5.7599999999999998        84.825906980194986     
   104.40000000000001        5.7599999999999998        84.120107128447515     
   106.19999999999999        5.7599999999999998        83.248068623104331     
   108.00000000000000        5.7599999999999998        82.209733801997913     
   109.80000000000000        5.7599999999999998        81.003223417769973     
   111.59999999999999        5.7599999999999998        79.628858137332443     
   113.40000000000001        5.7599999999999998        78.085399041208234     
   115.20000000000002        5.7599999999999998        76.371209113693808     
   117.00000000000000        5.7599999999999998        74.486533968615760     
   118.80000000000003        5.7599999999999998        72.431632938965919     
   120.60000000000001        5.7599999999999998        70.207994391774463     
   122.40000000000002        5.7599999999999998        67.817409945148242     
   124.20000000000000        5.7599999999999998        65.265195184788880     
   126.00000000000000        5.7599999999999998        62.557464775749239     
   127.80000000000001        5.7599999999999998        59.701841440644209     
   129.60000000000002        5.7599999999999998        56.709505889342068     
   131.40000000000001        5.7599999999999998        53.591553625428375     
   133.20000000000002        5.7599999999999998        50.361768721179580     
   135.00000000000000        5.7599999999999998        47.037472986479983     
   136.79999999999998        5.7599999999999998        43.633381283752897     
   138.59999999999999        5.7599999999999998        40.169945192630834     
   140.40000000000001        5.7599999999999998        36.665345532565837     
   142.20000000000002        5.7599999999999998        33.139946492343277     
   144.00000000000000        5.7599999999999998        29.614372471668073     
   145.79999999999998        5.7599999999999998        26.107834316757980     
   147.59999999999999        5.7599999999999998        22.640739673172259     
   149.40000000000003        5.7599999999999998        19.234237687346276     
   151.20000000000002        5.7599999999999998        15.907472183333219     
   153.00000000000000        5.7599999999999998        12.679812926853417     
   154.79999999999998        5.7599999999999998        9.5674208227626689     
   156.59999999999997        5.7599999999999998        6.5901716414782445     
   158.39999999999998        5.7599999999999998        3.7631788290095889     
   160.20000000000002        5.7599999999999998        1.1019871683159899     
   162.00000000000000        5.7599999999999998       -1.3776072991517634     
   163.79999999999998        5.7599999999999998       -3.6645418973973349     
   165.59999999999999        5.7599999999999998       -5.7445393654402359     
   167.40000000000001        5.7599999999999998       -7.6067187958492219     
   169.19999999999999        5.7599999999999998       -9.2416542475703167     
   171.00000000000000        5.7599999999999998       -10.639873727777564     
   172.80000000000001        5.7599999999999998       -11.794653024859500     
   174.59999999999999        5.7599999999999998       -12.698928758548739     
   176.40000000000001        5.7599999999999998       -13.348743426825980     
   178.20000000000002        5.7599999999999998       -13.792204275313184     
   180.00000000000000        5.7599999999999998       -13.870517237580632     
   0.0000000000000000        5.8399999999999999        242.08976157411919     
   1.8000000000000003        5.8399999999999999        241.36115952234886     
   3.6000000000000005        5.8399999999999999        239.17550846164465     
   5.4000000000000004        5.8399999999999999        235.59720730141316     
   7.2000000000000011        5.8399999999999999        230.68781621721456     
   9.0000000000000000        5.8399999999999999        224.56976209012109     
   10.800000000000001        5.8399999999999999        217.35359004081818     
   12.600000000000001        5.8399999999999999        209.20530834278813     
   14.400000000000002        5.8399999999999999        200.26523834883358     
   16.200000000000003        5.8399999999999999        190.72394341926685     
   18.000000000000000        5.8399999999999999        180.74521046446631     
   19.799999999999997        5.8399999999999999        170.47698964441742     
   21.600000000000001        5.8399999999999999        160.12425370404111     
   23.400000000000002        5.8399999999999999        149.80692416680549     
   25.200000000000003        5.8399999999999999        139.66668724446271     
   27.000000000000000        5.8399999999999999        129.85080558733878     
   28.800000000000004        5.8399999999999999        120.43575564656366     
   30.600000000000005        5.8399999999999999        111.52349028021443     
   32.400000000000006        5.8399999999999999        103.18684358423407     
   34.199999999999996        5.8399999999999999        95.472316078885498     
   36.000000000000000        5.8399999999999999        88.411200931224357     
   37.800000000000004        5.8399999999999999        82.024307349784067     
   39.599999999999994        5.8399999999999999        76.319790626106169     
   41.399999999999999        5.8399999999999999        71.292746000580664     
   43.200000000000003        5.8399999999999999        66.921408030232897     
   45.000000000000000        5.8399999999999999        63.189882658813872     
   46.800000000000004        5.8399999999999999        60.057327038749328     
   48.599999999999994        5.8399999999999999        57.495472756669599     
   50.400000000000006        5.8399999999999999        55.460625755793032     
   52.200000000000003        5.8399999999999999        53.911355277318187     
   54.000000000000000        5.8399999999999999        52.808597415819747     
   55.799999999999997        5.8399999999999999        52.105255599711953     
   57.600000000000009        5.8399999999999999        51.759897630939420     
   59.400000000000013        5.8399999999999999        51.729950330089871     
   61.200000000000010        5.8399999999999999        51.974030476892224     
   63.000000000000000        5.8399999999999999        52.452674138314030     
   64.800000000000011        5.8399999999999999        53.127742857292525     
   66.600000000000009        5.8399999999999999        53.962669726113795     
   68.399999999999991        5.8399999999999999        54.922678733098657     
   70.200000000000003        5.8399999999999999        55.975107731541016     
   72.000000000000000        5.8399999999999999        57.089148228497919     
   73.799999999999997        5.8399999999999999        58.235721959553082     
   75.600000000000009        5.8399999999999999        59.388070461537978     
   77.399999999999991        5.8399999999999999        60.521408035918761     
   79.199999999999989        5.8399999999999999        61.613235812740434     
   81.000000000000000        5.8399999999999999        62.643442459179731     
   82.799999999999997        5.8399999999999999        63.593833383095344     
   84.599999999999994        5.8399999999999999        64.449193662130725     
   86.400000000000006        5.8399999999999999        65.196276553871201     
   88.200000000000003        5.8399999999999999        65.823872623769915     
   90.000000000000000        5.8399999999999999        66.323936208589714     
   91.799999999999997        5.8399999999999999        66.689746094869676     
   93.600000000000009        5.8399999999999999        66.916293241337840     
   95.400000000000006        5.8399999999999999        67.001014978867914     
   97.199999999999989        5.8399999999999999        66.941990463984595     
   99.000000000000014        5.8399999999999999        66.737977157057188     
   100.80000000000001        5.8399999999999999        66.389497858690859     
   102.59999999999999        5.8399999999999999        65.896036763946114     
   104.40000000000001        5.8399999999999999        65.258260011959862     
   106.19999999999999        5.8399999999999999        64.476245559009257     
   108.00000000000000        5.8399999999999999        63.550190550516874     
   109.80000000000000        5.8399999999999999        62.478682465304786     
   111.59999999999999        5.8399999999999999        61.262190308311467     
   113.40000000000001        5.8399999999999999        59.899813398922028     
   115.20000000000002        5.8399999999999999        58.390295929357521     
   117.00000000000000        5.8399999999999999        56.734001137839627     
   118.80000000000003        5.8399999999999999        54.931298891666813     
   120.60000000000001        5.8399999999999999        52.983617000512332     
   122.40000000000002        5.8399999999999999        50.892643800551070     
   124.20000000000000        5.8399999999999999        48.663101906543531     
   126.00000000000000        5.8399999999999999        46.300397145921693     
   127.80000000000001        5.8399999999999999        43.811227642990232     
   129.60000000000002        5.8399999999999999        41.205342729503194     
   131.40000000000001        5.8399999999999999        38.492406913329155     
   133.20000000000002        5.8399999999999999        35.684381975718665     
   135.00000000000000        5.8399999999999999        32.796250924021031     
   136.79999999999998        5.8399999999999999        29.840742064586109     
   138.59999999999999        5.8399999999999999        26.835488804338091     
   140.40000000000001        5.8399999999999999        23.796158325725269     
   142.20000000000002        5.8399999999999999        20.740273810377833     
   144.00000000000000        5.8399999999999999        17.685566196256200     
   145.79999999999998        5.8399999999999999        14.648541584570339     
   147.59999999999999        5.8399999999999999        11.646721439193836     
   149.40000000000003        5.8399999999999999        8.6982552967361499     
   151.20000000000002        5.8399999999999999        5.8195685646914601     
   153.00000000000000        5.8399999999999999        3.0272785153227777     
   154.79999999999998        5.8399999999999999       0.33524910525599455     
   156.59999999999997        5.8399999999999999       -2.2394647358493014     
   158.39999999999998        5.8399999999999999       -4.6838914342423008     
   160.20000000000002        5.8399999999999999       -6.9846842764813557     
   162.00000000000000        5.8399999999999999       -9.1282730675665391     
   163.79999999999998        5.8399999999999999       -11.105151183719901     
   165.59999999999999        5.8399999999999999       -12.903040603913892     
   167.40000000000001        5.8399999999999999       -14.512578624092013     
   169.19999999999999        5.8399999999999999       -15.925650462298616     
   171.00000000000000        5.8399999999999999       -17.134097074051574     
   172.80000000000001        5.8399999999999999       -18.132123665305301     
   174.59999999999999        5.8399999999999999       -18.913640521216085     
   176.40000000000001        5.8399999999999999       -19.475234384641478     
   178.20000000000002        5.8399999999999999       -19.861523519515973     
   180.00000000000000        5.8399999999999999       -19.926168041923098     
   0.0000000000000000        5.9199999999999999        190.02567643873036     
   1.8000000000000003        5.9199999999999999        189.42594924286476     
   3.6000000000000005        5.9199999999999999        187.62688886990210     
   5.4000000000000004        5.9199999999999999        184.68221401325499     
   7.2000000000000011        5.9199999999999999        180.64324654769078     
   9.0000000000000000        5.9199999999999999        175.61205302770520     
   10.800000000000001        5.9199999999999999        169.68072959070179     
   12.600000000000001        5.9199999999999999        162.98754862724573     
   14.400000000000002        5.9199999999999999        155.64926797524853     
   16.200000000000003        5.9199999999999999        147.82439510073701     
   18.000000000000000        5.9199999999999999        139.64898127804463     
   19.799999999999997        5.9199999999999999        131.24576225001732     
   21.600000000000001        5.9199999999999999        122.78474013260471     
   23.400000000000002        5.9199999999999999        114.36500075586460     
   25.200000000000003        5.9199999999999999        106.10357793711933     
   27.000000000000000        5.9199999999999999        98.121930141407404     
   28.800000000000004        5.9199999999999999        90.482618903295332     
   30.600000000000005        5.9199999999999999        83.269196782853570     
   32.400000000000006        5.9199999999999999        76.540928844869043     
   34.199999999999996        5.9199999999999999        70.335170306495016     
   36.000000000000000        5.9199999999999999        64.676618972575781     
   37.800000000000004        5.9199999999999999        59.581239415572902     
   39.599999999999994        5.9199999999999999        55.054492136469001     
   41.399999999999999        5.9199999999999999        51.091031528755678     
   43.200000000000003        5.9199999999999999        47.671638067381956     
   45.000000000000000        5.9199999999999999        44.781892884554217     
   46.800000000000004        5.9199999999999999        42.386954536109592     
   48.599999999999994        5.9199999999999999        40.462290348197449     
   50.400000000000006        5.9199999999999999        38.970811652365292     
   52.200000000000003        5.9199999999999999        37.877337637782205     
   54.000000000000000        5.9199999999999999        37.148643390961468     
   55.799999999999997        5.9199999999999999        36.745081064362893     
   57.600000000000009        5.9199999999999999        36.631651829629980     
   59.400000000000013        5.9199999999999999        36.772519255727126     
   61.200000000000010        5.9199999999999999        37.132895885002611     
   63.000000000000000        5.9199999999999999        37.679618458582823     
   64.800000000000011        5.9199999999999999        38.380678607538641     
   66.600000000000009        5.9199999999999999        39.205426142457554     
   68.399999999999991        5.9199999999999999        40.124750083556386     
   70.200000000000003        5.9199999999999999        41.111315430686915     
   72.000000000000000        5.9199999999999999        42.139348122053448     
   73.799999999999997        5.9199999999999999        43.184661475355902     
   75.600000000000009        5.9199999999999999        44.224901705381541     
   77.399999999999991        5.9199999999999999        45.239507065131164     
   79.199999999999989        5.9199999999999999        46.209847826503427     
   81.000000000000000        5.9199999999999999        47.119344505489060     
   82.799999999999997        5.9199999999999999        47.953019884705846     
   84.599999999999994        5.9199999999999999        48.698499859601938     
   86.400000000000006        5.9199999999999999        49.345053539717682     
   88.200000000000003        5.9199999999999999        49.883677683329736     
   90.000000000000000        5.9199999999999999        50.308101654916193     
   91.799999999999997        5.9199999999999999        50.613132254447812     
   93.600000000000009        5.9199999999999999        50.795014232051649     
   95.400000000000006        5.9199999999999999        50.852074035589602     
   97.199999999999989        5.9199999999999999        50.783128699017233     
   99.000000000000014        5.9199999999999999        50.587529128731106     
   100.80000000000001        5.9199999999999999        50.266109502376231     
   102.59999999999999        5.9199999999999999        49.818746488979045     
   104.40000000000001        5.9199999999999999        49.246299219603088     
   106.19999999999999        5.9199999999999999        48.549075187320923     
   108.00000000000000        5.9199999999999999        47.727451004214231     
   109.80000000000000        5.9199999999999999        46.780385456958577     
   111.59999999999999        5.9199999999999999        45.708441996985435     
   113.40000000000001        5.9199999999999999        44.510985881954781     
   115.20000000000002        5.9199999999999999        43.187067964256109     
   117.00000000000000        5.9199999999999999        41.737128837280920     
   118.80000000000003        5.9199999999999999        40.161611702926514     
   120.60000000000001        5.9199999999999999        38.461869083106109     
   122.40000000000002        5.9199999999999999        36.639477726031323     
   124.20000000000000        5.9199999999999999        34.698620225009272     
   126.00000000000000        5.9199999999999999        32.644061953774433     
   127.80000000000001        5.9199999999999999        30.481672499714659     
   129.60000000000002        5.9199999999999999        28.219930011052003     
   131.40000000000001        5.9199999999999999        25.867229456674629     
   133.20000000000002        5.9199999999999999        23.433922032755259     
   135.00000000000000        5.9199999999999999        20.932930180772509     
   136.79999999999998        5.9199999999999999        18.375231352547427     
   138.59999999999999        5.9199999999999999        15.775983118484385     
   140.40000000000001        5.9199999999999999        13.148644927507902     
   142.20000000000002        5.9199999999999999        10.508248138972421     
   144.00000000000000        5.9199999999999999        7.8699879300464426     
   145.79999999999998        5.9199999999999999        5.2480010528448160     
   147.59999999999999        5.9199999999999999        2.6572827124371194     
   149.40000000000003        5.9199999999999999       0.11335849505509900     
   151.20000000000002        5.9199999999999999       -2.3697236733579086     
   153.00000000000000        5.9199999999999999       -4.7777529673857524     
   154.79999999999998        5.9199999999999999       -7.0988736777477532     
   156.59999999999997        5.9199999999999999       -9.3184961081236306     
   158.39999999999998        5.9199999999999999       -11.425521058040076     
   160.20000000000002        5.9199999999999999       -13.408523207130258     
   162.00000000000000        5.9199999999999999       -15.255878194427279     
   163.79999999999998        5.9199999999999999       -16.959440289388681     
   165.59999999999999        5.9199999999999999       -18.508679776169696     
   167.40000000000001        5.9199999999999999       -19.895562183071085     
   169.19999999999999        5.9199999999999999       -21.113120123179758     
   171.00000000000000        5.9199999999999999       -22.154343652825542     
   172.80000000000001        5.9199999999999999       -23.014251763221456     
   174.59999999999999        5.9199999999999999       -23.687607233488855     
   176.40000000000001        5.9199999999999999       -24.171473594581386     
   178.20000000000002        5.9199999999999999       -24.507051836405562     
   180.00000000000000        5.9199999999999999       -24.559994373972337     
   0.0000000000000000        6.0000000000000000        147.17663731193863     
   1.8000000000000003        6.0000000000000000        146.68436723284529     
   3.6000000000000005        6.0000000000000000        145.20765055425423     
   5.4000000000000004        6.0000000000000000        142.79123529098104     
   7.2000000000000011        6.0000000000000000        139.47784680712695     
   9.0000000000000000        6.0000000000000000        135.35245647242201     
   10.800000000000001        6.0000000000000000        130.49167692211921     
   12.600000000000001        6.0000000000000000        125.01050647146813     
   14.400000000000002        6.0000000000000000        119.00594260191690     
   16.200000000000003        6.0000000000000000        112.60961673147503     
   18.000000000000000        6.0000000000000000        105.93434520981663     
   19.799999999999997        6.0000000000000000        99.081757111658220     
   21.600000000000001        6.0000000000000000        92.192584758108097     
   23.400000000000002        6.0000000000000000        85.348511648593117     
   25.200000000000003        6.0000000000000000        78.645984160267261     
   27.000000000000000        6.0000000000000000        72.184927798768996     
   28.800000000000004        6.0000000000000000        66.016339248670889     
   30.600000000000005        6.0000000000000000        60.208463707953435     
   32.400000000000006        6.0000000000000000        54.809313832296318     
   34.199999999999996        6.0000000000000000        49.848699738536794     
   36.000000000000000        6.0000000000000000        45.345910773194973     
   37.800000000000004        6.0000000000000000        41.312970153820324     
   39.599999999999994        6.0000000000000000        37.753195671013046     
   41.399999999999999        6.0000000000000000        34.660981912491820     
   43.200000000000003        6.0000000000000000        32.019338843891816     
   45.000000000000000        6.0000000000000000        29.815186371347032     
   46.800000000000004        6.0000000000000000        28.018786830664496     
   48.599999999999994        6.0000000000000000        26.608825898625888     
   50.400000000000006        6.0000000000000000        25.553815719197761     
   52.200000000000003        6.0000000000000000        24.823877745928637     
   54.000000000000000        6.0000000000000000        24.390748032701005     
   55.799999999999997        6.0000000000000000        24.221068975844382     
   57.600000000000009        6.0000000000000000        24.285289132028311     
   59.400000000000013        6.0000000000000000        24.553267014362543     
   61.200000000000010        6.0000000000000000        24.995789783328654     
   63.000000000000000        6.0000000000000000        25.585022076878325     
   64.800000000000011        6.0000000000000000        26.294138694792842     
   66.600000000000009        6.0000000000000000        27.097491774877703     
   68.399999999999991        6.0000000000000000        27.970759308184956     
   70.200000000000003        6.0000000000000000        28.891112213409905     
   72.000000000000000        6.0000000000000000        29.837036659168835     
   73.799999999999997        6.0000000000000000        30.788472066651916     
   75.600000000000009        6.0000000000000000        31.726792770204938     
   77.399999999999991        6.0000000000000000        32.634997384851246     
   79.199999999999989        6.0000000000000000        33.497714637148121     
   81.000000000000000        6.0000000000000000        34.301331880338388     
   82.799999999999997        6.0000000000000000        35.033572131969898     
   84.599999999999994        6.0000000000000000        35.684428815792678     
   86.400000000000006        6.0000000000000000        36.245262301015472     
   88.200000000000003        6.0000000000000000        36.708893851169393     
   90.000000000000000        6.0000000000000000        37.070500019214585     
   91.799999999999997        6.0000000000000000        37.326126946434236     
   93.600000000000009        6.0000000000000000        37.473023499732427     
   95.400000000000006        6.0000000000000000        37.510205100211365     
   97.199999999999989        6.0000000000000000        37.437053036629457     
   99.000000000000014        6.0000000000000000        37.253362197540916     
   100.80000000000001        6.0000000000000000        36.960170005060604     
   102.59999999999999        6.0000000000000000        36.557634043464162     
   104.40000000000001        6.0000000000000000        36.046726058388089     
   106.19999999999999        6.0000000000000000        35.427903914092326     
   108.00000000000000        6.0000000000000000        34.701656489528339     
   109.80000000000000        6.0000000000000000        33.867225548237670     
   111.59999999999999        6.0000000000000000        32.925222342822401     
   113.40000000000001        6.0000000000000000        31.875211991215775     
   115.20000000000002        6.0000000000000000        30.716483115783742     
   117.00000000000000        6.0000000000000000        29.449518956346360     
   118.80000000000003        6.0000000000000000        28.074803907665249     
   120.60000000000001        6.0000000000000000        26.593605306711744     
   122.40000000000002        6.0000000000000000        25.007384516177602     
   124.20000000000000        6.0000000000000000        23.319841697792601     
   126.00000000000000        6.0000000000000000        21.535174540110532     
   127.80000000000001        6.0000000000000000        19.658524411596655     
   129.60000000000002        6.0000000000000000        17.697262782354656     
   131.40000000000001        6.0000000000000000        15.658680538343882     
   133.20000000000002        6.0000000000000000        13.551733938485681     
   135.00000000000000        6.0000000000000000        11.387566969078826     
   136.79999999999998        6.0000000000000000        9.1756453215453959     
   138.59999999999999        6.0000000000000000        6.9289964910648463     
   140.40000000000001        6.0000000000000000        4.6591810702757535     
   142.20000000000002        6.0000000000000000        2.3790905604094847     
   144.00000000000000        6.0000000000000000       0.10174457034559296     
   145.79999999999998        6.0000000000000000       -2.1607519264466939     
   147.59999999999999        6.0000000000000000       -4.3955680831311055     
   149.40000000000003        6.0000000000000000       -6.5894248226852241     
   151.20000000000002        6.0000000000000000       -8.7303092248310978     
   153.00000000000000        6.0000000000000000       -10.806069459482734     
   154.79999999999998        6.0000000000000000       -12.806568164316808     
   156.59999999999997        6.0000000000000000       -14.719324038887262     
   158.39999999999998        6.0000000000000000       -16.534839723688567     
   160.20000000000002        6.0000000000000000       -18.243333603619302     
   162.00000000000000        6.0000000000000000       -19.834846125458075     
   163.79999999999998        6.0000000000000000       -21.302396469334575     
   165.59999999999999        6.0000000000000000       -22.636951331655517     
   167.40000000000001        6.0000000000000000       -23.831613680014943     
   169.19999999999999        6.0000000000000000       -24.880399008940454     
   171.00000000000000        6.0000000000000000       -25.777281877936524     
   172.80000000000001        6.0000000000000000       -26.517978839893726     
   174.59999999999999        6.0000000000000000       -27.097983403121763     
   176.40000000000001        6.0000000000000000       -27.514768046265690     
   178.20000000000002        6.0000000000000000       -27.806242996582093     
   180.00000000000000        6.0000000000000000       -27.849425394822727     
   0.0000000000000000        6.0800000000000001        110.97677479511229     
   1.8000000000000003        6.0800000000000001        110.57642751776717     
   3.6000000000000005        6.0800000000000001        109.37545604898872     
   5.4000000000000004        6.0800000000000001        107.41088358099591     
   7.2000000000000011        6.0800000000000001        104.71803515626536     
   9.0000000000000000        6.0800000000000001        101.36716585715632     
   10.800000000000001        6.0800000000000001        97.421564697121298     
   12.600000000000001        6.0800000000000001        92.976205245369854     
   14.400000000000002        6.0800000000000001        88.111093029673896     
   16.200000000000003        6.0800000000000001        82.934753318652568     
   18.000000000000000        6.0800000000000001        77.540041274897050     
   19.799999999999997        6.0800000000000001        72.010465627737318     
   21.600000000000001        6.0800000000000001        66.461633034823706     
   23.400000000000002        6.0800000000000001        60.960316970018212     
   25.200000000000003        6.0800000000000001        55.585326945938135     
   27.000000000000000        6.0800000000000001        50.418154329658726     
   28.800000000000004        6.0800000000000001        45.499931698704934     
   30.600000000000005        6.0800000000000001        40.885836665629363     
   32.400000000000006        6.0800000000000001        36.614304007624206     
   34.199999999999996        6.0800000000000001        32.708752192679967     
   36.000000000000000        6.0800000000000001        29.183915053514557     
   37.800000000000004        6.0800000000000001        26.048521216695125     
   39.599999999999994        6.0800000000000001        23.304137446610262     
   41.399999999999999        6.0800000000000001        20.945020951944759     
   43.200000000000003        6.0800000000000001        18.956173031702107     
   45.000000000000000        6.0800000000000001        17.325744688008079     
   46.800000000000004        6.0800000000000001        16.028443078745934     
   48.599999999999994        6.0800000000000001        15.045788768633766     
   50.400000000000006        6.0800000000000001        14.351158729103425     
   52.200000000000003        6.0800000000000001        13.919282077481846     
   54.000000000000000        6.0800000000000001        13.726211560039932     
   55.799999999999997        6.0800000000000001        13.744033047122612     
   57.600000000000009        6.0800000000000001        13.947920363310864     
   59.400000000000013        6.0800000000000001        14.312664620123885     
   61.200000000000010        6.0800000000000001        14.813880264511361     
   63.000000000000000        6.0800000000000001        15.428347427593483     
   64.800000000000011        6.0800000000000001        16.133730421173031     
   66.600000000000009        6.0800000000000001        16.908713681900082     
   68.399999999999991        6.0800000000000001        17.733122042676143     
   70.200000000000003        6.0800000000000001        18.588029909396770     
   72.000000000000000        6.0800000000000001        19.455615318529460     
   73.799999999999997        6.0800000000000001        20.319382948839639     
   75.600000000000009        6.0800000000000001        21.163938054781390     
   77.399999999999991        6.0800000000000001        21.975353264778615     
   79.199999999999989        6.0800000000000001        22.741068277673207     
   81.000000000000000        6.0800000000000001        23.450023866320045     
   82.799999999999997        6.0800000000000001        24.092264983458399     
   84.599999999999994        6.0800000000000001        24.659807916941276     
   86.400000000000006        6.0800000000000001        25.145795531522996     
   88.200000000000003        6.0800000000000001        25.544596878264958     
   90.000000000000000        6.0800000000000001        25.852599963948848     
   91.799999999999997        6.0800000000000001        26.066883309043828     
   93.600000000000009        6.0800000000000001        26.185522093584670     
   95.400000000000006        6.0800000000000001        26.208080231038164     
   97.199999999999989        6.0800000000000001        26.134382148317997     
   99.000000000000014        6.0800000000000001        25.964563394835732     
   100.80000000000001        6.0800000000000001        25.699792188197915     
   102.59999999999999        6.0800000000000001        25.340431325916345     
   104.40000000000001        6.0800000000000001        24.887512572241114     
   106.19999999999999        6.0800000000000001        24.341591917325633     
   108.00000000000000        6.0800000000000001        23.703226745824470     
   109.80000000000000        6.0800000000000001        22.971881743537210     
   111.59999999999999        6.0800000000000001        22.148186637439998     
   113.40000000000001        6.0800000000000001        21.231862065959440     
   115.20000000000002        6.0800000000000001        20.222387609023595     
   117.00000000000000        6.0800000000000001        19.120267395715537     
   118.80000000000003        6.0800000000000001        17.926006795391757     
   120.60000000000001        6.0800000000000001        16.640783944930767     
   122.40000000000002        6.0800000000000001        15.265945073115430     
   124.20000000000000        6.0800000000000001        13.804753399888609     
   126.00000000000000        6.0800000000000001        12.260895413868859     
   127.80000000000001        6.0800000000000001        10.638860929937756     
   129.60000000000002        6.0800000000000001        8.9450386528476624     
   131.40000000000001        6.0800000000000001        7.1857397917585306     
   133.20000000000002        6.0800000000000001        5.3686869512664659     
   135.00000000000000        6.0800000000000001        3.5034557791996432     
   136.79999999999998        6.0800000000000001        1.5981783630980806     
   138.59999999999999        6.0800000000000001      -0.33599125560946363     
   140.40000000000001        6.0800000000000001       -2.2891621515844949     
   142.20000000000002        6.0800000000000001       -4.2503219411848550     
   144.00000000000000        6.0800000000000001       -6.2083599905786375     
   145.79999999999998        6.0800000000000001       -8.1529533659779663     
   147.59999999999999        6.0800000000000001       -10.073168084530444     
   149.40000000000003        6.0800000000000001       -11.957692791929492     
   151.20000000000002        6.0800000000000001       -13.796296665946485     
   153.00000000000000        6.0800000000000001       -15.578630399509533     
   154.79999999999998        6.0800000000000001       -17.296060967975055     
   156.59999999999997        6.0800000000000001       -18.937952213263561     
   158.39999999999998        6.0800000000000001       -20.496208964754857     
   160.20000000000002        6.0800000000000001       -21.962488413524156     
   162.00000000000000        6.0800000000000001       -23.328288457760447     
   163.79999999999998        6.0800000000000001       -24.587648501434572     
   165.59999999999999        6.0800000000000001       -25.732845758047215     
   167.40000000000001        6.0800000000000001       -26.757979763855346     
   169.19999999999999        6.0800000000000001       -27.657927399043405     
   171.00000000000000        6.0800000000000001       -28.427526167853692     
   172.80000000000001        6.0800000000000001       -29.063104308913044     
   174.59999999999999        6.0800000000000001       -29.560796107162833     
   176.40000000000001        6.0800000000000001       -29.918432835865591     
   178.20000000000002        6.0800000000000001       -30.170765570372737     
   180.00000000000000        6.0800000000000001       -30.205598059603147     
   0.0000000000000000        6.1600000000000001        81.596608853156923     
   1.8000000000000003        6.1600000000000001        81.272154607547890     
   3.6000000000000005        6.1600000000000001        80.298843579070422     
   5.4000000000000004        6.1600000000000001        78.707266588672155     
   7.2000000000000011        6.1600000000000001        76.526588946017952     
   9.0000000000000000        6.1600000000000001        73.814816592414857     
   10.800000000000001        6.1600000000000001        70.624154132802076     
   12.600000000000001        6.1600000000000001        67.032918630018969     
   14.400000000000002        6.1600000000000001        63.106991928044465     
   16.200000000000003        6.1600000000000001        58.935698327451860     
   18.000000000000000        6.1600000000000001        54.595320861202111     
   19.799999999999997        6.1600000000000001        50.154337619570512     
   21.600000000000001        6.1600000000000001        45.707516783198052     
   23.400000000000002        6.1600000000000001        41.309296092817462     
   25.200000000000003        6.1600000000000001        37.023895593912393     
   27.000000000000000        6.1600000000000001        32.917571316251205     
   28.800000000000004        6.1600000000000001        29.023342433370811     
   30.600000000000005        6.1600000000000001        25.385626175229262     
   32.400000000000006        6.1600000000000001        22.035000815396682     
   34.199999999999996        6.1600000000000001        18.989675131033881     
   36.000000000000000        6.1600000000000001        16.260698425071553     
   37.800000000000004        6.1600000000000001        13.854162394118159     
   39.599999999999994        6.1600000000000001        11.770276786969799     
   41.399999999999999        6.1600000000000001        10.003277407841603     
   43.200000000000003        6.1600000000000001        8.5399010210750443     
   45.000000000000000        6.1600000000000001        7.3694083861050208     
   46.800000000000004        6.1600000000000001        6.4702622189682257     
   48.599999999999994        6.1600000000000001        5.8264126473413436     
   50.400000000000006        6.1600000000000001        5.4153333402600126     
   52.200000000000003        6.1600000000000001        5.2156357913460196     
   54.000000000000000        6.1600000000000001        5.2070158503973873     
   55.799999999999997        6.1600000000000001        5.3661213970506090     
   57.600000000000009        6.1600000000000001        5.6720981594549666     
   59.400000000000013        6.1600000000000001        6.1038752825238349     
   61.200000000000010        6.1600000000000001        6.6411154754228932     
   63.000000000000000        6.1600000000000001        7.2644712169713825     
   64.800000000000011        6.1600000000000001        7.9553725390302459     
   66.600000000000009        6.1600000000000001        8.6961368281302285     
   68.399999999999991        6.1600000000000001        9.4700653354509843     
   70.200000000000003        6.1600000000000001        10.261506430032137     
   72.000000000000000        6.1600000000000001        11.055735624838636     
   73.799999999999997        6.1600000000000001        11.839237634744757     
   75.600000000000009        6.1600000000000001        12.599328123430606     
   77.399999999999991        6.1600000000000001        13.324646127383481     
   79.199999999999989        6.1600000000000001        14.004975417910387     
   81.000000000000000        6.1600000000000001        14.631379548588415     
   82.799999999999997        6.1600000000000001        15.195831487185098     
   84.599999999999994        6.1600000000000001        15.692013314624166     
   86.400000000000006        6.1600000000000001        16.114531049245208     
   88.200000000000003        6.1600000000000001        16.459016339423968     
   90.000000000000000        6.1600000000000001        16.722827973142067     
   91.799999999999997        6.1600000000000001        16.903866283647702     
   93.600000000000009        6.1600000000000001        17.000853283033702     
   95.400000000000006        6.1600000000000001        17.013761996746823     
   97.199999999999989        6.1600000000000001        16.942740712381816     
   99.000000000000014        6.1600000000000001        16.788165006995595     
   100.80000000000001        6.1600000000000001        16.551266100295077     
   102.59999999999999        6.1600000000000001        16.232539932254141     
   104.40000000000001        6.1600000000000001        15.833030570097916     
   106.19999999999999        6.1600000000000001        15.353344126629755     
   108.00000000000000        6.1600000000000001        14.794066977168153     
   109.80000000000000        6.1600000000000001        14.154829259075301     
   111.59999999999999        6.1600000000000001        13.436253941097890     
   113.40000000000001        6.1600000000000001        12.638175386535753     
   115.20000000000002        6.1600000000000001        11.760219275094336     
   117.00000000000000        6.1600000000000001        10.802891920158297     
   118.80000000000003        6.1600000000000001        9.7667021832151448     
   120.60000000000001        6.1600000000000001        8.6527383301972201     
   122.40000000000002        6.1600000000000001        7.4622350218609705     
   124.20000000000000        6.1600000000000001        6.1980696311138077     
   126.00000000000000        6.1600000000000001        4.8634798948561295     
   127.80000000000001        6.1600000000000001        3.4623875989757775     
   129.60000000000002        6.1600000000000001        2.0003317912098009     
   131.40000000000001        6.1600000000000001       0.48277741279132719     
   133.20000000000002        6.1600000000000001       -1.0836145533140049     
   135.00000000000000        6.1600000000000001       -2.6906136200435316     
   136.79999999999998        6.1600000000000001       -4.3312319818036462     
   138.59999999999999        6.1600000000000001       -5.9959174581712249     
   140.40000000000001        6.1600000000000001       -7.6762062923526564     
   142.20000000000002        6.1600000000000001       -9.3626897980789483     
   144.00000000000000        6.1600000000000001       -11.045884983087015     
   145.79999999999998        6.1600000000000001       -12.716987529030085     
   147.59999999999999        6.1600000000000001       -14.366678436586978     
   149.40000000000003        6.1600000000000001       -15.985320510935914     
   151.20000000000002        6.1600000000000001       -17.564198774576422     
   153.00000000000000        6.1600000000000001       -19.094496559733301     
   154.79999999999998        6.1600000000000001       -20.568859959284755     
   156.59999999999997        6.1600000000000001       -21.978221101761619     
   158.39999999999998        6.1600000000000001       -23.315676960468313     
   160.20000000000002        6.1600000000000001       -24.574108004557157     
   162.00000000000000        6.1600000000000001       -25.746251476746068     
   163.79999999999998        6.1600000000000001       -26.827014727446596     
   165.59999999999999        6.1600000000000001       -27.809789913847435     
   167.40000000000001        6.1600000000000001       -28.689524861482877     
   169.19999999999999        6.1600000000000001       -29.461829918602142     
   171.00000000000000        6.1600000000000001       -30.122277549197062     
   172.80000000000001        6.1600000000000001       -30.667717214025668     
   174.59999999999999        6.1600000000000001       -31.094829235725992     
   176.40000000000001        6.1600000000000001       -31.401750819777366     
   178.20000000000002        6.1600000000000001       -31.620255971552837     
   180.00000000000000        6.1600000000000001       -31.648195709013869     
   0.0000000000000000        6.2400000000000002        57.260383202647070     
   1.8000000000000003        6.2400000000000002        56.999887069363332     
   3.6000000000000005        6.2400000000000002        56.218435054986060     
   5.4000000000000004        6.2400000000000002        54.941153255852633     
   7.2000000000000011        6.2400000000000002        53.191975805290589     
   9.0000000000000000        6.2400000000000002        51.018506077889569     
   10.800000000000001        6.2400000000000002        48.463539634345437     
   12.600000000000001        6.2400000000000002        45.591256789971283     
   14.400000000000002        6.2400000000000002        42.455560326298553     
   16.200000000000003        6.2400000000000002        39.129492954561904     
   18.000000000000000        6.2400000000000002        35.675297454511828     
   19.799999999999997        6.2400000000000002        32.148728115614013     
   21.600000000000001        6.2400000000000002        28.626915226706000     
   23.400000000000002        6.2400000000000002        25.153879489989709     
   25.200000000000003        6.2400000000000002        21.781522607617660     
   27.000000000000000        6.2400000000000002        18.563247903953176     
   28.800000000000004        6.2400000000000002        15.525261336175499     
   30.600000000000005        6.2400000000000002        12.702934498919735     
   32.400000000000006        6.2400000000000002        10.120265720095558     
   34.199999999999996        6.2400000000000002        7.7911276595815515     
   36.000000000000000        6.2400000000000002        5.7235264214291925     
   37.800000000000004        6.2400000000000002        3.9213988141766927     
   39.599999999999994        6.2400000000000002        2.3838829538085871     
   41.399999999999999        6.2400000000000002        1.1052714438619933     
   43.200000000000003        6.2400000000000002        7.3838034839391165E-002
   45.000000000000000        6.2400000000000002      -0.72014516985578891     
   46.800000000000004        6.2400000000000002       -1.2949804369816595     
   48.599999999999994        6.2400000000000002       -1.6645974844959732     
   50.400000000000006        6.2400000000000002       -1.8480047324737103     
   52.200000000000003        6.2400000000000002       -1.8632550917751882     
   54.000000000000000        6.2400000000000002       -1.7275180801669621     
   55.799999999999997        6.2400000000000002       -1.4602462011931583     
   57.600000000000009        6.2400000000000002       -1.0788892483333552     
   59.400000000000013        6.2400000000000002      -0.60097789058988393     
   61.200000000000010        6.2400000000000002       -4.3387384534801364E-002
   63.000000000000000        6.2400000000000002       0.57784746548652466     
   64.800000000000011        6.2400000000000002        1.2473772108930508     
   66.600000000000009        6.2400000000000002        1.9506252498819274     
   68.399999999999991        6.2400000000000002        2.6738639732838334     
   70.200000000000003        6.2400000000000002        3.4042408523681837     
   72.000000000000000        6.2400000000000002        4.1296801730091603     
   73.799999999999997        6.2400000000000002        4.8392059392643318     
   75.600000000000009        6.2400000000000002        5.5224509147485312     
   77.399999999999991        6.2400000000000002        6.1702382033756171     
   79.199999999999989        6.2400000000000002        6.7743441015127033     
   81.000000000000000        6.2400000000000002        7.3276312783307906     
   82.799999999999997        6.2400000000000002        7.8237047806782831     
   84.599999999999994        6.2400000000000002        8.2576456673193164     
   86.400000000000006        6.2400000000000002        8.6252849278066552     
   88.200000000000003        6.2400000000000002        8.9233049038255867     
   90.000000000000000        6.2400000000000002        9.1498581398515881     
   91.799999999999997        6.2400000000000002        9.3035124914251099     
   93.600000000000009        6.2400000000000002        9.3835064223565841     
   95.400000000000006        6.2400000000000002        9.3901227609896356     
   97.199999999999989        6.2400000000000002        9.3237493870481511     
   99.000000000000014        6.2400000000000002        9.1849317111153486     
   100.80000000000001        6.2400000000000002        8.9749189388205401     
   102.59999999999999        6.2400000000000002        8.6942912097122580     
   104.40000000000001        6.2400000000000002        8.3440744434248835     
   106.19999999999999        6.2400000000000002        7.9248936761608579     
   108.00000000000000        6.2400000000000002        7.4373391568717855     
   109.80000000000000        6.2400000000000002        6.8811670804447083     
   111.59999999999999        6.2400000000000002        6.2569786515926218     
   113.40000000000001        6.2400000000000002        5.5646937798617637     
   115.20000000000002        6.2400000000000002        4.8040533818652049     
   117.00000000000000        6.2400000000000002        3.9755547944282985     
   118.80000000000003        6.2400000000000002        3.0796998426828059     
   120.60000000000001        6.2400000000000002        2.1174889917420145     
   122.40000000000002        6.2400000000000002        1.0900504419768631     
   124.20000000000000        6.2400000000000002       -8.3106397563469830E-005
   126.00000000000000        6.2400000000000002       -1.1500730173033868     
   127.80000000000001        6.2400000000000002       -2.3564999758566039     
   129.60000000000002        6.2400000000000002       -3.6145714469114489     
   131.40000000000001        6.2400000000000002       -4.9195655382134929     
   133.20000000000002        6.2400000000000002       -6.2657504486775997     
   135.00000000000000        6.2400000000000002       -7.6460697240219897     
   136.79999999999998        6.2400000000000002       -9.0545346017467292     
   138.59999999999999        6.2400000000000002       -10.482987228168389     
   140.40000000000001        6.2400000000000002       -11.924205756471823     
   142.20000000000002        6.2400000000000002       -13.370175132092102     
   144.00000000000000        6.2400000000000002       -14.812825629136894     
   145.79999999999998        6.2400000000000002       -16.244670908495234     
   147.59999999999999        6.2400000000000002       -17.657792464937145     
   149.40000000000003        6.2400000000000002       -19.044004046787556     
   151.20000000000002        6.2400000000000002       -20.395904115598956     
   153.00000000000000        6.2400000000000002       -21.706003569392301     
   154.79999999999998        6.2400000000000002       -22.968056468677204     
   156.59999999999997        6.2400000000000002       -24.174352979988040     
   158.39999999999998        6.2400000000000002       -25.319022651823893     
   160.20000000000002        6.2400000000000002       -26.396005524431530     
   162.00000000000000        6.2400000000000002       -27.399112522989181     
   163.79999999999998        6.2400000000000002       -28.324003216200722     
   165.59999999999999        6.2400000000000002       -29.165036126594540     
   167.40000000000001        6.2400000000000002       -29.917894664035288     
   169.19999999999999        6.2400000000000002       -30.578825392243104     
   171.00000000000000        6.2400000000000002       -31.144038429387770     
   172.80000000000001        6.2400000000000002       -31.610835644169711     
   174.59999999999999        6.2400000000000002       -31.976371344297725     
   176.40000000000001        6.2400000000000002       -32.239048433182120     
   178.20000000000002        6.2400000000000002       -32.427835651481871     
   180.00000000000000        6.2400000000000002       -32.449968973131703     
   0.0000000000000000        6.3200000000000003        37.172012193419505     
   1.8000000000000003        6.3200000000000003        36.965357668800749     
   3.6000000000000005        6.3200000000000003        36.345417943464483     
   5.4000000000000004        6.3200000000000003        35.332678839918742     
   7.2000000000000011        6.3200000000000003        33.946634256067014     
   9.0000000000000000        6.3200000000000003        32.226057878233327     
   10.800000000000001        6.3200000000000003        30.205762791462970     
   12.600000000000001        6.3200000000000003        27.937937872294647     
   14.400000000000002        6.3200000000000003        25.466331889236891     
   16.200000000000003        6.3200000000000003        22.850189898143736     
   18.000000000000000        6.3200000000000003        20.139867353491724     
   19.799999999999997        6.3200000000000003        17.380355218608862     
   21.600000000000001        6.3200000000000003        14.633865672434863     
   23.400000000000002        6.3200000000000003        11.935630380001914     
   25.200000000000003        6.3200000000000003        9.3271595843557407     
   27.000000000000000        6.3200000000000003        6.8510243475638850     
   28.800000000000004        6.3200000000000003        4.5277169348406296     
   30.600000000000005        6.3200000000000003        2.3850144040927672     
   32.400000000000006        6.3200000000000003       0.44141320267934431     
   34.199999999999996        6.3200000000000003       -1.2928147424171261     
   36.000000000000000        6.3200000000000003       -2.8121685744100811     
   37.800000000000004        6.3200000000000003       -4.1144638188491678     
   39.599999999999994        6.3200000000000003       -5.2013984337323080     
   41.399999999999999        6.3200000000000003       -6.0785632182632705     
   43.200000000000003        6.3200000000000003       -6.7563220431503197     
   45.000000000000000        6.3200000000000003       -7.2434813342415225     
   46.800000000000004        6.3200000000000003       -7.5555554659216089     
   48.599999999999994        6.3200000000000003       -7.7046223835520360     
   50.400000000000006        6.3200000000000003       -7.7066687238095346     
   52.200000000000003        6.3200000000000003       -7.5768807142735444     
   54.000000000000000        6.3200000000000003       -7.3297298242554012     
   55.799999999999997        6.3200000000000003       -6.9813353106307776     
   57.600000000000009        6.3200000000000003       -6.5462286816754025     
   59.400000000000013        6.3200000000000003       -6.0389121901119038     
   61.200000000000010        6.3200000000000003       -5.4733009308782217     
   63.000000000000000        6.3200000000000003       -4.8625964017402863     
   64.800000000000011        6.3200000000000003       -4.2193946818366097     
   66.600000000000009        6.3200000000000003       -3.5556179683779265     
   68.399999999999991        6.3200000000000003       -2.8824558669254952     
   70.200000000000003        6.3200000000000003       -2.2103691703975263     
   72.000000000000000        6.3200000000000003       -1.5491700008205005     
   73.799999999999997        6.3200000000000003      -0.90767258824007513     
   75.600000000000009        6.3200000000000003      -0.29426495997951779     
   77.399999999999991        6.3200000000000003       0.28373255707635903     
   79.199999999999989        6.3200000000000003       0.81978778565977262     
   81.000000000000000        6.3200000000000003        1.3082858584988573     
   82.799999999999997        6.3200000000000003        1.7442110736302348     
   84.599999999999994        6.3200000000000003        2.1238166647727730     
   86.400000000000006        6.3200000000000003        2.4439564935459859     
   88.200000000000003        6.3200000000000003        2.7021844456718620     
   90.000000000000000        6.3200000000000003        2.8972986026756771     
   91.799999999999997        6.3200000000000003        3.0284056393277865     
   93.600000000000009        6.3200000000000003        3.0951526290982763     
   95.400000000000006        6.3200000000000003        3.0980516369803328     
   97.199999999999989        6.3200000000000003        3.0376623571313708     
   99.000000000000014        6.3200000000000003        2.9146443163301328     
   100.80000000000001        6.3200000000000003        2.7302308726875721     
   102.59999999999999        6.3200000000000003        2.4850485981678818     
   104.40000000000001        6.3200000000000003        2.1800834232887336     
   106.19999999999999        6.3200000000000003        1.8159563873138564     
   108.00000000000000        6.3200000000000003        1.3932436371466475     
   109.80000000000000        6.3200000000000003       0.91179661748822571     
   111.59999999999999        6.3200000000000003       0.37218491693294081     
   113.40000000000001        6.3200000000000003      -0.22560769413586435     
   115.20000000000002        6.3200000000000003      -0.88174934603038913     
   117.00000000000000        6.3200000000000003       -1.5957590813236244     
   118.80000000000003        6.3200000000000003       -2.3671491907725462     
   120.60000000000001        6.3200000000000003       -3.1950033370664093     
   122.40000000000002        6.3200000000000003       -4.0782936140818933     
   124.20000000000000        6.3200000000000003       -5.0147947047326467     
   126.00000000000000        6.3200000000000003       -6.0020225661694875     
   127.80000000000001        6.3200000000000003       -7.0370021793028812     
   129.60000000000002        6.3200000000000003       -8.1155969399918284     
   131.40000000000001        6.3200000000000003       -9.2337374674432784     
   133.20000000000002        6.3200000000000003       -10.386505455235676     
   135.00000000000000        6.3200000000000003       -11.567869503814899     
   136.79999999999998        6.3200000000000003       -12.772713398331092     
   138.59999999999999        6.3200000000000003       -13.994093470176885     
   140.40000000000001        6.3200000000000003       -15.225869008264086     
   142.20000000000002        6.3200000000000003       -16.461236544995291     
   144.00000000000000        6.3200000000000003       -17.693353992787628     
   145.79999999999998        6.3200000000000003       -18.915879330319488     
   147.59999999999999        6.3200000000000003       -20.122109048847527     
   149.40000000000003        6.3200000000000003       -21.305114918599273     
   151.20000000000002        6.3200000000000003       -22.458633939831376     
   153.00000000000000        6.3200000000000003       -23.576327440632742     
   154.79999999999998        6.3200000000000003       -24.652909605137911     
   156.59999999999997        6.3200000000000003       -25.681847124867677     
   158.39999999999998        6.3200000000000003       -26.658164320676512     
   160.20000000000002        6.3200000000000003       -27.576719447432417     
   162.00000000000000        6.3200000000000003       -28.432254070185085     
   163.79999999999998        6.3200000000000003       -29.221079999150820     
   165.59999999999999        6.3200000000000003       -29.938393805775345     
   167.40000000000001        6.3200000000000003       -30.580517106364439     
   169.19999999999999        6.3200000000000003       -31.144248634425580     
   171.00000000000000        6.3200000000000003       -31.626352068919580     
   172.80000000000001        6.3200000000000003       -32.024522188827049     
   174.59999999999999        6.3200000000000003       -32.336324999169918     
   176.40000000000001        6.3200000000000003       -32.560394296806983     
   178.20000000000002        6.3200000000000003       -32.723067932832031     
   180.00000000000000        6.3200000000000003       -32.740316689779242     
   0.0000000000000000        6.4000000000000004        21.046669630550966     
   1.8000000000000003        6.4000000000000004        20.884345516232781     
   3.6000000000000005        6.4000000000000004        20.397387062851539     
   5.4000000000000004        6.4000000000000004        19.602419482838787     
   7.2000000000000011        6.4000000000000004        18.515244195976798     
   9.0000000000000000        6.4000000000000004        17.167292176932207     
   10.800000000000001        6.4000000000000004        15.586742188183177     
   12.600000000000001        6.4000000000000004        13.815818780241631     
   14.400000000000002        6.4000000000000004        11.889840285967228     
   16.200000000000003        6.4000000000000004        9.8565994851001548     
   18.000000000000000        6.4000000000000004        7.7565959629058243     
   19.799999999999997        6.4000000000000004        5.6259060531010912     
   21.600000000000001        6.4000000000000004        3.5143882746566986     
   23.400000000000002        6.4000000000000004        1.4500176600744441     
   25.200000000000003        6.4000000000000004      -0.53427343361205148     
   27.000000000000000        6.4000000000000004       -2.4048456975324566     
   28.800000000000004        6.4000000000000004       -4.1458895332225403     
   30.600000000000005        6.4000000000000004       -5.7358606623403814     
   32.400000000000006        6.4000000000000004       -7.1607552149346070     
   34.199999999999996        6.4000000000000004       -8.4132160644246419     
   36.000000000000000        6.4000000000000004       -9.4897479213919027     
   37.800000000000004        6.4000000000000004       -10.389546682861129     
   39.599999999999994        6.4000000000000004       -11.114931758921610     
   41.399999999999999        6.4000000000000004       -11.671328148784482     
   43.200000000000003        6.4000000000000004       -12.067908404986767     
   45.000000000000000        6.4000000000000004       -12.312648979843395     
   46.800000000000004        6.4000000000000004       -12.418703136089027     
   48.599999999999994        6.4000000000000004       -12.396556020888784     
   50.400000000000006        6.4000000000000004       -12.259644948507059     
   52.200000000000003        6.4000000000000004       -12.020736244087896     
   54.000000000000000        6.4000000000000004       -11.692019869949009     
   55.799999999999997        6.4000000000000004       -11.286819653259055     
   57.600000000000009        6.4000000000000004       -10.817211594700067     
   59.400000000000013        6.4000000000000004       -10.295156117436907     
   61.200000000000010        6.4000000000000004       -9.7320853732453063     
   63.000000000000000        6.4000000000000004       -9.1388237303073900     
   64.800000000000011        6.4000000000000004       -8.5256585043877173     
   66.600000000000009        6.4000000000000004       -7.9022873983222208     
   68.399999999999991        6.4000000000000004       -7.2777744230451420     
   70.200000000000003        6.4000000000000004       -6.6605768167299182     
   72.000000000000000        6.4000000000000004       -6.0586104019204656     
   73.799999999999997        6.4000000000000004       -5.4788867354970758     
   75.600000000000009        6.4000000000000004       -4.9281370760711409     
   77.399999999999991        6.4000000000000004       -4.4121366560606150     
   79.199999999999989        6.4000000000000004       -3.9360122464342466     
   81.000000000000000        6.4000000000000004       -3.5041187039111907     
   82.799999999999997        6.4000000000000004       -3.1203321796971650     
   84.599999999999994        6.4000000000000004       -2.7874410522981470     
   86.400000000000006        6.4000000000000004       -2.5077586809368535     
   88.200000000000003        6.4000000000000004       -2.2830274270435429     
   90.000000000000000        6.4000000000000004       -2.1139409301095773     
   91.799999999999997        6.4000000000000004       -2.0009723498378649     
   93.600000000000009        6.4000000000000004       -1.9441644216482397     
   95.400000000000006        6.4000000000000004       -1.9428476377734001     
   97.199999999999989        6.4000000000000004       -1.9963502382509650     
   99.000000000000014        6.4000000000000004       -2.1039468752634050     
   100.80000000000001        6.4000000000000004       -2.2644472141988801     
   102.59999999999999        6.4000000000000004       -2.4772097940014262     
   104.40000000000001        6.4000000000000004       -2.7413050105763697     
   106.19999999999999        6.4000000000000004       -3.0561336721151351     
   108.00000000000000        6.4000000000000004       -3.4211471855850042     
   109.80000000000000        6.4000000000000004       -3.8364251677427093     
   111.59999999999999        6.4000000000000004       -4.3014359738999479     
   113.40000000000001        6.4000000000000004       -4.8161501432053848     
   115.20000000000002        6.4000000000000004       -5.3806658151668882     
   117.00000000000000        6.4000000000000004       -5.9945233088155527     
   118.80000000000003        6.4000000000000004       -6.6572538432676867     
   120.60000000000001        6.4000000000000004       -7.3680198226670122     
   122.40000000000002        6.4000000000000004       -8.1258859797635896     
   124.20000000000000        6.4000000000000004       -8.9288968551788983     
   126.00000000000000        6.4000000000000004       -9.7748786362277027     
   127.80000000000001        6.4000000000000004       -10.661243173371282     
   129.60000000000002        6.4000000000000004       -11.584421294111978     
   131.40000000000001        6.4000000000000004       -12.540907774625717     
   133.20000000000002        6.4000000000000004       -13.526485379405958     
   135.00000000000000        6.4000000000000004       -14.536003490250192     
   136.79999999999998        6.4000000000000004       -15.565095879988110     
   138.59999999999999        6.4000000000000004       -16.607859144699201     
   140.40000000000001        6.4000000000000004       -17.659078518728176     
   142.20000000000002        6.4000000000000004       -18.712986662692899     
   144.00000000000000        6.4000000000000004       -19.763790370033028     
   145.79999999999998        6.4000000000000004       -20.806124775858038     
   147.59999999999999        6.4000000000000004       -21.834322972514641     
   149.40000000000003        6.4000000000000004       -22.842529344866044     
   151.20000000000002        6.4000000000000004       -23.825451379916267     
   153.00000000000000        6.4000000000000004       -24.777730708083158     
   154.79999999999998        6.4000000000000004       -25.694899632239931     
   156.59999999999997        6.4000000000000004       -26.571427132166580     
   158.39999999999998        6.4000000000000004       -27.403099978524548     
   160.20000000000002        6.4000000000000004       -28.185558926025092     
   162.00000000000000        6.4000000000000004       -28.914338847191164     
   163.79999999999998        6.4000000000000004       -29.586307756861508     
   165.59999999999999        6.4000000000000004       -30.197377054334929     
   167.40000000000001        6.4000000000000004       -30.744413007156368     
   169.19999999999999        6.4000000000000004       -31.224685752641356     
   171.00000000000000        6.4000000000000004       -31.635431716008341     
   172.80000000000001        6.4000000000000004       -31.974681380844494     
   174.59999999999999        6.4000000000000004       -32.240352570745756     
   176.40000000000001        6.4000000000000004       -32.431276494219084     
   178.20000000000002        6.4000000000000004       -32.571354980054373     
   180.00000000000000        6.4000000000000004       -32.584586873790506     
   0.0000000000000000        6.4800000000000004        7.8617725604026703     
   1.8000000000000003        6.4800000000000004        7.7366636835642550     
   3.6000000000000005        6.4800000000000004        7.3613428807618995     
   5.4000000000000004        6.4800000000000004        6.7491614771017359     
   7.2000000000000011        6.4800000000000004        5.9127909624667376     
   9.0000000000000000        6.4800000000000004        4.8774382548307740     
   10.800000000000001        6.4800000000000004        3.6656616318970610     
   12.600000000000001        6.4800000000000004        2.3112455430997225     
   14.400000000000002        6.4800000000000004       0.84237318247297299     
   16.200000000000003        6.4800000000000004      -0.70285269222540947     
   18.000000000000000        6.4800000000000004       -2.2922630262483272     
   19.799999999999997        6.4800000000000004       -3.8973088841881904     
   21.600000000000001        6.4800000000000004       -5.4785612832401709     
   23.400000000000002        6.4800000000000004       -7.0141540341308559     
   25.200000000000003        6.4800000000000004       -8.4783744045372149     
   27.000000000000000        6.4800000000000004       -9.8450923218319009     
   28.800000000000004        6.4800000000000004       -11.102411602263013     
   30.600000000000005        6.4800000000000004       -12.234003929713234     
   32.400000000000006        6.4800000000000004       -13.229606201198214     
   34.199999999999996        6.4800000000000004       -14.084267114167419     
   36.000000000000000        6.4800000000000004       -14.796127798373119     
   37.800000000000004        6.4800000000000004       -15.365491250453093     
   39.599999999999994        6.4800000000000004       -15.795143034798752     
   41.399999999999999        6.4800000000000004       -16.090310945421255     
   43.200000000000003        6.4800000000000004       -16.259109508001437     
   45.000000000000000        6.4800000000000004       -16.308759056286913     
   46.800000000000004        6.4800000000000004       -16.250375969405155     
   48.599999999999994        6.4800000000000004       -16.093051479590681     
   50.400000000000006        6.4800000000000004       -15.848031684165683     
   52.200000000000003        6.4800000000000004       -15.526001827759503     
   54.000000000000000        6.4800000000000004       -15.137186683204297     
   55.799999999999997        6.4800000000000004       -14.692521110827585     
   57.600000000000009        6.4800000000000004       -14.201976187347951     
   59.400000000000013        6.4800000000000004       -13.675338710639469     
   61.200000000000010        6.4800000000000004       -13.121919027678295     
   63.000000000000000        6.4800000000000004       -12.550509824157007     
   64.800000000000011        6.4800000000000004       -11.969426398667116     
   66.600000000000009        6.4800000000000004       -11.386467637176972     
   68.399999999999991        6.4800000000000004       -10.808884425536579     
   70.200000000000003        6.4800000000000004       -10.243424780725976     
   72.000000000000000        6.4800000000000004       -9.6963868980021797     
   73.799999999999997        6.4800000000000004       -9.1732514195679737     
   75.600000000000009        6.4800000000000004       -8.6793376313281190     
   77.399999999999991        6.4800000000000004       -8.2191113373414577     
   79.199999999999989        6.4800000000000004       -7.7965102546899390     
   81.000000000000000        6.4800000000000004       -7.4148272748177586     
   82.799999999999997        6.4800000000000004       -7.0769797449780629     
   84.599999999999994        6.4800000000000004       -6.7849579100289610     
   86.400000000000006        6.4800000000000004       -6.5403845192053920     
   88.200000000000003        6.4800000000000004       -6.3444231137858615     
   90.000000000000000        6.4800000000000004       -6.1973600445250021     
   91.799999999999997        6.4800000000000004       -6.0993351899952870     
   93.600000000000009        6.4800000000000004       -6.0501523781870326     
   95.400000000000006        6.4800000000000004       -6.0490352963576699     
   97.199999999999989        6.4800000000000004       -6.0952417450085221     
   99.000000000000014        6.4800000000000004       -6.1880135451091149     
   100.80000000000001        6.4800000000000004       -6.3262201885091409     
   102.59999999999999        6.4800000000000004       -6.5092259206802057     
   104.40000000000001        6.4800000000000004       -6.7361665327008176     
   106.19999999999999        6.4800000000000004       -7.0064752783171773     
   108.00000000000000        6.4800000000000004       -7.3196386340900661     
   109.80000000000000        6.4800000000000004       -7.6756850293530983     
   111.59999999999999        6.4800000000000004       -8.0741233654320723     
   113.40000000000001        6.4800000000000004       -8.5148905002094271     
   115.20000000000002        6.4800000000000004       -8.9980289475087538     
   117.00000000000000        6.4800000000000004       -9.5231025001442688     
   118.80000000000003        6.4800000000000004       -10.089663599831754     
   120.60000000000001        6.4800000000000004       -10.696947979557988     
   122.40000000000002        6.4800000000000004       -11.344105948220362     
   124.20000000000000        6.4800000000000004       -12.029422017874220     
   126.00000000000000        6.4800000000000004       -12.750997552980095     
   127.80000000000001        6.4800000000000004       -13.506586273225993     
   129.60000000000002        6.4800000000000004       -14.293117714819617     
   131.40000000000001        6.4800000000000004       -15.107582266796420     
   133.20000000000002        6.4800000000000004       -15.946376878807902     
   135.00000000000000        6.4800000000000004       -16.805120568455688     
   136.79999999999998        6.4800000000000004       -17.680102633628284     
   138.59999999999999        6.4800000000000004       -18.566326329314293     
   140.40000000000001        6.4800000000000004       -19.459383640208340     
   142.20000000000002        6.4800000000000004       -20.354408783440395     
   144.00000000000000        6.4800000000000004       -21.246520444888763     
   145.79999999999998        6.4800000000000004       -22.131202866958002     
   147.59999999999999        6.4800000000000004       -23.003689204735853     
   149.40000000000003        6.4800000000000004       -23.859054646102951     
   151.20000000000002        6.4800000000000004       -24.692848654709341     
   153.00000000000000        6.4800000000000004       -25.500563118575386     
   154.79999999999998        6.4800000000000004       -26.278439904794180     
   156.59999999999997        6.4800000000000004       -27.021817164927093     
   158.39999999999998        6.4800000000000004       -27.727142993753979     
   160.20000000000002        6.4800000000000004       -28.390736941791747     
   162.00000000000000        6.4800000000000004       -29.008822249040989     
   163.79999999999998        6.4800000000000004       -29.578749713205923     
   165.59999999999999        6.4800000000000004       -30.097051383575131     
   167.40000000000001        6.4800000000000004       -30.561066642355506     
   169.19999999999999        6.4800000000000004       -30.968475258725334     
   171.00000000000000        6.4800000000000004       -31.316924592488323     
   172.80000000000001        6.4800000000000004       -31.604737057266945     
   174.59999999999999        6.4800000000000004       -31.830136481636426     
   176.40000000000001        6.4800000000000004       -31.992125851675912     
   178.20000000000002        6.4800000000000004       -32.112340438258016     
   180.00000000000000        6.4800000000000004       -32.122205277890011     
   0.0000000000000000        6.5600000000000005       -2.4595627735410188     
   1.8000000000000003        6.5600000000000005       -2.5544519243314077     
   3.6000000000000005        6.5600000000000005       -2.8391197799676511     
   5.4000000000000004        6.5600000000000005       -3.3029082674831618     
   7.2000000000000011        6.5600000000000005       -3.9357192918725281     
   9.0000000000000000        6.5600000000000005       -4.7174633121272080     
   10.800000000000001        6.5600000000000005       -5.6301999587564762     
   12.600000000000001        6.5600000000000005       -6.6470778057670330     
   14.400000000000002        6.5600000000000005       -7.7457688185870293     
   16.200000000000003        6.5600000000000005       -8.8961192072052722     
   18.000000000000000        6.5600000000000005       -10.072784579434673     
   19.799999999999997        6.5600000000000005       -11.253374823764174     
   21.600000000000001        6.5600000000000005       -12.406992459122893     
   23.400000000000002        6.5600000000000005       -13.516750056982861     
   25.200000000000003        6.5600000000000005       -14.562817341895283     
   27.000000000000000        6.5600000000000005       -15.525173981114303     
   28.800000000000004        6.5600000000000005       -16.395083080692533     
   30.600000000000005        6.5600000000000005       -17.160434594246055     
   32.400000000000006        6.5600000000000005       -17.813970521367914     
   34.199999999999996        6.5600000000000005       -18.352649495684812     
   36.000000000000000        6.5600000000000005       -18.775891210260486     
   37.800000000000004        6.5600000000000005       -19.084842546874462     
   39.599999999999994        6.5600000000000005       -19.282608309236238     
   41.399999999999999        6.5600000000000005       -19.374194152833180     
   43.200000000000003        6.5600000000000005       -19.366793495993914     
   45.000000000000000        6.5600000000000005       -19.266949136238313     
   46.800000000000004        6.5600000000000005       -19.084064832208586     
   48.599999999999994        6.5600000000000005       -18.826039137346051     
   50.400000000000006        6.5600000000000005       -18.502284183485763     
   52.200000000000003        6.5600000000000005       -18.121742345350910     
   54.000000000000000        6.5600000000000005       -17.692989416848334     
   55.799999999999997        6.5600000000000005       -17.224975487059314     
   57.600000000000009        6.5600000000000005       -16.725916239319073     
   59.400000000000013        6.5600000000000005       -16.203791480642860     
   61.200000000000010        6.5600000000000005       -15.666149365154599     
   63.000000000000000        6.5600000000000005       -15.120095122254295     
   64.800000000000011        6.5600000000000005       -14.572307641599377     
   66.600000000000009        6.5600000000000005       -14.029011621035165     
   68.399999999999991        6.5600000000000005       -13.495956322670235     
   70.200000000000003        6.5600000000000005       -12.978474185649230     
   72.000000000000000        6.5600000000000005       -12.481523970092979     
   73.799999999999997        6.5600000000000005       -12.009325930304083     
   75.600000000000009        6.5600000000000005       -11.566031884208677     
   77.399999999999991        6.5600000000000005       -11.155032709587294     
   79.199999999999989        6.5600000000000005       -10.779292194345372     
   81.000000000000000        6.5600000000000005       -10.441237724511142     
   82.799999999999997        6.5600000000000005       -10.143006985161005     
   84.599999999999994        6.5600000000000005       -9.8859498724623318     
   86.400000000000006        6.5600000000000005       -9.6711381372362073     
   88.200000000000003        6.5600000000000005       -9.4992785658783827     
   90.000000000000000        6.5600000000000005       -9.3703475600628092     
   91.799999999999997        6.5600000000000005       -9.2842349933042243     
   93.600000000000009        6.5600000000000005       -9.2405732360000421     
   95.400000000000006        6.5600000000000005       -9.2385255553853671     
   97.199999999999989        6.5600000000000005       -9.2773168573664915     
   99.000000000000014        6.5600000000000005       -9.3561851357442833     
   100.80000000000001        6.5600000000000005       -9.4740724108709369     
   102.59999999999999        6.5600000000000005       -9.6303656561151705     
   104.40000000000001        6.5600000000000005       -9.8242716138253101     
   106.19999999999999        6.5600000000000005       -10.055263495384084     
   108.00000000000000        6.5600000000000005       -10.322867575670706     
   109.80000000000000        6.5600000000000005       -10.627076568228121     
   111.59999999999999        6.5600000000000005       -10.967440297802202     
   113.40000000000001        6.5600000000000005       -11.343872163058998     
   115.20000000000002        6.5600000000000005       -11.756371881578120     
   117.00000000000000        6.5600000000000005       -12.204527420031548     
   118.80000000000003        6.5600000000000005       -12.687913402502721     
   120.60000000000001        6.5600000000000005       -13.205832177197003     
   122.40000000000002        6.5600000000000005       -13.757511331779833     
   124.20000000000000        6.5600000000000005       -14.341444074219638     
   126.00000000000000        6.5600000000000005       -14.955970519008481     
   127.80000000000001        6.5600000000000005       -15.599139842187052     
   129.60000000000002        6.5600000000000005       -16.268310013525504     
   131.40000000000001        6.5600000000000005       -16.960897001997282     
   133.20000000000002        6.5600000000000005       -17.673823495825864     
   135.00000000000000        6.5600000000000005       -18.403365361457652     
   136.79999999999998        6.5600000000000005       -19.146371516092888     
   138.59999999999999        6.5600000000000005       -19.898616677731379     
   140.40000000000001        6.5600000000000005       -20.656378989996355     
   142.20000000000002        6.5600000000000005       -21.415558274714957     
   144.00000000000000        6.5600000000000005       -22.172046833815077     
   145.79999999999998        6.5600000000000005       -22.922048819647912     
   147.59999999999999        6.5600000000000005       -23.661559808263632     
   149.40000000000003        6.5600000000000005       -24.386442930175082     
   151.20000000000002        6.5600000000000005       -25.092960193966725     
   153.00000000000000        6.5600000000000005       -25.777322822738185     
   154.79999999999998        6.5600000000000005       -26.436372954316848     
   156.59999999999997        6.5600000000000005       -27.066183968227687     
   158.39999999999998        6.5600000000000005       -27.663763497056379     
   160.20000000000002        6.5600000000000005       -28.226005519483955     
   162.00000000000000        6.5600000000000005       -28.749716030544445     
   163.79999999999998        6.5600000000000005       -29.232654680798461     
   165.59999999999999        6.5600000000000005       -29.671879365132078     
   167.40000000000001        6.5600000000000005       -30.065130534262551     
   169.19999999999999        6.5600000000000005       -30.410435361768652     
   171.00000000000000        6.5600000000000005       -30.705789871028315     
   172.80000000000001        6.5600000000000005       -30.949764284767987     
   174.59999999999999        6.5600000000000005       -31.140842266404807     
   176.40000000000001        6.5600000000000005       -31.278172728655949     
   178.20000000000002        6.5600000000000005       -31.381316896473823     
   180.00000000000000        6.5600000000000005       -31.388454227210818     
   0.0000000000000000        6.6400000000000006       -10.770417831275038     
   1.8000000000000003        6.6400000000000006       -10.840047744341403     
   3.6000000000000005        6.6400000000000006       -11.048942843779965     
   5.4000000000000004        6.6400000000000006       -11.388723908353152     
   7.2000000000000011        6.6400000000000006       -11.851469161247831     
   9.0000000000000000        6.6400000000000006       -12.421416855576235     
   10.800000000000001        6.6400000000000006       -13.084529506368998     
   12.600000000000001        6.6400000000000006       -13.819814034282484     
   14.400000000000002        6.6400000000000006       -14.609885348459756     
   16.200000000000003        6.6400000000000006       -15.431298062622492     
   18.000000000000000        6.6400000000000006       -16.264460245233696     
   19.799999999999997        6.6400000000000006       -17.092166826515307     
   21.600000000000001        6.6400000000000006       -17.890701466194990     
   23.400000000000002        6.6400000000000006       -18.647353001582960     
   25.200000000000003        6.6400000000000006       -19.347224163698598     
   27.000000000000000        6.6400000000000006       -19.975411309623087     
   28.800000000000004        6.6400000000000006       -20.525803617756779     
   30.600000000000005        6.6400000000000006       -20.989803262860473     
   32.400000000000006        6.6400000000000006       -21.362638157446057     
   34.199999999999996        6.6400000000000006       -21.642828443515370     
   36.000000000000000        6.6400000000000006       -21.830822230164937     
   37.800000000000004        6.6400000000000006       -21.928427523021668     
   39.599999999999994        6.6400000000000006       -21.938968299732178     
   41.399999999999999        6.6400000000000006       -21.867214639635254     
   43.200000000000003        6.6400000000000006       -21.719540140237363     
   45.000000000000000        6.6400000000000006       -21.501870058377104     
   46.800000000000004        6.6400000000000006       -21.222129401049319     
   48.599999999999994        6.6400000000000006       -20.887170824995447     
   50.400000000000006        6.6400000000000006       -20.504829532078933     
   52.200000000000003        6.6400000000000006       -20.082548501207270     
   54.000000000000000        6.6400000000000006       -19.627482508846626     
   55.799999999999997        6.6400000000000006       -19.146886759115276     
   57.600000000000009        6.6400000000000006       -18.647472856151531     
   59.400000000000013        6.6400000000000006       -18.135676894007585     
   61.200000000000010        6.6400000000000006       -17.617543070494122     
   63.000000000000000        6.6400000000000006       -17.098736506535598     
   64.800000000000011        6.6400000000000006       -16.584540865338841     
   66.600000000000009        6.6400000000000006       -16.079839975085466     
   68.399999999999991        6.6400000000000006       -15.589105373821273     
   70.200000000000003        6.6400000000000006       -15.116465131159270     
   72.000000000000000        6.6400000000000006       -14.665738776811313     
   73.799999999999997        6.6400000000000006       -14.240080321096812     
   75.600000000000009        6.6400000000000006       -13.842650143648759     
   77.399999999999991        6.6400000000000006       -13.475932397058850     
   79.199999999999989        6.6400000000000006       -13.142071119440285     
   81.000000000000000        6.6400000000000006       -12.842768659601543     
   82.799999999999997        6.6400000000000006       -12.579511004430961     
   84.599999999999994        6.6400000000000006       -12.353119666104377     
   86.400000000000006        6.6400000000000006       -12.164214197754378     
   88.200000000000003        6.6400000000000006       -12.013130568068107     
   90.000000000000000        6.6400000000000006       -11.899602805131289     
   91.799999999999997        6.6400000000000006       -11.823328249625211     
   93.600000000000009        6.6400000000000006       -11.783813730440146     
   95.400000000000006        6.6400000000000006       -11.780192549828516     
   97.199999999999989        6.6400000000000006       -11.811680933181206     
   99.000000000000014        6.6400000000000006       -11.877531185500041     
   100.80000000000001        6.6400000000000006       -11.976764182557975     
   102.59999999999999        6.6400000000000006       -12.108799444024504     
   104.40000000000001        6.6400000000000006       -12.272916278594099     
   106.19999999999999        6.6400000000000006       -12.468631188967146     
   108.00000000000000        6.6400000000000006       -12.695511795243149     
   109.80000000000000        6.6400000000000006       -12.953524745672302     
   111.59999999999999        6.6400000000000006       -13.242259604194384     
   113.40000000000001        6.6400000000000006       -13.561612526856806     
   115.20000000000002        6.6400000000000006       -13.911548705574322     
   117.00000000000000        6.6400000000000006       -14.291679830183657     
   118.80000000000003        6.6400000000000006       -14.701602550014579     
   120.60000000000001        6.6400000000000006       -15.140680154183151     
   122.40000000000002        6.6400000000000006       -15.608210730695484     
   124.20000000000000        6.6400000000000006       -16.102872719117372     
   126.00000000000000        6.6400000000000006       -16.623217806155409     
   127.80000000000001        6.6400000000000006       -17.167556210468938     
   129.60000000000002        6.6400000000000006       -17.733622608312892     
   131.40000000000001        6.6400000000000006       -18.319207033955148     
   133.20000000000002        6.6400000000000006       -18.921693064282081     
   135.00000000000000        6.6400000000000006       -19.537930949379419     
   136.79999999999998        6.6400000000000006       -20.165259070025883     
   138.59999999999999        6.6400000000000006       -20.800125009196169     
   140.40000000000001        6.6400000000000006       -21.439405137048031     
   142.20000000000002        6.6400000000000006       -22.079665878686171     
   144.00000000000000        6.6400000000000006       -22.717472536768135     
   145.79999999999998        6.6400000000000006       -23.349655202373832     
   147.59999999999999        6.6400000000000006       -23.972871840913641     
   149.40000000000003        6.6400000000000006       -24.583669767084036     
   151.20000000000002        6.6400000000000006       -25.178929548998138     
   153.00000000000000        6.6400000000000006       -25.755486713882792     
   154.79999999999998        6.6400000000000006       -26.310704335258222     
   156.59999999999997        6.6400000000000006       -26.841293844195000     
   158.39999999999998        6.6400000000000006       -27.344748543775875     
   160.20000000000002        6.6400000000000006       -27.818461109035773     
   162.00000000000000        6.6400000000000006       -28.259743653610027     
   163.79999999999998        6.6400000000000006       -28.666711009423850     
   165.59999999999999        6.6400000000000006       -29.036878106723304     
   167.40000000000001        6.6400000000000006       -29.368334149960990     
   169.19999999999999        6.6400000000000006       -29.659408521288164     
   171.00000000000000        6.6400000000000006       -29.908400677248636     
   172.80000000000001        6.6400000000000006       -30.114096588376558     
   174.59999999999999        6.6400000000000006       -30.275206206047208     
   176.40000000000001        6.6400000000000006       -30.391005574972649     
   178.20000000000002        6.6400000000000006       -30.479136761309714     
   180.00000000000000        6.6400000000000006       -30.484000492745199     
   0.0000000000000000        6.7200000000000006       -17.042563841500694     
   1.8000000000000003        6.7200000000000006       -17.092025917331735     
   3.6000000000000005        6.7200000000000006       -17.240421183303692     
   5.4000000000000004        6.7200000000000006       -17.481220749121853     
   7.2000000000000011        6.7200000000000006       -17.808268694425134     
   9.0000000000000000        6.7200000000000006       -18.209314878938606     
   10.800000000000001        6.7200000000000006       -18.673485919661587     
   12.600000000000001        6.7200000000000006       -19.184536871667639     
   14.400000000000002        6.7200000000000006       -19.729083818556113     
   16.200000000000003        6.7200000000000006       -20.289109314963998     
   18.000000000000000        6.7200000000000006       -20.849668123955873     
   19.799999999999997        6.7200000000000006       -21.397736734160407     
   21.600000000000001        6.7200000000000006       -21.915388572042321     
   23.400000000000002        6.7200000000000006       -22.393263648463904     
   25.200000000000003        6.7200000000000006       -22.820421636138576     
   27.000000000000000        6.7200000000000006       -23.186055475986961     
   28.800000000000004        6.7200000000000006       -23.486134922767818     
   30.600000000000005        6.7200000000000006       -23.714851342146570     
   32.400000000000006        6.7200000000000006       -23.869388591410782     
   34.199999999999996        6.7200000000000006       -23.949474514990300     
   36.000000000000000        6.7200000000000006       -23.956333199513431     
   37.800000000000004        6.7200000000000006       -23.892250842201602     
   39.599999999999994        6.7200000000000006       -23.760672826192579     
   41.399999999999999        6.7200000000000006       -23.566124968774020     
   43.200000000000003        6.7200000000000006       -23.314270068885172     
   45.000000000000000        6.7200000000000006       -23.010482581742920     
   46.800000000000004        6.7200000000000006       -22.661453564366980     
   48.599999999999994        6.7200000000000006       -22.273145377306982     
   50.400000000000006        6.7200000000000006       -21.852084603975300     
   52.200000000000003        6.7200000000000006       -21.404469145302002     
   54.000000000000000        6.7200000000000006       -20.936271257470246     
   55.799999999999997        6.7200000000000006       -20.453352747856552     
   57.600000000000009        6.7200000000000006       -19.961183260723121     
   59.400000000000013        6.7200000000000006       -19.464929366672955     
   61.200000000000010        6.7200000000000006       -18.969400235873145     
   63.000000000000000        6.7200000000000006       -18.479078646023950     
   64.800000000000011        6.7200000000000006       -17.998104391893978     
   66.600000000000009        6.7200000000000006       -17.530263610100917     
   68.399999999999991        6.7200000000000006       -17.078983479326094     
   70.200000000000003        6.7200000000000006       -16.647407990659250     
   72.000000000000000        6.7200000000000006       -16.238426370387593     
   73.799999999999997        6.7200000000000006       -15.854328331120632     
   75.600000000000009        6.7200000000000006       -15.497466560707366     
   77.399999999999991        6.7200000000000006       -15.169593309324460     
   79.199999999999989        6.7200000000000006       -14.872192953156286     
   81.000000000000000        6.7200000000000006       -14.606388245994070     
   82.799999999999997        6.7200000000000006       -14.373145812800965     
   84.599999999999994        6.7200000000000006       -14.172873680567497     
   86.400000000000006        6.7200000000000006       -14.005840264178357     
   88.200000000000003        6.7200000000000006       -13.872098074937108     
   90.000000000000000        6.7200000000000006       -13.771206311646683     
   91.799999999999997        6.7200000000000006       -13.702726812284055     
   93.600000000000009        6.7200000000000006       -13.666085653710510     
   95.400000000000006        6.7200000000000006       -13.660414497330478     
   97.199999999999989        6.7200000000000006       -13.684942858963733     
   99.000000000000014        6.7200000000000006       -13.738953089795864     
   100.80000000000001        6.7200000000000006       -13.821548265493227     
   102.59999999999999        6.7200000000000006       -13.932187905660120     
   104.40000000000001        6.7200000000000006       -14.070222860404010     
   106.19999999999999        6.7200000000000006       -14.235214073217012     
   108.00000000000000        6.7200000000000006       -14.426770063507202     
   109.80000000000000        6.7200000000000006       -14.644839870149061     
   111.59999999999999        6.7200000000000006       -14.889049987809226     
   113.40000000000001        6.7200000000000006       -15.159284614229303     
   115.20000000000002        6.7200000000000006       -15.455482049843502     
   117.00000000000000        6.7200000000000006       -15.777276241692508     
   118.80000000000003        6.7200000000000006       -16.124284819146570     
   120.60000000000001        6.7200000000000006       -16.495925201439022     
   122.40000000000002        6.7200000000000006       -16.891558042808413     
   124.20000000000000        6.7200000000000006       -17.310021470455759     
   126.00000000000000        6.7200000000000006       -17.750049301646186     
   127.80000000000001        6.7200000000000006       -18.210175730875811     
   129.60000000000002        6.7200000000000006       -18.688456819628623     
   131.40000000000001        6.7200000000000006       -19.183001603922289     
   133.20000000000002        6.7200000000000006       -19.691585454614120     
   135.00000000000000        6.7200000000000006       -20.211545393127967     
   136.79999999999998        6.7200000000000006       -20.740634690331355     
   138.59999999999999        6.7200000000000006       -21.275869318004489     
   140.40000000000001        6.7200000000000006       -21.814630714366928     
   142.20000000000002        6.7200000000000006       -22.354047169685501     
   144.00000000000000        6.7200000000000006       -22.891250630942846     
   145.79999999999998        6.7200000000000006       -23.423597838157526     
   147.59999999999999        6.7200000000000006       -23.948303545308931     
   149.40000000000003        6.7200000000000006       -24.462489790714731     
   151.20000000000002        6.7200000000000006       -24.963556574793849     
   153.00000000000000        6.7200000000000006       -25.448863540675134     
   154.79999999999998        6.7200000000000006       -25.916211053771203     
   156.59999999999997        6.7200000000000006       -26.362846199460758     
   158.39999999999998        6.7200000000000006       -26.786670092282215     
   160.20000000000002        6.7200000000000006       -27.185494288351116     
   162.00000000000000        6.7200000000000006       -27.557056248532309     
   163.79999999999998        6.7200000000000006       -27.899769391190716     
   165.59999999999999        6.7200000000000006       -28.211533138780332     
   167.40000000000001        6.7200000000000006       -28.490730270922136     
   169.19999999999999        6.7200000000000006       -28.735944696005596     
   171.00000000000000        6.7200000000000006       -28.945731580695291     
   172.80000000000001        6.7200000000000006       -29.119058799250681     
   174.59999999999999        6.7200000000000006       -29.254827181885762     
   176.40000000000001        6.7200000000000006       -29.352420054586322     
   178.20000000000002        6.7200000000000006       -29.427741253810989     
   180.00000000000000        6.7200000000000006       -29.430797676524264     
   0.0000000000000000        6.7999999999999998       -21.848736470604113     
   1.8000000000000003        6.7999999999999998       -21.881742237154150     
   3.6000000000000005        6.7999999999999998       -21.980771344038939     
   5.4000000000000004        6.7999999999999998       -22.140830348456035     
   7.2000000000000011        6.7999999999999998       -22.357227685473859     
   9.0000000000000000        6.7999999999999998       -22.620625305690258     
   10.800000000000001        6.7999999999999998       -22.922771526472371     
   12.600000000000001        6.7999999999999998       -23.251354571454709     
   14.400000000000002        6.7999999999999998       -23.596300852173098     
   16.200000000000003        6.7999999999999998       -23.944081789851676     
   18.000000000000000        6.7999999999999998       -24.283588600456348     
   19.799999999999997        6.7999999999999998       -24.605244643257059     
   21.600000000000001        6.7999999999999998       -24.895894569320401     
   23.400000000000002        6.7999999999999998       -25.148926944648686     
   25.200000000000003        6.7999999999999998       -25.356645596867761     
   27.000000000000000        6.7999999999999998       -25.511595714531552     
   28.800000000000004        6.7999999999999998       -25.611431363108579     
   30.600000000000005        6.7999999999999998       -25.652607302788940     
   32.400000000000006        6.7999999999999998       -25.633879287301575     
   34.199999999999996        6.7999999999999998       -25.555927947507296     
   36.000000000000000        6.7999999999999998       -25.420572723930924     
   37.800000000000004        6.7999999999999998       -25.230448328516815     
   39.599999999999994        6.7999999999999998       -24.989054189749442     
   41.399999999999999        6.7999999999999998       -24.700669583543458     
   43.200000000000003        6.7999999999999998       -24.370330010417394     
   45.000000000000000        6.7999999999999998       -24.002911882496004     
   46.800000000000004        6.7999999999999998       -23.604054557171029     
   48.599999999999994        6.7999999999999998       -23.178947470516714     
   50.400000000000006        6.7999999999999998       -22.733007764495191     
   52.200000000000003        6.7999999999999998       -22.271377176648695     
   54.000000000000000        6.7999999999999998       -21.799022901458638     
   55.799999999999997        6.7999999999999998       -21.320636269924584     
   57.600000000000009        6.7999999999999998       -20.840639356577665     
   59.400000000000013        6.7999999999999998       -20.363132222834913     
   61.200000000000010        6.7999999999999998       -19.891888112440750     
   63.000000000000000        6.7999999999999998       -19.430398423281670     
   64.800000000000011        6.7999999999999998       -18.981845301011997     
   66.600000000000009        6.7999999999999998       -18.549097350582976     
   68.399999999999991        6.7999999999999998       -18.134710271548172     
   70.200000000000003        6.7999999999999998       -17.741007278845895     
   72.000000000000000        6.7999999999999998       -17.370102248274545     
   73.799999999999997        6.7999999999999998       -17.023569851203874     
   75.600000000000009        6.7999999999999998       -16.703091373924281     
   77.399999999999991        6.7999999999999998       -16.409816243087583     
   79.199999999999989        6.7999999999999998       -16.144687235546584     
   81.000000000000000        6.7999999999999998       -15.908354443282281     
   82.799999999999997        6.7999999999999998       -15.701362292363278     
   84.599999999999994        6.7999999999999998       -15.523788981536041     
   86.400000000000006        6.7999999999999998       -15.375625100853439     
   88.200000000000003        6.7999999999999998       -15.256702647189782     
   90.000000000000000        6.7999999999999998       -15.166453740124780     
   91.799999999999997        6.7999999999999998       -15.104344696395277     
   93.600000000000009        6.7999999999999998       -15.069751615215823     
   95.400000000000006        6.7999999999999998       -15.061822841636697     
   97.199999999999989        6.7999999999999998       -15.079814931160671     
   99.000000000000014        6.7999999999999998       -15.123049501883996     
   100.80000000000001        6.7999999999999998       -15.190711831574838     
   102.59999999999999        6.7999999999999998       -15.282304860936183     
   104.40000000000001        6.7999999999999998       -15.397248196293184     
   106.19999999999999        6.7999999999999998       -15.535146354861936     
   108.00000000000000        6.7999999999999998       -15.695646923467573     
   109.80000000000000        6.7999999999999998       -15.878686451381890     
   111.59999999999999        6.7999999999999998       -16.083925167549918     
   113.40000000000001        6.7999999999999998       -16.311238401047710     
   115.20000000000002        6.7999999999999998       -16.560542550569014     
   117.00000000000000        6.7999999999999998       -16.831492054568166     
   118.80000000000003        6.7999999999999998       -17.123724148615306     
   120.60000000000001        6.7999999999999998       -17.436704714929988     
   122.40000000000002        6.7999999999999998       -17.769850486257830     
   124.20000000000000        6.7999999999999998       -18.122139560095786     
   126.00000000000000        6.7999999999999998       -18.492465247536071     
   127.80000000000001        6.7999999999999998       -18.879557357970626     
   129.60000000000002        6.7999999999999998       -19.281751277609448     
   131.40000000000001        6.7999999999999998       -19.697433196581787     
   133.20000000000002        6.7999999999999998       -20.124717924416441     
   135.00000000000000        6.7999999999999998       -20.561363046062265     
   136.79999999999998        6.7999999999999998       -21.005480338234200     
   138.59999999999999        6.7999999999999998       -21.454575409149239     
   140.40000000000001        6.7999999999999998       -21.906464555764355     
   142.20000000000002        6.7999999999999998       -22.358759105807145     
   144.00000000000000        6.7999999999999998       -22.809077671303633     
   145.79999999999998        6.7999999999999998       -23.255229008817473     
   147.59999999999999        6.7999999999999998       -23.694905353585110     
   149.40000000000003        6.7999999999999998       -24.125721317119840     
   151.20000000000002        6.7999999999999998       -24.545521954759575     
   153.00000000000000        6.7999999999999998       -24.952115883031212     
   154.79999999999998        6.7999999999999998       -25.343678023500608     
   156.59999999999997        6.7999999999999998       -25.717914355158641     
   158.39999999999998        6.7999999999999998       -26.073075421387703     
   160.20000000000002        6.7999999999999998       -26.407331815859234     
   162.00000000000000        6.7999999999999998       -26.718785783339317     
   163.79999999999998        6.7999999999999998       -27.006106873176709     
   165.59999999999999        6.7999999999999998       -27.267524590030490     
   167.40000000000001        6.7999999999999998       -27.501673883597139     
   169.19999999999999        6.7999999999999998       -27.707357398958472     
   171.00000000000000        6.7999999999999998       -27.883350188940408     
   172.80000000000001        6.7999999999999998       -28.028776614270072     
   174.59999999999999        6.7999999999999998       -28.142701793088037     
   176.40000000000001        6.7999999999999998       -28.224601416255123     
   178.20000000000002        6.7999999999999998       -28.288790278748223     
   180.00000000000000        6.7999999999999998       -28.290379559682219     
   0.0000000000000000        6.8799999999999999       -25.453427766289742     
   1.8000000000000003        6.8799999999999999       -25.473061102489496     
   3.6000000000000005        6.8799999999999999       -25.531974949388157     
   5.4000000000000004        6.8799999999999999       -25.626447694665046     
   7.2000000000000011        6.8799999999999999       -25.752999803302369     
   9.0000000000000000        6.8799999999999999       -25.904703588306162     
   10.800000000000001        6.8799999999999999       -26.075475338147218     
   12.600000000000001        6.8799999999999999       -26.256254813310303     
   14.400000000000002        6.8799999999999999       -26.439701302038799     
   16.200000000000003        6.8799999999999999       -26.615990331977642     
   18.000000000000000        6.8799999999999999       -26.777173030778986     
   19.799999999999997        6.8799999999999999       -26.916506649363946     
   21.600000000000001        6.8799999999999999       -27.024757359279917     
   23.400000000000002        6.8799999999999999       -27.097560642527384     
   25.200000000000003        6.8799999999999999       -27.129871212658081     
   27.000000000000000        6.8799999999999999       -27.116967462733811     
   28.800000000000004        6.8799999999999999       -27.057859603322754     
   30.600000000000005        6.8799999999999999       -26.950829908734431     
   32.400000000000006        6.8799999999999999       -26.795888735416625     
   34.199999999999996        6.8799999999999999       -26.594460077184838     
   36.000000000000000        6.8799999999999999       -26.348811357239498     
   37.800000000000004        6.8799999999999999       -26.061820990430945     
   39.599999999999994        6.8799999999999999       -25.736989610548676     
   41.399999999999999        6.8799999999999999       -25.378351306412160     
   43.200000000000003        6.8799999999999999       -24.990386891329418     
   45.000000000000000        6.8799999999999999       -24.577521871823929     
   46.800000000000004        6.8799999999999999       -24.144498389839310     
   48.599999999999994        6.8799999999999999       -23.695833652922140     
   50.400000000000006        6.8799999999999999       -23.236003740904401     
   52.200000000000003        6.8799999999999999       -22.769254029079434     
   54.000000000000000        6.8799999999999999       -22.299696991250023     
   55.799999999999997        6.8799999999999999       -21.831041224593378     
   57.600000000000009        6.8799999999999999       -21.366825400750400     
   59.400000000000013        6.8799999999999999       -20.910254257112282     
   61.200000000000010        6.8799999999999999       -20.464232974573520     
   63.000000000000000        6.8799999999999999       -20.031422665016020     
   64.800000000000011        6.8799999999999999       -19.614204909630931     
   66.600000000000009        6.8799999999999999       -19.214682745896688     
   68.399999999999991        6.8799999999999999       -18.834686200959226     
   70.200000000000003        6.8799999999999999       -18.475855516369968     
   72.000000000000000        6.8799999999999999       -18.139660022778976     
   73.799999999999997        6.8799999999999999       -17.827084932456707     
   75.600000000000009        6.8799999999999999       -17.539255171668966     
   77.399999999999991        6.8799999999999999       -17.276825827428929     
   79.199999999999989        6.8799999999999999       -17.040297186178794     
   81.000000000000000        6.8799999999999999       -16.829936178634306     
   82.799999999999997        6.8799999999999999       -16.645946241544841     
   84.599999999999994        6.8799999999999999       -16.488145106644001     
   86.400000000000006        6.8799999999999999       -16.356306106802993     
   88.200000000000003        6.8799999999999999       -16.250092376088773     
   90.000000000000000        6.8799999999999999       -16.168847402517923     
   91.799999999999997        6.8799999999999999       -16.111973899940267     
   93.600000000000009        6.8799999999999999       -16.078822044976324     
   95.400000000000006        6.8799999999999999       -16.068570239905963     
   97.199999999999989        6.8799999999999999       -16.080511708458033     
   99.000000000000014        6.8799999999999999       -16.114013229035454     
   100.80000000000001        6.8799999999999999       -16.168340386580635     
   102.59999999999999        6.8799999999999999       -16.243040832691907     
   104.40000000000001        6.8799999999999999       -16.337599058284393     
   106.19999999999999        6.8799999999999999       -16.451661148334125     
   108.00000000000000        6.8799999999999999       -16.584911114431151     
   109.80000000000000        6.8799999999999999       -16.737276518438080     
   111.59999999999999        6.8799999999999999       -16.908447838347243     
   113.40000000000001        6.8799999999999999       -17.098293575620811     
   115.20000000000002        6.8799999999999999       -17.306711992610101     
   117.00000000000000        6.8799999999999999       -17.533376070364913     
   118.80000000000003        6.8799999999999999       -17.777941087897588     
   120.60000000000001        6.8799999999999999       -18.039916180879839     
   122.40000000000002        6.8799999999999999       -18.318768260129112     
   124.20000000000000        6.8799999999999999       -18.613598179328108     
   126.00000000000000        6.8799999999999999       -18.923439033552469     
   127.80000000000001        6.8799999999999999       -19.247191641912369     
   129.60000000000002        6.8799999999999999       -19.583434406655314     
   131.40000000000001        6.8799999999999999       -19.930794555388065     
   133.20000000000002        6.8799999999999999       -20.287681260514642     
   135.00000000000000        6.8799999999999999       -20.652215796739529     
   136.79999999999998        6.8799999999999999       -21.022819988702373     
   138.59999999999999        6.8799999999999999       -21.397421576433533     
   140.40000000000001        6.8799999999999999       -21.774211542907398     
   142.20000000000002        6.8799999999999999       -22.151216775122069     
   144.00000000000000        6.8799999999999999       -22.526474136065655     
   145.79999999999998        6.8799999999999999       -22.898180583610110     
   147.59999999999999        6.8799999999999999       -23.264438073355148     
   149.40000000000003        6.8799999999999999       -23.623283641736514     
   151.20000000000002        6.8799999999999999       -23.972943901993453     
   153.00000000000000        6.8799999999999999       -24.311612316974497     
   154.79999999999998        6.8799999999999999       -24.637784824573078     
   156.59999999999997        6.8799999999999999       -24.949560817595312     
   158.39999999999998        6.8799999999999999       -25.245490453730287     
   160.20000000000002        6.8799999999999999       -25.524052306981382     
   162.00000000000000        6.8799999999999999       -25.783661731659816     
   163.79999999999998        6.8799999999999999       -26.023208169486193     
   165.59999999999999        6.8799999999999999       -26.241204769899785     
   167.40000000000001        6.8799999999999999       -26.436503300217176     
   169.19999999999999        6.8799999999999999       -26.608094577071565     
   171.00000000000000        6.8799999999999999       -26.754942941425451     
   172.80000000000001        6.8799999999999999       -26.876307522330062     
   174.59999999999999        6.8799999999999999       -26.971395005593045     
   176.40000000000001        6.8799999999999999       -27.039760695093840     
   178.20000000000002        6.8799999999999999       -27.094268058029112     
   180.00000000000000        6.8799999999999999       -27.094672985681697     
   0.0000000000000000        6.9600000000000000       -27.957079240199050     
   1.8000000000000003        6.9600000000000000       -27.966215026899157     
   3.6000000000000005        6.9600000000000000       -27.993637588606081     
   5.4000000000000004        6.9600000000000000       -28.036649194517107     
   7.2000000000000011        6.9600000000000000       -28.092745107013410     
   9.0000000000000000        6.9600000000000000       -28.156936288445735     
   10.800000000000001        6.9600000000000000       -28.224880632095907     
   12.600000000000001        6.9600000000000000       -28.290129021452593     
   14.400000000000002        6.9600000000000000       -28.347531489699705     
   16.200000000000003        6.9600000000000000       -28.390231100017097     
   18.000000000000000        6.9600000000000000       -28.412804502998636     
   19.799999999999997        6.9600000000000000       -28.410768575487214     
   21.600000000000001        6.9600000000000000       -28.378015085177402     
   23.400000000000002        6.9600000000000000       -28.311957734761275     
   25.200000000000003        6.9600000000000000       -28.209647903933767     
   27.000000000000000        6.9600000000000000       -28.068519430284205     
   28.800000000000004        6.9600000000000000       -27.888633935880861     
   30.600000000000005        6.9600000000000000       -27.669695962615982     
   32.400000000000006        6.9600000000000000       -27.412676679842424     
   34.199999999999996        6.9600000000000000       -27.119550862161841     
   36.000000000000000        6.9600000000000000       -26.792899547550252     
   37.800000000000004        6.9600000000000000       -26.435750422310452     
   39.599999999999994        6.9600000000000000       -26.051559566457097     
   41.399999999999999        6.9600000000000000       -25.644120783914325     
   43.200000000000003        6.9600000000000000       -25.217431517883544     
   45.000000000000000        6.9600000000000000       -24.775514020489631     
   46.800000000000004        6.9600000000000000       -24.322360667315806     
   48.599999999999994        6.9600000000000000       -23.861913877663163     
   50.400000000000006        6.9600000000000000       -23.397868882180539     
   52.200000000000003        6.9600000000000000       -22.933726849953231     
   54.000000000000000        6.9600000000000000       -22.472888932940855     
   55.799999999999997        6.9600000000000000       -22.018258836121117     
   57.600000000000009        6.9600000000000000       -21.572647830728087     
   59.400000000000013        6.9600000000000000       -21.138527701549592     
   61.200000000000010        6.9600000000000000       -20.718094753754727     
   63.000000000000000        6.9600000000000000       -20.313332670717045     
   64.800000000000011        6.9600000000000000       -19.925971503883424     
   66.600000000000009        6.9600000000000000       -19.557492878838261     
   68.399999999999991        6.9600000000000000       -19.209139434762953     
   70.200000000000003        6.9600000000000000       -18.881999202708695     
   72.000000000000000        6.9600000000000000       -18.577021132256910     
   73.799999999999997        6.9600000000000000       -18.294719719688548     
   75.600000000000009        6.9600000000000000       -18.035772699798315     
   77.399999999999991        6.9600000000000000       -17.800443242531241     
   79.199999999999989        6.9600000000000000       -17.588882577855347     
   81.000000000000000        6.9600000000000000       -17.401058550717515     
   82.799999999999997        6.9600000000000000       -17.236909762308095     
   84.599999999999994        6.9600000000000000       -17.096057897419236     
   86.400000000000006        6.9600000000000000       -16.978115037612710     
   88.200000000000003        6.9600000000000000       -16.882622823567679     
   90.000000000000000        6.9600000000000000       -16.808870544174916     
   91.799999999999997        6.9600000000000000       -16.756225583226477     
   93.600000000000009        6.9600000000000000       -16.724032915052906     
   95.400000000000006        6.9600000000000000       -16.711511408792312     
   97.199999999999989        6.9600000000000000       -16.717997951040676     
   99.000000000000014        6.9600000000000000       -16.742908039238216     
   100.80000000000001        6.9600000000000000       -16.785583742019668     
   102.59999999999999        6.9600000000000000       -16.845616957110497     
   104.40000000000001        6.9600000000000000       -16.922551795487937     
   106.19999999999999        6.9600000000000000       -17.016072693867390     
   108.00000000000000        6.9600000000000000       -17.125896469681777     
   109.80000000000000        6.9600000000000000       -17.251944217029507     
   111.59999999999999        6.9600000000000000       -17.393932587741215     
   113.40000000000001        6.9600000000000000       -17.551724663709386     
   115.20000000000002        6.9600000000000000       -17.725203743895324     
   117.00000000000000        6.9600000000000000       -17.914059079941890     
   118.80000000000003        6.9600000000000000       -18.117962140607332     
   120.60000000000001        6.9600000000000000       -18.336459964322849     
   122.40000000000002        6.9600000000000000       -18.569063626343077     
   124.20000000000000        6.9600000000000000       -18.814979808389278     
   126.00000000000000        6.9600000000000000       -19.073362048167617     
   127.80000000000001        6.9600000000000000       -19.343258106842125     
   129.60000000000002        6.9600000000000000       -19.623454058944862     
   131.40000000000001        6.9600000000000000       -19.912783016793593     
   133.20000000000002        6.9600000000000000       -20.209904750227427     
   135.00000000000000        6.9600000000000000       -20.513249132425717     
   136.79999999999998        6.9600000000000000       -20.821501072412737     
   138.59999999999999        6.9600000000000000       -21.132945201274548     
   140.40000000000001        6.9600000000000000       -21.446089042935760     
   142.20000000000002        6.9600000000000000       -21.759309923683272     
   144.00000000000000        6.9600000000000000       -22.070996986897963     
   145.79999999999998        6.9600000000000000       -22.379673882804955     
   147.59999999999999        6.9600000000000000       -22.683787029697807     
   149.40000000000003        6.9600000000000000       -22.981728376058783     
   151.20000000000002        6.9600000000000000       -23.272044996629067     
   153.00000000000000        6.9600000000000000       -23.553253522073685     
   154.79999999999998        6.9600000000000000       -23.824119410989635     
   156.59999999999997        6.9600000000000000       -24.083072519191699     
   158.39999999999998        6.9600000000000000       -24.328914716204189     
   160.20000000000002        6.9600000000000000       -24.560383462123887     
   162.00000000000000        6.9600000000000000       -24.776157529030179     
   163.79999999999998        6.9600000000000000       -24.975311388280204     
   165.59999999999999        6.9600000000000000       -25.156597163151677     
   167.40000000000001        6.9600000000000000       -25.319049415885569     
   169.19999999999999        6.9600000000000000       -25.461817711244070     
   171.00000000000000        6.9600000000000000       -25.584026218861350     
   172.80000000000001        6.9600000000000000       -25.685047917077572     
   174.59999999999999        6.9600000000000000       -25.764209175197806     
   176.40000000000001        6.9600000000000000       -25.821132620710483     
   178.20000000000002        6.9600000000000000       -25.867374059170334     
   180.00000000000000        6.9600000000000000       -25.866858360193206     
   0.0000000000000000        7.0400000000000000       -29.675796232869214     
   1.8000000000000003        7.0400000000000000       -29.676523252179585     
   3.6000000000000005        7.0400000000000000       -29.678720405132921     
   5.4000000000000004        7.0400000000000000       -29.680532008202650     
   7.2000000000000011        7.0400000000000000       -29.680254218387528     
   9.0000000000000000        7.0400000000000000       -29.674490861497397     
   10.800000000000001        7.0400000000000000       -29.660329055785720     
   12.600000000000001        7.0400000000000000       -29.633461687245184     
   14.400000000000002        7.0400000000000000       -29.590532710136543     
   16.200000000000003        7.0400000000000000       -29.527113718308001     
   18.000000000000000        7.0400000000000000       -29.439843114247456     
   19.799999999999997        7.0400000000000000       -29.326077977102365     
   21.600000000000001        7.0400000000000000       -29.182254443249512     
   23.400000000000002        7.0400000000000000       -29.007223075570995     
   25.200000000000003        7.0400000000000000       -28.799728338563671     
   27.000000000000000        7.0400000000000000       -28.558939202655772     
   28.800000000000004        7.0400000000000000       -28.285748196548113     
   30.600000000000005        7.0400000000000000       -27.980988521089309     
   32.400000000000006        7.0400000000000000       -27.646380232228932     
   34.199999999999996        7.0400000000000000       -27.284310996788609     
   36.000000000000000        7.0400000000000000       -26.897580163379409     
   37.800000000000004        7.0400000000000000       -26.489298608422370     
   39.599999999999994        7.0400000000000000       -26.062847317285271     
   41.399999999999999        7.0400000000000000       -25.621786189362478     
   43.200000000000003        7.0400000000000000       -25.169683926681117     
   45.000000000000000        7.0400000000000000       -24.710197026935955     
   46.800000000000004        7.0400000000000000       -24.246677898574422     
   48.599999999999994        7.0400000000000000       -23.782567741782120     
   50.400000000000006        7.0400000000000000       -23.320899863657552     
   52.200000000000003        7.0400000000000000       -22.864544250156033     
   54.000000000000000        7.0400000000000000       -22.416297436557727     
   55.799999999999997        7.0400000000000000       -21.978389632009403     
   57.600000000000009        7.0400000000000000       -21.553020338557271     
   59.400000000000013        7.0400000000000000       -21.142048505923086     
   61.200000000000010        7.0400000000000000       -20.747079292580192     
   63.000000000000000        7.0400000000000000       -20.369532061845277     
   64.800000000000011        7.0400000000000000       -20.010595592874850     
   66.600000000000009        7.0400000000000000       -19.671236722761474     
   68.399999999999991        7.0400000000000000       -19.352212952333556     
   70.200000000000003        7.0400000000000000       -19.054156833963201     
   72.000000000000000        7.0400000000000000       -18.777588808860322     
   73.799999999999997        7.0400000000000000       -18.522640162612490     
   75.600000000000009        7.0400000000000000       -18.289622175413793     
   77.399999999999991        7.0400000000000000       -18.078481447258000     
   79.199999999999989        7.0400000000000000       -17.889088775123160     
   81.000000000000000        7.0400000000000000       -17.721174434611584     
   82.799999999999997        7.0400000000000000       -17.574467804416383     
   84.599999999999994        7.0400000000000000       -17.448441087995040     
   86.400000000000006        7.0400000000000000       -17.342585405588267     
   88.200000000000003        7.0400000000000000       -17.256354676693178     
   90.000000000000000        7.0400000000000000       -17.189007894834003     
   91.799999999999997        7.0400000000000000       -17.139896493991866     
   93.600000000000009        7.0400000000000000       -17.108373979814829     
   95.400000000000006        7.0400000000000000       -17.093705675423447     
   97.199999999999989        7.0400000000000000       -17.095275704755093     
   99.000000000000014        7.0400000000000000       -17.112549409130452     
   100.80000000000001        7.0400000000000000       -17.144941024093711     
   102.59999999999999        7.0400000000000000       -17.192085121705752     
   104.40000000000001        7.0400000000000000       -17.253580394994572     
   106.19999999999999        7.0400000000000000       -17.329146324994159     
   108.00000000000000        7.0400000000000000       -17.418529085958401     
   109.80000000000000        7.0400000000000000       -17.521644630011970     
   111.59999999999999        7.0400000000000000       -17.638232257847811     
   113.40000000000001        7.0400000000000000       -17.768150340839934     
   115.20000000000002        7.0400000000000000       -17.911269323156013     
   117.00000000000000        7.0400000000000000       -18.067292784223934     
   118.80000000000003        7.0400000000000000       -18.235906781861875     
   120.60000000000001        7.0400000000000000       -18.416692034171273     
   122.40000000000002        7.0400000000000000       -18.609199055071709     
   124.20000000000000        7.0400000000000000       -18.812727408340340     
   126.00000000000000        7.0400000000000000       -19.026536302122718     
   127.80000000000001        7.0400000000000000       -19.249802102660055     
   129.60000000000002        7.0400000000000000       -19.481491739367314     
   131.40000000000001        7.0400000000000000       -19.720617536419113     
   133.20000000000002        7.0400000000000000       -19.966056725569160     
   135.00000000000000        7.0400000000000000       -20.216506157393411     
   136.79999999999998        7.0400000000000000       -20.470878326875884     
   138.59999999999999        7.0400000000000000       -20.727765571565744     
   140.40000000000001        7.0400000000000000       -20.985948128393947     
   142.20000000000002        7.0400000000000000       -21.244104738188209     
   144.00000000000000        7.0400000000000000       -21.500927197863863     
   145.79999999999998        7.0400000000000000       -21.755219599485358     
   147.59999999999999        7.0400000000000000       -22.005723794111880     
   149.40000000000003        7.0400000000000000       -22.251135949798901     
   151.20000000000002        7.0400000000000000       -22.490277739513999     
   153.00000000000000        7.0400000000000000       -22.721942678803991     
   154.79999999999998        7.0400000000000000       -22.945127105610567     
   156.59999999999997        7.0400000000000000       -23.158544121165487     
   158.39999999999998        7.0400000000000000       -23.361211368465227     
   160.20000000000002        7.0400000000000000       -23.552088362920554     
   162.00000000000000        7.0400000000000000       -23.730080011568166     
   163.79999999999998        7.0400000000000000       -23.894419648578307     
   165.59999999999999        7.0400000000000000       -24.044064843345637     
   167.40000000000001        7.0400000000000000       -24.178207406484468     
   169.19999999999999        7.0400000000000000       -24.296133551821104     
   171.00000000000000        7.0400000000000000       -24.397105147794083     
   172.80000000000001        7.0400000000000000       -24.480593301277679     
   174.59999999999999        7.0400000000000000       -24.546027618581952     
   176.40000000000001        7.0400000000000000       -24.593088810287970     
   178.20000000000002        7.0400000000000000       -24.632141142207463     
   180.00000000000000        7.0400000000000000       -24.630896465399960     
   0.0000000000000000        7.1200000000000001       -30.650067792367889     
   1.8000000000000003        7.1200000000000001       -30.644413916765046     
   3.6000000000000005        7.1200000000000001       -30.627468839461304     
   5.4000000000000004        7.1200000000000001       -30.598040490349291     
   7.2000000000000011        7.1200000000000001       -30.555055350935149     
   9.0000000000000000        7.1200000000000001       -30.496370952799900     
   10.800000000000001        7.1200000000000001       -30.420197429926162     
   12.600000000000001        7.1200000000000001       -30.323909907488517     
   14.400000000000002        7.1200000000000001       -30.205557687393867     
   16.200000000000003        7.1200000000000001       -30.062613253114090     
   18.000000000000000        7.1200000000000001       -29.893323276280356     
   19.799999999999997        7.1200000000000001       -29.696475358875240     
   21.600000000000001        7.1200000000000001       -29.470482379829033     
   23.400000000000002        7.1200000000000001       -29.215299403902026     
   25.200000000000003        7.1200000000000001       -28.930971120901482     
   27.000000000000000        7.1200000000000001       -28.617992953586381     
   28.800000000000004        7.1200000000000001       -28.277875271226222     
   30.600000000000005        7.1200000000000001       -27.912295811831129     
   32.400000000000006        7.1200000000000001       -27.523519498898182     
   34.199999999999996        7.1200000000000001       -27.114215330293508     
   36.000000000000000        7.1200000000000001       -26.687311080656816     
   37.800000000000004        7.1200000000000001       -26.245939543770824     
   39.599999999999994        7.1200000000000001       -25.793380049431246     
   41.399999999999999        7.1200000000000001       -25.332968010341105     
   43.200000000000003        7.1200000000000001       -24.867899644558022     
   45.000000000000000        7.1200000000000001       -24.401505401728304     
   46.800000000000004        7.1200000000000001       -23.936607381945812     
   48.599999999999994        7.1200000000000001       -23.476220171534166     
   50.400000000000006        7.1200000000000001       -23.022833503326702     
   52.200000000000003        7.1200000000000001       -22.578798740201577     
   54.000000000000000        7.1200000000000001       -22.146414273959923     
   55.799999999999997        7.1200000000000001       -21.727366873522314     
   57.600000000000009        7.1200000000000001       -21.323359132025569     
   59.400000000000013        7.1200000000000001       -20.935756209709687     
   61.200000000000010        7.1200000000000001       -20.565688750209958     
   63.000000000000000        7.1200000000000001       -20.214123908356814     
   64.800000000000011        7.1200000000000001       -19.881818440879741     
   66.600000000000009        7.1200000000000001       -19.569330006949972     
   68.399999999999991        7.1200000000000001       -19.277032201284797     
   70.200000000000003        7.1200000000000001       -19.005197904223841     
   72.000000000000000        7.1200000000000001       -18.754010056128532     
   73.799999999999997        7.1200000000000001       -18.523303007909423     
   75.600000000000009        7.1200000000000001       -18.313101496540288     
   77.399999999999991        7.1200000000000001       -18.123109675461219     
   79.199999999999989        7.1200000000000001       -17.952985284762182     
   81.000000000000000        7.1200000000000001       -17.802281160298122     
   82.799999999999997        7.1200000000000001       -17.670571690439399     
   84.599999999999994        7.1200000000000001       -17.557224463976294     
   86.400000000000006        7.1200000000000001       -17.461648236421983     
   88.200000000000003        7.1200000000000001       -17.383241209228416     
   90.000000000000000        7.1200000000000001       -17.321253990123076     
   91.799999999999997        7.1200000000000001       -17.275039537239440     
   93.600000000000009        7.1200000000000001       -17.243971714344081     
   95.400000000000006        7.1200000000000001       -17.227366336870524     
   97.199999999999989        7.1200000000000001       -17.224656552670279     
   99.000000000000014        7.1200000000000001       -17.235357022809218     
   100.80000000000001        7.1200000000000001       -17.258948273845895     
   102.59999999999999        7.1200000000000001       -17.295104692562521     
   104.40000000000001        7.1200000000000001       -17.343473367766538     
   106.19999999999999        7.1200000000000001       -17.403804598162264     
   108.00000000000000        7.1200000000000001       -17.475869726930039     
   109.80000000000000        7.1200000000000001       -17.559580367258839     
   111.59999999999999        7.1200000000000001       -17.654694498024586     
   113.40000000000001        7.1200000000000001       -17.761066196765690     
   115.20000000000002        7.1200000000000001       -17.878554955631017     
   117.00000000000000        7.1200000000000001       -18.006876536677762     
   118.80000000000003        7.1200000000000001       -18.145729808137130     
   120.60000000000001        7.1200000000000001       -18.294724741729514     
   122.40000000000002        7.1200000000000001       -18.453446343729624     
   124.20000000000000        7.1200000000000001       -18.621273794492801     
   126.00000000000000        7.1200000000000001       -18.797556843727897     
   127.80000000000001        7.1200000000000001       -18.981581717643650     
   129.60000000000002        7.1200000000000001       -19.172468888204861     
   131.40000000000001        7.1200000000000001       -19.369382722002168     
   133.20000000000002        7.1200000000000001       -19.571384231066048     
   135.00000000000000        7.1200000000000001       -19.777395026802974     
   136.79999999999998        7.1200000000000001       -19.986519164835460     
   138.59999999999999        7.1200000000000001       -20.197606908729036     
   140.40000000000001        7.1200000000000001       -20.409666857711766     
   142.20000000000002        7.1200000000000001       -20.621629621778919     
   144.00000000000000        7.1200000000000001       -20.832439538476763     
   145.79999999999998        7.1200000000000001       -21.041134460263713     
   147.59999999999999        7.1200000000000001       -21.246702226090829     
   149.40000000000003        7.1200000000000001       -21.448092135970583     
   151.20000000000002        7.1200000000000001       -21.644354252929414     
   153.00000000000000        7.1200000000000001       -21.834512364567434     
   154.79999999999998        7.1200000000000001       -22.017754772563773     
   156.59999999999997        7.1200000000000001       -22.193030289656519     
   158.39999999999998        7.1200000000000001       -22.359536145285354     
   160.20000000000002        7.1200000000000001       -22.516416825476760     
   162.00000000000000        7.1200000000000001       -22.662765827339737     
   163.79999999999998        7.1200000000000001       -22.797948987215207     
   165.59999999999999        7.1200000000000001       -22.921095543197069     
   167.40000000000001        7.1200000000000001       -23.031528805980177     
   169.19999999999999        7.1200000000000001       -23.128649358279620     
   171.00000000000000        7.1200000000000001       -23.211834451387801     
   172.80000000000001        7.1200000000000001       -23.280637461069261     
   174.59999999999999        7.1200000000000001       -23.334574637688743     
   176.40000000000001        7.1200000000000001       -23.373375447382369     
   178.20000000000002        7.1200000000000001       -23.406338645834357     
   180.00000000000000        7.1200000000000001       -23.404551033209817     
   0.0000000000000000        7.2000000000000002       -31.126310223193755     
   1.8000000000000003        7.2000000000000002       -31.115667236374662     
   3.6000000000000005        7.2000000000000002       -31.083754990938829     
   5.4000000000000004        7.2000000000000002       -31.029921212080577     
   7.2000000000000011        7.2000000000000002       -30.953604400924512     
   9.0000000000000000        7.2000000000000002       -30.853680560552885     
   10.800000000000001        7.2000000000000002       -30.729270586547983     
   12.600000000000001        7.2000000000000002       -30.579113213011645     
   14.400000000000002        7.2000000000000002       -30.402394030448395     
   16.200000000000003        7.2000000000000002       -30.198121168164334     
   18.000000000000000        7.2000000000000002       -29.965836014815611     
   19.799999999999997        7.2000000000000002       -29.705473738995163     
   21.600000000000001        7.2000000000000002       -29.417031984941879     
   23.400000000000002        7.2000000000000002       -29.101341522385788     
   25.200000000000003        7.2000000000000002       -28.759476877284527     
   27.000000000000000        7.2000000000000002       -28.392978977382523     
   28.800000000000004        7.2000000000000002       -28.003830511262450     
   30.600000000000005        7.2000000000000002       -27.594359406387237     
   32.400000000000006        7.2000000000000002       -27.167236659672152     
   34.199999999999996        7.2000000000000002       -26.725323953894904     
   36.000000000000000        7.2000000000000002       -26.271617690221419     
   37.800000000000004        7.2000000000000002       -25.809232593916299     
   39.599999999999994        7.2000000000000002       -25.341330329634239     
   41.399999999999999        7.2000000000000002       -24.871030606654653     
   43.200000000000003        7.2000000000000002       -24.401198090462408     
   45.000000000000000        7.2000000000000002       -23.934866813360305     
   46.800000000000004        7.2000000000000002       -23.474406037149883     
   48.599999999999994        7.2000000000000002       -23.022457232889433     
   50.400000000000006        7.2000000000000002       -22.581049870479671     
   52.200000000000003        7.2000000000000002       -22.152095983404003     
   54.000000000000000        7.2000000000000002       -21.737470966964928     
   55.799999999999997        7.2000000000000002       -21.338409197731568     
   57.600000000000009        7.2000000000000002       -20.956197053664678     
   59.400000000000013        7.2000000000000002       -20.591789343760158     
   61.200000000000010        7.2000000000000002       -20.245923904445394     
   63.000000000000000        7.2000000000000002       -19.919194256520488     
   64.800000000000011        7.2000000000000002       -19.612001671107357     
   66.600000000000009        7.2000000000000002       -19.324568582764250     
   68.399999999999991        7.2000000000000002       -19.056955528240145     
   70.200000000000003        7.2000000000000002       -18.809142785874354     
   72.000000000000000        7.2000000000000002       -18.581039508060123     
   73.799999999999997        7.2000000000000002       -18.372243222605650     
   75.600000000000009        7.2000000000000002       -18.182548009935275     
   77.399999999999991        7.2000000000000002       -18.011467093971149     
   79.199999999999989        7.2000000000000002       -17.858491886898605     
   81.000000000000000        7.2000000000000002       -17.723039294481573     
   82.799999999999997        7.2000000000000002       -17.604566059392397     
   84.599999999999994        7.2000000000000002       -17.502365663909220     
   86.400000000000006        7.2000000000000002       -17.415790581302105     
   88.200000000000003        7.2000000000000002       -17.344204668787409     
   90.000000000000000        7.2000000000000002       -17.286864240331177     
   91.799999999999997        7.2000000000000002       -17.243134801316991     
   93.600000000000009        7.2000000000000002       -17.212417612618435     
   95.400000000000006        7.2000000000000002       -17.194080497426384     
   97.199999999999989        7.2000000000000002       -17.187605669947128     
   99.000000000000014        7.2000000000000002       -17.192555624426440     
   100.80000000000001        7.2000000000000002       -17.208471981316496     
   102.59999999999999        7.2000000000000002       -17.235066069323093     
   104.40000000000001        7.2000000000000002       -17.272028252891282     
   106.19999999999999        7.2000000000000002       -17.319136075253944     
   108.00000000000000        7.2000000000000002       -17.376182630208437     
   109.80000000000000        7.2000000000000002       -17.443075451507880     
   111.59999999999999        7.2000000000000002       -17.519588134357274     
   113.40000000000001        7.2000000000000002       -17.605570604966367     
   115.20000000000002        7.2000000000000002       -17.700872653121859     
   117.00000000000000        7.2000000000000002       -17.805220608682745     
   118.80000000000003        7.2000000000000002       -17.918324805953990     
   120.60000000000001        7.2000000000000002       -18.039821230946739     
   122.40000000000002        7.2000000000000002       -18.169325757765112     
   124.20000000000000        7.2000000000000002       -18.306287601428810     
   126.00000000000000        7.2000000000000002       -18.450136123202522     
   127.80000000000001        7.2000000000000002       -18.600253882239553     
   129.60000000000002        7.2000000000000002       -18.755895242913112     
   131.40000000000001        7.2000000000000002       -18.916357061775070     
   133.20000000000002        7.2000000000000002       -19.080859936104495     
   135.00000000000000        7.2000000000000002       -19.248519970113730     
   136.79999999999998        7.2000000000000002       -19.418606938300478     
   138.59999999999999        7.2000000000000002       -19.590193409748064     
   140.40000000000001        7.2000000000000002       -19.762484616611864     
   142.20000000000002        7.2000000000000002       -19.934627635084269     
   144.00000000000000        7.2000000000000002       -20.105783562513942     
   145.79999999999998        7.2000000000000002       -20.275190696239608     
   147.59999999999999        7.2000000000000002       -20.442047603466321     
   149.40000000000003        7.2000000000000002       -20.605520307751178     
   151.20000000000002        7.2000000000000002       -20.764854339970590     
   153.00000000000000        7.2000000000000002       -20.919270561243735     
   154.79999999999998        7.2000000000000002       -21.068121521793863     
   156.59999999999997        7.2000000000000002       -21.210557904142959     
   158.39999999999998        7.2000000000000002       -21.345930755997841     
   160.20000000000002        7.2000000000000002       -21.473543126653158     
   162.00000000000000        7.2000000000000002       -21.592650364199500     
   163.79999999999998        7.2000000000000002       -21.702732027197900     
   165.59999999999999        7.2000000000000002       -21.803064956266457     
   167.40000000000001        7.2000000000000002       -21.893085609046835     
   169.19999999999999        7.2000000000000002       -21.972293051469883     
   171.00000000000000        7.2000000000000002       -22.040164002859072     
   172.80000000000001        7.2000000000000002       -22.096322793027074     
   174.59999999999999        7.2000000000000002       -22.140360477165014     
   176.40000000000001        7.2000000000000002       -22.172048618692148     
   178.20000000000002        7.2000000000000002       -22.199716442987270     
   180.00000000000000        7.2000000000000002       -22.197513531850497     
   0.0000000000000000        7.2799999999999994       -31.117329916846508     
   1.8000000000000003        7.2799999999999994       -31.103100223143016     
   3.6000000000000005        7.2799999999999994       -31.060427746676538     
   5.4000000000000004        7.2799999999999994       -30.989073561128201     
   7.2000000000000011        7.2799999999999994       -30.888867439640290     
   9.0000000000000000        7.2799999999999994       -30.759463765108606     
   10.800000000000001        7.2799999999999994       -30.600677713050523     
   12.600000000000001        7.2799999999999994       -30.412286725070441     
   14.400000000000002        7.2799999999999994       -30.194338611305668     
   16.200000000000003        7.2799999999999994       -29.947005235078475     
   18.000000000000000        7.2799999999999994       -29.670803862761566     
   19.799999999999997        7.2799999999999994       -29.366529880718289     
   21.600000000000001        7.2799999999999994       -29.035367721203961     
   23.400000000000002        7.2799999999999994       -28.678792439365832     
   25.200000000000003        7.2799999999999994       -28.298634981112599     
   27.000000000000000        7.2799999999999994       -27.897198097932481     
   28.800000000000004        7.2799999999999994       -27.476791042284816     
   30.600000000000005        7.2799999999999994       -27.040196904404439     
   32.400000000000006        7.2799999999999994       -26.590354431297964     
   34.199999999999996        7.2799999999999994       -26.130230726775306     
   36.000000000000000        7.2799999999999994       -25.662832931031783     
   37.800000000000004        7.2799999999999994       -25.191220004795671     
   39.599999999999994        7.2799999999999994       -24.718422607605287     
   41.399999999999999        7.2799999999999994       -24.247356517248470     
   43.200000000000003        7.2799999999999994       -23.780599016878231     
   45.000000000000000        7.2799999999999994       -23.320920581406465     
   46.800000000000004        7.2799999999999994       -22.870318484226637     
   48.599999999999994        7.2799999999999994       -22.431117886205573     
   50.400000000000006        7.2799999999999994       -22.004974572631244     
   52.200000000000003        7.2799999999999994       -21.593443718453635     
   54.000000000000000        7.2799999999999994       -21.198056049337502     
   55.799999999999997        7.2799999999999994       -20.819687533263338     
   57.600000000000009        7.2799999999999994       -20.459291970984708     
   59.400000000000013        7.2799999999999994       -20.117500053924431     
   61.200000000000010        7.2799999999999994       -19.794741199122807     
   63.000000000000000        7.2799999999999994       -19.491316476126407     
   64.800000000000011        7.2799999999999994       -19.207350698183273     
   66.600000000000009        7.2799999999999994       -18.942807383064160     
   68.399999999999991        7.2799999999999994       -18.697507054629014     
   70.200000000000003        7.2799999999999994       -18.471206551563064     
   72.000000000000000        7.2799999999999994       -18.263606931336188     
   73.799999999999997        7.2799999999999994       -18.074130517308074     
   75.600000000000009        7.2799999999999994       -17.902398267724621     
   77.399999999999991        7.2799999999999994       -17.747785112723871     
   79.199999999999989        7.2799999999999994       -17.609663751811070     
   81.000000000000000        7.2799999999999994       -17.487357213374448     
   82.799999999999997        7.2799999999999994       -17.380242306292484     
   84.599999999999994        7.2799999999999994       -17.287568731054332     
   86.400000000000006        7.2799999999999994       -17.208658398641063     
   88.200000000000003        7.2799999999999994       -17.142861578890482     
   90.000000000000000        7.2799999999999994       -17.089453288265204     
   91.799999999999997        7.2799999999999994       -17.047821463129790     
   93.600000000000009        7.2799999999999994       -17.017400510414507     
   95.400000000000006        7.2799999999999994       -16.997610242037265     
   97.199999999999989        7.2799999999999994       -16.987980537236325     
   99.000000000000014        7.2799999999999994       -16.988118865209330     
   100.80000000000001        7.2799999999999994       -16.997621313250583     
   102.59999999999999        7.2799999999999994       -17.016232188457622     
   104.40000000000001        7.2799999999999994       -17.043678959133985     
   106.19999999999999        7.2799999999999994       -17.079762054983160     
   108.00000000000000        7.2799999999999994       -17.124292280930486     
   109.80000000000000        7.2799999999999994       -17.177173069790193     
   111.59999999999999        7.2799999999999994       -17.238190208977450     
   113.40000000000001        7.2799999999999994       -17.307189511842996     
   115.20000000000002        7.2799999999999994       -17.384012322484057     
   117.00000000000000        7.2799999999999994       -17.468393794059114     
   118.80000000000003        7.2799999999999994       -17.560054270041938     
   120.60000000000001        7.2799999999999994       -17.658652278632186     
   122.40000000000002        7.2799999999999994       -17.763830658833456     
   124.20000000000000        7.2799999999999994       -17.875098436799860     
   126.00000000000000        7.2799999999999994       -17.991952910537147     
   127.80000000000001        7.2799999999999994       -18.113858531065340     
   129.60000000000002        7.2799999999999994       -18.240182634329610     
   131.40000000000001        7.2799999999999994       -18.370333741050597     
   133.20000000000002        7.2799999999999994       -18.503666309786823     
   135.00000000000000        7.2799999999999994       -18.639458821283331     
   136.79999999999998        7.2799999999999994       -18.777119334636378     
   138.59999999999999        7.2799999999999994       -18.915905009420197     
   140.40000000000001        7.2799999999999994       -19.055184123189211     
   142.20000000000002        7.2799999999999994       -19.194282791785664     
   144.00000000000000        7.2799999999999994       -19.332541079042606     
   145.79999999999998        7.2799999999999994       -19.469362556368907     
   147.59999999999999        7.2799999999999994       -19.604119328773727     
   149.40000000000003        7.2799999999999994       -19.736155767623917     
   151.20000000000002        7.2799999999999994       -19.864878181242592     
   153.00000000000000        7.2799999999999994       -19.989669536356836     
   154.79999999999998        7.2799999999999994       -20.110017441531280     
   156.59999999999997        7.2799999999999994       -20.225238817426941     
   158.39999999999998        7.2799999999999994       -20.334811393963456     
   160.20000000000002        7.2799999999999994       -20.438168973685830     
   162.00000000000000        7.2799999999999994       -20.534700590492161     
   163.79999999999998        7.2799999999999994       -20.623979737144253     
   165.59999999999999        7.2799999999999994       -20.705405493825214     
   167.40000000000001        7.2799999999999994       -20.778508114192498     
   169.19999999999999        7.2799999999999994       -20.842868392480131     
   171.00000000000000        7.2799999999999994       -20.898045725393153     
   172.80000000000001        7.2799999999999994       -20.943723454299608     
   174.59999999999999        7.2799999999999994       -20.979554941138097     
   176.40000000000001        7.2799999999999994       -21.005346814620186     
   178.20000000000002        7.2799999999999994       -21.028567294725221     
   180.00000000000000        7.2799999999999994       -21.026077582749622     
   0.0000000000000000        7.3599999999999994       -30.781015532241792     
   1.8000000000000003        7.3599999999999994       -30.764184971650540     
   3.6000000000000005        7.3599999999999994       -30.713709602480186     
   5.4000000000000004        7.3599999999999994       -30.629673605677453     
   7.2000000000000011        7.3599999999999994       -30.512211906867755     
   9.0000000000000000        7.3599999999999994       -30.361586029709830     
   10.800000000000001        7.3599999999999994       -30.178151151922048     
   12.600000000000001        7.3599999999999994       -29.962491936820065     
   14.400000000000002        7.3599999999999994       -29.715323370215245     
   16.200000000000003        7.3599999999999994       -29.437716478760034     
   18.000000000000000        7.3599999999999994       -29.130937935502160     
   19.799999999999997        7.3599999999999994       -28.796439540934106     
   21.600000000000001        7.3599999999999994       -28.436310315461331     
   23.400000000000002        7.3599999999999994       -28.052506202468834     
   25.200000000000003        7.3599999999999994       -27.647421577494288     
   27.000000000000000        7.3599999999999994       -27.223921110357765     
   28.800000000000004        7.3599999999999994       -26.784538855273016     
   30.600000000000005        7.3599999999999994       -26.332376610156704     
   32.400000000000006        7.3599999999999994       -25.870544867104172     
   34.199999999999996        7.3599999999999994       -25.402056470301250     
   36.000000000000000        7.3599999999999994       -24.929890523255814     
   37.800000000000004        7.3599999999999994       -24.457025827678347     
   39.599999999999994        7.3599999999999994       -23.986354928088879     
   41.399999999999999        7.3599999999999994       -23.520600322278383     
   43.200000000000003        7.3599999999999994       -23.062085343738119     
   45.000000000000000        7.3599999999999994       -22.613342456235632     
   46.800000000000004        7.3599999999999994       -22.176056051969447     
   48.599999999999994        7.3599999999999994       -21.752277275482047     
   50.400000000000006        7.3599999999999994       -21.343351231593395     
   52.200000000000003        7.3599999999999994       -20.950536302799463     
   54.000000000000000        7.3599999999999994       -20.575075722557397     
   55.799999999999997        7.3599999999999994       -20.217554931381073     
   57.600000000000009        7.3599999999999994       -19.878655827080433     
   59.400000000000013        7.3599999999999994       -19.558747338019398     
   61.200000000000010        7.3599999999999994       -19.258011429251059     
   63.000000000000000        7.3599999999999994       -18.976515387616512     
   64.800000000000011        7.3599999999999994       -18.714164632516368     
   66.600000000000009        7.3599999999999994       -18.470718815753866     
   68.399999999999991        7.3599999999999994       -18.245811091111072     
   70.200000000000003        7.3599999999999994       -18.039024704147923     
   72.000000000000000        7.3599999999999994       -17.849899950055882     
   73.799999999999997        7.3599999999999994       -17.677728054446554     
   75.600000000000009        7.3599999999999994       -17.521998224142212     
   77.399999999999991        7.3599999999999994       -17.381984623568428     
   79.199999999999989        7.3599999999999994       -17.256975081063395     
   81.000000000000000        7.3599999999999994       -17.146228437399611     
   82.799999999999997        7.3599999999999994       -17.049068092300423     
   84.599999999999994        7.3599999999999994       -16.964720903265558     
   86.400000000000006        7.3599999999999994       -16.892495809511516     
   88.200000000000003        7.3599999999999994       -16.831743427090068     
   90.000000000000000        7.3599999999999994       -16.781765626132618     
   91.799999999999997        7.3599999999999994       -16.741978728922454     
   93.600000000000009        7.3599999999999994       -16.711853250898582     
   95.400000000000006        7.3599999999999994       -16.690859751977058     
   97.199999999999989        7.3599999999999994       -16.678573654512871     
   99.000000000000014        7.3599999999999994       -16.674644333204377     
   100.80000000000001        7.3599999999999994       -16.678716611009097     
   102.59999999999999        7.3599999999999994       -16.690564176483061     
   104.40000000000001        7.3599999999999994       -16.709946505556996     
   106.19999999999999        7.3599999999999994       -16.736683300064733     
   108.00000000000000        7.3599999999999994       -16.770599817833400     
   109.80000000000000        7.3599999999999994       -16.811595206052601     
   111.59999999999999        7.3599999999999994       -16.859464822006878     
   113.40000000000001        7.3599999999999994       -16.914050360702202     
   115.20000000000002        7.3599999999999994       -16.975185649215483     
   117.00000000000000        7.3599999999999994       -17.042613384756780     
   118.80000000000003        7.3599999999999994       -17.116062848648944     
   120.60000000000001        7.3599999999999994       -17.195212531913800     
   122.40000000000002        7.3599999999999994       -17.279729316361543     
   124.20000000000000        7.3599999999999994       -17.369174411686725     
   126.00000000000000        7.3599999999999994       -17.463104325419323     
   127.80000000000001        7.3599999999999994       -17.561054604220054     
   129.60000000000002        7.3599999999999994       -17.662489950135864     
   131.40000000000001        7.3599999999999994       -17.766915004852404     
   133.20000000000002        7.3599999999999994       -17.873798921529215     
   135.00000000000000        7.3599999999999994       -17.982558674334765     
   136.79999999999998        7.3599999999999994       -18.092720194989095     
   138.59999999999999        7.3599999999999994       -18.203697246531977     
   140.40000000000001        7.3599999999999994       -18.314996234080489     
   142.20000000000002        7.3599999999999994       -18.426094584492510     
   144.00000000000000        7.3599999999999994       -18.536483352607007     
   145.79999999999998        7.3599999999999994       -18.645705364170805     
   147.59999999999999        7.3599999999999994       -18.753278772711681     
   149.40000000000003        7.3599999999999994       -18.858697951782137     
   151.20000000000002        7.3599999999999994       -18.961504372082338     
   153.00000000000000        7.3599999999999994       -19.061217295962166     
   154.79999999999998        7.3599999999999994       -19.157437846997404     
   156.59999999999997        7.3599999999999994       -19.249622893443490     
   158.39999999999998        7.3599999999999994       -19.337356822073630     
   160.20000000000002        7.3599999999999994       -19.420183664611557     
   162.00000000000000        7.3599999999999994       -19.497605349414176     
   163.79999999999998        7.3599999999999994       -19.569274691736180     
   165.59999999999999        7.3599999999999994       -19.634694277590356     
   167.40000000000001        7.3599999999999994       -19.693473856957059     
   169.19999999999999        7.3599999999999994       -19.745263566665699     
   171.00000000000000        7.3599999999999994       -19.789693064366386     
   172.80000000000001        7.3599999999999994       -19.826495868070069     
   174.59999999999999        7.3599999999999994       -19.855378398428734     
   176.40000000000001        7.3599999999999994       -19.876177143908883     
   178.20000000000002        7.3599999999999994       -19.895585116560756     
   180.00000000000000        7.3599999999999994       -19.892898802351777     
   0.0000000000000000        7.4399999999999995       -30.193680303430206     
   1.8000000000000003        7.4399999999999995       -30.175039459120899     
   3.6000000000000005        7.4399999999999995       -30.119132811034081     
   5.4000000000000004        7.4399999999999995       -30.026294181499839     
   7.2000000000000011        7.4399999999999995       -29.896893581374123     
   9.0000000000000000        7.4399999999999995       -29.731660352876439     
   10.800000000000001        7.4399999999999995       -29.531364250341440     
   12.600000000000001        7.4399999999999995       -29.297209009829579     
   14.400000000000002        7.4399999999999995       -29.030418441541546     
   16.200000000000003        7.4399999999999995       -28.732748019450469     
   18.000000000000000        7.4399999999999995       -28.406030301874495     
   19.799999999999997        7.4399999999999995       -28.052208589851194     
   21.600000000000001        7.4399999999999995       -27.674048195965330     
   23.400000000000002        7.4399999999999995       -27.273854325770426     
   25.200000000000003        7.4399999999999995       -26.854429368151443     
   27.000000000000000        7.4399999999999995       -26.419039193977802     
   28.800000000000004        7.4399999999999995       -25.970361615000023     
   30.600000000000005        7.4399999999999995       -25.511708225571798     
   32.400000000000006        7.4399999999999995       -25.046285273170337     
   34.199999999999996        7.4399999999999995       -24.577104837303285     
   36.000000000000000        7.4399999999999995       -24.107088454783849     
   37.800000000000004        7.4399999999999995       -23.639116927080806     
   39.599999999999994        7.4399999999999995       -23.175940839776551     
   41.399999999999999        7.4399999999999995       -22.720099901586540     
   43.200000000000003        7.4399999999999995       -22.273692263232327     
   45.000000000000000        7.4399999999999995       -21.839034874006753     
   46.800000000000004        7.4399999999999995       -21.417548512446700     
   48.599999999999994        7.4399999999999995       -21.011046164346801     
   50.400000000000006        7.4399999999999995       -20.620614538357621     
   52.200000000000003        7.4399999999999995       -20.247265109009167     
   54.000000000000000        7.4399999999999995       -19.892001202707945     
   55.799999999999997        7.4399999999999995       -19.555173648862731     
   57.600000000000009        7.4399999999999995       -19.237242629114736     
   59.400000000000013        7.4399999999999995       -18.938366719467449     
   61.200000000000010        7.4399999999999995       -18.658530652668414     
   63.000000000000000        7.4399999999999995       -18.397616266038046     
   64.800000000000011        7.4399999999999995       -18.155356552794490     
   66.600000000000009        7.4399999999999995       -17.931352564054439     
   68.399999999999991        7.4399999999999995       -17.725093319640159     
   70.200000000000003        7.4399999999999995       -17.536029406838416     
   72.000000000000000        7.4399999999999995       -17.363579212303172     
   73.799999999999997        7.4399999999999995       -17.206938834698537     
   75.600000000000009        7.4399999999999995       -17.065499612912607     
   77.399999999999991        7.4399999999999995       -16.938465423760849     
   79.199999999999989        7.4399999999999995       -16.825066619019566     
   81.000000000000000        7.4399999999999995       -16.724521723398215     
   82.799999999999997        7.4399999999999995       -16.636121970584789     
   84.599999999999994        7.4399999999999995       -16.559087826720486     
   86.400000000000006        7.4399999999999995       -16.492728940226655     
   88.200000000000003        7.4399999999999995       -16.436406891731068     
   90.000000000000000        7.4399999999999995       -16.389456131779649     
   91.799999999999997        7.4399999999999995       -16.351325333819048     
   93.600000000000009        7.4399999999999995       -16.321522626186290     
   95.400000000000006        7.4399999999999995       -16.299567341096303     
   97.199999999999989        7.4399999999999995       -16.285077841647684     
   99.000000000000014        7.4399999999999995       -16.277742114983308     
   100.80000000000001        7.4399999999999995       -16.277248290828393     
   102.59999999999999        7.4399999999999995       -16.283395936597444     
   104.40000000000001        7.4399999999999995       -16.295971879440593     
   106.19999999999999        7.4399999999999995       -16.314811794167873     
   108.00000000000000        7.4399999999999995       -16.339752485744647     
   109.80000000000000        7.4399999999999995       -16.370688574880312     
   111.59999999999999        7.4399999999999995       -16.407422754710414     
   113.40000000000001        7.4399999999999995       -16.449792610370977     
   115.20000000000002        7.4399999999999995       -16.497625268690957     
   117.00000000000000        7.4399999999999995       -16.550669932600083     
   118.80000000000003        7.4399999999999995       -16.608663949345296     
   120.60000000000001        7.4399999999999995       -16.671303612307810     
   122.40000000000002        7.4399999999999995       -16.738277374206877     
   124.20000000000000        7.4399999999999995       -16.809192164844941     
   126.00000000000000        7.4399999999999995       -16.883656288119454     
   127.80000000000001        7.4399999999999995       -16.961267209920557     
   129.60000000000002        7.4399999999999995       -17.041573755447700     
   131.40000000000001        7.4399999999999995       -17.124163489452684     
   133.20000000000002        7.4399999999999995       -17.208604007580501     
   135.00000000000000        7.4399999999999995       -17.294430559906576     
   136.79999999999998        7.4399999999999995       -17.381269663962154     
   138.59999999999999        7.4399999999999995       -17.468668039311371     
   140.40000000000001        7.4399999999999995       -17.556249170267865     
   142.20000000000002        7.4399999999999995       -17.643618400227016     
   144.00000000000000        7.4399999999999995       -17.730394191408685     
   145.79999999999998        7.4399999999999995       -17.816236700436008     
   147.59999999999999        7.4399999999999995       -17.900786986281503     
   149.40000000000003        7.4399999999999995       -17.983665575539863     
   151.20000000000002        7.4399999999999995       -18.064527556216134     
   153.00000000000000        7.4399999999999995       -18.143006784589733     
   154.79999999999998        7.4399999999999995       -18.218799787051182     
   156.59999999999997        7.4399999999999995       -18.291481279942083     
   158.39999999999998        7.4399999999999995       -18.360725471785713     
   160.20000000000002        7.4399999999999995       -18.426169367519723     
   162.00000000000000        7.4399999999999995       -18.487410304705236     
   163.79999999999998        7.4399999999999995       -18.544168129998209     
   165.59999999999999        7.4399999999999995       -18.596033171310555     
   167.40000000000001        7.4399999999999995       -18.642682637197741     
   169.19999999999999        7.4399999999999995       -18.683825577099238     
   171.00000000000000        7.4399999999999995       -18.719151450040712     
   172.80000000000001        7.4399999999999995       -18.748436505532812     
   174.59999999999999        7.4399999999999995       -18.771432427655334     
   176.40000000000001        7.4399999999999995       -18.788001175354697     
   178.20000000000002        7.4399999999999995       -18.804137076146304     
   180.00000000000000        7.4399999999999995       -18.801326356627815     
   0.0000000000000000        7.5199999999999996       -29.392866762406864     
   1.8000000000000003        7.5199999999999996       -29.373131417263870     
   3.6000000000000005        7.5199999999999996       -29.313940727679046     
   5.4000000000000004        7.5199999999999996       -29.215810358667042     
   7.2000000000000011        7.5199999999999996       -29.079280793458327     
   9.0000000000000000        7.5199999999999996       -28.905420714085437     
   10.800000000000001        7.5199999999999996       -28.695298898168907     
   12.600000000000001        7.5199999999999996       -28.450564866295839     
   14.400000000000002        7.5199999999999996       -28.172805612668800     
   16.200000000000003        7.5199999999999996       -27.864263671612068     
   18.000000000000000        7.5199999999999996       -27.527169091252826     
   19.799999999999997        7.5199999999999996       -27.163805627113309     
   21.600000000000001        7.5199999999999996       -26.777405847960090     
   23.400000000000002        7.5199999999999996       -26.370504346921170     
   25.200000000000003        7.5199999999999996       -25.946170043376071     
   27.000000000000000        7.5199999999999996       -25.507924013395602     
   28.800000000000004        7.5199999999999996       -25.058515103901289     
   30.600000000000005        7.5199999999999996       -24.601366700959439     
   32.400000000000006        7.5199999999999996       -24.139713179622245     
   34.199999999999996        7.5199999999999996       -23.676525342187091     
   36.000000000000000        7.5199999999999996       -23.214642266198997     
   37.800000000000004        7.5199999999999996       -22.756832629947780     
   39.599999999999994        7.5199999999999996       -22.305703773537349     
   41.399999999999999        7.5199999999999996       -21.863624418901786     
   43.200000000000003        7.5199999999999996       -21.432495892938370     
   45.000000000000000        7.5199999999999996       -21.014442378105112     
   46.800000000000004        7.5199999999999996       -20.610667855548066     
   48.599999999999994        7.5199999999999996       -20.222781914069664     
   50.400000000000006        7.5199999999999996       -19.851662283403154     
   52.200000000000003        7.5199999999999996       -19.498120720449094     
   54.000000000000000        7.5199999999999996       -19.162965769995807     
   55.799999999999997        7.5199999999999996       -18.846366015126684     
   57.600000000000009        7.5199999999999996       -18.548607152644522     
   59.400000000000013        7.5199999999999996       -18.269685593677270     
   61.200000000000010        7.5199999999999996       -18.009435848807613     
   63.000000000000000        7.5199999999999996       -17.767599550922935     
   64.800000000000011        7.5199999999999996       -17.543781176558124     
   66.600000000000009        7.5199999999999996       -17.337465434783759     
   68.399999999999991        7.5199999999999996       -17.148037512181592     
   70.200000000000003        7.5199999999999996       -16.974853480954145     
   72.000000000000000        7.5199999999999996       -16.817245997303818     
   73.799999999999997        7.5199999999999996       -16.674349252407801     
   75.600000000000009        7.5199999999999996       -16.545488168472410     
   77.399999999999991        7.5199999999999996       -16.429824324691157     
   79.199999999999989        7.5199999999999996       -16.326555646939358     
   81.000000000000000        7.5199999999999996       -16.234881981644719     
   82.799999999999997        7.5199999999999996       -16.154081551850833     
   84.599999999999994        7.5199999999999996       -16.083382893249716     
   86.400000000000006        7.5199999999999996       -16.022108221752685     
   88.200000000000003        7.5199999999999996       -15.969639023848016     
   90.000000000000000        7.5199999999999996       -15.925346558346737     
   91.799999999999997        7.5199999999999996       -15.888714490210985     
   93.600000000000009        7.5199999999999996       -15.859288911690390     
   95.400000000000006        7.5199999999999996       -15.836635012322908     
   97.199999999999989        7.5199999999999996       -15.820410714505234     
   99.000000000000014        7.5199999999999996       -15.810338699758310     
   100.80000000000001        7.5199999999999996       -15.806144560785780     
   102.59999999999999        7.5199999999999996       -15.807649897430879     
   104.40000000000001        7.5199999999999996       -15.814664059385427     
   106.19999999999999        7.5199999999999996       -15.827035292580652     
   108.00000000000000        7.5199999999999996       -15.844609029462307     
   109.80000000000000        7.5199999999999996       -15.867275088637804     
   111.59999999999999        7.5199999999999996       -15.894841371946251     
   113.40000000000001        7.5199999999999996       -15.927141420776550     
   115.20000000000002        7.5199999999999996       -15.963996523932389     
   117.00000000000000        7.5199999999999996       -16.005161468054471     
   118.80000000000003        7.5199999999999996       -16.050380888742669     
   120.60000000000001        7.5199999999999996       -16.099366839226260     
   122.40000000000002        7.5199999999999996       -16.151826971101663     
   124.20000000000000        7.5199999999999996       -16.207407687710113     
   126.00000000000000        7.5199999999999996       -16.265761899796768     
   127.80000000000001        7.5199999999999996       -16.326540081639681     
   129.60000000000002        7.5199999999999996       -16.389362339901073     
   131.40000000000001        7.5199999999999996       -16.453886354703997     
   133.20000000000002        7.5199999999999996       -16.519762415551369     
   135.00000000000000        7.5199999999999996       -16.586624493243036     
   136.79999999999998        7.5199999999999996       -16.654182962739842     
   138.59999999999999        7.5199999999999996       -16.722094676651995     
   140.40000000000001        7.5199999999999996       -16.790079889684588     
   142.20000000000002        7.5199999999999996       -16.857849320235324     
   144.00000000000000        7.5199999999999996       -16.925126135416281     
   145.79999999999998        7.5199999999999996       -16.991666731480716     
   147.59999999999999        7.5199999999999996       -17.057212828610179     
   149.40000000000003        7.5199999999999996       -17.121488199736408     
   151.20000000000002        7.5199999999999996       -17.184240864094665     
   153.00000000000000        7.5199999999999996       -17.245198443156326     
   154.79999999999998        7.5199999999999996       -17.304135485123361     
   156.59999999999997        7.5199999999999996       -17.360723349704482     
   158.39999999999998        7.5199999999999996       -17.414709911948833     
   160.20000000000002        7.5199999999999996       -17.465808588476534     
   162.00000000000000        7.5199999999999996       -17.513695338665077     
   163.79999999999998        7.5199999999999996       -17.558145237441252     
   165.59999999999999        7.5199999999999996       -17.598821208927173     
   167.40000000000001        7.5199999999999996       -17.635456349252721     
   169.19999999999999        7.5199999999999996       -17.667808590922117     
   171.00000000000000        7.5199999999999996       -17.695617131760589     
   172.80000000000001        7.5199999999999996       -17.718693787441165     
   174.59999999999999        7.5199999999999996       -17.736828000469895     
   176.40000000000001        7.5199999999999996       -17.749902973060074     
   178.20000000000002        7.5199999999999996       -17.763292660423762     
   180.00000000000000        7.5199999999999996       -17.760422705921439     
   0.0000000000000000        7.5999999999999996       -28.456069922106966     
   1.8000000000000003        7.5999999999999996       -28.435733349779479     
   3.6000000000000005        7.5999999999999996       -28.374738372163957     
   5.4000000000000004        7.5999999999999996       -28.273734762795929     
   7.2000000000000011        7.5999999999999996       -28.133388024093428     
   9.0000000000000000        7.5999999999999996       -27.955015794951954     
   10.800000000000001        7.5999999999999996       -27.739904670820650     
   12.600000000000001        7.5999999999999996       -27.490028217096125     
   14.400000000000002        7.5999999999999996       -27.207234452079152     
   16.200000000000003        7.5999999999999996       -26.894114584541224     
   18.000000000000000        7.5999999999999996       -26.553178334539769     
   19.799999999999997        7.5999999999999996       -26.186944445618028     
   21.600000000000001        7.5999999999999996       -25.798966834070725     
   23.400000000000002        7.5999999999999996       -25.391926309806447     
   25.200000000000003        7.5999999999999996       -24.969060206040492     
   27.000000000000000        7.5999999999999996       -24.534043803519769     
   28.800000000000004        7.5999999999999996       -24.089647381216921     
   30.600000000000005        7.5999999999999996       -23.639339050699043     
   32.400000000000006        7.5999999999999996       -23.186335635453791     
   34.199999999999996        7.5999999999999996       -22.733540002665396     
   36.000000000000000        7.5999999999999996       -22.283693078182779     
   37.800000000000004        7.5999999999999996       -21.839443296799686     
   39.599999999999994        7.5999999999999996       -21.403255610655698     
   41.399999999999999        7.5999999999999996       -20.977337721782529     
   43.200000000000003        7.5999999999999996       -20.563415518910499     
   45.000000000000000        7.5999999999999996       -20.163437989691317     
   46.800000000000004        7.5999999999999996       -19.778426341386098     
   48.599999999999994        7.5999999999999996       -19.409812551007889     
   50.400000000000006        7.5999999999999996       -19.058301079757175     
   52.200000000000003        7.5999999999999996       -18.724538097629317     
   54.000000000000000        7.5999999999999996       -18.409170086384275     
   55.799999999999997        7.5999999999999996       -18.112220844911779     
   57.600000000000009        7.5999999999999996       -17.833835549046992     
   59.400000000000013        7.5999999999999996       -17.573882942574659     
   61.200000000000010        7.5999999999999996       -17.332080916899820     
   63.000000000000000        7.5999999999999996       -17.108063237165663     
   64.800000000000011        7.5999999999999996       -16.901337196103793     
   66.600000000000009        7.5999999999999996       -16.711301264762074     
   68.399999999999991        7.5999999999999996       -16.537265451754152     
   70.200000000000003        7.5999999999999996       -16.378518420619859     
   72.000000000000000        7.5999999999999996       -16.234332782239797     
   73.799999999999997        7.5999999999999996       -16.103804190475667     
   75.600000000000009        7.5999999999999996       -15.986213396091292     
   77.399999999999991        7.5999999999999996       -15.880699243436874     
   79.199999999999989        7.5999999999999996       -15.786444654422812     
   81.000000000000000        7.5999999999999996       -15.702645694009743     
   82.799999999999997        7.5999999999999996       -15.628580682164692     
   84.599999999999994        7.5999999999999996       -15.563495822291015     
   86.400000000000006        7.5999999999999996       -15.506733632788707     
   88.200000000000003        7.5999999999999996       -15.457701123118735     
   90.000000000000000        7.5999999999999996       -15.415808514547981     
   91.799999999999997        7.5999999999999996       -15.380575535147031     
   93.600000000000009        7.5999999999999996       -15.351585694032286     
   95.400000000000006        7.5999999999999996       -15.328447158686211     
   97.199999999999989        7.5999999999999996       -15.310854294663743     
   99.000000000000014        7.5999999999999996       -15.298561067241856     
   100.80000000000001        7.5999999999999996       -15.291325807230386     
   102.59999999999999        7.5999999999999996       -15.288988999364358     
   104.40000000000001        7.5999999999999996       -15.291378744168824     
   106.19999999999999        7.5999999999999996       -15.298353226230985     
   108.00000000000000        7.5999999999999996       -15.309764304132461     
   109.80000000000000        7.5999999999999996       -15.325496795068386     
   111.59999999999999        7.5999999999999996       -15.345362295305426     
   113.40000000000001        7.5999999999999996       -15.369190424005067     
   115.20000000000002        7.5999999999999996       -15.396797349003689     
   117.00000000000000        7.5999999999999996       -15.427942841297362     
   118.80000000000003        7.5999999999999996       -15.462378315905822     
   120.60000000000001        7.5999999999999996       -15.499830123698224     
   122.40000000000002        7.5999999999999996       -15.540023385052240     
   124.20000000000000        7.5999999999999996       -15.582639367326305     
   126.00000000000000        7.5999999999999996       -15.627370260849245     
   127.80000000000001        7.5999999999999996       -15.673912934267788     
   129.60000000000002        7.5999999999999996       -15.721949254156634     
   131.40000000000001        7.5999999999999996       -15.771197511947925     
   133.20000000000002        7.5999999999999996       -15.821379020512861     
   135.00000000000000        7.5999999999999996       -15.872212005875548     
   136.79999999999998        7.5999999999999996       -15.923478320666193     
   138.59999999999999        7.5999999999999996       -15.974928103275372     
   140.40000000000001        7.5999999999999996       -16.026363393161876     
   142.20000000000002        7.5999999999999996       -16.077583673320365     
   144.00000000000000        7.5999999999999996       -16.128400102618460     
   145.79999999999998        7.5999999999999996       -16.178649799983980     
   147.59999999999999        7.5999999999999996       -16.228158796441956     
   149.40000000000003        7.5999999999999996       -16.276737285702623     
   151.20000000000002        7.5999999999999996       -16.324211029566452     
   153.00000000000000        7.5999999999999996       -16.370386126689940     
   154.79999999999998        7.5999999999999996       -16.415102391912825     
   156.59999999999997        7.5999999999999996       -16.458112267835965     
   158.39999999999998        7.5999999999999996       -16.499225440030909     
   160.20000000000002        7.5999999999999996       -16.538219580313854     
   162.00000000000000        7.5999999999999996       -16.574836942783392     
   163.79999999999998        7.5999999999999996       -16.608899161980982     
   165.59999999999999        7.5999999999999996       -16.640130627950803     
   167.40000000000001        7.5999999999999996       -16.668311817197218     
   169.19999999999999        7.5999999999999996       -16.693242168362314     
   171.00000000000000        7.5999999999999996       -16.714703213115325     
   172.80000000000001        7.5999999999999996       -16.732537058439064     
   174.59999999999999        7.5999999999999996       -16.746565378052544     
   176.40000000000001        7.5999999999999996       -16.756689503356256     
   178.20000000000002        7.5999999999999996       -16.767724099629220     
   180.00000000000000        7.5999999999999996       -16.764839641404247     
   0.0000000000000000        7.6799999999999997       -27.406709988029974     
   1.8000000000000003        7.6799999999999997       -27.386230473645874     
   3.6000000000000005        7.6799999999999997       -27.324806011752980     
   5.4000000000000004        7.6799999999999997       -27.223174916523448     
   7.2000000000000011        7.6799999999999997       -27.082084363666361     
   9.0000000000000000        7.6799999999999997       -26.903014753356615     
   10.800000000000001        7.6799999999999997       -26.687393154629770     
   12.600000000000001        7.6799999999999997       -26.437401271764973     
   14.400000000000002        7.6799999999999997       -26.155051066146171     
   16.200000000000003        7.6799999999999997       -25.843150998860320     
   18.000000000000000        7.6799999999999997       -25.504378857907426     
   19.799999999999997        7.6799999999999997       -25.141388722329157     
   21.600000000000001        7.6799999999999997       -24.757918048588113     
   23.400000000000002        7.6799999999999997       -24.356715906854291     
   25.200000000000003        7.6799999999999997       -23.941096135357871     
   27.000000000000000        7.6799999999999997       -23.514793904914495     
   28.800000000000004        7.6799999999999997       -23.080555457097201     
   30.600000000000005        7.6799999999999997       -22.641831888101642     
   32.400000000000006        7.6799999999999997       -22.201781150507585     
   34.199999999999996        7.6799999999999997       -21.763214938136834     
   36.000000000000000        7.6799999999999997       -21.328763221530469     
   37.800000000000004        7.6799999999999997       -20.900948608771007     
   39.599999999999994        7.6799999999999997       -20.482096584588550     
   41.399999999999999        7.6799999999999997       -20.074265325737546     
   43.200000000000003        7.6799999999999997       -19.679027398436805     
   45.000000000000000        7.6799999999999997       -19.298175234416309     
   46.800000000000004        7.6799999999999997       -18.932581025021626     
   48.599999999999994        7.6799999999999997       -18.583525323380222     
   50.400000000000006        7.6799999999999997       -18.251574516034630     
   52.200000000000003        7.6799999999999997       -17.937242854854148     
   54.000000000000000        7.6799999999999997       -17.641047125115609     
   55.799999999999997        7.6799999999999997       -17.362902810986380     
   57.600000000000009        7.6799999999999997       -17.102847829829937     
   59.400000000000013        7.6799999999999997       -16.860656857920926     
   61.200000000000010        7.6799999999999997       -16.635963828959561     
   63.000000000000000        7.6799999999999997       -16.428326058440675     
   64.800000000000011        7.6799999999999997       -16.237184033299826     
   66.600000000000009        7.6799999999999997       -16.061879106481722     
   68.399999999999991        7.6799999999999997       -15.901673756952555     
   70.200000000000003        7.6799999999999997       -15.755815369335116     
   72.000000000000000        7.6799999999999997       -15.623541233348854     
   73.799999999999997        7.6799999999999997       -15.503930704500956     
   75.600000000000009        7.6799999999999997       -15.396241666026235     
   77.399999999999991        7.6799999999999997       -15.299608682343480     
   79.199999999999989        7.6799999999999997       -15.213216000182550     
   81.000000000000000        7.6799999999999997       -15.136269681042155     
   82.799999999999997        7.6799999999999997       -15.068060166352307     
   84.599999999999994        7.6799999999999997       -15.007859769822563     
   86.400000000000006        7.6799999999999997       -14.955037946471849     
   88.200000000000003        7.6799999999999997       -14.909031773634425     
   90.000000000000000        7.6799999999999997       -14.869291516756757     
   91.799999999999997        7.6799999999999997       -14.835373064295368     
   93.600000000000009        7.6799999999999997       -14.806895896082736     
   95.400000000000006        7.6799999999999997       -14.783507458052116     
   97.199999999999989        7.6799999999999997       -14.764934748211704     
   99.000000000000014        7.6799999999999997       -14.750959028936020     
   100.80000000000001        7.6799999999999997       -14.741366184934666     
   102.59999999999999        7.6799999999999997       -14.736012110488549     
   104.40000000000001        7.6799999999999997       -14.734739669243414     
   106.19999999999999        7.6799999999999997       -14.737414242523732     
   108.00000000000000        7.6799999999999997       -14.743891891477663     
   109.80000000000000        7.6799999999999997       -14.754052281747569     
   111.59999999999999        7.6799999999999997       -14.767709281776984     
   113.40000000000001        7.6799999999999997       -14.784688830242779     
   115.20000000000002        7.6799999999999997       -14.804802820389749     
   117.00000000000000        7.6799999999999997       -14.827815520208988     
   118.80000000000003        7.6799999999999997       -14.853484704237671     
   120.60000000000001        7.6799999999999997       -14.881549611777265     
   122.40000000000002        7.6799999999999997       -14.911751120463938     
   124.20000000000000        7.6799999999999997       -14.943800717662034     
   126.00000000000000        7.6799999999999997       -14.977424477644997     
   127.80000000000001        7.6799999999999997       -15.012358948664239     
   129.60000000000002        7.6799999999999997       -15.048338098975174     
   131.40000000000001        7.6799999999999997       -15.085131181703911     
   133.20000000000002        7.6799999999999997       -15.122518700973247     
   135.00000000000000        7.6799999999999997       -15.160288500802771     
   136.79999999999998        7.6799999999999997       -15.198281379532608     
   138.59999999999999        7.6799999999999997       -15.236323754810497     
   140.40000000000001        7.6799999999999997       -15.274284330447992     
   142.20000000000002        7.6799999999999997       -15.312034619845303     
   144.00000000000000        7.6799999999999997       -15.349456954071931     
   145.79999999999998        7.6799999999999997       -15.386453570731467     
   147.59999999999999        7.6799999999999997       -15.422918386150354     
   149.40000000000003        7.6799999999999997       -15.458731124867002     
   151.20000000000002        7.6799999999999997       -15.493780051178275     
   153.00000000000000        7.6799999999999997       -15.527934406872376     
   154.79999999999998        7.6799999999999997       -15.561086482752206     
   156.59999999999997        7.6799999999999997       -15.593054199793901     
   158.39999999999998        7.6799999999999997       -15.623697163890817     
   160.20000000000002        7.6799999999999997       -15.652845107235176     
   162.00000000000000        7.6799999999999997       -15.680294206501543     
   163.79999999999998        7.6799999999999997       -15.705903954273314     
   165.59999999999999        7.6799999999999997       -15.729449024881101     
   167.40000000000001        7.6799999999999997       -15.750748724466105     
   169.19999999999999        7.6799999999999997       -15.769636579572802     
   171.00000000000000        7.6799999999999997       -15.785929004620543     
   172.80000000000001        7.6799999999999997       -15.799493088117346     
   174.59999999999999        7.6799999999999997       -15.810177168133649     
   176.40000000000001        7.6799999999999997       -15.817897568081227     
   178.20000000000002        7.6799999999999997       -15.826974987447683     
   180.00000000000000        7.6799999999999997       -15.824117332281144     
   0.0000000000000000        7.7599999999999998       -26.295623059409269     
   1.8000000000000003        7.7599999999999998       -26.275294354884711     
   3.6000000000000005        7.7599999999999998       -26.214321639574706     
   5.4000000000000004        7.7599999999999998       -26.113501655580443     
   7.2000000000000011        7.7599999999999998       -25.973634639538574     
   9.0000000000000000        7.7599999999999998       -25.796306853284044     
   10.800000000000001        7.7599999999999998       -25.583034853802097     
   12.600000000000001        7.7599999999999998       -25.336132110733704     
   14.400000000000002        7.7599999999999998       -25.057710691016748     
   16.200000000000003        7.7599999999999998       -24.750709949037198     
   18.000000000000000        7.7599999999999998       -24.417902610125012     
   19.799999999999997        7.7599999999999998       -24.062012971796062     
   21.600000000000001        7.7599999999999998       -23.686872023970476     
   23.400000000000002        7.7599999999999998       -23.295246615082821     
   25.200000000000003        7.7599999999999998       -22.890467613596744     
   27.000000000000000        7.7599999999999998       -22.476269266927456     
   28.800000000000004        7.7599999999999998       -22.055345089101632     
   30.600000000000005        7.7599999999999998       -21.631090007057438     
   32.400000000000006        7.7599999999999998       -21.206577450366161     
   34.199999999999996        7.7599999999999998       -20.784514183353373     
   36.000000000000000        7.7599999999999998       -20.367412339242474     
   37.800000000000004        7.7599999999999998       -19.957666585409243     
   39.599999999999994        7.7599999999999998       -19.557466398856878     
   41.399999999999999        7.7599999999999998       -19.168729470539489     
   43.200000000000003        7.7599999999999998       -18.792890901308663     
   45.000000000000000        7.7599999999999998       -18.431600245947187     
   46.800000000000004        7.7599999999999998       -18.085603925575075     
   48.599999999999994        7.7599999999999998       -17.756049525492092     
   50.400000000000006        7.7599999999999998       -17.443389423740193     
   52.200000000000003        7.7599999999999998       -17.148028998068696     
   54.000000000000000        7.7599999999999998       -16.870377551729025     
   55.799999999999997        7.7599999999999998       -16.610266867975934     
   57.600000000000009        7.7599999999999998       -16.367650193270936     
   59.400000000000013        7.7599999999999998       -16.142230818196595     
   61.200000000000010        7.7599999999999998       -15.933580715389093     
   63.000000000000000        7.7599999999999998       -15.741201896752441     
   64.800000000000011        7.7599999999999998       -15.564488438994843     
   66.600000000000009        7.7599999999999998       -15.402744075997260     
   68.399999999999991        7.7599999999999998       -15.255202216386742     
   70.200000000000003        7.7599999999999998       -15.121086389992829     
   72.000000000000000        7.7599999999999998       -14.999615023007278     
   73.799999999999997        7.7599999999999998       -14.889865788464533     
   75.600000000000009        7.7599999999999998       -14.791087798713139     
   77.399999999999991        7.7599999999999998       -14.702423345244206     
   79.199999999999989        7.7599999999999998       -14.623068543383814     
   81.000000000000000        7.7599999999999998       -14.552248210712724     
   82.799999999999997        7.7599999999999998       -14.489272480475265     
   84.599999999999994        7.7599999999999998       -14.433444818385997     
   86.400000000000006        7.7599999999999998       -14.384165445152346     
   88.200000000000003        7.7599999999999998       -14.340903910795783     
   90.000000000000000        7.7599999999999998       -14.303150535374346     
   91.799999999999997        7.7599999999999998       -14.270496767543603     
   93.600000000000009        7.7599999999999998       -14.242596444775188     
   95.400000000000006        7.7599999999999998       -14.219133176861099     
   97.199999999999989        7.7599999999999998       -14.199863492813272     
   99.000000000000014        7.7599999999999998       -14.184592814101977     
   100.80000000000001        7.7599999999999998       -14.173130695512933     
   102.59999999999999        7.7599999999999998       -14.165345833372069     
   104.40000000000001        7.7599999999999998       -14.161092970518409     
   106.19999999999999        7.7599999999999998       -14.160242737824971     
   108.00000000000000        7.7599999999999998       -14.162653870283920     
   109.80000000000000        7.7599999999999998       -14.168200838218924     
   111.59999999999999        7.7599999999999998       -14.176698883331056     
   113.40000000000001        7.7599999999999998       -14.187970534958749     
   115.20000000000002        7.7599999999999998       -14.201824105312248     
   117.00000000000000        7.7599999999999998       -14.218028112302257     
   118.80000000000003        7.7599999999999998       -14.236346470616494     
   120.60000000000001        7.7599999999999998       -14.256530374561832     
   122.40000000000002        7.7599999999999998       -14.278335289815244     
   124.20000000000000        7.7599999999999998       -14.301499681321868     
   126.00000000000000        7.7599999999999998       -14.325779718685116     
   127.80000000000001        7.7599999999999998       -14.350946902680521     
   129.60000000000002        7.7599999999999998       -14.376780508536221     
   131.40000000000001        7.7599999999999998       -14.403093956114214     
   133.20000000000002        7.7599999999999998       -14.429718620472713     
   135.00000000000000        7.7599999999999998       -14.456501690277449     
   136.79999999999998        7.7599999999999998       -14.483334110765245     
   138.59999999999999        7.7599999999999998       -14.510106670874839     
   140.40000000000001        7.7599999999999998       -14.536744156698783     
   142.20000000000002        7.7599999999999998       -14.563178418109542     
   144.00000000000000        7.7599999999999998       -14.589351217388769     
   145.79999999999998        7.7599999999999998       -14.615219026695547     
   147.59999999999999        7.7599999999999998       -14.640732201724642     
   149.40000000000003        7.7599999999999998       -14.665828237023163     
   151.20000000000002        7.7599999999999998       -14.690447292135170     
   153.00000000000000        7.7599999999999998       -14.714511082975818     
   154.79999999999998        7.7599999999999998       -14.737955479138623     
   156.59999999999997        7.7599999999999998       -14.760653024048461     
   158.39999999999998        7.7599999999999998       -14.782504971817675     
   160.20000000000002        7.7599999999999998       -14.803384628337726     
   162.00000000000000        7.7599999999999998       -14.823133478096668     
   163.79999999999998        7.7599999999999998       -14.841642812222828     
   165.59999999999999        7.7599999999999998       -14.858729795690614     
   167.40000000000001        7.7599999999999998       -14.874246601484048     
   169.19999999999999        7.7599999999999998       -14.888055668476722     
   171.00000000000000        7.7599999999999998       -14.900003091864376     
   172.80000000000001        7.7599999999999998       -14.909977233317152     
   174.59999999999999        7.7599999999999998       -14.917849205008547     
   176.40000000000001        7.7599999999999998       -14.923548129635092     
   178.20000000000002        7.7599999999999998       -14.930948967735279     
   180.00000000000000        7.7599999999999998       -14.928144385454152     
   0.0000000000000000        7.8399999999999999       -25.140948175572976     
   1.8000000000000003        7.8399999999999999       -25.121046316706224     
   3.6000000000000005        7.8399999999999999       -25.061353443084187     
   5.4000000000000004        7.8399999999999999       -24.962695204782097     
   7.2000000000000011        7.8399999999999999       -24.825896891937926     
   9.0000000000000000        7.8399999999999999       -24.652594927766980     
   10.800000000000001        7.8399999999999999       -24.444345538689483     
   12.600000000000001        7.8399999999999999       -24.203519375851219     
   14.400000000000002        7.8399999999999999       -23.932266442003698     
   16.200000000000003        7.8399999999999999       -23.633572960362368     
   18.000000000000000        7.8399999999999999       -23.310235709408833     
   19.799999999999997        7.8399999999999999       -22.964986328213389     
   21.600000000000001        7.8399999999999999       -22.601662485831621     
   23.400000000000002        7.8399999999999999       -22.223000669630675     
   25.200000000000003        7.8399999999999999       -21.832292121115909     
   27.000000000000000        7.8399999999999999       -21.433212525043988     
   28.800000000000004        7.8399999999999999       -21.028376321420645     
   30.600000000000005        7.8399999999999999       -20.621086044004922     
   32.400000000000006        7.8399999999999999       -20.214307624559151     
   34.199999999999996        7.8399999999999999       -19.810631520337918     
   36.000000000000000        7.8399999999999999       -19.412447364233998     
   37.800000000000004        7.8399999999999999       -19.022021893108324     
   39.599999999999994        7.8399999999999999       -18.641413993507236     
   41.399999999999999        7.8399999999999999       -18.272411647305052     
   43.200000000000003        7.8399999999999999       -17.916329687438772     
   45.000000000000000        7.8399999999999999       -17.574690012223630     
   46.800000000000004        7.8399999999999999       -17.248137311995027     
   48.599999999999994        7.8399999999999999       -16.937705828165761     
   50.400000000000006        7.8399999999999999       -16.643758601453968     
   52.200000000000003        7.8399999999999999       -16.366615782721055     
   54.000000000000000        7.8399999999999999       -16.106602064563894     
   55.799999999999997        7.8399999999999999       -15.863490335817517     
   57.600000000000009        7.8399999999999999       -15.637172110025855     
   59.400000000000013        7.8399999999999999       -15.427302146730026     
   61.200000000000010        7.8399999999999999       -15.233412548627022     
   63.000000000000000        7.8399999999999999       -15.054971237171669     
   64.800000000000011        7.8399999999999999       -14.891346267084499     
   66.600000000000009        7.8399999999999999       -14.741823171275417     
   68.399999999999991        7.8399999999999999       -14.605624593644313     
   70.200000000000003        7.8399999999999999       -14.481967454333043     
   72.000000000000000        7.8399999999999999       -14.370067560729124     
   73.799999999999997        7.8399999999999999       -14.269015080262514     
   75.600000000000009        7.8399999999999999       -14.178064149456763     
   77.399999999999991        7.8399999999999999       -14.096376264313257     
   79.199999999999989        7.8399999999999999       -14.023169377825031     
   81.000000000000000        7.8399999999999999       -13.957695158849132     
   82.799999999999997        7.8399999999999999       -13.899290325959257     
   84.599999999999994        7.8399999999999999       -13.847293708943138     
   86.400000000000006        7.8399999999999999       -13.801139301067343     
   88.200000000000003        7.8399999999999999       -13.760330686643620     
   90.000000000000000        7.8399999999999999       -13.724397328237876     
   91.799999999999997        7.8399999999999999       -13.692964783505955     
   93.600000000000009        7.8399999999999999       -13.665718821604274     
   95.400000000000006        7.8399999999999999       -13.642375312476743     
   97.199999999999989        7.8399999999999999       -13.622716544472182     
   99.000000000000014        7.8399999999999999       -13.606568400701407     
   100.80000000000001        7.8399999999999999       -13.593759743262526     
   102.59999999999999        7.8399999999999999       -13.584169152025666     
   104.40000000000001        7.8399999999999999       -13.577660143213482     
   106.19999999999999        7.8399999999999999       -13.574106556780560     
   108.00000000000000        7.8399999999999999       -13.573368268431278     
   109.80000000000000        7.8399999999999999       -13.575314622196165     
   111.59999999999999        7.8399999999999999       -13.579761440414634     
   113.40000000000001        7.8399999999999999       -13.586528284251468     
   115.20000000000002        7.8399999999999999       -13.595420764898469     
   117.00000000000000        7.8399999999999999       -13.606211524618475     
   118.80000000000003        7.8399999999999999       -13.618670492757733     
   120.60000000000001        7.8399999999999999       -13.632559909479948     
   122.40000000000002        7.8399999999999999       -13.647648637511477     
   124.20000000000000        7.8399999999999999       -13.663698714716141     
   126.00000000000000        7.8399999999999999       -13.680492399043521     
   127.80000000000001        7.8399999999999999       -13.697831127769449     
   129.60000000000002        7.8399999999999999       -13.715532277992388     
   131.40000000000001        7.8399999999999999       -13.733446223297744     
   133.20000000000002        7.8399999999999999       -13.751446391989663     
   135.00000000000000        7.8399999999999999       -13.769428454591216     
   136.79999999999998        7.8399999999999999       -13.787324196616424     
   138.59999999999999        7.8399999999999999       -13.805076223468571     
   140.40000000000001        7.8399999999999999       -13.822654253987459     
   142.20000000000002        7.8399999999999999       -13.840038175533328     
   144.00000000000000        7.8399999999999999       -13.857216849137185     
   145.79999999999998        7.8399999999999999       -13.874189559949814     
   147.59999999999999        7.8399999999999999       -13.890951105770489     
   149.40000000000003        7.8399999999999999       -13.907484434473231     
   151.20000000000002        7.8399999999999999       -13.923770498308796     
   153.00000000000000        7.8399999999999999       -13.939772324308308     
   154.79999999999998        7.8399999999999999       -13.955460054806407     
   156.59999999999997        7.8399999999999999       -13.970749497574662     
   158.39999999999998        7.8399999999999999       -13.985574900299870     
   160.20000000000002        7.8399999999999999       -13.999844259492040     
   162.00000000000000        7.8399999999999999       -14.013435343768990     
   163.79999999999998        7.8399999999999999       -14.026264895389014     
   165.59999999999999        7.8399999999999999       -14.038184395794810     
   167.40000000000001        7.8399999999999999       -14.049072627321900     
   169.19999999999999        7.8399999999999999       -14.058815506530051     
   171.00000000000000        7.8399999999999999       -14.067283342274274     
   172.80000000000001        7.8399999999999999       -14.074381870441067     
   174.59999999999999        7.8399999999999999       -14.080000883820849     
   176.40000000000001        7.8399999999999999       -14.084079996800183     
   178.20000000000002        7.8399999999999999       -14.090102332830810     
   180.00000000000000        7.8399999999999999       -14.087375197308281     
   0.0000000000000000        7.9199999999999999       -23.971421922749151     
   1.8000000000000003        7.9199999999999999       -23.952121719697757     
   3.6000000000000005        7.9199999999999999       -23.894233120094082     
   5.4000000000000004        7.9199999999999999       -23.798590924579887     
   7.2000000000000011        7.9199999999999999       -23.666026766282606     
   9.0000000000000000        7.9199999999999999       -23.498190015553813     
   10.800000000000001        7.9199999999999999       -23.296643360225570     
   12.600000000000001        7.9199999999999999       -23.063764950814143     
   14.400000000000002        7.9199999999999999       -22.801701455778272     
   16.200000000000003        7.9199999999999999       -22.513430254269370     
   18.000000000000000        7.9199999999999999       -22.201725402621193     
   19.799999999999997        7.9199999999999999       -21.869284591213955     
   21.600000000000001        7.9199999999999999       -21.519895179837956     
   23.400000000000002        7.9199999999999999       -21.156232193803998     
   25.200000000000003        7.9199999999999999       -20.781510693666782     
   27.000000000000000        7.9199999999999999       -20.399310865924686     
   28.800000000000004        7.9199999999999999       -20.012151923508281     
   30.600000000000005        7.9199999999999999       -19.623221560756374     
   32.400000000000006        7.9199999999999999       -19.235364646935956     
   34.199999999999996        7.9199999999999999       -18.851049478755243     
   36.000000000000000        7.9199999999999999       -18.472541811775336     
   37.800000000000004        7.9199999999999999       -18.101982204765694     
   39.599999999999994        7.9199999999999999       -17.741304280050684     
   41.399999999999999        7.9199999999999999       -17.392175133425631     
   43.200000000000003        7.9199999999999999       -17.055802232062238     
   45.000000000000000        7.9199999999999999       -16.733591529792150     
   46.800000000000004        7.9199999999999999       -16.426103132707500     
   48.599999999999994        7.9199999999999999       -16.134272363019328     
   50.400000000000006        7.9199999999999999       -15.858390346668743     
   52.200000000000003        7.9199999999999999       -15.598708724306380     
   54.000000000000000        7.9199999999999999       -15.355483803927969     
   55.799999999999997        7.9199999999999999       -15.128446748322800     
   57.600000000000009        7.9199999999999999       -14.917443350984133     
   59.400000000000013        7.9199999999999999       -14.722095646166746     
   61.200000000000010        7.9199999999999999       -14.541911080231220     
   63.000000000000000        7.9199999999999999       -14.376338068937976     
   64.800000000000011        7.9199999999999999       -14.224732598889222     
   66.600000000000009        7.9199999999999999       -14.086375226469229     
   68.399999999999991        7.9199999999999999       -13.960490229603327     
   70.200000000000003        7.9199999999999999       -13.846299566774180     
   72.000000000000000        7.9199999999999999       -13.743027358578372     
   73.799999999999997        7.9199999999999999       -13.649785596144248     
   75.600000000000009        7.9199999999999999       -13.565842618408832     
   77.399999999999991        7.9199999999999999       -13.490386530871220     
   79.199999999999989        7.9199999999999999       -13.422663460086159     
   81.000000000000000        7.9199999999999999       -13.361956907610878     
   82.799999999999997        7.9199999999999999       -13.307634327793874     
   84.599999999999994        7.9199999999999999       -13.259072108652802     
   86.400000000000006        7.9199999999999999       -13.215739394791347     
   88.200000000000003        7.9199999999999999       -13.177174181512914     
   90.000000000000000        7.9199999999999999       -13.142943698614948     
   91.799999999999997        7.9199999999999999       -13.112705931352457     
   93.600000000000009        7.9199999999999999       -13.086176268283799     
   95.400000000000006        7.9199999999999999       -13.063099540681700     
   97.199999999999989        7.9199999999999999       -13.043280688720444     
   99.000000000000014        7.9199999999999999       -13.026563094541771     
   100.80000000000001        7.9199999999999999       -13.012791578330242     
   102.59999999999999        7.9199999999999999       -13.001852381430824     
   104.40000000000001        7.9199999999999999       -12.993615516649736     
   106.19999999999999        7.9199999999999999       -12.987956589947091     
   108.00000000000000        7.9199999999999999       -12.984735592825063     
   109.80000000000000        7.9199999999999999       -12.983816909080465     
   111.59999999999999        7.9199999999999999       -12.985016508116631     
   113.40000000000001        7.9199999999999999       -12.988151443143922     
   115.20000000000002        7.9199999999999999       -12.993025395007290     
   117.00000000000000        7.9199999999999999       -12.999415154290618     
   118.80000000000003        7.9199999999999999       -13.007096662984404     
   120.60000000000001        7.9199999999999999       -13.015842607817566     
   122.40000000000002        7.9199999999999999       -13.025434416131029     
   124.20000000000000        7.9199999999999999       -13.035655231348601     
   126.00000000000000        7.9199999999999999       -13.046310472456291     
   127.80000000000001        7.9199999999999999       -13.057227835653686     
   129.60000000000002        7.9199999999999999       -13.068257521511923     
   131.40000000000001        7.9199999999999999       -13.079281567577501     
   133.20000000000002        7.9199999999999999       -13.090209000664316     
   135.00000000000000        7.9199999999999999       -13.100976041178900     
   136.79999999999998        7.9199999999999999       -13.111548517608444     
   138.59999999999999        7.9199999999999999       -13.121911713786357     
   140.40000000000001        7.9199999999999999       -13.132072172517930     
   142.20000000000002        7.9199999999999999       -13.142048891296586     
   144.00000000000000        7.9199999999999999       -13.151868891019607     
   145.79999999999998        7.9199999999999999       -13.161566000023369     
   147.59999999999999        7.9199999999999999       -13.171170782313894     
   149.40000000000003        7.9199999999999999       -13.180702740348833     
   151.20000000000002        7.9199999999999999       -13.190175602389195     
   153.00000000000000        7.9199999999999999       -13.199585649194644     
   154.79999999999998        7.9199999999999999       -13.208930581426413     
   156.59999999999997        7.9199999999999999       -13.218161272582206     
   158.39999999999998        7.9199999999999999       -13.227238717057238     
   160.20000000000002        7.9199999999999999       -13.236099186684015     
   162.00000000000000        7.9199999999999999       -13.244650211749843     
   163.79999999999998        7.9199999999999999       -13.252829397685996     
   165.59999999999999        7.9199999999999999       -13.260516625098619     
   167.40000000000001        7.9199999999999999       -13.267612753106590     
   169.19999999999999        7.9199999999999999       -13.274023236746816     
   171.00000000000000        7.9199999999999999       -13.279638631773278     
   172.80000000000001        7.9199999999999999       -13.284379218185208     
   174.59999999999999        7.9199999999999999       -13.288150495219874     
   176.40000000000001        7.9199999999999999       -13.290900892222298     
   178.20000000000002        7.9199999999999999       -13.295763276609401     
   180.00000000000000        7.9199999999999999       -13.293128730049377     
   0.0000000000000000        8.0000000000000000       -22.802809419599459     
   1.8000000000000003        8.0000000000000000       -22.784235747144841     
   3.6000000000000005        8.0000000000000000       -22.728526055810818     
   5.4000000000000004        8.0000000000000000       -22.636509237364340     
   7.2000000000000011        8.0000000000000000       -22.509009035437384     
   9.0000000000000000        8.0000000000000000       -22.347659456757263     
   10.800000000000001        8.0000000000000000       -22.154004451673597     
   12.600000000000001        8.0000000000000000       -21.930391998579214     
   14.400000000000002        8.0000000000000000       -21.678934258548701     
   16.200000000000003        8.0000000000000000       -21.402557739035316     
   18.000000000000000        8.0000000000000000       -21.103978678956089     
   19.799999999999997        8.0000000000000000       -20.785830011394935     
   21.600000000000001        8.0000000000000000       -20.451806305854127     
   23.400000000000002        8.0000000000000000       -20.104498357757283     
   25.200000000000003        8.0000000000000000       -19.747018331178712     
   27.000000000000000        8.0000000000000000       -19.382824140631886     
   28.800000000000004        8.0000000000000000       -19.014328705859572     
   30.600000000000005        8.0000000000000000       -18.644589287188079     
   32.400000000000006        8.0000000000000000       -18.276320880642299     
   34.199999999999996        8.0000000000000000       -17.911866648851301     
   36.000000000000000        8.0000000000000000       -17.553368895797316     
   37.800000000000004        8.0000000000000000       -17.202844816483779     
   39.599999999999994        8.0000000000000000       -16.862108271063704     
   41.399999999999999        8.0000000000000000       -16.532713561871237     
   43.200000000000003        8.0000000000000000       -16.215771808790187     
   45.000000000000000        8.0000000000000000       -15.912583245322004     
   46.800000000000004        8.0000000000000000       -15.623637364174851     
   48.599999999999994        8.0000000000000000       -15.349782661335258     
   50.400000000000006        8.0000000000000000       -15.091252403127053     
   52.200000000000003        8.0000000000000000       -14.848243218019903     
   54.000000000000000        8.0000000000000000       -14.620956175680485     
   55.799999999999997        8.0000000000000000       -14.409094275989023     
   57.600000000000009        8.0000000000000000       -14.212470352451177     
   59.400000000000013        8.0000000000000000       -14.030686184970364     
   61.200000000000010        8.0000000000000000       -13.863236511281448     
   63.000000000000000        8.0000000000000000       -13.709561671726201     
   64.800000000000011        8.0000000000000000       -13.569016464425417     
   66.600000000000009        8.0000000000000000       -13.440886722339799     
   68.399999999999991        8.0000000000000000       -13.324407910258332     
   70.200000000000003        8.0000000000000000       -13.218815969036967     
   72.000000000000000        8.0000000000000000       -13.123351689895262     
   73.799999999999997        8.0000000000000000       -13.037155839296290     
   75.600000000000009        8.0000000000000000       -12.959517882046789     
   77.399999999999991        8.0000000000000000       -12.889657919759182     
   79.199999999999989        8.0000000000000000       -12.826854775865648     
   81.000000000000000        8.0000000000000000       -12.770427194028729     
   82.799999999999997        8.0000000000000000       -12.719776120523729     
   84.599999999999994        8.0000000000000000       -12.674316636132072     
   86.400000000000006        8.0000000000000000       -12.633553546375293     
   88.200000000000003        8.0000000000000000       -12.597058978804213     
   90.000000000000000        8.0000000000000000       -12.564436242063403     
   91.799999999999997        8.0000000000000000       -12.535373877260696     
   93.600000000000009        8.0000000000000000       -12.509614562651272     
   95.400000000000006        8.0000000000000000       -12.486929016698362     
   97.199999999999989        8.0000000000000000       -12.467141992415613     
   99.000000000000014        8.0000000000000000       -12.450111725127597     
   100.80000000000001        8.0000000000000000       -12.435696104534351     
   102.59999999999999        8.0000000000000000       -12.423787138750793     
   104.40000000000001        8.0000000000000000       -12.414259460534685     
   106.19999999999999        8.0000000000000000       -12.406989300691938     
   108.00000000000000        8.0000000000000000       -12.401836008235476     
   109.80000000000000        8.0000000000000000       -12.398659253432816     
   111.59999999999999        8.0000000000000000       -12.397274920102557     
   113.40000000000001        8.0000000000000000       -12.397498056105531     
   115.20000000000002        8.0000000000000000       -12.399131162222625     
   117.00000000000000        8.0000000000000000       -12.401955293247806     
   118.80000000000003        8.0000000000000000       -12.405752475395113     
   120.60000000000001        8.0000000000000000       -12.410305394728816     
   122.40000000000002        8.0000000000000000       -12.415407379178756     
   124.20000000000000        8.0000000000000000       -12.420860636833522     
   126.00000000000000        8.0000000000000000       -12.426491307735597     
   127.80000000000001        8.0000000000000000       -12.432150271695413     
   129.60000000000002        8.0000000000000000       -12.437716142787549     
   131.40000000000001        8.0000000000000000       -12.443098199168839     
   133.20000000000002        8.0000000000000000       -12.448235678529803     
   135.00000000000000        8.0000000000000000       -12.453098746629744     
   136.79999999999998        8.0000000000000000       -12.457681614447386     
   138.59999999999999        8.0000000000000000       -12.462004659547940     
   140.40000000000001        8.0000000000000000       -12.466104523836083     
   142.20000000000002        8.0000000000000000       -12.470031925010632     
   144.00000000000000        8.0000000000000000       -12.473844654587939     
   145.79999999999998        8.0000000000000000       -12.477604255119479     
   147.59999999999999        8.0000000000000000       -12.481369900876677     
   149.40000000000003        8.0000000000000000       -12.485190315409843     
   151.20000000000002        8.0000000000000000       -12.489105400261261     
   153.00000000000000        8.0000000000000000       -12.493138055782744     
   154.79999999999998        8.0000000000000000       -12.497308014791539     
   156.59999999999997        8.0000000000000000       -12.501594465139720     
   158.39999999999998        8.0000000000000000       -12.505980004190944     
   160.20000000000002        8.0000000000000000       -12.510423893533167     
   162.00000000000000        8.0000000000000000       -12.514858046460089     
   163.79999999999998        8.0000000000000000       -12.519237148418240     
   165.59999999999999        8.0000000000000000       -12.523464592116335     
   167.40000000000001        8.0000000000000000       -12.527459567890990     
   169.19999999999999        8.0000000000000000       -12.531143811854307     
   171.00000000000000        8.0000000000000000       -12.534424843106446     
   172.80000000000001        8.0000000000000000       -12.537235142234046     
   174.59999999999999        8.0000000000000000       -12.539493449660446     
   176.40000000000001        8.0000000000000000       -12.541155619855765     
   178.20000000000002        8.0000000000000000       -12.545040582825790     
   180.00000000000000        8.0000000000000000       -12.542509163408747     
   0.0000000000000000        8.0800000000000001       -21.650531530446532     
   1.8000000000000003        8.0800000000000001       -21.632780934833367     
   3.6000000000000005        8.0800000000000001       -21.579539809647116     
   5.4000000000000004        8.0800000000000001       -21.491618228594572     
   7.2000000000000011        8.0800000000000001       -21.369819881741154     
   9.0000000000000000        8.0800000000000001       -21.215739211704950     
   10.800000000000001        8.0800000000000001       -21.030879971071180     
   12.600000000000001        8.0800000000000001       -20.817527918840060     
   14.400000000000002        8.0800000000000001       -20.577734340104996     
   16.200000000000003        8.0800000000000001       -20.314339389129767     
   18.000000000000000        8.0800000000000001       -20.029972098536813     
   19.799999999999997        8.0800000000000001       -19.727175062481614     
   21.600000000000001        8.0800000000000001       -19.409514838698712     
   23.400000000000002        8.0800000000000001       -19.079479648233079     
   25.200000000000003        8.0800000000000001       -18.740057291879168     
   27.000000000000000        8.0800000000000001       -18.394562188010195     
   28.800000000000004        8.0800000000000001       -18.045293039812268     
   30.600000000000005        8.0800000000000001       -17.695165205865514     
   32.400000000000006        8.0800000000000001       -17.346758176893335     
   34.199999999999996        8.0800000000000001       -17.002289305054607     
   36.000000000000000        8.0800000000000001       -16.663779666537618     
   37.800000000000004        8.0800000000000001       -16.333127370088025     
   39.599999999999994        8.0800000000000001       -16.012033051510990     
   41.399999999999999        8.0800000000000001       -15.701946885847997     
   43.200000000000003        8.0800000000000001       -15.403894590331262     
   45.000000000000000        8.0800000000000001       -15.119081084347883     
   46.800000000000004        8.0800000000000001       -14.847938366907213     
   48.599999999999994        8.0800000000000001       -14.591239864757346     
   50.400000000000006        8.0800000000000001       -14.349174015398170     
   52.200000000000003        8.0800000000000001       -14.121894962205124     
   54.000000000000000        8.0800000000000001       -13.909560787599370     
   55.799999999999997        8.0800000000000001       -13.711858553858644     
   57.600000000000009        8.0800000000000001       -13.528579765989662     
   59.400000000000013        8.0800000000000001       -13.359317164010369     
   61.200000000000010        8.0800000000000001       -13.203563448628477     
   63.000000000000000        8.0800000000000001       -13.060761060997015     
   64.800000000000011        8.0800000000000001       -12.930273223456293     
   66.600000000000009        8.0800000000000001       -12.811400029084146     
   68.399999999999991        8.0800000000000001       -12.703396420887248     
   70.200000000000003        8.0800000000000001       -12.605520043285784     
   72.000000000000000        8.0800000000000001       -12.517035523305882     
   73.799999999999997        8.0800000000000001       -12.437118132118679     
   75.600000000000009        8.0800000000000001       -12.365084273654013     
   77.399999999999991        8.0800000000000001       -12.300190311520840     
   79.199999999999989        8.0800000000000001       -12.241751233432639     
   81.000000000000000        8.0800000000000001       -12.189123439203534     
   82.799999999999997        8.0800000000000001       -12.141743199517762     
   84.599999999999994        8.0800000000000001       -12.099064573473754     
   86.400000000000006        8.0800000000000001       -12.060627777798540     
   88.200000000000003        8.0800000000000001       -12.026038121806083     
   90.000000000000000        8.0800000000000001       -11.994932749144240     
   91.799999999999997        8.0800000000000001       -11.967028423049832     
   93.600000000000009        8.0800000000000001       -11.942092419478417     
   95.400000000000006        8.0800000000000001       -11.919918029517770     
   97.199999999999989        8.0800000000000001       -11.900346820959856     
   99.000000000000014        8.0800000000000001       -11.883249156153646     
   100.80000000000001        8.0800000000000001       -11.868493127786017     
   102.59999999999999        8.0800000000000001       -11.855974664307126     
   104.40000000000001        8.0800000000000001       -11.845571262303560     
   106.19999999999999        8.0800000000000001       -11.837158774849337     
   108.00000000000000        8.0800000000000001       -11.830595311715074     
   109.80000000000000        8.0800000000000001       -11.825736212845511     
   111.59999999999999        8.0800000000000001       -11.822397216907518     
   113.40000000000001        8.0800000000000001       -11.820392000841455     
   115.20000000000002        8.0800000000000001       -11.819522742275787     
   117.00000000000000        8.0800000000000001       -11.819574987683268     
   118.80000000000003        8.0800000000000001       -11.820337003310007     
   120.60000000000001        8.0800000000000001       -11.821601103409632     
   122.40000000000002        8.0800000000000001       -11.823171908776343     
   124.20000000000000        8.0800000000000001       -11.824868738670789     
   126.00000000000000        8.0800000000000001       -11.826536097265910     
   127.80000000000001        8.0800000000000001       -11.828045066678191     
   129.60000000000002        8.0800000000000001       -11.829298405611075     
   131.40000000000001        8.0800000000000001       -11.830228347232655     
   133.20000000000002        8.0800000000000001       -11.830799132834686     
   135.00000000000000        8.0800000000000001       -11.831008509902489     
   136.79999999999998        8.0800000000000001       -11.830873617737449     
   138.59999999999999        8.0800000000000001       -11.830442649108781     
   140.40000000000001        8.0800000000000001       -11.829775898724739     
   142.20000000000002        8.0800000000000001       -11.828948737090331     
   144.00000000000000        8.0800000000000001       -11.828042671822869     
   145.79999999999998        8.0800000000000001       -11.827140448792008     
   147.59999999999999        8.0800000000000001       -11.826323039628226     
   149.40000000000003        8.0800000000000001       -11.825661414192030     
   151.20000000000002        8.0800000000000001       -11.825215372131259     
   153.00000000000000        8.0800000000000001       -11.825028130556756     
   154.79999999999998        8.0800000000000001       -11.825136206995046     
   156.59999999999997        8.0800000000000001       -11.825540687577304     
   158.39999999999998        8.0800000000000001       -11.826240884992036     
   160.20000000000002        8.0800000000000001       -11.827214024074232     
   162.00000000000000        8.0800000000000001       -11.828411279995564     
   163.79999999999998        8.0800000000000001       -11.829800816698562     
   165.59999999999999        8.0800000000000001       -11.831304876681749     
   167.40000000000001        8.0800000000000001       -11.832857405674432     
   169.19999999999999        8.0800000000000001       -11.834393308446762     
   171.00000000000000        8.0800000000000001       -11.835833925846602     
   172.80000000000001        8.0800000000000001       -11.837121695881754     
   174.59999999999999        8.0800000000000001       -11.838186237396592     
   176.40000000000001        8.0800000000000001       -11.838989498025473     
   178.20000000000002        8.0800000000000001       -11.842073388943758     
   180.00000000000000        8.0800000000000001       -11.839652850737666     
   0.0000000000000000        8.1600000000000001       -20.521621409090017     
   1.8000000000000003        8.1600000000000001       -20.504746086725483     
   3.6000000000000005        8.1600000000000001       -20.454130137836344     
   5.4000000000000004        8.1600000000000001       -20.370556672800763     
   7.2000000000000011        8.1600000000000001       -20.254801682998249     
   9.0000000000000000        8.1600000000000001       -20.108404833301048     
   10.800000000000001        8.1600000000000001       -19.932816253951266     
   12.600000000000001        8.1600000000000001       -19.730239466269037     
   14.400000000000002        8.1600000000000001       -19.502648533626150     
   16.200000000000003        8.1600000000000001       -19.252775319796729     
   18.000000000000000        8.1600000000000001       -18.983143682443135     
   19.799999999999997        8.1600000000000001       -18.696190420478867     
   21.600000000000001        8.1600000000000001       -18.395332844033984     
   23.400000000000002        8.1600000000000001       -18.082945996240571     
   25.200000000000003        8.1600000000000001       -17.761880958401175     
   27.000000000000000        8.1600000000000001       -17.435296693114950     
   28.800000000000004        8.1600000000000001       -17.105373985564359     
   30.600000000000005        8.1600000000000001       -16.774880635810639     
   32.400000000000006        8.1600000000000001       -16.446258673442038     
   34.199999999999996        8.1600000000000001       -16.121600773001429     
   36.000000000000000        8.1600000000000001       -15.802809735770888     
   37.800000000000004        8.1600000000000001       -15.491668839528549     
   39.599999999999994        8.1600000000000001       -15.189771142218294     
   41.399999999999999        8.1600000000000001       -14.898469605229321     
   43.200000000000003        8.1600000000000001       -14.618712703875786     
   45.000000000000000        8.1600000000000001       -14.351617983413913     
   46.800000000000004        8.1600000000000001       -14.097569185908087     
   48.599999999999994        8.1600000000000001       -13.857273251143354     
   50.400000000000006        8.1600000000000001       -13.630882832434805     
   52.200000000000003        8.1600000000000001       -13.418518291644055     
   54.000000000000000        8.1600000000000001       -13.220303272926635     
   55.799999999999997        8.1600000000000001       -13.035917111905844     
   57.600000000000009        8.1600000000000001       -12.865137897916286     
   59.400000000000013        8.1600000000000001       -12.707556837108335     
   61.200000000000010        8.1600000000000001       -12.562671675356828     
   63.000000000000000        8.1600000000000001       -12.429933678434013     
   64.800000000000011        8.1600000000000001       -12.308720782362805     
   66.600000000000009        8.1600000000000001       -12.198353153878029     
   68.399999999999991        8.1600000000000001       -12.098110512646826     
   70.200000000000003        8.1600000000000001       -12.007277103641439     
   72.000000000000000        8.1600000000000001       -11.925145890480682     
   73.799999999999997        8.1600000000000001       -11.850930052543042     
   75.600000000000009        8.1600000000000001       -11.783976478400161     
   77.399999999999991        8.1600000000000001       -11.723580173677748     
   79.199999999999989        8.1600000000000001       -11.669094119782136     
   81.000000000000000        8.1600000000000001       -11.619913458422840     
   82.799999999999997        8.1600000000000001       -11.575510488037130     
   84.599999999999994        8.1600000000000001       -11.535377847964380     
   86.400000000000006        8.1600000000000001       -11.499090434153320     
   88.200000000000003        8.1600000000000001       -11.466285546864041     
   90.000000000000000        8.1600000000000001       -11.436632092964881     
   91.799999999999997        8.1600000000000001       -11.409872988440018     
   93.600000000000009        8.1600000000000001       -11.385797843806181     
   95.400000000000006        8.1600000000000001       -11.364219883860281     
   97.199999999999989        8.1600000000000001       -11.344995149266680     
   99.000000000000014        8.1600000000000001       -11.328004048996666     
   100.80000000000001        8.1600000000000001       -11.313122767417175     
   102.59999999999999        8.1600000000000001       -11.300249824493793     
   104.40000000000001        8.1600000000000001       -11.289264370483453     
   106.19999999999999        8.1600000000000001       -11.280041246383654     
   108.00000000000000        8.1600000000000001       -11.272437006669588     
   109.80000000000000        8.1600000000000001       -11.266303059037902     
   111.59999999999999        8.1600000000000001       -11.261455086294308     
   113.40000000000001        8.1600000000000001       -11.257705971718044     
   115.20000000000002        8.1600000000000001       -11.254858293243368     
   117.00000000000000        8.1600000000000001       -11.252702341552260     
   118.80000000000003        8.1600000000000001       -11.251032800286305     
   120.60000000000001        8.1600000000000001       -11.249651386831172     
   122.40000000000002        8.1600000000000001       -11.248373597307944     
   124.20000000000000        8.1600000000000001       -11.247034457147230     
   126.00000000000000        8.1600000000000001       -11.245495123988352     
   127.80000000000001        8.1600000000000001       -11.243644711456369     
   129.60000000000002        8.1600000000000001       -11.241407020824472     
   131.40000000000001        8.1600000000000001       -11.238734123887969     
   133.20000000000002        8.1600000000000001       -11.235611489288576     
   135.00000000000000        8.1600000000000001       -11.232059847141691     
   136.79999999999998        8.1600000000000001       -11.228115323646687     
   138.59999999999999        8.1600000000000001       -11.223848689807978     
   140.40000000000001        8.1600000000000001       -11.219339260783608     
   142.20000000000002        8.1600000000000001       -11.214681993800079     
   144.00000000000000        8.1600000000000001       -11.209977065161986     
   145.79999999999998        8.1600000000000001       -11.205323772408818     
   147.59999999999999        8.1600000000000001       -11.200820024436714     
   149.40000000000003        8.1600000000000001       -11.196554067152572     
   151.20000000000002        8.1600000000000001       -11.192601130098975     
   153.00000000000000        8.1600000000000001       -11.189020260704826     
   154.79999999999998        8.1600000000000001       -11.185861028184686     
   156.59999999999997        8.1600000000000001       -11.183141847958604     
   158.39999999999998        8.1600000000000001       -11.180875268052910     
   160.20000000000002        8.1600000000000001       -11.179052894292729     
   162.00000000000000        8.1600000000000001       -11.177641509106316     
   163.79999999999998        8.1600000000000001       -11.176620185271451     
   165.59999999999999        8.1600000000000001       -11.175926680500984     
   167.40000000000001        8.1600000000000001       -11.175507136513735     
   169.19999999999999        8.1600000000000001       -11.175307396962111     
   171.00000000000000        8.1600000000000001       -11.175260370419055     
   172.80000000000001        8.1600000000000001       -11.175316842202726     
   174.59999999999999        8.1600000000000001       -11.175415611149127     
   176.40000000000001        8.1600000000000001       -11.175523760730979     
   178.20000000000002        8.1600000000000001       -11.177934270631109     
   180.00000000000000        8.1600000000000001       -11.175628428941318     
   0.0000000000000000        8.2400000000000002       -19.429873824485178     
   1.8000000000000003        8.2400000000000002       -19.413905884326365     
   3.6000000000000005        8.2400000000000002       -19.366011467920220     
   5.4000000000000004        8.2400000000000002       -19.286939899237016     
   7.2000000000000011        8.2400000000000002       -19.177433106693446     
   9.0000000000000000        8.2400000000000002       -19.038963307541717     
   10.800000000000001        8.2400000000000002       -18.872915918103317     
   12.600000000000001        8.2400000000000002       -18.681395721177882     
   14.400000000000002        8.2400000000000002       -18.466286252718827     
   16.200000000000003        8.2400000000000002       -18.230193306112387     
   18.000000000000000        8.2400000000000002       -17.975521273904999     
   19.799999999999997        8.2400000000000002       -17.704589120680726     
   21.600000000000001        8.2400000000000002       -17.420648430552955     
   23.400000000000002        8.2400000000000002       -17.125953476454931     
   25.200000000000003        8.2400000000000002       -16.823209849275770     
   27.000000000000000        8.2400000000000002       -16.515412942041568     
   28.800000000000004        8.2400000000000002       -16.204624249835312     
   30.600000000000005        8.2400000000000002       -15.893461379407743     
   32.400000000000006        8.2400000000000002       -15.584229392068721     
   34.199999999999996        8.2400000000000002       -15.278899316383518     
   36.000000000000000        8.2400000000000002       -14.979260223804078     
   37.800000000000004        8.2400000000000002       -14.686986207805738     
   39.599999999999994        8.2400000000000002       -14.403569515543031     
   41.399999999999999        8.2400000000000002       -14.130273623572087     
   43.200000000000003        8.2400000000000002       -13.867978285201128     
   45.000000000000000        8.2400000000000002       -13.617722165763759     
   46.800000000000004        8.2400000000000002       -13.379849775720992     
   48.599999999999994        8.2400000000000002       -13.155010318560377     
   50.400000000000006        8.2400000000000002       -12.943329343656007     
   52.200000000000003        8.2400000000000002       -12.744901792844271     
   54.000000000000000        8.2400000000000002       -12.559825127736548     
   55.799999999999997        8.2400000000000002       -12.387778496607970     
   57.600000000000009        8.2400000000000002       -12.228533961888411     
   59.400000000000013        8.2400000000000002       -12.081688048259355     
   61.200000000000010        8.2400000000000002       -11.946749931945966     
   63.000000000000000        8.2400000000000002       -11.823185723541831     
   64.800000000000011        8.2400000000000002       -11.710393620525943     
   66.600000000000009        8.2400000000000002       -11.607718904026818     
   68.399999999999991        8.2400000000000002       -11.514470572683910     
   70.200000000000003        8.2400000000000002       -11.429963580479175     
   72.000000000000000        8.2400000000000002       -11.353522942249160     
   73.799999999999997        8.2400000000000002       -11.284402286949561     
   75.600000000000009        8.2400000000000002       -11.221981766043776     
   77.399999999999991        8.2400000000000002       -11.165596580039756     
   79.199999999999989        8.2400000000000002       -11.114638735972740     
   81.000000000000000        8.2400000000000002       -11.068542425207603     
   82.799999999999997        8.2400000000000002       -11.026815944378864     
   84.599999999999994        8.2400000000000002       -10.988989400841298     
   86.400000000000006        8.2400000000000002       -10.954670987758391     
   88.200000000000003        8.2400000000000002       -10.923528213454846     
   90.000000000000000        8.2400000000000002       -10.895259148467595     
   91.799999999999997        8.2400000000000002       -10.869630347014654     
   93.600000000000009        8.2400000000000002       -10.846451125400201     
   95.400000000000006        8.2400000000000002       -10.825551726549493     
   97.199999999999989        8.2400000000000002       -10.806800129005923     
   99.000000000000014        8.2400000000000002       -10.790084594018207     
   100.80000000000001        8.2400000000000002       -10.775287255599896     
   102.59999999999999        8.2400000000000002       -10.762307922094001     
   104.40000000000001        8.2400000000000002       -10.751026274626868     
   106.19999999999999        8.2400000000000002       -10.741315632333162     
   108.00000000000000        8.2400000000000002       -10.733030830643537     
   109.80000000000000        8.2400000000000002       -10.726019903260351     
   111.59999999999999        8.2400000000000002       -10.720098733230438     
   113.40000000000001        8.2400000000000002       -10.715080137772857     
   115.20000000000002        8.2400000000000002       -10.710767949315025     
   117.00000000000000        8.2400000000000002       -10.706957560664165     
   118.80000000000003        8.2400000000000002       -10.703450325377132     
   120.60000000000001        8.2400000000000002       -10.700057184262020     
   122.40000000000002        8.2400000000000002       -10.696604109064227     
   124.20000000000000        8.2400000000000002       -10.692940419494619     
   126.00000000000000        8.2400000000000002       -10.688942190737905     
   127.80000000000001        8.2400000000000002       -10.684514358867945     
   129.60000000000002        8.2400000000000002       -10.679598621171492     
   131.40000000000001        8.2400000000000002       -10.674163725496980     
   133.20000000000002        8.2400000000000002       -10.668212549427215     
   135.00000000000000        8.2400000000000002       -10.661784175337900     
   136.79999999999998        8.2400000000000002       -10.654929749291576     
   138.59999999999999        8.2400000000000002       -10.647737377489223     
   140.40000000000001        8.2400000000000002       -10.640300765394658     
   142.20000000000002        8.2400000000000002       -10.632729408680287     
   144.00000000000000        8.2400000000000002       -10.625137134240520     
   145.79999999999998        8.2400000000000002       -10.617635175096884     
   147.59999999999999        8.2400000000000002       -10.610333563092023     
   149.40000000000003        8.2400000000000002       -10.603332902928418     
   151.20000000000002        8.2400000000000002       -10.596719437728222     
   153.00000000000000        8.2400000000000002       -10.590563612384530     
   154.79999999999998        8.2400000000000002       -10.584924362093808     
   156.59999999999997        8.2400000000000002       -10.579832914082685     
   158.39999999999998        8.2400000000000002       -10.575311611763375     
   160.20000000000002        8.2400000000000002       -10.571362896431761     
   162.00000000000000        8.2400000000000002       -10.567965534283115     
   163.79999999999998        8.2400000000000002       -10.565106959935241     
   165.59999999999999        8.2400000000000002       -10.562737130781302     
   167.40000000000001        8.2400000000000002       -10.560811837442671     
   169.19999999999999        8.2400000000000002       -10.559285640852611     
   171.00000000000000        8.2400000000000002       -10.558100767330325     
   172.80000000000001        8.2400000000000002       -10.557214741487064     
   174.59999999999999        8.2400000000000002       -10.556573842784269     
   176.40000000000001        8.2400000000000002       -10.556149332908831     
   178.20000000000002        8.2400000000000002       -10.558015149845618     
   180.00000000000000        8.2400000000000002       -10.555825746316962     
   0.0000000000000000        8.3200000000000003       -18.372985742782973     
   1.8000000000000003        8.3200000000000003       -18.357933296398357     
   3.6000000000000005        8.3200000000000003       -18.312784772884239     
   5.4000000000000004        8.3200000000000003       -18.238251968936748     
   7.2000000000000011        8.3200000000000003       -18.135039293185098     
   9.0000000000000000        8.3200000000000003       -18.004544629171267     
   10.800000000000001        8.3200000000000003       -17.848082723431865     
   12.600000000000001        8.3200000000000003       -17.667650791464649     
   14.400000000000002        8.3200000000000003       -17.465034861628137     
   16.200000000000003        8.3200000000000003       -17.242705394419502     
   18.000000000000000        8.3200000000000003       -17.002940103009699     
   19.799999999999997        8.3200000000000003       -16.747934257296382     
   21.600000000000001        8.3200000000000003       -16.480765748938449     
   23.400000000000002        8.3200000000000003       -16.203564970573350     
   25.200000000000003        8.3200000000000003       -15.918888503038936     
   27.000000000000000        8.3200000000000003       -15.629565276370657     
   28.800000000000004        8.3200000000000003       -15.337538156055100     
   30.600000000000005        8.3200000000000003       -15.045274830953622     
   32.400000000000006        8.3200000000000003       -14.754945408076498     
   34.199999999999996        8.3200000000000003       -14.468402637518279     
   36.000000000000000        8.3200000000000003       -14.187326050152880     
   37.800000000000004        8.3200000000000003       -13.913285358041724     
   39.599999999999994        8.3200000000000003       -13.647677378857441     
   41.399999999999999        8.3200000000000003       -13.391681932055766     
   43.200000000000003        8.3200000000000003       -13.146116103234693     
   45.000000000000000        8.3200000000000003       -12.911945848534570     
   46.800000000000004        8.3200000000000003       -12.689482453868163     
   48.599999999999994        8.3200000000000003       -12.479323466495034     
   50.400000000000006        8.3200000000000003       -12.281572997427411     
   52.200000000000003        8.3200000000000003       -12.096306031059775     
   54.000000000000000        8.3200000000000003       -11.923599269130463     
   55.799999999999997        8.3200000000000003       -11.763136345684291     
   57.600000000000009        8.3200000000000003       -11.614687966311321     
   59.400000000000013        8.3200000000000003       -11.477860187962841     
   61.200000000000010        8.3200000000000003       -11.352177480891346     
   63.000000000000000        8.3200000000000003       -11.237124409042247     
   64.800000000000011        8.3200000000000003       -11.132122690063817     
   66.600000000000009        8.3200000000000003       -11.036545609845135     
   68.399999999999991        8.3200000000000003       -10.949733952350137     
   70.200000000000003        8.3200000000000003       -10.871035622852590     
   72.000000000000000        8.3200000000000003       -10.799809662361449     
   73.799999999999997        8.3200000000000003       -10.735351273987220     
   75.600000000000009        8.3200000000000003       -10.677075222563941     
   77.399999999999991        8.3200000000000003       -10.624357380312579     
   79.199999999999989        8.3200000000000003       -10.576628923933654     
   81.000000000000000        8.3200000000000003       -10.533362761119943     
   82.799999999999997        8.3200000000000003       -10.494102656698823     
   84.599999999999994        8.3200000000000003       -10.458414935665036     
   86.400000000000006        8.3200000000000003       -10.425939701028474     
   88.200000000000003        8.3200000000000003       -10.396373051789915     
   90.000000000000000        8.3200000000000003       -10.369440097046635     
   91.799999999999997        8.3200000000000003       -10.344929021034885     
   93.600000000000009        8.3200000000000003       -10.322666817027111     
   95.400000000000006        8.3200000000000003       -10.302498585698515     
   97.199999999999989        8.3200000000000003       -10.284302400567888     
   99.000000000000014        8.3200000000000003       -10.267972819239361     
   100.80000000000001        8.3200000000000003       -10.253396462564432     
   102.59999999999999        8.3200000000000003       -10.240473573289213     
   104.40000000000001        8.3200000000000003       -10.229083673491262     
   106.19999999999999        8.3200000000000003       -10.219098311526604     
   108.00000000000000        8.3200000000000003       -10.210370607320002     
   109.80000000000000        8.3200000000000003       -10.202745718864112     
   111.59999999999999        8.3200000000000003       -10.196040023908223     
   113.40000000000001        8.3200000000000003       -10.190066875577013     
   115.20000000000002        8.3200000000000003       -10.184632033439028     
   117.00000000000000        8.3200000000000003       -10.179536307811006     
   118.80000000000003        8.3200000000000003       -10.174587943719530     
   120.60000000000001        8.3200000000000003       -10.169607011196748     
   122.40000000000002        8.3200000000000003       -10.164429694203401     
   124.20000000000000        8.3200000000000003       -10.158918636906515     
   126.00000000000000        8.3200000000000003       -10.152963629189998     
   127.80000000000001        8.3200000000000003       -10.146483896051704     
   129.60000000000002        8.3200000000000003       -10.139436855332905     
   131.40000000000001        8.3200000000000003       -10.131805744082596     
   133.20000000000002        8.3200000000000003       -10.123608219012272     
   135.00000000000000        8.3200000000000003       -10.114898540522878     
   136.79999999999998        8.3200000000000003       -10.105740156290198     
   138.59999999999999        8.3200000000000003       -10.096234935094861     
   140.40000000000001        8.3200000000000003       -10.086487823372783     
   142.20000000000002        8.3200000000000003       -10.076619432477731     
   144.00000000000000        8.3200000000000003       -10.066753845862870     
   145.79999999999998        8.3200000000000003       -10.057011115918963     
   147.59999999999999        8.3200000000000003       -10.047510153679676     
   149.40000000000003        8.3200000000000003       -10.038360613803016     
   151.20000000000002        8.3200000000000003       -10.029656784221293     
   153.00000000000000        8.3200000000000003       -10.021477528286830     
   154.79999999999998        8.3200000000000003       -10.013888672249124     
   156.59999999999997        8.3200000000000003       -10.006931216683169     
   158.39999999999998        8.3200000000000003       -10.000634987286960     
   160.20000000000002        8.3200000000000003       -9.9950108733679670     
   162.00000000000000        8.3200000000000003       -9.9900471802163437     
   163.79999999999998        8.3200000000000003       -9.9857379865242617     
   165.59999999999999        8.3200000000000003       -9.9820432055909798     
   167.40000000000001        8.3200000000000003       -9.9789265515804821     
   169.19999999999999        8.3200000000000003       -9.9763497959819709     
   171.00000000000000        8.3200000000000003       -9.9742629538136480     
   172.80000000000001        8.3200000000000003       -9.9726291956571060     
   174.59999999999999        8.3200000000000003       -9.9714011238659293     
   176.40000000000001        8.3200000000000003       -9.9705535261356282     
   178.20000000000002        8.3200000000000003       -9.9719628719407467     
   180.00000000000000        8.3200000000000003       -9.9698896616036645     
   0.0000000000000000        8.4000000000000004       -17.364898904115105     
   1.8000000000000003        8.4000000000000004       -17.350752717505252     
   3.6000000000000005        8.4000000000000004       -17.308322419063035     
   5.4000000000000004        8.4000000000000004       -17.238279543164463     
   7.2000000000000011        8.4000000000000004       -17.141288503085800     
   9.0000000000000000        8.4000000000000004       -17.018667910114409     
   10.800000000000001        8.4000000000000004       -16.871657685944921     
   12.600000000000001        8.4000000000000004       -16.702141370792695     
   14.400000000000002        8.4000000000000004       -16.511802883308803     
   16.200000000000003        8.4000000000000004       -16.302971352068152     
   18.000000000000000        8.4000000000000004       -16.077793524641795     
   19.799999999999997        8.4000000000000004       -15.838337871078437     
   21.600000000000001        8.4000000000000004       -15.587504468274716     
   23.400000000000002        8.4000000000000004       -15.327299233355424     
   25.200000000000003        8.4000000000000004       -15.060129220607941     
   27.000000000000000        8.4000000000000004       -14.788657263892054     
   28.800000000000004        8.4000000000000004       -14.514710339169595     
   30.600000000000005        8.4000000000000004       -14.240609167572515     
   32.400000000000006        8.4000000000000004       -13.968393163082240     
   34.199999999999996        8.4000000000000004       -13.699801988775024     
   36.000000000000000        8.4000000000000004       -13.436411416051678     
   37.800000000000004        8.4000000000000004       -13.179693022293620     
   39.599999999999994        8.4000000000000004       -12.930954809356898     
   41.399999999999999        8.4000000000000004       -12.691299751386017     
   43.200000000000003        8.4000000000000004       -12.461488912799103     
   45.000000000000000        8.4000000000000004       -12.242422481289754     
   46.800000000000004        8.4000000000000004       -12.034384610745443     
   48.599999999999994        8.4000000000000004       -11.837927695301184     
   50.400000000000006        8.4000000000000004       -11.653140004357111     
   52.200000000000003        8.4000000000000004       -11.480081966140094     
   54.000000000000000        8.4000000000000004       -11.318814921337479     
   55.799999999999997        8.4000000000000004       -11.169031266432645     
   57.600000000000009        8.4000000000000004       -11.030504749037435     
   59.400000000000013        8.4000000000000004       -10.902854760629934     
   61.200000000000010        8.4000000000000004       -10.785624458318855     
   63.000000000000000        8.4000000000000004       -10.678319974457292     
   64.800000000000011        8.4000000000000004       -10.580389257916494     
   66.600000000000009        8.4000000000000004       -10.491235894008584     
   68.399999999999991        8.4000000000000004       -10.410234321920870     
   70.200000000000003        8.4000000000000004       -10.336766996566736     
   72.000000000000000        8.4000000000000004       -10.270228304840824     
   73.799999999999997        8.4000000000000004       -10.209955392234516     
   75.600000000000009        8.4000000000000004       -10.155398323349139     
   77.399999999999991        8.4000000000000004       -10.105973370463856     
   79.199999999999989        8.4000000000000004       -10.061150292379711     
   81.000000000000000        8.4000000000000004       -10.020439652292744     
   82.799999999999997        8.4000000000000004       -9.9834194634804270     
   84.599999999999994        8.4000000000000004       -9.9496903262033243     
   86.400000000000006        8.4000000000000004       -9.9189222328217657     
   88.200000000000003        8.4000000000000004       -9.8908376732796519     
   90.000000000000000        8.4000000000000004       -9.8651861353831016     
   91.799999999999997        8.4000000000000004       -9.8417749750191668     
   93.600000000000009        8.4000000000000004       -9.8204464604033639     
   95.400000000000006        8.4000000000000004       -9.8010580969483705     
   97.199999999999989        8.4000000000000004       -9.7834960075206183     
   99.000000000000014        8.4000000000000004       -9.7676593713145490     
   100.80000000000001        8.4000000000000004       -9.7534377925424636     
   102.59999999999999        8.4000000000000004       -9.7407311258949516     
   104.40000000000001        8.4000000000000004       -9.7294181339218380     
   106.19999999999999        8.4000000000000004       -9.7193684803366853     
   108.00000000000000        8.4000000000000004       -9.7104337366373166     
   109.80000000000000        8.4000000000000004       -9.7024568680100938     
   111.59999999999999        8.4000000000000004       -9.6952552153487250     
   113.40000000000001        8.4000000000000004       -9.6886434355343045     
   115.20000000000002        8.4000000000000004       -9.6824300334831221     
   117.00000000000000        8.4000000000000004       -9.6764216548677577     
   118.80000000000003        8.4000000000000004       -9.6704337258357018     
   120.60000000000001        8.4000000000000004       -9.6642953771952040     
   122.40000000000002        8.4000000000000004       -9.6578527346529004     
   124.20000000000000        8.4000000000000004       -9.6509807379055772     
   126.00000000000000        8.4000000000000004       -9.6435816044166227     
   127.80000000000001        8.4000000000000004       -9.6355872063228656     
   129.60000000000002        8.4000000000000004       -9.6269683680761968     
   131.40000000000001        8.4000000000000004       -9.6177204907509566     
   133.20000000000002        8.4000000000000004       -9.6078732296422871     
   135.00000000000000        8.4000000000000004       -9.5974926880250724     
   136.79999999999998        8.4000000000000004       -9.5866517614907281     
   138.59999999999999        8.4000000000000004       -9.5754623580504301     
   140.40000000000001        8.4000000000000004       -9.5640373909820600     
   142.20000000000002        8.4000000000000004       -9.5525050438513279     
   144.00000000000000        8.4000000000000004       -9.5409961542102497     
   145.79999999999998        8.4000000000000004       -9.5296363864978524     
   147.59999999999999        8.4000000000000004       -9.5185502003348610     
   149.40000000000003        8.4000000000000004       -9.5078529084423185     
   151.20000000000002        8.4000000000000004       -9.4976438042567111     
   153.00000000000000        8.4000000000000004       -9.4880071207199261     
   154.79999999999998        8.4000000000000004       -9.4790130448539802     
   156.59999999999997        8.4000000000000004       -9.4707092367326950     
   158.39999999999998        8.4000000000000004       -9.4631306347068875     
   160.20000000000002        8.4000000000000004       -9.4562941254292099     
   162.00000000000000        8.4000000000000004       -9.4501950372215973     
   163.79999999999998        8.4000000000000004       -9.4448323258553142     
   165.59999999999999        8.4000000000000004       -9.4401735416184991     
   167.40000000000001        8.4000000000000004       -9.4361885368710858     
   169.19999999999999        8.4000000000000004       -9.4328447320107749     
   171.00000000000000        8.4000000000000004       -9.4300983417041593     
   172.80000000000001        8.4000000000000004       -9.4279170455724515     
   174.59999999999999        8.4000000000000004       -9.4262585617528920     
   176.40000000000001        8.4000000000000004       -9.4251005242428505     
   178.20000000000002        8.4000000000000004       -9.4261459650816128     
   180.00000000000000        8.4000000000000004       -9.4241868340439456     
   0.0000000000000000        8.4800000000000004       -16.401303277497412     
   1.8000000000000003        8.4800000000000004       -16.388042951223071     
   3.6000000000000005        8.4800000000000004       -16.348269709555314     
   5.4000000000000004        8.4800000000000004       -16.282613796720014     
   7.2000000000000011        8.4800000000000004       -16.191698758094883     
   9.0000000000000000        8.4800000000000004       -16.076762183779834     
   10.800000000000001        8.4800000000000004       -15.938967831331654     
   12.600000000000001        8.4800000000000004       -15.780083656719766     
   14.400000000000002        8.4800000000000004       -15.601690297853645     
   16.200000000000003        8.4800000000000004       -15.405974158100053     
   18.000000000000000        8.4800000000000004       -15.194950509983213     
   19.799999999999997        8.4800000000000004       -14.970561171504446     
   21.600000000000001        8.4800000000000004       -14.735528753145447     
   23.400000000000002        8.4800000000000004       -14.491736345083192     
   25.200000000000003        8.4800000000000004       -14.241443575420240     
   27.000000000000000        8.4800000000000004       -13.987150089583345     
   28.800000000000004        8.4800000000000004       -13.730570523834738     
   30.600000000000005        8.4800000000000004       -13.473882809805493     
   32.400000000000006        8.4800000000000004       -13.219000385423652     
   34.199999999999996        8.4800000000000004       -12.967554828244767     
   36.000000000000000        8.4800000000000004       -12.721023361959034     
   37.800000000000004        8.4800000000000004       -12.480784835995557     
   39.599999999999994        8.4800000000000004       -12.248063919409780     
   41.399999999999999        8.4800000000000004       -12.023892155898492     
   43.200000000000003        8.4800000000000004       -11.808979572028507     
   45.000000000000000        8.4800000000000004       -11.604165914719111     
   46.800000000000004        8.4800000000000004       -11.409712400047386     
   48.599999999999994        8.4800000000000004       -11.226131016245539     
   50.400000000000006        8.4800000000000004       -11.053497922198767     
   52.200000000000003        8.4800000000000004       -10.891862593676898     
   54.000000000000000        8.4800000000000004       -10.741274641411524     
   55.799999999999997        8.4800000000000004       -10.601437789853062     
   57.600000000000009        8.4800000000000004       -10.472131577184374     
   59.400000000000013        8.4800000000000004       -10.352990957561515     
   61.200000000000010        8.4800000000000004       -10.243579675476347     
   63.000000000000000        8.4800000000000004       -10.143427123700942     
   64.800000000000011        8.4800000000000004       -10.052008854843235     
   66.600000000000009        8.4800000000000004       -9.9687598036218095     
   68.399999999999991        8.4800000000000004       -9.8930887926500564     
   70.200000000000003        8.4800000000000004       -9.8244133640002431     
   72.000000000000000        8.4800000000000004       -9.7621635897614887     
   73.799999999999997        8.4800000000000004       -9.7057181723787433     
   75.600000000000009        8.4800000000000004       -9.6545623810043679     
   77.399999999999991        8.4800000000000004       -9.6081520786235899     
   79.199999999999989        8.4800000000000004       -9.5659945991334503     
   81.000000000000000        8.4800000000000004       -9.5276368406832859     
   82.799999999999997        8.4800000000000004       -9.4926896705355706     
   84.599999999999994        8.4800000000000004       -9.4607860841675233     
   86.400000000000006        8.4800000000000004       -9.4316240817871879     
   88.200000000000003        8.4800000000000004       -9.4049505868271481     
   90.000000000000000        8.4800000000000004       -9.3805372409564942     
   91.799999999999997        8.4800000000000004       -9.3582085546924318     
   93.600000000000009        8.4800000000000004       -9.3378201579127555     
   95.400000000000006        8.4800000000000004       -9.3192400814622918     
   97.199999999999989        8.4800000000000004       -9.3023609678078305     
   99.000000000000014        8.4800000000000004       -9.2870854075348976     
   100.80000000000001        8.4800000000000004       -9.2733049574189224     
   102.59999999999999        8.4800000000000004       -9.2609185709226605     
   104.40000000000001        8.4800000000000004       -9.2498039333659463     
   106.19999999999999        8.4800000000000004       -9.2398288696239330     
   108.00000000000000        8.4800000000000004       -9.2308436587595359     
   109.80000000000000        8.4800000000000004       -9.2226896921339225     
   111.59999999999999        8.4800000000000004       -9.2151857357735469     
   113.40000000000001        8.4800000000000004       -9.2081484054623317     
   115.20000000000002        8.4800000000000004       -9.2013896216760269     
   117.00000000000000        8.4800000000000004       -9.1947222277420391     
   118.80000000000003        8.4800000000000004       -9.1879690772306670     
   120.60000000000001        8.4800000000000004       -9.1809683305895291     
   122.40000000000002        8.4800000000000004       -9.1735758604912103     
   124.20000000000000        8.4800000000000004       -9.1656781524923474     
   126.00000000000000        8.4800000000000004       -9.1571889075458888     
   127.80000000000001        8.4800000000000004       -9.1480514424178665     
   129.60000000000002        8.4800000000000004       -9.1382483080274604     
   131.40000000000001        8.4800000000000004       -9.1277853829004894     
   133.20000000000002        8.4800000000000004       -9.1167023178256539     
   135.00000000000000        8.4800000000000004       -9.1050746743091349     
   136.79999999999998        8.4800000000000004       -9.0929827578464320     
   138.59999999999999        8.4800000000000004       -9.0805458792395957     
   140.40000000000001        8.4800000000000004       -9.0678826071866094     
   142.20000000000002        8.4800000000000004       -9.0551262082582955     
   144.00000000000000        8.4800000000000004       -9.0424118230412329     
   145.79999999999998        8.4800000000000004       -9.0298684904536550     
   147.59999999999999        8.4800000000000004       -9.0176239017028141     
   149.40000000000003        8.4800000000000004       -9.0057966723467171     
   151.20000000000002        8.4800000000000004       -8.9944889941594663     
   153.00000000000000        8.4800000000000004       -8.9837883564344754     
   154.79999999999998        8.4800000000000004       -8.9737675554016381     
   156.59999999999997        8.4800000000000004       -8.9644787484858011     
   158.39999999999998        8.4800000000000004       -8.9559603420162599     
   160.20000000000002        8.4800000000000004       -8.9482335148563426     
   162.00000000000000        8.4800000000000004       -8.9412988620092264     
   163.79999999999998        8.4800000000000004       -8.9351589836811218     
   165.59999999999999        8.4800000000000004       -8.9297874402556978     
   167.40000000000001        8.4800000000000004       -8.9251589679080059     
   169.19999999999999        8.4800000000000004       -8.9212455366139967     
   171.00000000000000        8.4800000000000004       -8.9180084384890250     
   172.80000000000001        8.4800000000000004       -8.9154190587206905     
   174.59999999999999        8.4800000000000004       -8.9134393754817172     
   176.40000000000001        8.4800000000000004       -8.9120493874940081     
   178.20000000000002        8.4800000000000004       -8.9127969190785041     
   180.00000000000000        8.4800000000000004       -8.9109489002089930     
   0.0000000000000000        8.5599999999999987       -15.481581751252298     
   1.8000000000000003        8.5599999999999987       -15.469179963443196     
   3.6000000000000005        8.5599999999999987       -15.431981841790918     
   5.4000000000000004        8.5599999999999987       -15.370576215627430     
   7.2000000000000011        8.5599999999999987       -15.285545741274175     
   9.0000000000000000        8.5599999999999987       -15.178046932189485     
   10.800000000000001        8.5599999999999987       -15.049167544986895     
   12.600000000000001        8.5599999999999987       -14.900560286157578     
   14.400000000000002        8.5599999999999987       -14.733703189499325     
   16.200000000000003        8.5599999999999987       -14.550641026631345     
   18.000000000000000        8.5599999999999987       -14.353259148117528     
   19.799999999999997        8.5599999999999987       -14.143374665951676     
   21.600000000000001        8.5599999999999987       -13.923535549417782     
   23.400000000000002        8.5599999999999987       -13.695505008391892     
   25.200000000000003        8.5599999999999987       -13.461398865999737     
   27.000000000000000        8.5599999999999987       -13.223557996524560     
   28.800000000000004        8.5599999999999987       -12.983588826230031     
   30.600000000000005        8.5599999999999987       -12.743531510065399     
   32.400000000000006        8.5599999999999987       -12.505178656651548     
   34.199999999999996        8.5599999999999987       -12.270058844768105     
   36.000000000000000        8.5599999999999987       -12.039555846831028     
   37.800000000000004        8.5599999999999987       -11.814960934467020     
   39.599999999999994        8.5599999999999987       -11.597420513539184     
   41.399999999999999        8.5599999999999987       -11.387899549738066     
   43.200000000000003        8.5599999999999987       -11.187061289610831     
   45.000000000000000        8.5599999999999987       -10.995689682261020     
   46.800000000000004        8.5599999999999987       -10.814026314648242     
   48.599999999999994        8.5599999999999987       -10.642546730003968     
   50.400000000000006        8.5599999999999987       -10.481317821371473     
   52.200000000000003        8.5599999999999987       -10.330380861085493     
   54.000000000000000        8.5599999999999987       -10.189776522652590     
   55.799999999999997        8.5599999999999987       -10.059221574798746     
   57.600000000000009        8.5599999999999987       -9.9385032846613299     
   59.400000000000013        8.5599999999999987       -9.8272736076653224     
   61.200000000000010        8.5599999999999987       -9.7251180177249594     
   63.000000000000000        8.5599999999999987       -9.6315901302668241     
   64.800000000000011        8.5599999999999987       -9.5461937774283712     
   66.600000000000009        8.5599999999999987       -9.4683956349566145     
   68.399999999999991        8.5599999999999987       -9.3976390225008473     
   70.200000000000003        8.5599999999999987       -9.3333765289865180     
   72.000000000000000        8.5599999999999987       -9.2750737097215481     
   73.799999999999997        8.5599999999999987       -9.2221499961377429     
   75.600000000000009        8.5599999999999987       -9.1741253195835739     
   77.399999999999991        8.5599999999999987       -9.1304939869245700     
   79.199999999999989        8.5599999999999987       -9.0907996221714971     
   81.000000000000000        8.5599999999999987       -9.0546239385880600     
   82.799999999999997        8.5599999999999987       -9.0216091098781703     
   84.599999999999994        8.5599999999999987       -8.9914186097534738     
   86.400000000000006        8.5599999999999987       -8.9637765725744245     
   88.200000000000003        8.5599999999999987       -8.9384524625589634     
   90.000000000000000        8.5599999999999987       -8.9152380149362322     
   91.799999999999997        8.5599999999999987       -8.8939730555387886     
   93.600000000000009        8.5599999999999987       -8.8745248723871679     
   95.400000000000006        8.5599999999999987       -8.8567704021639582     
   97.199999999999989        8.5599999999999987       -8.8406075185397786     
   99.000000000000014        8.5599999999999987       -8.8259412384134013     
   100.80000000000001        8.5599999999999987       -8.8126642762307927     
   102.59999999999999        8.5599999999999987       -8.8006743348448246     
   104.40000000000001        8.5599999999999987       -8.7898478594839897     
   106.19999999999999        8.5599999999999987       -8.7800509803851519     
   108.00000000000000        8.5599999999999987       -8.7711330050190632     
   109.80000000000000        8.5599999999999987       -8.7629343617899522     
   111.59999999999999        8.5599999999999987       -8.7552757189248638     
   113.40000000000001        8.5599999999999987       -8.7479762679990429     
   115.20000000000002        8.5599999999999987       -8.7408519563182345     
   117.00000000000000        8.5599999999999987       -8.7337221661536475     
   118.80000000000003        8.5599999999999987       -8.7264174052978891     
   120.60000000000001        8.5599999999999987       -8.7187848468090152     
   122.40000000000002        8.5599999999999987       -8.7106899445855053     
   124.20000000000000        8.5599999999999987       -8.7020301013083081     
   126.00000000000000        8.5599999999999987       -8.6927297067934504     
   127.80000000000001        8.5599999999999987       -8.6827425136193046     
   129.60000000000002        8.5599999999999987       -8.6720614033624770     
   131.40000000000001        8.5599999999999987       -8.6607013330282356     
   133.20000000000002        8.5599999999999987       -8.6487102993592568     
   135.00000000000000        8.5599999999999987       -8.6361713735622772     
   136.79999999999998        8.5599999999999987       -8.6231706080317121     
   138.59999999999999        8.5599999999999987       -8.6098325837338336     
   140.40000000000001        8.5599999999999987       -8.5962796609542629     
   142.20000000000002        8.5599999999999987       -8.5826481922736040     
   144.00000000000000        8.5599999999999987       -8.5690756626255862     
   145.79999999999998        8.5599999999999987       -8.5556927030981083     
   147.59999999999999        8.5599999999999987       -8.5426283962466769     
   149.40000000000003        8.5599999999999987       -8.5300027933842557     
   151.20000000000002        8.5599999999999987       -8.5179193168082961     
   153.00000000000000        8.5599999999999987       -8.5064670398567603     
   154.79999999999998        8.5599999999999987       -8.4957199837025410     
   156.59999999999997        8.5599999999999987       -8.4857330885710756     
   158.39999999999998        8.5599999999999987       -8.4765469251489218     
   160.20000000000002        8.5599999999999987       -8.4681856093355474     
   162.00000000000000        8.5599999999999987       -8.4606536020748457     
   163.79999999999998        8.5599999999999987       -8.4539561656316433     
   165.59999999999999        8.5599999999999987       -8.4480715661085473     
   167.40000000000001        8.5599999999999987       -8.4429784162712345     
   169.19999999999999        8.5599999999999987       -8.4386523511874749     
   171.00000000000000        8.5599999999999987       -8.4350588345583137     
   172.80000000000001        8.5599999999999987       -8.4321723081023663     
   174.59999999999999        8.5599999999999987       -8.4299583165426970     
   176.40000000000001        8.5599999999999987       -8.4283988333077406     
   178.20000000000002        8.5599999999999987       -8.4289021709242729     
   180.00000000000000        8.5599999999999987       -8.4271617056937611     
   0.0000000000000000        8.6400000000000006       -14.612871030128039     
   1.8000000000000003        8.6400000000000006       -14.601289049106887     
   3.6000000000000005        8.6400000000000006       -14.566549885173641     
   5.4000000000000004        8.6400000000000006       -14.509201676049253     
   7.2000000000000011        8.6400000000000006       -14.429786984010081     
   9.0000000000000000        8.6400000000000006       -14.329382811417254     
   10.800000000000001        8.6400000000000006       -14.209002552006709     
   12.600000000000001        8.6400000000000006       -14.070186215660151     
   14.400000000000002        8.6400000000000006       -13.914311804540308     
   16.200000000000003        8.6400000000000006       -13.743286135109919     
   18.000000000000000        8.6400000000000006       -13.558868443335735     
   19.799999999999997        8.6400000000000006       -13.362755149211802     
   21.600000000000001        8.6400000000000006       -13.157325279640563     
   23.400000000000002        8.6400000000000006       -12.944226871151034     
   25.200000000000003        8.6400000000000006       -12.725437655133620     
   27.000000000000000        8.6400000000000006       -12.503146371795539     
   28.800000000000004        8.6400000000000006       -12.278856642907524     
   30.600000000000005        8.6400000000000006       -12.054477534523551     
   32.400000000000006        8.6400000000000006       -11.831687282213259     
   34.199999999999996        8.6400000000000006       -11.611917521095197     
   36.000000000000000        8.6400000000000006       -11.396464446556369     
   37.800000000000004        8.6400000000000006       -11.186537554504527     
   39.599999999999994        8.6400000000000006       -10.983210544826690     
   41.399999999999999        8.6400000000000006       -10.787386964483115     
   43.200000000000003        8.6400000000000006       -10.599687584294873     
   45.000000000000000        8.6400000000000006       -10.420845351346726     
   46.800000000000004        8.6400000000000006       -10.251085258729217     
   48.599999999999994        8.6400000000000006       -10.090850300770283     
   50.400000000000006        8.6400000000000006       -9.9402005925445920     
   52.200000000000003        8.6400000000000006       -9.7991716078540012     
   54.000000000000000        8.6400000000000006       -9.6677975534807281     
   55.799999999999997        8.6400000000000006       -9.5458094366234167     
   57.600000000000009        8.6400000000000006       -9.4330037441682144     
   59.400000000000013        8.6400000000000006       -9.3290503545902155     
   61.200000000000010        8.6400000000000006       -9.2335570727914273     
   63.000000000000000        8.6400000000000006       -9.1461021530674227     
   64.800000000000011        8.6400000000000006       -9.0662178171095569     
   66.600000000000009        8.6400000000000006       -8.9934022936291083     
   68.399999999999991        8.6400000000000006       -8.9271329260340675     
   70.200000000000003        8.6400000000000006       -8.8668967308623046     
   72.000000000000000        8.6400000000000006       -8.8121939724945459     
   73.799999999999997        8.6400000000000006       -8.7624833988005548     
   75.600000000000009        8.6400000000000006       -8.7173185215879396     
   77.399999999999991        8.6400000000000006       -8.6762304085246047     
   79.199999999999989        8.6400000000000006       -8.6387971879790584     
   81.000000000000000        8.6400000000000006       -8.6046334056955249     
   82.799999999999997        8.6400000000000006       -8.5734105738315360     
   84.599999999999994        8.6400000000000006       -8.5448203590519185     
   86.400000000000006        8.6400000000000006       -8.5186108415679715     
   88.200000000000003        8.6400000000000006       -8.4945718740481340     
   90.000000000000000        8.6400000000000006       -8.4725130365183237     
   91.799999999999997        8.6400000000000006       -8.4522874955921115     
   93.600000000000009        8.6400000000000006       -8.4337724154459206     
   95.400000000000006        8.6400000000000006       -8.4168520051511511     
   97.199999999999989        8.6400000000000006       -8.4014281074578285     
   99.000000000000014        8.6400000000000006       -8.3874072436533780     
   100.80000000000001        8.6400000000000006       -8.3746825966429626     
   102.59999999999999        8.6400000000000006       -8.3631503809500050     
   104.40000000000001        8.6400000000000006       -8.3526857719131922     
   106.19999999999999        8.6400000000000006       -8.3431534784814225     
   108.00000000000000        8.6400000000000006       -8.3344022817471650     
   109.80000000000000        8.6400000000000006       -8.3262723595930463     
   111.59999999999999        8.6400000000000006       -8.3185868568477215     
   113.40000000000001        8.6400000000000006       -8.3111682256071120     
   115.20000000000002        8.6400000000000006       -8.3038370960658821     
   117.00000000000000        8.6400000000000006       -8.2964197634139705     
   118.80000000000003        8.6400000000000006       -8.2887546298001737     
   120.60000000000001        8.6400000000000006       -8.2806978668279250     
   122.40000000000002        8.6400000000000006       -8.2721243354547482     
   124.20000000000000        8.6400000000000006       -8.2629417272190189     
   126.00000000000000        8.6400000000000006       -8.2530843263012947     
   127.80000000000001        8.6400000000000006       -8.2425153190320835     
   129.60000000000002        8.6400000000000006       -8.2312365504953267     
   131.40000000000001        8.6400000000000006       -8.2192706896318999     
   133.20000000000002        8.6400000000000006       -8.2066724837384992     
   135.00000000000000        8.6400000000000006       -8.1935306488819410     
   136.79999999999998        8.6400000000000006       -8.1799353960449164     
   138.59999999999999        8.6400000000000006       -8.1660145632219372     
   140.40000000000001        8.6400000000000006       -8.1518925505241260     
   142.20000000000002        8.6400000000000006       -8.1377069325415441     
   144.00000000000000        8.6400000000000006       -8.1235957200785069     
   145.79999999999998        8.6400000000000006       -8.1096894890097300     
   147.59999999999999        8.6400000000000006       -8.0961170189796832     
   149.40000000000003        8.6400000000000006       -8.0829980823866983     
   151.20000000000002        8.6400000000000006       -8.0704358036355579     
   153.00000000000000        8.6400000000000006       -8.0585193077882504     
   154.79999999999998        8.6400000000000006       -8.0473225748723038     
   156.59999999999997        8.6400000000000006       -8.0369017519778279     
   158.39999999999998        8.6400000000000006       -8.0272983766265238     
   160.20000000000002        8.6400000000000006       -8.0185382520948849     
   162.00000000000000        8.6400000000000006       -8.0106284072593557     
   163.79999999999998        8.6400000000000006       -8.0035758570023194     
   165.59999999999999        8.6400000000000006       -7.9973623555448654     
   167.40000000000001        8.6400000000000006       -7.9919694500968106     
   169.19999999999999        8.6400000000000006       -7.9873756112333236     
   171.00000000000000        8.6400000000000006       -7.9835496208194243     
   172.80000000000001        8.6400000000000006       -7.9804683650748638     
   174.59999999999999        8.6400000000000006       -7.9781002985109764     
   176.40000000000001        8.6400000000000006       -7.9764290002152336     
   178.20000000000002        8.6400000000000006       -7.9767392285716650     
   180.00000000000000        8.6400000000000006       -7.9751015592949832     
   0.0000000000000000        8.7199999999999989       -13.786808946139114     
   1.8000000000000003        8.7199999999999989       -13.776010255891331     
   3.6000000000000005        8.7199999999999989       -13.743620528464701     
   5.4000000000000004        8.7199999999999989       -13.690148336302345     
   7.2000000000000011        8.7199999999999989       -13.616097304469813     
   9.0000000000000000        8.7199999999999989       -13.522467211864461     
   10.800000000000001        8.7199999999999989       -13.410199328012538     
   12.600000000000001        8.7199999999999989       -13.280724398665150     
   14.400000000000002        8.7199999999999989       -13.135323615595466     
   16.200000000000003        8.7199999999999989       -12.975770355362927     
   18.000000000000000        8.7199999999999989       -12.803702120663829     
   19.799999999999997        8.7199999999999989       -12.620699042629349     
   21.600000000000001        8.7199999999999989       -12.428977413503970     
   23.400000000000002        8.7199999999999989       -12.230074794889408     
   25.200000000000003        8.7199999999999989       -12.025836498354437     
   27.000000000000000        8.7199999999999989       -11.818305572134053     
   28.800000000000004        8.7199999999999989       -11.608887708526133     
   30.600000000000005        8.7199999999999989       -11.399366984003633     
   32.400000000000006        8.7199999999999989       -11.191312934801863     
   34.199999999999996        8.7199999999999989       -10.986065392526720     
   36.000000000000000        8.7199999999999989       -10.784837849666120     
   37.800000000000004        8.7199999999999989       -10.588762759813413     
   39.599999999999994        8.7199999999999989       -10.398845555333718     
   41.399999999999999        8.7199999999999989       -10.215932383521404     
   43.200000000000003        8.7199999999999989       -10.040604746417079     
   45.000000000000000        8.7199999999999989       -9.8735482326688935     
   46.800000000000004        8.7199999999999989       -9.7149732890171343     
   48.599999999999994        8.7199999999999989       -9.5652931884335661     
   50.400000000000006        8.7199999999999989       -9.4245628526649217     
   52.200000000000003        8.7199999999999989       -9.2928134885032101     
   54.000000000000000        8.7199999999999989       -9.1700744301921286     
   55.799999999999997        8.7199999999999989       -9.0560914358452838     
   57.600000000000009        8.7199999999999989       -8.9506709940512170     
   59.400000000000013        8.7199999999999989       -8.8535012191610765     
   61.200000000000010        8.7199999999999989       -8.7642123060465700     
   63.000000000000000        8.7199999999999989       -8.6824070651172978     
   64.800000000000011        8.7199999999999989       -8.6076457842792777     
   66.600000000000009        8.7199999999999989       -8.5394576915648930     
   68.399999999999991        8.7199999999999989       -8.4773533846871647     
   70.200000000000003        8.7199999999999989       -8.4208534359513791     
   72.000000000000000        8.7199999999999989       -8.3694918374252545     
   73.799999999999997        8.7199999999999989       -8.3227651939928009     
   75.600000000000009        8.7199999999999989       -8.2802594139066006     
   77.399999999999991        8.7199999999999989       -8.2415407026490790     
   79.199999999999989        8.7199999999999989       -8.2062200207209646     
   81.000000000000000        8.7199999999999989       -8.1739429577912972     
   82.799999999999997        8.7199999999999989       -8.1444086182323776     
   84.599999999999994        8.7199999999999989       -8.1173349212734554     
   86.400000000000006        8.7199999999999989       -8.0924920637449134     
   88.200000000000003        8.7199999999999989       -8.0696885248596857     
   90.000000000000000        8.7199999999999989       -8.0487499491082843     
   91.799999999999997        8.7199999999999989       -8.0295413042674344     
   93.600000000000009        8.7199999999999989       -8.0119482740870467     
   95.400000000000006        8.7199999999999989       -7.9958611392472303     
   97.199999999999989        8.7199999999999989       -7.9811848124762461     
   99.000000000000014        8.7199999999999989       -7.9678266964877027     
   100.80000000000001        8.7199999999999989       -7.9556800200419406     
   102.59999999999999        8.7199999999999989       -7.9446394220352730     
   104.40000000000001        8.7199999999999989       -7.9345788869213942     
   106.19999999999999        8.7199999999999989       -7.9253619998248652     
   108.00000000000000        8.7199999999999989       -7.9168374338872631     
   109.80000000000000        8.7199999999999989       -7.9088457137125650     
   111.59999999999999        8.7199999999999989       -7.9012129509603204     
   113.40000000000001        8.7199999999999989       -7.8937654074567138     
   115.20000000000002        8.7199999999999989       -7.8863289067710376     
   117.00000000000000        8.7199999999999989       -7.8787369500975490     
   118.80000000000003        8.7199999999999989       -7.8708360143441913     
   120.60000000000001        8.7199999999999989       -7.8624912553944180     
   122.40000000000002        8.7199999999999989       -7.8535868012347576     
   124.20000000000000        8.7199999999999989       -7.8440401646760716     
   126.00000000000000        8.7199999999999989       -7.8337949347950717     
   127.80000000000001        8.7199999999999989       -7.8228229949222596     
   129.60000000000002        8.7199999999999989       -7.8111341647088768     
   131.40000000000001        8.7199999999999989       -7.7987578400504205     
   133.20000000000002        8.7199999999999989       -7.7857543817340060     
   135.00000000000000        8.7199999999999989       -7.7722168373157379     
   136.79999999999998        8.7199999999999989       -7.7582384605529660     
   138.59999999999999        8.7199999999999989       -7.7439489508259687     
   140.40000000000001        8.7199999999999989       -7.7294735397627736     
   142.20000000000002        8.7199999999999989       -7.7149497484272009     
   144.00000000000000        8.7199999999999989       -7.7005148768315754     
   145.79999999999998        8.7199999999999989       -7.6862983311581452     
   147.59999999999999        8.7199999999999989       -7.6724274471707581     
   149.40000000000003        8.7199999999999989       -7.6590205669530986     
   151.20000000000002        8.7199999999999989       -7.6461794932193827     
   153.00000000000000        8.7199999999999989       -7.6339923763845503     
   154.79999999999998        8.7199999999999989       -7.6225323090953649     
   156.59999999999997        8.7199999999999989       -7.6118555855243040     
   158.39999999999998        8.7199999999999989       -7.6020039052521167     
   160.20000000000002        8.7199999999999989       -7.5930039152003461     
   162.00000000000000        8.7199999999999989       -7.5848643306644723     
   163.79999999999998        8.7199999999999989       -7.5775933022160737     
   165.59999999999999        8.7199999999999989       -7.5711752381363189     
   167.40000000000001        8.7199999999999989       -7.5655939731707402     
   169.19999999999999        8.7199999999999989       -7.5608302420008719     
   171.00000000000000        8.7199999999999989       -7.5568555538438558     
   172.80000000000001        8.7199999999999989       -7.5536488152765342     
   174.59999999999999        8.7199999999999989       -7.5511809332431890     
   176.40000000000001        8.7199999999999989       -7.5494368357438368     
   178.20000000000002        8.7199999999999989       -7.5495896473087285     
   180.00000000000000        8.7199999999999989       -7.5480504219399389     
   0.0000000000000000        8.8000000000000007       -13.011493769514068     
   1.8000000000000003        8.8000000000000007       -13.001430902260863     
   3.6000000000000005        8.8000000000000007       -12.971248239324744     
   5.4000000000000004        8.8000000000000007       -12.921416644270325     
   7.2000000000000011        8.8000000000000007       -12.852402668187313     
   9.0000000000000000        8.8000000000000007       -12.765132556434416     
   10.800000000000001        8.8000000000000007       -12.660478976898379     
   12.600000000000001        8.8000000000000007       -12.539768777747703     
   14.400000000000002        8.8000000000000007       -12.404191229415716     
   16.200000000000003        8.8000000000000007       -12.255393062619627     
   18.000000000000000        8.8000000000000007       -12.094896439629442     
   19.799999999999997        8.8000000000000007       -11.924171471208791     
   21.600000000000001        8.8000000000000007       -11.745280519612320     
   23.400000000000002        8.8000000000000007       -11.559657008139270     
   25.200000000000003        8.8000000000000007       -11.369021452600899     
   27.000000000000000        8.8000000000000007       -11.175279745947883     
   28.800000000000004        8.8000000000000007       -10.979745793358793     
   30.600000000000005        8.8000000000000007       -10.784086429642295     
   32.400000000000006        8.8000000000000007       -10.589769504388958     
   34.199999999999996        8.8000000000000007       -10.398049228557605     
   36.000000000000000        8.8000000000000007       -10.210062145290808     
   37.800000000000004        8.8000000000000007       -10.026869173027878     
   39.599999999999994        8.8000000000000007       -9.8494125443521092     
   41.399999999999999        8.8000000000000007       -9.6784854907542925     
   43.200000000000003        8.8000000000000007       -9.5146336681642349     
   45.000000000000000        8.8000000000000007       -9.3584992735889543     
   46.800000000000004        8.8000000000000007       -9.2102801545241331     
   48.599999999999994        8.8000000000000007       -9.0703627955964627     
   50.400000000000006        8.8000000000000007       -8.9387983156584312     
   52.200000000000003        8.8000000000000007       -8.8156149967990913     
   54.000000000000000        8.8000000000000007       -8.7008387238175171     
   55.799999999999997        8.8000000000000007       -8.5942301275948054     
   57.600000000000009        8.8000000000000007       -8.4956061601032804     
   59.400000000000013        8.8000000000000007       -8.4046730807386094     
   61.200000000000010        8.8000000000000007       -8.3210830940179061     
   63.000000000000000        8.8000000000000007       -8.2444630292227234     
   64.800000000000011        8.8000000000000007       -8.1744004312953589     
   66.600000000000009        8.8000000000000007       -8.1104544625118553     
   68.399999999999991        8.8000000000000007       -8.0521676752795184     
   70.200000000000003        8.8000000000000007       -7.9990927955378242     
   72.000000000000000        8.8000000000000007       -7.9507960306149457     
   73.799999999999997        8.8000000000000007       -7.9068098193133114     
   75.600000000000009        8.8000000000000007       -7.8667507692926826     
   77.399999999999991        8.8000000000000007       -7.8302180718138334     
   79.199999999999989        8.8000000000000007       -7.7968533477854560     
   81.000000000000000        8.8000000000000007       -7.7663309721009481     
   82.799999999999997        8.8000000000000007       -7.7383754655830623     
   84.599999999999994        8.8000000000000007       -7.7127286689339316     
   86.400000000000006        8.8000000000000007       -7.6891807294663277     
   88.200000000000003        8.8000000000000007       -7.6675567071252875     
   90.000000000000000        8.8000000000000007       -7.6476963088894996     
   91.799999999999997        8.8000000000000007       -7.6294746008427046     
   93.600000000000009        8.8000000000000007       -7.6127843246242808     
   95.400000000000006        8.8000000000000007       -7.5975205886345591     
   97.199999999999989        8.8000000000000007       -7.5835904809930339     
   99.000000000000014        8.8000000000000007       -7.5709017101806753     
   100.80000000000001        8.8000000000000007       -7.5593472172445546     
   102.59999999999999        8.8000000000000007       -7.5488200857236256     
   104.40000000000001        8.8000000000000007       -7.5391933164556759     
   106.19999999999999        8.8000000000000007       -7.5303297993439235     
   108.00000000000000        8.8000000000000007       -7.5220786457270297     
   109.80000000000000        8.8000000000000007       -7.5142814379520129     
   111.59999999999999        8.8000000000000007       -7.5067678433479514     
   113.40000000000001        8.8000000000000007       -7.4993685569143782     
   115.20000000000002        8.8000000000000007       -7.4919151563280977     
   117.00000000000000        8.8000000000000007       -7.4842486682641161     
   118.80000000000003        8.8000000000000007       -7.4762238286798501     
   120.60000000000001        8.8000000000000007       -7.4677147486495850     
   122.40000000000002        8.8000000000000007       -7.4586146532224484     
   124.20000000000000        8.8000000000000007       -7.4488503707943492     
   126.00000000000000        8.8000000000000007       -7.4383741633106855     
   127.80000000000001        8.8000000000000007       -7.4271658319294600     
   129.60000000000002        8.8000000000000007       -7.4152421473758858     
   131.40000000000001        8.8000000000000007       -7.4026382184998738     
   133.20000000000002        8.8000000000000007       -7.3894188661439832     
   135.00000000000000        8.8000000000000007       -7.3756801576643083     
   136.79999999999998        8.8000000000000007       -7.3615172791402443     
   138.59999999999999        8.8000000000000007       -7.3470604264270056     
   140.40000000000001        8.8000000000000007       -7.3324344890477349     
   142.20000000000002        8.8000000000000007       -7.3177757088363657     
   144.00000000000000        8.8000000000000007       -7.3032194966938642     
   145.79999999999998        8.8000000000000007       -7.2888930348186696     
   147.59999999999999        8.8000000000000007       -7.2749211424648834     
   149.40000000000003        8.8000000000000007       -7.2614196531509192     
   151.20000000000002        8.8000000000000007       -7.2484880923743402     
   153.00000000000000        8.8000000000000007       -7.2362126778467788     
   154.79999999999998        8.8000000000000007       -7.2246648272507876     
   156.59999999999997        8.8000000000000007       -7.2138999866808540     
   158.39999999999998        8.8000000000000007       -7.2039592627092555     
   160.20000000000002        8.8000000000000007       -7.1948693489960629     
   162.00000000000000        8.8000000000000007       -7.1866398078042701     
   163.79999999999998        8.8000000000000007       -7.1792793387928384     
   165.59999999999999        8.8000000000000007       -7.1727742005812081     
   167.40000000000001        8.8000000000000007       -7.1671098900552117     
   169.19999999999999        8.8000000000000007       -7.1622688512837165     
   171.00000000000000        8.8000000000000007       -7.1582247434006057     
   172.80000000000001        8.8000000000000007       -7.1549580782240172     
   174.59999999999999        8.8000000000000007       -7.1524417646727185     
   176.40000000000001        8.8000000000000007       -7.1506618271030762     
   178.20000000000002        8.8000000000000007       -7.1506924666992226     
   180.00000000000000        8.8000000000000007       -7.1492461340280276     
   0.0000000000000000        8.8799999999999990       -12.279379133297182     
   1.8000000000000003        8.8799999999999990       -12.270009078047400     
   3.6000000000000005        8.8799999999999990       -12.241904472833387     
   5.4000000000000004        8.8799999999999990       -12.195500394149978     
   7.2000000000000011        8.8799999999999990       -12.131228227027744     
   9.0000000000000000        8.8799999999999990       -12.049944464293491     
   10.800000000000001        8.8799999999999990       -11.952456738088307     
   12.600000000000001        8.8799999999999990       -11.839993414025173     
   14.400000000000002        8.8799999999999990       -11.713656699451278     
   16.200000000000003        8.8799999999999990       -11.574973399555017     
   18.000000000000000        8.8799999999999990       -11.425356554089493     
   19.799999999999997        8.8799999999999990       -11.266172265381536     
   21.600000000000001        8.8799999999999990       -11.099337391718645     
   23.400000000000002        8.8799999999999990       -10.926187099050663     
   25.200000000000003        8.8799999999999990       -10.748324168470747     
   27.000000000000000        8.8799999999999990       -10.567525171802641     
   28.800000000000004        8.8799999999999990       -10.385017674168040     
   30.600000000000005        8.8799999999999990       -10.202358179581653     
   32.400000000000006        8.8799999999999990       -10.020918985157266     
   34.199999999999996        8.8799999999999990       -9.8418739808534301     
   36.000000000000000        8.8799999999999990       -9.6662876206224588     
   37.800000000000004        8.8799999999999990       -9.4951538863489180     
   39.599999999999994        8.8799999999999990       -9.3293559774226029     
   41.399999999999999        8.8799999999999990       -9.1696378236093476     
   43.200000000000003        8.8799999999999990       -9.0165118837282385     
   45.000000000000000        8.8799999999999990       -8.8705800909171550     
   46.800000000000004        8.8799999999999990       -8.7320290238575105     
   48.599999999999994        8.8799999999999990       -8.6012205852661925     
   50.400000000000006        8.8799999999999990       -8.4782029431846730     
   52.200000000000003        8.8799999999999990       -8.3630022753234190     
   54.000000000000000        8.8799999999999990       -8.2556419090978910     
   55.799999999999997        8.8799999999999990       -8.1558971235560094     
   57.600000000000009        8.8799999999999990       -8.0635954097598095     
   59.400000000000013        8.8799999999999990       -7.9784607806889669     
   61.200000000000010        8.8799999999999990       -7.9001668200602575     
   63.000000000000000        8.8799999999999990       -7.8283636187797541     
   64.800000000000011        8.8799999999999990       -7.7626649989326273     
   66.600000000000009        8.8799999999999990       -7.7026588709329742     
   68.399999999999991        8.8799999999999990       -7.6479183708144163     
   70.200000000000003        8.8799999999999990       -7.5980269325711731     
   72.000000000000000        8.8799999999999990       -7.5525814528973285     
   73.799999999999997        8.8799999999999990       -7.5111482847718314     
   75.600000000000009        8.8799999999999990       -7.4733730917079031     
   77.399999999999991        8.8799999999999990       -7.4388860677211710     
   79.199999999999989        8.8799999999999990       -7.4073575222027008     
   81.000000000000000        8.8799999999999990       -7.3784886062103441     
   82.799999999999997        8.8799999999999990       -7.3520273423357718     
   84.599999999999994        8.8799999999999990       -7.3277374999756324     
   86.400000000000006        8.8799999999999990       -7.3054273484375782     
   88.200000000000003        8.8799999999999990       -7.2849368314736465     
   90.000000000000000        8.8799999999999990       -7.2661181055474220     
   91.799999999999997        8.8799999999999990       -7.2488549860446740     
   93.600000000000009        8.8799999999999990       -7.2330461453060666     
   95.400000000000006        8.8799999999999990       -7.2185905997394935     
   97.199999999999989        8.8799999999999990       -7.2053969831764313     
   99.000000000000014        8.8799999999999990       -7.1933729439891057     
   100.80000000000001        8.8799999999999990       -7.1824109763141628     
   102.59999999999999        8.8799999999999990       -7.1724027177253031     
   104.40000000000001        8.8799999999999990       -7.1632204439562024     
   106.19999999999999        8.8799999999999990       -7.1547267678816153     
   108.00000000000000        8.8799999999999990       -7.1467717367125525     
   109.80000000000000        8.8799999999999990       -7.1391985939301881     
   111.59999999999999        8.8799999999999990       -7.1318410628332334     
   113.40000000000001        8.8799999999999990       -7.1245347758062136     
   115.20000000000002        8.8799999999999990       -7.1171175029359723     
   117.00000000000000        8.8799999999999990       -7.1094380402991773     
   118.80000000000003        8.8799999999999990       -7.1013595108764598     
   120.60000000000001        8.8799999999999990       -7.0927649399327413     
   122.40000000000002        8.8799999999999990       -7.0835564951762144     
   124.20000000000000        8.8799999999999990       -7.0736699182510465     
   126.00000000000000        8.8799999999999990       -7.0630656479544065     
   127.80000000000001        8.8799999999999990       -7.0517308023730045     
   129.60000000000002        8.8799999999999990       -7.0396883340062644     
   131.40000000000001        8.8799999999999990       -7.0269783077321577     
   133.20000000000002        8.8799999999999990       -7.0136691584986277     
   135.00000000000000        8.8799999999999990       -6.9998590294059619     
   136.79999999999998        8.8799999999999990       -6.9856442432650692     
   138.59999999999999        8.8799999999999990       -6.9711545353597053     
   140.40000000000001        8.8799999999999990       -6.9565136373559682     
   142.20000000000002        8.8799999999999990       -6.9418556715166009     
   144.00000000000000        8.8799999999999990       -6.9273133606321942     
   145.79999999999998        8.8799999999999990       -6.9130109547817069     
   147.59999999999999        8.8799999999999990       -6.8990700421829638     
   149.40000000000003        8.8799999999999990       -6.8856032331492978     
   151.20000000000002        8.8799999999999990       -6.8727071454868138     
   153.00000000000000        8.8799999999999990       -6.8604654318028171     
   154.79999999999998        8.8799999999999990       -6.8489473169918238     
   156.59999999999997        8.8799999999999990       -6.8382067365392949     
   158.39999999999998        8.8799999999999990       -6.8282837018345024     
   160.20000000000002        8.8799999999999990       -6.8192044184171774     
   162.00000000000000        8.8799999999999990       -6.8109787258749641     
   163.79999999999998        8.8799999999999990       -6.8036154756562857     
   165.59999999999999        8.8799999999999990       -6.7971022228235389     
   167.40000000000001        8.8799999999999990       -6.7914256936069863     
   169.19999999999999        8.8799999999999990       -6.7865696555316353     
   171.00000000000000        8.8799999999999990       -6.7825095125265635     
   172.80000000000001        8.8799999999999990       -6.7792270899059623     
   174.59999999999999        8.8799999999999990       -6.7766969795235008     
   176.40000000000001        8.8799999999999990       -6.7749061234873196     
   178.20000000000002        8.8799999999999990       -6.7748395924518974     
   180.00000000000000        8.8799999999999990       -6.7734811783086046     
   0.0000000000000000        8.9600000000000009       -11.588300365840938     
   1.8000000000000003        8.9600000000000009       -11.579580576648826     
   3.6000000000000005        8.9600000000000009       -11.553426415858317     
   5.4000000000000004        8.9600000000000009       -11.510239226394605     
   7.2000000000000011        8.9600000000000009       -11.450417254186204     
   9.0000000000000000        8.9600000000000009       -11.374751257853491     
   10.800000000000001        8.9600000000000009       -11.283987598884256     
   12.600000000000001        8.9600000000000009       -11.179261867798077     
   14.400000000000002        8.9600000000000009       -11.061594286541814     
   16.200000000000003        8.9600000000000009       -10.932398740604270     
   18.000000000000000        8.9600000000000009       -10.792985567711202     
   19.799999999999997        8.9600000000000009       -10.644623019154306     
   21.600000000000001        8.9600000000000009       -10.489091068248426     
   23.400000000000002        8.9600000000000009       -10.327632529041679     
   25.200000000000003        8.9600000000000009       -10.161739529370866     
   27.000000000000000        8.9600000000000009       -9.9930671321646880     
   28.800000000000004        8.9600000000000009       -9.8227618756234758     
   30.600000000000005        8.9600000000000009       -9.6522767001155323     
   32.400000000000006        8.9600000000000009       -9.4828942793762288     
   34.199999999999996        8.9600000000000009       -9.3157132339073137     
   36.000000000000000        8.9600000000000009       -9.1517305135749663     
   37.800000000000004        8.9600000000000009       -8.9918774660921699     
   39.599999999999994        8.9600000000000009       -8.8369821114470994     
   41.399999999999999        8.9600000000000009       -8.6877423701527619     
   43.200000000000003        8.9600000000000009       -8.5446398393545149     
   45.000000000000000        8.9600000000000009       -8.4082389883120978     
   46.800000000000004        8.9600000000000009       -8.2787161690235838     
   48.599999999999994        8.9600000000000009       -8.1564105997608429     
   50.400000000000006        8.9600000000000009       -8.0413680820741913     
   52.200000000000003        8.9600000000000009       -7.9336132489680704     
   54.000000000000000        8.9600000000000009       -7.8331674993048281     
   55.799999999999997        8.9600000000000009       -7.7398203228645119     
   57.600000000000009        8.9600000000000009       -7.6534096036061721     
   59.400000000000013        8.9600000000000009       -7.5736765198355815     
   61.200000000000010        8.9600000000000009       -7.5003152235244386     
   63.000000000000000        8.9600000000000009       -7.4329981395693405     
   64.800000000000011        8.9600000000000009       -7.3713642335222787     
   66.600000000000009        8.9600000000000009       -7.3150288419112153     
   68.399999999999991        8.9600000000000009       -7.2635941965379267     
   70.200000000000003        8.9600000000000009       -7.2166728894010399     
   72.000000000000000        8.9600000000000009       -7.1738908896242579     
   73.799999999999997        8.9600000000000009       -7.1348465027265835     
   75.600000000000009        8.9600000000000009       -7.0992127476788704     
   77.399999999999991        8.9600000000000009       -7.0666488332215511     
   79.199999999999989        8.9600000000000009       -7.0368518001763602     
   81.000000000000000        8.9600000000000009       -7.0095476105353232     
   82.799999999999997        8.9600000000000009       -6.9845059308481456     
   84.599999999999994        8.9600000000000009       -6.9615105667497108     
   86.400000000000006        8.9600000000000009       -6.9403861909447127     
   88.200000000000003        8.9600000000000009       -6.9209860588960339     
   90.000000000000000        8.9600000000000009       -6.9031733177817411     
   91.799999999999997        8.9600000000000009       -6.8868393312603455     
   93.600000000000009        8.9600000000000009       -6.8718877238177916     
   95.400000000000006        8.9600000000000009       -6.8582206534702834     
   97.199999999999989        8.9600000000000009       -6.8457478030467112     
   99.000000000000014        8.9600000000000009       -6.8343765082704921     
   100.80000000000001        8.9600000000000009       -6.8239987587803173     
   102.59999999999999        8.9600000000000009       -6.8145049194973524     
   104.40000000000001        8.9600000000000009       -6.8057668466959100     
   106.19999999999999        8.9600000000000009       -6.7976473115677791     
   108.00000000000000        8.9600000000000009       -6.7899977915807650     
   109.80000000000000        8.9600000000000009       -6.7826637604983997     
   111.59999999999999        8.9600000000000009       -6.7754834673071320     
   113.40000000000001        8.9600000000000009       -6.7682979364917131     
   115.20000000000002        8.9600000000000009       -6.7609515130565105     
   117.00000000000000        8.9600000000000009       -6.7533009673354760     
   118.80000000000003        8.9600000000000009       -6.7452179034616346     
   120.60000000000001        8.9600000000000009       -6.7365942036012463     
   122.40000000000002        8.9600000000000009       -6.7273408181840599     
   124.20000000000000        8.9600000000000009       -6.7174020338911005     
   126.00000000000000        8.9600000000000009       -6.7067460198197884     
   127.80000000000001        8.9600000000000009       -6.6953666800360825     
   129.60000000000002        8.9600000000000009       -6.6832924867619443     
   131.40000000000001        8.9600000000000009       -6.6705678144747429     
   133.20000000000002        8.9600000000000009       -6.6572640030144141     
   135.00000000000000        8.9600000000000009       -6.6434804955121605     
   136.79999999999998        8.9600000000000009       -6.6293141011384931     
   138.59999999999999        8.9600000000000009       -6.6148933305662387     
   140.40000000000001        8.9600000000000009       -6.6003401128108994     
   142.20000000000002        8.9600000000000009       -6.5857857967312512     
   144.00000000000000        8.9600000000000009       -6.5713598033341949     
   145.79999999999998        8.9600000000000009       -6.5571829128509531     
   147.59999999999999        8.9600000000000009       -6.5433729452591569     
   149.40000000000003        8.9600000000000009       -6.5300387536327404     
   151.20000000000002        8.9600000000000009       -6.5172735794989167     
   153.00000000000000        8.9600000000000009       -6.5051580399857194     
   154.79999999999998        8.9600000000000009       -6.4937587839092528     
   156.59999999999997        8.9600000000000009       -6.4831277378633256     
   158.39999999999998        8.9600000000000009       -6.4733034407947461     
   160.20000000000002        8.9600000000000009       -6.4643112037320467     
   162.00000000000000        8.9600000000000009       -6.4561607049757521     
   163.79999999999998        8.9600000000000009       -6.4488606425195094     
   165.59999999999999        8.9600000000000009       -6.4423994335833541     
   167.40000000000001        8.9600000000000009       -6.4367646927729023     
   169.19999999999999        8.9600000000000009       -6.4319412051853400     
   171.00000000000000        8.9600000000000009       -6.4279057954432295     
   172.80000000000001        8.9600000000000009       -6.4246413685047914     
   174.59999999999999        8.9600000000000009       -6.4221239412761681     
   176.40000000000001        8.9600000000000009       -6.4203412294786073     
   178.20000000000002        8.9600000000000009       -6.4201977433940813     
   180.00000000000000        8.9600000000000009       -6.4189223553897889     
   0.0000000000000000        9.0399999999999991       -10.940694327214246     
   1.8000000000000003        9.0399999999999991       -10.932578248263075     
   3.6000000000000005        9.0399999999999991       -10.908234890064451     
   5.4000000000000004        9.0399999999999991       -10.868034244908159     
   7.2000000000000011        9.0399999999999991       -10.812343762073777     
   9.0000000000000000        9.0399999999999991       -10.741893110873889     
   10.800000000000001        9.0399999999999991       -10.657371713815058     
   12.600000000000001        9.0399999999999991       -10.559828944171690     
   14.400000000000002        9.0399999999999991       -10.450208836690827     
   16.200000000000003        9.0399999999999991       -10.329820341835948     
   18.000000000000000        9.0399999999999991       -10.199878360669883     
   19.799999999999997        9.0399999999999991       -10.061560218061999     
   21.600000000000001        9.0399999999999991       -9.9165186859588896     
   23.400000000000002        9.0399999999999991       -9.7659107665425893     
   25.200000000000003        9.0399999999999991       -9.6111257691241612     
   27.000000000000000        9.0399999999999991       -9.4537058520890511     
   28.800000000000004        9.0399999999999991       -9.2947222742061726     
   30.600000000000005        9.0399999999999991       -9.1355317564558884     
   32.400000000000006        9.0399999999999991       -8.9773337148289833     
   34.199999999999996        9.0399999999999991       -8.8211568598516159     
   36.000000000000000        9.0399999999999991       -8.6679354585586434     
   37.800000000000004        9.0399999999999991       -8.5185427153679196     
   39.599999999999994        9.0399999999999991       -8.3737554522052307     
   41.399999999999999        9.0399999999999991       -8.2342289343842463     
   43.200000000000003        9.0399999999999991       -8.1004162018690327     
   45.000000000000000        9.0399999999999991       -7.9728470648155163     
   46.800000000000004        9.0399999999999991       -7.8516885467898589     
   48.599999999999994        9.0399999999999991       -7.7372590056085384     
   50.400000000000006        9.0399999999999991       -7.6296022859405443     
   52.200000000000003        9.0399999999999991       -7.5287418638915211     
   54.000000000000000        9.0399999999999991       -7.4346976706623726     
   55.799999999999997        9.0399999999999991       -7.3472727335638144     
   57.600000000000009        9.0399999999999991       -7.2663149686668618     
   59.400000000000013        9.0399999999999991       -7.1915818916099967     
   61.200000000000010        9.0399999999999991       -7.1227871619576941     
   63.000000000000000        9.0399999999999991       -7.0596243569130239     
   64.800000000000011        9.0399999999999991       -7.0017561900362084     
   66.600000000000009        9.0399999999999991       -6.9488238356448528     
   68.399999999999991        9.0399999999999991       -6.9004568664228456     
   70.200000000000003        9.0399999999999991       -6.8562952195736395     
   72.000000000000000        9.0399999999999991       -6.8159920620359316     
   73.799999999999997        9.0399999999999991       -6.7791754414019527     
   75.600000000000009        9.0399999999999991       -6.7455437972363059     
   77.399999999999991        9.0399999999999991       -6.7147831485199658     
   79.199999999999989        9.0399999999999991       -6.6866151166221268     
   81.000000000000000        9.0399999999999991       -6.6607883424587193     
   82.799999999999997        9.0399999999999991       -6.6370921367261051     
   84.599999999999994        9.0399999999999991       -6.6153283446718696     
   86.400000000000006        9.0399999999999991       -6.5953362482895965     
   88.200000000000003        9.0399999999999991       -6.5769807977955912     
   90.000000000000000        9.0399999999999991       -6.5601346675125187     
   91.799999999999997        9.0399999999999991       -6.5446955859252531     
   93.600000000000009        9.0399999999999991       -6.5305711933285444     
   95.400000000000006        9.0399999999999991       -6.5176660916620115     
   97.199999999999989        9.0399999999999991       -6.5058905942320759     
   99.000000000000014        9.0399999999999991       -6.4951515567681559     
   100.80000000000001        9.0399999999999991       -6.4853405000588813     
   102.59999999999999        9.0399999999999991       -6.4763467716136258     
   104.40000000000001        9.0399999999999991       -6.4680421919939217     
   106.19999999999999        9.0399999999999991       -6.4602901885047173     
   108.00000000000000        9.0399999999999991       -6.4529442109808501     
   109.80000000000000        9.0399999999999991       -6.4458525584593334     
   111.59999999999999        9.0399999999999991       -6.4388584914153491     
   113.40000000000001        9.0399999999999991       -6.4318088774213278     
   115.20000000000002        9.0399999999999991       -6.4245550007694820     
   117.00000000000000        9.0399999999999991       -6.4169617882856516     
   118.80000000000003        9.0399999999999991       -6.4089093897587848     
   120.60000000000001        9.0399999999999991       -6.4002984574950332     
   122.40000000000002        9.0399999999999991       -6.3910485347169841     
   124.20000000000000        9.0399999999999991       -6.3811120698332600     
   126.00000000000000        9.0399999999999991       -6.3704645073674797     
   127.80000000000001        9.0399999999999991       -6.3591060089556146     
   129.60000000000002        9.0399999999999991       -6.3470699285094314     
   131.40000000000001        9.0399999999999991       -6.3344043333724738     
   133.20000000000002        9.0399999999999991       -6.3211828072557132     
   135.00000000000000        9.0399999999999991       -6.3075053888814239     
   136.79999999999998        9.0399999999999991       -6.2934687872995871     
   138.59999999999999        9.0399999999999991       -6.2791996213063150     
   140.40000000000001        9.0399999999999991       -6.2648174619724308     
   142.20000000000002        9.0399999999999991       -6.2504503342867945     
   144.00000000000000        9.0399999999999991       -6.2362238506132597     
   145.79999999999998        9.0399999999999991       -6.2222548848291277     
   147.59999999999999        9.0399999999999991       -6.2086570592532624     
   149.40000000000003        9.0399999999999991       -6.1955350468296402     
   151.20000000000002        9.0399999999999991       -6.1829783448972728     
   153.00000000000000        9.0399999999999991       -6.1710641652051930     
   154.79999999999998        9.0399999999999991       -6.1598562813895592     
   156.59999999999997        9.0399999999999991       -6.1494042120222936     
   158.39999999999998        9.0399999999999991       -6.1397447218799126     
   160.20000000000002        9.0399999999999991       -6.1309018965854278     
   162.00000000000000        9.0399999999999991       -6.1228848887071576     
   163.79999999999998        9.0399999999999991       -6.1157019899375742     
   165.59999999999999        9.0399999999999991       -6.1093421090996181     
   167.40000000000001        9.0399999999999991       -6.1037934562325873     
   169.19999999999999        9.0399999999999991       -6.0990415689788131     
   171.00000000000000        9.0399999999999991       -6.0950644082349870     
   172.80000000000001        9.0399999999999991       -6.0918457528343417     
   174.59999999999999        9.0399999999999991       -6.0893628152783696     
   176.40000000000001        9.0399999999999991       -6.0876039569100833     
   178.20000000000002        9.0399999999999991       -6.0874014857132535     
   180.00000000000000        9.0399999999999991       -6.0862037866877206     
   0.0000000000000000        9.1200000000000010       -10.329468095149920     
   1.8000000000000003        9.1200000000000010       -10.321915872249376     
   3.6000000000000005        9.1200000000000010       -10.299263775226278     
   5.4000000000000004        9.1200000000000010       -10.261852571213895     
   7.2000000000000011        9.1200000000000010       -10.210020996447705     
   9.0000000000000000        9.1200000000000010       -10.144441763186764     
   10.800000000000001        9.1200000000000010       -10.065751196270286     
   12.600000000000001        9.1200000000000010       -9.9749182620637704     
   14.400000000000002        9.1200000000000010       -9.8728159236944535     
   16.200000000000003        9.1200000000000010       -9.7606552319790048     
   18.000000000000000        9.1200000000000010       -9.6395620212858262     
   19.799999999999997        9.1200000000000010       -9.5106287350594041     
   21.600000000000001        9.1200000000000010       -9.3753893917537443     
   23.400000000000002        9.1200000000000010       -9.2349208290787477     
   25.200000000000003        9.1200000000000010       -9.0905162985615782     
   27.000000000000000        9.1200000000000010       -8.9436124549285925     
   28.800000000000004        9.1200000000000010       -8.7952101562561324     
   30.600000000000005        9.1200000000000010       -8.6465761536554684     
   32.400000000000006        9.1200000000000010       -8.4988319787787887     
   34.199999999999996        9.1200000000000010       -8.3529409157381469     
   36.000000000000000        9.1200000000000010       -8.2097785543365962     
   37.800000000000004        9.1200000000000010       -8.0701636655118687     
   39.599999999999994        9.1200000000000010       -7.9348251351859576     
   41.399999999999999        9.1200000000000010       -7.8043782903821279     
   43.200000000000003        9.1200000000000010       -7.6792494306773644     
   45.000000000000000        9.1200000000000010       -7.5599359470918683     
   46.800000000000004        9.1200000000000010       -7.4465961526877731     
   48.599999999999994        9.1200000000000010       -7.3395289486064366     
   50.400000000000006        9.1200000000000010       -7.2387764289293921     
   52.200000000000003        9.1200000000000010       -7.1443611030707297     
   54.000000000000000        9.1200000000000010       -7.0563016849363533     
   55.799999999999997        9.1200000000000010       -6.9744140383283941     
   57.600000000000009        9.1200000000000010       -6.8985556730363804     
   59.400000000000013        9.1200000000000010       -6.8284996130616484     
   61.200000000000010        9.1200000000000010       -6.7639780034241301     
   63.000000000000000        9.1200000000000010       -6.7047044512450542     
   64.800000000000011        9.1200000000000010       -6.6503641193488816     
   66.600000000000009        9.1200000000000010       -6.6006225638310347     
   68.399999999999991        9.1200000000000010       -6.5551351088139906     
   70.200000000000003        9.1200000000000010       -6.5135674040316935     
   72.000000000000000        9.1200000000000010       -6.4755981360125325     
   73.799999999999997        9.1200000000000010       -6.4408831558305426     
   75.600000000000009        9.1200000000000010       -6.4091446148934246     
   77.399999999999991        9.1200000000000010       -6.3800934330639558     
   79.199999999999989        9.1200000000000010       -6.3534739627159187     
   81.000000000000000        9.1200000000000010       -6.3290557097239439     
   82.799999999999997        9.1200000000000010       -6.3066459390648486     
   84.599999999999994        9.1200000000000010       -6.2860628767863096     
   86.400000000000006        9.1200000000000010       -6.2671589381454202     
   88.200000000000003        9.1200000000000010       -6.2498094560891744     
   90.000000000000000        9.1200000000000010       -6.2338954716418895     
   91.799999999999997        9.1200000000000010       -6.2193201570880614     
   93.600000000000009        9.1200000000000010       -6.2059944619955809     
   95.400000000000006        9.1200000000000010       -6.1938249341873686     
   97.199999999999989        9.1200000000000010       -6.1827222477646346     
   99.000000000000014        9.1200000000000010       -6.1725927127434348     
   100.80000000000001        9.1200000000000010       -6.1633274809561263     
   102.59999999999999        9.1200000000000010       -6.1548151478273248     
   104.40000000000001        9.1200000000000010       -6.1469278609427205     
   106.19999999999999        9.1200000000000010       -6.1395301443268142     
   108.00000000000000        9.1200000000000010       -6.1324778836355529     
   109.80000000000000        9.1200000000000010       -6.1256226917872976     
   111.59999999999999        9.1200000000000010       -6.1188132335126513     
   113.40000000000001        9.1200000000000010       -6.1119025696341360     
   115.20000000000002        9.1200000000000010       -6.1047491939219078     
   117.00000000000000        9.1200000000000010       -6.0972263111487592     
   118.80000000000003        9.1200000000000010       -6.0892226395924665     
   120.60000000000001        9.1200000000000010       -6.0806475045479438     
   122.40000000000002        9.1200000000000010       -6.0714288629420654     
   124.20000000000000        9.1200000000000010       -6.0615270033983242     
   126.00000000000000        9.1200000000000010       -6.0509242731994153     
   127.80000000000001        9.1200000000000010       -6.0396266691213540     
   129.60000000000002        9.1200000000000010       -6.0276719336759443     
   131.40000000000001        9.1200000000000010       -6.0151113558488953     
   133.20000000000002        9.1200000000000010       -6.0020202710401218     
   135.00000000000000        9.1200000000000010       -5.9884988044695682     
   136.79999999999998        9.1200000000000010       -5.9746431448195274     
   138.59999999999999        9.1200000000000010       -5.9605775592034442     
   140.40000000000001        9.1200000000000010       -5.9464188849205772     
   142.20000000000002        9.1200000000000010       -5.9322914615739650     
   144.00000000000000        9.1200000000000010       -5.9183167687368856     
   145.79999999999998        9.1200000000000010       -5.9046075016908190     
   147.59999999999999        9.1200000000000010       -5.8912728233629181     
   149.40000000000003        9.1200000000000010       -5.8784129724584124     
   151.20000000000002        9.1200000000000010       -5.8661134839640958     
   153.00000000000000        9.1200000000000010       -5.8544479442438604     
   154.79999999999998        9.1200000000000010       -5.8434770760045085     
   156.59999999999997        9.1200000000000010       -5.8332477452761315     
   158.39999999999998        9.1200000000000010       -5.8237947581885505     
   160.20000000000002        9.1200000000000010       -5.8151407671098427     
   162.00000000000000        9.1200000000000010       -5.8072941631849808     
   163.79999999999998        9.1200000000000010       -5.8002626689557157     
   165.59999999999999        9.1200000000000010       -5.7940354364205211     
   167.40000000000001        9.1200000000000010       -5.7886010728737949     
   169.19999999999999        9.1200000000000010       -5.7839456872610358     
   171.00000000000000        9.1200000000000010       -5.7800481791403504     
   172.80000000000001        9.1200000000000010       -5.7768930577748057     
   174.59999999999999        9.1200000000000010       -5.7744585691527570     
   176.40000000000001        9.1200000000000010       -5.7727336300234899     
   178.20000000000002        9.1200000000000010       -5.7724848384508523     
   180.00000000000000        9.1200000000000010       -5.7713602629126299     
   0.0000000000000000        9.1999999999999993       -9.7583767270394191     
   1.8000000000000003        9.1999999999999993       -9.7513436723220952     
   3.6000000000000005        9.1999999999999993       -9.7302487958993904     
   5.4000000000000004        9.1999999999999993       -9.6954060994261084     
   7.2000000000000011        9.1999999999999993       -9.6471280123476983     
   9.0000000000000000        9.1999999999999993       -9.5860350625075732     
   10.800000000000001        9.1999999999999993       -9.5127149030578941     
   12.600000000000001        9.1999999999999993       -9.4280627836439219     
   14.400000000000002        9.1999999999999993       -9.3328864671687590     
   16.200000000000003        9.1999999999999993       -9.2283071715593845     
   18.000000000000000        9.1999999999999993       -9.1153689407720417     
   19.799999999999997        9.1999999999999993       -8.9950862190387273     
   21.600000000000001        9.1999999999999993       -8.8688838843389988     
   23.400000000000002        9.1999999999999993       -8.7377649854461730     
   25.200000000000003        9.1999999999999993       -8.6029343446183191     
   27.000000000000000        9.1999999999999993       -8.4657314427972157     
   28.800000000000004        9.1999999999999993       -8.3270921713881680     
   30.600000000000005        9.1999999999999993       -8.1882002864763717     
   32.400000000000006        9.1999999999999993       -8.0501053941028893     
   34.199999999999996        9.1999999999999993       -7.9137102878926511     
   36.000000000000000        9.1999999999999993       -7.7798362654083268     
   37.800000000000004        9.1999999999999993       -7.6492517061754075     
   39.599999999999994        9.1999999999999993       -7.5226410899966742     
   41.399999999999999        9.1999999999999993       -7.4005827169823926     
   43.200000000000003        9.1999999999999993       -7.2834780467046309     
   45.000000000000000        9.1999999999999993       -7.1717944213170588     
   46.800000000000004        9.1999999999999993       -7.0656820029691039     
   48.599999999999994        9.1999999999999993       -6.9654216706691221     
   50.400000000000006        9.1999999999999993       -6.8710538704548929     
   52.200000000000003        9.1999999999999993       -6.7826002309670965     
   54.000000000000000        9.1999999999999993       -6.7000783990211952     
   55.799999999999997        9.1999999999999993       -6.6233161742425404     
   57.600000000000009        9.1999999999999993       -6.5521800485764645     
   59.400000000000013        9.1999999999999993       -6.4864575119520795     
   61.200000000000010        9.1999999999999993       -6.4258979400168146     
   63.000000000000000        9.1999999999999993       -6.3702336044999592     
   64.800000000000011        9.1999999999999993       -6.3191705594998453     
   66.600000000000009        9.1999999999999993       -6.2723970149750139     
   68.399999999999991        9.1999999999999993       -6.2295921769133722     
   70.200000000000003        9.1999999999999993       -6.1904454952328027     
   72.000000000000000        9.1999999999999993       -6.1546592195677334     
   73.799999999999997        9.1999999999999993       -6.1219147818626540     
   75.600000000000009        9.1999999999999993       -6.0919560756023001     
   77.399999999999991        9.1999999999999993       -6.0645167562589135     
   79.199999999999989        9.1999999999999993       -6.0393618235371802     
   81.000000000000000        9.1999999999999993       -6.0162796244054029     
   82.799999999999997        9.1999999999999993       -5.9950935054656718     
   84.599999999999994        9.1999999999999993       -5.9756362642616425     
   86.400000000000006        9.1999999999999993       -5.9577718556110222     
   88.200000000000003        9.1999999999999993       -5.9413845986837810     
   90.000000000000000        9.1999999999999993       -5.9263626949845811     
   91.799999999999997        9.1999999999999993       -5.9126138234721566     
   93.600000000000009        9.1999999999999993       -5.9000515497043873     
   95.400000000000006        9.1999999999999993       -5.8885839115538623     
   97.199999999999989        9.1999999999999993       -5.8781217336986682     
   99.000000000000014        9.1999999999999993       -5.8685707875628932     
   100.80000000000001        9.1999999999999993       -5.8598220391120766     
   102.59999999999999        9.1999999999999993       -5.8517636776995809     
   104.40000000000001        9.1999999999999993       -5.8442686186113644     
   106.19999999999999        9.1999999999999993       -5.8372029898727122     
   108.00000000000000        9.1999999999999993       -5.8304256292097714     
   109.80000000000000        9.1999999999999993       -5.8237919873363859     
   111.59999999999999        9.1999999999999993       -5.8171565447211284     
   113.40000000000001        9.1999999999999993       -5.8103789061336837     
   115.20000000000002        9.1999999999999993       -5.8033250293218925     
   117.00000000000000        9.1999999999999993       -5.7958764905500706     
   118.80000000000003        9.1999999999999993       -5.7879305616008789     
   120.60000000000001        9.1999999999999993       -5.7794051004443112     
   122.40000000000002        9.1999999999999993       -5.7702362521690302     
   124.20000000000000        9.1999999999999993       -5.7603917830731852     
   126.00000000000000        9.1999999999999993       -5.7498605340533402     
   127.80000000000001        9.1999999999999993       -5.7386538857807450     
   129.60000000000002        9.1999999999999993       -5.7268134622859161     
   131.40000000000001        9.1999999999999993       -5.7143932962516200     
   133.20000000000002        9.1999999999999993       -5.7014699907000610     
   135.00000000000000        9.1999999999999993       -5.6881432749195984     
   136.79999999999998        9.1999999999999993       -5.6745084234650696     
   138.59999999999999        9.1999999999999993       -5.6606869431254028     
   140.40000000000001        9.1999999999999993       -5.6467926119934120     
   142.20000000000002        9.1999999999999993       -5.6329457852590288     
   144.00000000000000        9.1999999999999993       -5.6192635529464026     
   145.79999999999998        9.1999999999999993       -5.6058542253145305     
   147.59999999999999        9.1999999999999993       -5.5928223156946748     
   149.40000000000003        9.1999999999999993       -5.5802634488639580     
   151.20000000000002        9.1999999999999993       -5.5682590472084588     
   153.00000000000000        9.1999999999999993       -5.5568789191038261     
   154.79999999999998        9.1999999999999993       -5.5461806174214869     
   156.59999999999997        9.1999999999999993       -5.5362081755781700     
   158.39999999999998        9.1999999999999993       -5.5269943056368227     
   160.20000000000002        9.1999999999999993       -5.5185600663579795     
   162.00000000000000        9.1999999999999993       -5.5109128964120142     
   163.79999999999998        9.1999999999999993       -5.5040598180129052     
   165.59999999999999        9.1999999999999993       -5.4979900133478896     
   167.40000000000001        9.1999999999999993       -5.4926923147644082     
   169.19999999999999        9.1999999999999993       -5.4881532425681678     
   171.00000000000000        9.1999999999999993       -5.4843524567343271     
   172.80000000000001        9.1999999999999993       -5.4812750669704737     
   174.59999999999999        9.1999999999999993       -5.4789002032518246     
   176.40000000000001        9.1999999999999993       -5.4772172547721185     
   178.20000000000002        9.1999999999999993       -5.4769337688404240     
   180.00000000000000        9.1999999999999993       -5.4758771913304090     
   0.0000000000000000        9.2800000000000011       -9.2189419870631291     
   1.8000000000000003        9.2800000000000011       -9.2123925003952323     
   3.6000000000000005        9.2800000000000011       -9.1927480621174880     
   5.4000000000000004        9.2800000000000011       -9.1602979117970982     
   7.2000000000000011        9.2800000000000011       -9.1153301291871003     
   9.0000000000000000        9.2800000000000011       -9.0584169397326200     
   10.800000000000001        9.2800000000000011       -8.9901009189716952     
   12.600000000000001        9.2800000000000011       -8.9112090299623254     
   14.400000000000002        9.2800000000000011       -8.8224885903328065     
   16.200000000000003        9.2800000000000011       -8.7249775134107015     
   18.000000000000000        9.2800000000000011       -8.6196439257989681     
   19.799999999999997        9.2800000000000011       -8.5074298146047838     
   21.600000000000001        9.2800000000000011       -8.3896586557772537     
   23.400000000000002        9.2800000000000011       -8.2672648127827024     
   25.200000000000003        9.2800000000000011       -8.1413707831374627     
   27.000000000000000        9.2800000000000011       -8.0132255280018914     
   28.800000000000004        9.2800000000000011       -7.8837042805212478     
   30.600000000000005        9.2800000000000011       -7.7539133400456599     
   32.400000000000006        9.2800000000000011       -7.6248350967496243     
   34.199999999999996        9.2800000000000011       -7.4973157346019628     
   36.000000000000000        9.2800000000000011       -7.3721256924623404     
   37.800000000000004        9.2800000000000011       -7.2499861125101059     
   39.599999999999994        9.2800000000000011       -7.1315398087710458     
   41.399999999999999        9.2800000000000011       -7.0173302979083569     
   43.200000000000003        9.2800000000000011       -6.9077356363892948     
   45.000000000000000        9.2800000000000011       -6.8031949260191080     
   46.800000000000004        9.2800000000000011       -6.7038505481508395     
   48.599999999999994        9.2800000000000011       -6.6099664230082507     
   50.400000000000006        9.2800000000000011       -6.5215813562056502     
   52.200000000000003        9.2800000000000011       -6.4387160901953768     
   54.000000000000000        9.2800000000000011       -6.3613872479854052     
   55.799999999999997        9.2800000000000011       -6.2894337793512660     
   57.600000000000009        9.2800000000000011       -6.2227305991863435     
   59.400000000000013        9.2800000000000011       -6.1610787641030278     
   61.200000000000010        9.2800000000000011       -6.1042438135869537     
   63.000000000000000        9.2800000000000011       -6.0519755295892033     
   64.800000000000011        9.2800000000000011       -6.0039995519587581     
   66.600000000000009        9.2800000000000011       -5.9600253069657443     
   68.399999999999991        9.2800000000000011       -5.9197543365348055     
   70.200000000000003        9.2800000000000011       -5.8828983141117801     
   72.000000000000000        9.2800000000000011       -5.8491814449056703     
   73.799999999999997        9.2800000000000011       -5.8183089381625370     
   75.600000000000009        9.2800000000000011       -5.7900448249328358     
   77.399999999999991        9.2800000000000011       -5.7641437546810650     
   79.199999999999989        9.2800000000000011       -5.7403897076388102     
   81.000000000000000        9.2800000000000011       -5.7185882659342955     
   82.799999999999997        9.2800000000000011       -5.6985773808404518     
   84.599999999999994        9.2800000000000011       -5.6802030135000301     
   86.400000000000006        9.2800000000000011       -5.6633394297772242     
   88.200000000000003        9.2800000000000011       -5.6478788728059639     
   90.000000000000000        9.2800000000000011       -5.6337158070132451     
   91.799999999999997        9.2800000000000011       -5.6207617358277266     
   93.600000000000009        9.2800000000000011       -5.6089323551528780     
   95.400000000000006        9.2800000000000011       -5.5981368983500897     
   97.199999999999989        9.2800000000000011       -5.5882862350333200     
   99.000000000000014        9.2800000000000011       -5.5792856578752970     
   100.80000000000001        9.2800000000000011       -5.5710261395943110     
   102.59999999999999        9.2800000000000011       -5.5633957711679614     
   104.40000000000001        9.2800000000000011       -5.5562686079429522     
   106.19999999999999        9.2800000000000011       -5.5495127933083612     
   108.00000000000000        9.2800000000000011       -5.5429905237719872     
   109.80000000000000        9.2800000000000011       -5.5365614870709932     
   111.59999999999999        9.2800000000000011       -5.5300862842589549     
   113.40000000000001        9.2800000000000011       -5.5234313119412990     
   115.20000000000002        9.2800000000000011       -5.5164701584750562     
   117.00000000000000        9.2800000000000011       -5.5090928130326562     
   118.80000000000003        9.2800000000000011       -5.5012050571987450     
   120.60000000000001        9.2800000000000011       -5.4927331439425773     
   122.40000000000002        9.2800000000000011       -5.4836212054874451     
   124.20000000000000        9.2800000000000011       -5.4738441902151092     
   126.00000000000000        9.2800000000000011       -5.4633971073564318     
   127.80000000000001        9.2800000000000011       -5.4522963719272921     
   129.60000000000002        9.2800000000000011       -5.4405871108349153     
   131.40000000000001        9.2800000000000011       -5.4283257486580299     
   133.20000000000002        9.2800000000000011       -5.4155898109550549     
   135.00000000000000        9.2800000000000011       -5.4024783009362132     
   136.79999999999998        9.2800000000000011       -5.3890853131134886     
   138.59999999999999        9.2800000000000011       -5.3755293353034075     
   140.40000000000001        9.2800000000000011       -5.3619208874547546     
   142.20000000000002        9.2800000000000011       -5.3483761693015932     
   144.00000000000000        9.2800000000000011       -5.3350077443869512     
   145.79999999999998        9.2800000000000011       -5.3219194362605755     
   147.59999999999999        9.2800000000000011       -5.3092110227790137     
   149.40000000000003        9.2800000000000011       -5.2969734385206326     
   151.20000000000002        9.2800000000000011       -5.2852839335345161     
   153.00000000000000        9.2800000000000011       -5.2742084763104113     
   154.79999999999998        9.2800000000000011       -5.2638014047187189     
   156.59999999999997        9.2800000000000011       -5.2541038354837388     
   158.39999999999998        9.2800000000000011       -5.2451463237383109     
   160.20000000000002        9.2800000000000011       -5.2369482525405457     
   162.00000000000000        9.2800000000000011       -5.2295160016490030     
   163.79999999999998        9.2800000000000011       -5.2228558205684203     
   165.59999999999999        9.2800000000000011       -5.2169567926853748     
   167.40000000000001        9.2800000000000011       -5.2118078691654075     
   169.19999999999999        9.2800000000000011       -5.2073958809647500     
   171.00000000000000        9.2800000000000011       -5.2037011331137499     
   172.80000000000001        9.2800000000000011       -5.2007092511487407     
   174.59999999999999        9.2800000000000011       -5.1984001496643497     
   176.40000000000001        9.2800000000000011       -5.1967636353310391     
   178.20000000000002        9.2800000000000011       -5.1964531322145344     
   180.00000000000000        9.2800000000000011       -5.1954604595798113     
   0.0000000000000000        9.3599999999999994       -8.7159702371560552     
   1.8000000000000003        9.3599999999999994       -8.7098630937561001     
   3.6000000000000005        9.3599999999999994       -8.6915454396884027     
   5.4000000000000004        9.3599999999999994       -8.6612841133194092     
   7.2000000000000011        9.3599999999999994       -8.6193451484843635     
   9.0000000000000000        9.3599999999999994       -8.5662570380900380     
   10.800000000000001        9.3599999999999994       -8.5025215054280796     
   12.600000000000001        9.3599999999999994       -8.4289036084827273     
   14.400000000000002        9.3599999999999994       -8.3460957978358294     
   16.200000000000003        9.3599999999999994       -8.2550603365804687     
   18.000000000000000        9.3599999999999994       -8.1566963057638890     
   19.799999999999997        9.3599999999999994       -8.0518797080425522     
   21.600000000000001        9.3599999999999994       -7.9418416527559685     
   23.400000000000002        9.3599999999999994       -7.8274537507610011     
   25.200000000000003        9.3599999999999994       -7.7097632692403328     
   27.000000000000000        9.3599999999999994       -7.5899363719214037     
   28.800000000000004        9.3599999999999994       -7.4687926042841744     
   30.600000000000005        9.3599999999999994       -7.3473672063189204     
   32.400000000000006        9.3599999999999994       -7.2265807729427589     
   34.199999999999996        9.3599999999999994       -7.1072273264337129     
   36.000000000000000        9.3599999999999994       -6.9900303694390660     
   37.800000000000004        9.3599999999999994       -6.8756674000566695     
   39.599999999999994        9.3599999999999994       -6.7647426755434958     
   41.399999999999999        9.3599999999999994       -6.6577674588563172     
   43.200000000000003        9.3599999999999994       -6.5550979976939336     
   45.000000000000000        9.3599999999999994       -6.4571471755165311     
   46.800000000000004        9.3599999999999994       -6.3640499520667477     
   48.599999999999994        9.3599999999999994       -6.2760544468155315     
   50.400000000000006        9.3599999999999994       -6.1931977642879925     
   52.200000000000003        9.3599999999999994       -6.1154996842260747     
   54.000000000000000        9.3599999999999994       -6.0429757822466561     
   55.799999999999997        9.3599999999999994       -5.9754751809850717     
   57.600000000000009        9.3599999999999994       -5.9128804984681729     
   59.400000000000013        9.3599999999999994       -5.8550052461072992     
   61.200000000000010        9.3599999999999994       -5.8016298217125222     
   63.000000000000000        9.3599999999999994       -5.7525201098501739     
   64.800000000000011        9.3599999999999994       -5.7074197548908838     
   66.600000000000009        9.3599999999999994       -5.6660576679388299     
   68.399999999999991        9.3599999999999994       -5.6281558739779420     
   70.200000000000003        9.3599999999999994       -5.5934463848438725     
   72.000000000000000        9.3599999999999994       -5.5616734449933709     
   73.799999999999997        9.3599999999999994       -5.5325639144489758     
   75.600000000000009        9.3599999999999994       -5.5059000643624980     
   77.399999999999991        9.3599999999999994       -5.4814555021984788     
   79.199999999999989        9.3599999999999994       -5.4590312509032799     
   81.000000000000000        9.3599999999999994       -5.4384482756663575     
   82.799999999999997        9.3599999999999994       -5.4195574402164617     
   84.599999999999994        9.3599999999999994       -5.4022162778792850     
   86.400000000000006        9.3599999999999994       -5.3863079913807788     
   88.200000000000003        9.3599999999999994       -5.3717315770777372     
   90.000000000000000        9.3599999999999994       -5.3583867966890066     
   91.799999999999997        9.3599999999999994       -5.3461882636527056     
   93.600000000000009        9.3599999999999994       -5.3350533199912906     
   95.400000000000006        9.3599999999999994       -5.3248921328792127     
   97.199999999999989        9.3599999999999994       -5.3156155662952811     
   99.000000000000014        9.3599999999999994       -5.3071285660680134     
   100.80000000000001        9.3599999999999994       -5.2993223872831150     
   102.59999999999999        9.3599999999999994       -5.2920854147570395     
   104.40000000000001        9.3599999999999994       -5.2852932969599848     
   106.19999999999999        9.3599999999999994       -5.2788166741885485     
   108.00000000000000        9.3599999999999994       -5.2725215632229654     
   109.80000000000000        9.3599999999999994       -5.2662723260627207     
   111.59999999999999        9.3599999999999994       -5.2599360046475736     
   113.40000000000001        9.3599999999999994       -5.2533860321516768     
   115.20000000000002        9.3599999999999994       -5.2465037725253207     
   117.00000000000000        9.3599999999999994       -5.2391876302279750     
   118.80000000000003        9.3599999999999994       -5.2313518020827585     
   120.60000000000001        9.3599999999999994       -5.2229307392321198     
   122.40000000000002        9.3599999999999994       -5.2138762963829945     
   124.20000000000000        9.3599999999999994       -5.2041702461066128     
   126.00000000000000        9.3599999999999994       -5.1938133827884139     
   127.80000000000001        9.3599999999999994       -5.1828267555231511     
   129.60000000000002        9.3599999999999994       -5.1712585778058147     
   131.40000000000001        9.3599999999999994       -5.1591672859144531     
   133.20000000000002        9.3599999999999994       -5.1466309690387471     
   135.00000000000000        9.3599999999999994       -5.1337475784457531     
   136.79999999999998        9.3599999999999994       -5.1206097709051948     
   138.59999999999999        9.3599999999999994       -5.1073327874997894     
   140.40000000000001        9.3599999999999994       -5.0940237247699223     
   142.20000000000002        9.3599999999999994       -5.0807945019346015     
   144.00000000000000        9.3599999999999994       -5.0677530712635104     
   145.79999999999998        9.3599999999999994       -5.0549987205143712     
   147.59999999999999        9.3599999999999994       -5.0426264645343295     
   149.40000000000003        9.3599999999999994       -5.0307225326066076     
   151.20000000000002        9.3599999999999994       -5.0193599988849993     
   153.00000000000000        9.3599999999999994       -5.0086009854416442     
   154.79999999999998        9.3599999999999994       -4.9984966169268574     
   156.59999999999997        9.3599999999999994       -4.9890850603578931     
   158.39999999999998        9.3599999999999994       -4.9803946898520683     
   160.20000000000002        9.3599999999999994       -4.9724431668314342     
   162.00000000000000        9.3599999999999994       -4.9652357378224190     
   163.79999999999998        9.3599999999999994       -4.9587778301170538     
   165.59999999999999        9.3599999999999994       -4.9530583219915210     
   167.40000000000001        9.3599999999999994       -4.9480661930357241     
   169.19999999999999        9.3599999999999994       -4.9437884962750518     
   171.00000000000000        9.3599999999999994       -4.9402060760089155     
   172.80000000000001        9.3599999999999994       -4.9373049953365538     
   174.59999999999999        9.3599999999999994       -4.9350658588421066     
   176.40000000000001        9.3599999999999994       -4.9334788385372237     
   178.20000000000002        9.3599999999999994       -4.9331485540886471     
   180.00000000000000        9.3599999999999994       -4.9322150266866780     
   0.0000000000000000        9.4400000000000013       -8.2428259667534949     
   1.8000000000000003        9.4400000000000013       -8.2371274133962693     
   3.6000000000000005        9.4400000000000013       -8.2200353003553541     
   5.4000000000000004        9.4400000000000013       -8.1917960218483898     
   7.2000000000000011        9.4400000000000013       -8.1526554740092720     
   9.0000000000000000        9.4400000000000013       -8.1031022024984303     
   10.800000000000001        9.4400000000000013       -8.0436005750599158     
   12.600000000000001        9.4400000000000013       -7.9748590241708666     
   14.400000000000002        9.4400000000000013       -7.8975197426112729     
   16.200000000000003        9.4400000000000013       -7.8124756654854375     
   18.000000000000000        9.4400000000000013       -7.7205624958097907     
   19.799999999999997        9.4400000000000013       -7.6225955832512682     
   21.600000000000001        9.4400000000000013       -7.5197211115772395     
   23.400000000000002        9.4400000000000013       -7.4127528096637976     
   25.200000000000003        9.4400000000000013       -7.3026685378402902     
   27.000000000000000        9.4400000000000013       -7.1905579953537027     
   28.800000000000004        9.4400000000000013       -7.0771890994423456     
   30.600000000000005        9.4400000000000013       -6.9635312601595452     
   32.400000000000006        9.4400000000000013       -6.8504476970671186     
   34.199999999999996        9.4400000000000013       -6.7386838871094392     
   36.000000000000000        9.4400000000000013       -6.6289195786808737     
   37.800000000000004        9.4400000000000013       -6.5217915351117188     
   39.599999999999994        9.4400000000000013       -6.4178679667820457     
   41.399999999999999        9.4400000000000013       -6.3176299162305911     
   43.200000000000003        9.4400000000000013       -6.2214130886904648     
   45.000000000000000        9.4400000000000013       -6.1296057640316279     
   46.800000000000004        9.4400000000000013       -6.0423357345594848     
   48.599999999999994        9.4400000000000013       -5.9598362245830092     
   50.400000000000006        9.4400000000000013       -5.8821425465392254     
   52.200000000000003        9.4400000000000013       -5.8092734122119030     
   54.000000000000000        9.4400000000000013       -5.7412432849448090     
   55.799999999999997        9.4400000000000013       -5.6779106169513831     
   57.600000000000009        9.4400000000000013       -5.6191650931160355     
   59.400000000000013        9.4400000000000013       -5.5648317222713803     
   61.200000000000010        9.4400000000000013       -5.5147046439099014     
   63.000000000000000        9.4400000000000013       -5.4685646437401410     
   64.800000000000011        9.4400000000000013       -5.4261720272020790     
   66.600000000000009        9.4400000000000013       -5.3872737249623306     
   68.399999999999991        9.4400000000000013       -5.3516106828016428     
   70.200000000000003        9.4400000000000013       -5.3189336644509222     
   72.000000000000000        9.4400000000000013       -5.2890053448173662     
   73.799999999999997        9.4400000000000013       -5.2615724653877649     
   75.600000000000009        9.4400000000000013       -5.2364339555114015     
   77.399999999999991        9.4400000000000013       -5.2133806997217826     
   79.199999999999989        9.4400000000000013       -5.1922291720197409     
   81.000000000000000        9.4400000000000013       -5.1728142106291113     
   82.799999999999997        9.4400000000000013       -5.1549982210372729     
   84.599999999999994        9.4400000000000013       -5.1386490357989185     
   86.400000000000006        9.4400000000000013       -5.1236577070307519     
   88.200000000000003        9.4400000000000013       -5.1099290718263504     
   90.000000000000000        9.4400000000000013       -5.0973674548464247     
   91.799999999999997        9.4400000000000013       -5.0858900525655013     
   93.600000000000009        9.4400000000000013       -5.0754155164844503     
   95.400000000000006        9.4400000000000013       -5.0658547933100655     
   97.199999999999989        9.4400000000000013       -5.0571187541472788     
   99.000000000000014        9.4400000000000013       -5.0491121529098884     
   100.80000000000001        9.4400000000000013       -5.0417267908611798     
   102.59999999999999        9.4400000000000013       -5.0348516935330609     
   104.40000000000001        9.4400000000000013       -5.0283644873826772     
   106.19999999999999        9.4400000000000013       -5.0221387048462995     
   108.00000000000000        9.4400000000000013       -5.0160445499585471     
   109.80000000000000        9.4400000000000013       -5.0099513944201428     
   111.59999999999999        9.4400000000000013       -5.0037329535379644     
   113.40000000000001        9.4400000000000013       -4.9972698606334518     
   115.20000000000002        9.4400000000000013       -4.9904513327275311     
   117.00000000000000        9.4400000000000013       -4.9831841514268467     
   118.80000000000003        9.4400000000000013       -4.9753908126518924     
   120.60000000000001        9.4400000000000013       -4.9670137707445816     
   122.40000000000002        9.4400000000000013       -4.9580123568524330     
   124.20000000000000        9.4400000000000013       -4.9483748573518866     
   126.00000000000000        9.4400000000000013       -4.9381075279895716     
   127.80000000000001        9.4400000000000013       -4.9272357227734007     
   129.60000000000002        9.4400000000000013       -4.9158104128578781     
   131.40000000000001        9.4400000000000013       -4.9038917512280751     
   133.20000000000002        9.4400000000000013       -4.8915581235025298     
   135.00000000000000        9.4400000000000013       -4.8789062007990927     
   136.79999999999998        9.4400000000000013       -4.8660270258551854     
   138.59999999999999        9.4400000000000013       -4.8530324571809391     
   140.40000000000001        9.4400000000000013       -4.8400260788462344     
   142.20000000000002        9.4400000000000013       -4.8271154793897004     
   144.00000000000000        9.4400000000000013       -4.8144039833661667     
   145.79999999999998        9.4400000000000013       -4.8019863520038220     
   147.59999999999999        9.4400000000000013       -4.7899528664359670     
   149.40000000000003        9.4400000000000013       -4.7783850910398629     
   151.20000000000002        9.4400000000000013       -4.7673519683978656     
   153.00000000000000        9.4400000000000013       -4.7569118155918728     
   154.79999999999998        9.4400000000000013       -4.7471125843201278     
   156.59999999999997        9.4400000000000013       -4.7379895107050984     
   158.39999999999998        9.4400000000000013       -4.7295688027649740     
   160.20000000000002        9.4400000000000013       -4.7218663974159538     
   162.00000000000000        9.4400000000000013       -4.7148863814561803     
   163.79999999999998        9.4400000000000013       -4.7086333434963255     
   165.59999999999999        9.4400000000000013       -4.7030958995490861     
   167.40000000000001        9.4400000000000013       -4.6982630061630717     
   169.19999999999999        9.4400000000000013       -4.6941218851922910     
   171.00000000000000        9.4400000000000013       -4.6906538525899348     
   172.80000000000001        9.4400000000000013       -4.6878453583735755     
   174.59999999999999        9.4400000000000013       -4.6856776334794139     
   176.40000000000001        9.4400000000000013       -4.6841411803689699     
   178.20000000000002        9.4400000000000013       -4.6837959103478726     
   180.00000000000000        9.4400000000000013       -4.6829176104004748     
   0.0000000000000000        9.5199999999999996       -7.7971465106403617     
   1.8000000000000003        9.5199999999999996       -7.7918255485341552     
   3.6000000000000005        9.5199999999999996       -7.7758659951718085     
   5.4000000000000004        9.5199999999999996       -7.7494956111446314     
   7.2000000000000011        9.5199999999999996       -7.7129419194057798     
   9.0000000000000000        9.5199999999999996       -7.6666570186279417     
   10.800000000000001        9.5199999999999996       -7.6110711526001991     
   12.600000000000001        9.5199999999999996       -7.5468410067519960     
   14.400000000000002        9.5199999999999996       -7.4745627719445045     
   16.200000000000003        9.5199999999999996       -7.3950658914695184     
   18.000000000000000        9.5199999999999996       -7.3091279175321793     
   19.799999999999997        9.5199999999999996       -7.2175084603428035     
   21.600000000000001        9.5199999999999996       -7.1212756351865671     
   23.400000000000002        9.5199999999999996       -7.0211897692103431     
   25.200000000000003        9.5199999999999996       -6.9181646722775012     
   27.000000000000000        9.5199999999999996       -6.8132194011154281     
   28.800000000000004        9.5199999999999996       -6.7070739677951927     
   30.600000000000005        9.5199999999999996       -6.6006367512941155     
   32.400000000000006        9.5199999999999996       -6.4947176462063654     
   34.199999999999996        9.5199999999999996       -6.3900168929029526     
   36.000000000000000        9.5199999999999996       -6.2871733932788132     
   37.800000000000004        9.5199999999999996       -6.1867858317337303     
   39.599999999999994        9.5199999999999996       -6.0893886592511564     
   41.399999999999999        9.5199999999999996       -5.9954345463916674     
   43.200000000000003        9.5199999999999996       -5.9052397990647281     
   45.000000000000000        9.5199999999999996       -5.8191695556200136     
   46.800000000000004        9.5199999999999996       -5.7373446531469732     
   48.599999999999994        9.5199999999999996       -5.6599842294687752     
   50.400000000000006        9.5199999999999996       -5.5871216980510434     
   52.200000000000003        9.5199999999999996       -5.5187745812655082     
   54.000000000000000        9.5199999999999996       -5.4549561432496727     
   55.799999999999997        9.5199999999999996       -5.3955333642079113     
   57.600000000000009        9.5199999999999996       -5.3404023813580581     
   59.400000000000013        9.5199999999999996       -5.2893987904639008     
   61.200000000000010        9.5199999999999996       -5.2423294146498316     
   63.000000000000000        9.5199999999999996       -5.1989888033306046     
   64.800000000000011        9.5199999999999996       -5.1591526547015967     
   66.600000000000009        9.5199999999999996       -5.1225845391601812     
   68.399999999999991        9.5199999999999996       -5.0890428557412584     
   70.200000000000003        9.5199999999999996       -5.0582956317398997     
   72.000000000000000        9.5199999999999996       -5.0301224660563015     
   73.799999999999997        9.5199999999999996       -5.0042883358335066     
   75.600000000000009        9.5199999999999996       -4.9806073555796555     
   77.399999999999991        9.5199999999999996       -4.9588861332764260     
   79.199999999999989        9.5199999999999996       -4.9389551292838991     
   81.000000000000000        9.5199999999999996       -4.9206616738710345     
   82.799999999999997        9.5199999999999996       -4.9038784680597054     
   84.599999999999994        9.5199999999999996       -4.8884824983874475     
   86.400000000000006        9.5199999999999996       -4.8743716976006937     
   88.200000000000003        9.5199999999999996       -4.8614559419902861     
   90.000000000000000        9.5199999999999996       -4.8496434884278559     
   91.799999999999997        9.5199999999999996       -4.8388536776915112     
   93.600000000000009        9.5199999999999996       -4.8290062080227489     
   95.400000000000006        9.5199999999999996       -4.8200127097729393     
   97.199999999999989        9.5199999999999996       -4.8117841141609006     
   99.000000000000014        9.5199999999999996       -4.8042251608603550     
   100.80000000000001        9.5199999999999996       -4.7972284672496590     
   102.59999999999999        9.5199999999999996       -4.7906840363921459     
   104.40000000000001        9.5199999999999996       -4.7844718343642283     
   106.19999999999999        9.5199999999999996       -4.7784686466833390     
   108.00000000000000        9.5199999999999996       -4.7725491899828869     
   109.80000000000000        9.5199999999999996       -4.7665881331559037     
   111.59999999999999        9.5199999999999996       -4.7604660512151629     
   113.40000000000001        9.5199999999999996       -4.7540708955167359     
   115.20000000000002        9.5199999999999996       -4.7472997714935561     
   117.00000000000000        9.5199999999999996       -4.7400677675022598     
   118.80000000000003        9.5199999999999996       -4.7323055377530112     
   120.60000000000001        9.5199999999999996       -4.7239633303627606     
   122.40000000000002        9.5199999999999996       -4.7150077002876172     
   124.20000000000000        9.5199999999999996       -4.7054331450636520     
   126.00000000000000        9.5199999999999996       -4.6952510728036412     
   127.80000000000001        9.5199999999999996       -4.6844908353785062     
   129.60000000000002        9.5199999999999996       -4.6732058650853618     
   131.40000000000001        9.5199999999999996       -4.6614577700992355     
   133.20000000000002        9.5199999999999996       -4.6493250045655978     
   135.00000000000000        9.5199999999999996       -4.6369027766063047     
   136.79999999999998        9.5199999999999996       -4.6242803773513561     
   138.59999999999999        9.5199999999999996       -4.6115661943472963     
   140.40000000000001        9.5199999999999996       -4.5988602508405005     
   142.20000000000002        9.5199999999999996       -4.5862657966620786     
   144.00000000000000        9.5199999999999996       -4.5738815523015859     
   145.79999999999998        9.5199999999999996       -4.5617977972276433     
   147.59999999999999        9.5199999999999996       -4.5501001438173612     
   149.40000000000003        9.5199999999999996       -4.5388655673198919     
   151.20000000000002        9.5199999999999996       -4.5281589540648897     
   153.00000000000000        9.5199999999999996       -4.5180348883615551     
   154.79999999999998        9.5199999999999996       -4.5085382142685333     
   156.59999999999997        9.5199999999999996       -4.4997012874869657     
   158.39999999999998        9.5199999999999996       -4.4915481886600999     
   160.20000000000002        9.5199999999999996       -4.4840931525010150     
   162.00000000000000        9.5199999999999996       -4.4773391062086079     
   163.79999999999998        9.5199999999999996       -4.4712898016971803     
   165.59999999999999        9.5199999999999996       -4.4659335612299511     
   167.40000000000001        9.5199999999999996       -4.4612592868056185     
   169.19999999999999        9.5199999999999996       -4.4572543336153583     
   171.00000000000000        9.5199999999999996       -4.4539004402692219     
   172.80000000000001        9.5199999999999996       -4.4511844064239021     
   174.59999999999999        9.5199999999999996       -4.4490880403644795     
   176.40000000000001        9.5199999999999996       -4.4476021482702759     
   178.20000000000002        9.5199999999999996       -4.4472455215111237     
   180.00000000000000        9.5199999999999996       -4.4464188305815942     
   0.0000000000000000        9.5999999999999996       -7.3801685390286984     
   1.8000000000000003        9.5999999999999996       -7.3751929745425464     
   3.6000000000000005        9.5999999999999996       -7.3602694154936517     
   5.4000000000000004        9.5999999999999996       -7.3356088777863944     
   7.2000000000000011        9.5999999999999996       -7.3014223515816443     
   9.0000000000000000        9.5999999999999996       -7.2581291392896636     
   10.800000000000001        9.5999999999999996       -7.2061287300147185     
   12.600000000000001        9.5999999999999996       -7.1460311478334173     
   14.400000000000002        9.5999999999999996       -7.0783910161975863     
   16.200000000000003        9.5999999999999996       -7.0039803667766858     
   18.000000000000000        9.5999999999999996       -6.9235240437063110     
   19.799999999999997        9.5999999999999996       -6.8377310314524369     
   21.600000000000001        9.5999999999999996       -6.7475985129497928     
   23.400000000000002        9.5999999999999996       -6.6538380710614469     
   25.200000000000003        9.5999999999999996       -6.5573050333964025     
   27.000000000000000        9.5999999999999996       -6.4589538647129956     
   28.800000000000004        9.5999999999999996       -6.3594605360292613     
   30.600000000000005        9.5999999999999996       -6.2596773778474244     
   32.400000000000006        9.5999999999999996       -6.1603651622813773     
   34.199999999999996        9.5999999999999996       -6.0621823233999663     
   36.000000000000000        9.5999999999999996       -5.9657299293642101     
   37.800000000000004        9.5999999999999996       -5.8715713360193549     
   39.599999999999994        9.5999999999999996       -5.7802096018607747     
   41.399999999999999        9.5999999999999996       -5.6920709354342511     
   43.200000000000003        9.5999999999999996       -5.6074534197605610     
   45.000000000000000        9.5999999999999996       -5.5267005583561186     
   46.800000000000004        9.5999999999999996       -5.4499264404069478     
   48.599999999999994        9.5999999999999996       -5.3773369422732396     
   50.400000000000006        9.5999999999999996       -5.3089634509847459     
   52.200000000000003        9.5999999999999996       -5.2448221547476841     
   54.000000000000000        9.5999999999999996       -5.1849250065394674     
   55.799999999999997        9.5999999999999996       -5.1291466589040162     
   57.600000000000009        9.5999999999999996       -5.0773890365755072     
   59.400000000000013        9.5999999999999996       -5.0294973478667968     
   61.200000000000010        9.5999999999999996       -4.9852899697522215     
   63.000000000000000        9.5999999999999996       -4.9445740010005359     
   64.800000000000011        9.5999999999999996       -4.9071391811461433     
   66.600000000000009        9.5999999999999996       -4.8727642529307635     
   68.399999999999991        9.5999999999999996       -4.8412235111873310     
   70.200000000000003        9.5999999999999996       -4.8123006691534176     
   72.000000000000000        9.5999999999999996       -4.7857906557588876     
   73.799999999999997        9.5999999999999996       -4.7614749530476743     
   75.600000000000009        9.5999999999999996       -4.7391813109352610     
   77.399999999999991        9.5999999999999996       -4.7187304379792607     
   79.199999999999989        9.5999999999999996       -4.6999652580785130     
   81.000000000000000        9.5999999999999996       -4.6827441671005534     
   82.799999999999997        9.5999999999999996       -4.6669488828849408     
   84.599999999999994        9.5999999999999996       -4.6524643837533581     
   86.400000000000006        9.5999999999999996       -4.6391945111218913     
   88.200000000000003        9.5999999999999996       -4.6270533892787773     
   90.000000000000000        9.5999999999999996       -4.6159526005627001     
   91.799999999999997        9.5999999999999996       -4.6058132245457415     
   93.600000000000009        9.5999999999999996       -4.5965557844478688     
   95.400000000000006        9.5999999999999996       -4.5880925441622118     
   97.199999999999989        9.5999999999999996       -4.5803345944090506     
   99.000000000000014        9.5999999999999996       -4.5731868826442028     
   100.80000000000001        9.5999999999999996       -4.5665431505888607     
   102.59999999999999        9.5999999999999996       -4.5602947463365222     
   104.40000000000001        9.5999999999999996       -4.5543243567392881     
   106.19999999999999        9.5999999999999996       -4.5485123893853476     
   108.00000000000000        9.5999999999999996       -4.5427383943825470     
   109.80000000000000        9.5999999999999996       -4.5368826098016957     
   111.59999999999999        9.5999999999999996       -4.5308326290014023     
   113.40000000000001        9.5999999999999996       -4.5244838035813038     
   115.20000000000002        9.5999999999999996       -4.5177411200680622     
   117.00000000000000        9.5999999999999996       -4.5105278565441802     
   118.80000000000003        9.5999999999999996       -4.5027826369628592     
   120.60000000000001        9.5999999999999996       -4.4944632476472908     
   122.40000000000002        9.5999999999999996       -4.4855431713082332     
   124.20000000000000        9.5999999999999996       -4.4760227785016466     
   126.00000000000000        9.5999999999999996       -4.4659182919315992     
   127.80000000000001        9.5999999999999996       -4.4552627334203274     
   129.60000000000002        9.5999999999999996       -4.4441116908248244     
   131.40000000000001        9.5999999999999996       -4.4325279629761409     
   133.20000000000002        9.5999999999999996       -4.4205898519474003     
   135.00000000000000        9.5999999999999996       -4.4083909392578082     
   136.79999999999998        9.5999999999999996       -4.3960186458085682     
   138.59999999999999        9.5999999999999996       -4.3835778336074442     
   140.40000000000001        9.5999999999999996       -4.3711649493478468     
   142.20000000000002        9.5999999999999996       -4.3588789353522630     
   144.00000000000000        9.5999999999999996       -4.3468139730353927     
   145.79999999999998        9.5999999999999996       -4.3350559445383796     
   147.59999999999999        9.5999999999999996       -4.3236859007823929     
   149.40000000000003        9.5999999999999996       -4.3127763470378930     
   151.20000000000002        9.5999999999999996       -4.3023882277549959     
   153.00000000000000        9.5999999999999996       -4.2925725050406989     
   154.79999999999998        9.5999999999999996       -4.2833710126055378     
   156.59999999999997        9.5999999999999996       -4.2748133123630758     
   158.39999999999998        9.5999999999999996       -4.2669214235233159     
   160.20000000000002        9.5999999999999996       -4.2597079272092557     
   162.00000000000000        9.5999999999999996       -4.2531746158896917     
   163.79999999999998        9.5999999999999996       -4.2473244241125032     
   165.59999999999999        9.5999999999999996       -4.2421453686021033     
   167.40000000000001        9.5999999999999996       -4.2376262796697226     
   169.19999999999999        9.5999999999999996       -4.2337546221535858     
   171.00000000000000        9.5999999999999996       -4.2305125191833941     
   172.80000000000001        9.5999999999999996       -4.2278870902830770     
   174.59999999999999        9.5999999999999996       -4.2258606792576625     
   176.40000000000001        9.5999999999999996       -4.2244243733342639     
   178.20000000000002        9.5999999999999996       -4.2240594084241172     
   180.00000000000000        9.5999999999999996       -4.2232805415853214     
   0.0000000000000000        9.6799999999999997       -6.9865148738020943     
   1.8000000000000003        9.6799999999999997       -6.9818587736240030     
   3.6000000000000005        9.6799999999999997       -6.9678934214394754     
   5.4000000000000004        9.6799999999999997       -6.9448146124459047     
   7.2000000000000011        9.6799999999999997       -6.9128182886454743     
   9.0000000000000000        9.6799999999999997       -6.8722939011565680     
   10.800000000000001        9.6799999999999997       -6.8236129019121918     
   12.600000000000001        9.6799999999999997       -6.7673427553100298     
   14.400000000000002        9.6799999999999997       -6.7040000931865560     
   16.200000000000003        9.6799999999999997       -6.6343044380889404     
   18.000000000000000        9.6799999999999997       -6.5589323137234254     
   19.799999999999997        9.6799999999999997       -6.4785462005809569     
   21.600000000000001        9.6799999999999997       -6.3940781011691366     
   23.400000000000002        9.6799999999999997       -6.3061946069300205     
   25.200000000000003        9.6799999999999997       -6.2156970501865176     
   27.000000000000000        9.6799999999999997       -6.1234801793165454     
   28.800000000000004        9.6799999999999997       -6.0301790373378203     
   30.600000000000005        9.6799999999999997       -5.9365939211270078     
   32.400000000000006        9.6799999999999997       -5.8434398665520044     
   34.199999999999996        9.6799999999999997       -5.7513362654554019     
   36.000000000000000        9.6799999999999997       -5.6608487800795810     
   37.800000000000004        9.6799999999999997       -5.5725076542126688     
   39.599999999999994        9.6799999999999997       -5.4867864612989816     
   41.399999999999999        9.6799999999999997       -5.4040864868040126     
   43.200000000000003        9.6799999999999997       -5.3246885380774067     
   45.000000000000000        9.6799999999999997       -5.2489156964712365     
   46.800000000000004        9.6799999999999997       -5.1768754675132653     
   48.599999999999994        9.6799999999999997       -5.1087611267994149     
   50.400000000000006        9.6799999999999997       -5.0446019262217767     
   52.200000000000003        9.6799999999999997       -4.9844125952136293     
   54.000000000000000        9.6799999999999997       -4.9282036749518463     
   55.799999999999997        9.6799999999999997       -4.8758567882871988     
   57.600000000000009        9.6799999999999997       -4.8272790965366319     
   59.400000000000013        9.6799999999999997       -4.7823246179354335     
   61.200000000000010        9.6799999999999997       -4.7408223534053002     
   63.000000000000000        9.6799999999999997       -4.7025909511283306     
   64.800000000000011        9.6799999999999997       -4.6674330803799160     
   66.600000000000009        9.6799999999999997       -4.6351414507657944     
   68.399999999999991        9.6799999999999997       -4.6055049753497554     
   70.200000000000003        9.6799999999999997       -4.5783217604721145     
   72.000000000000000        9.6799999999999997       -4.5534007609109342     
   73.799999999999997        9.6799999999999997       -4.5305385545569203     
   75.600000000000009        9.6799999999999997       -4.5095752652936136     
   77.399999999999991        9.6799999999999997       -4.4903443892752541     
   79.199999999999989        9.6799999999999997       -4.4727000873874552     
   81.000000000000000        9.6799999999999997       -4.4565106791431370     
   82.799999999999997        9.6799999999999997       -4.4416658822744184     
   84.599999999999994        9.6799999999999997       -4.4280577520476321     
   86.400000000000006        9.6799999999999997       -4.4155952822806315     
   88.200000000000003        9.6799999999999997       -4.4041962398289929     
   90.000000000000000        9.6799999999999997       -4.3937750802722322     
   91.799999999999997        9.6799999999999997       -4.3842543332729651     
   93.600000000000009        9.6799999999999997       -4.3755552067557204     
   95.400000000000006        9.6799999999999997       -4.3675905941987780     
   97.199999999999989        9.6799999999999997       -4.3602718582835989     
   99.000000000000014        9.6799999999999997       -4.3535043600044467     
   100.80000000000001        9.6799999999999997       -4.3471832325528155     
   102.59999999999999        9.6799999999999997       -4.3412014763580586     
   104.40000000000001        9.6799999999999997       -4.3354448074825553     
   106.19999999999999        9.6799999999999997       -4.3297975454536957     
   108.00000000000000        9.6799999999999997       -4.3241443162196269     
   109.80000000000000        9.6799999999999997       -4.3183711229626356     
   111.59999999999999        9.6799999999999997       -4.3123726750860563     
   113.40000000000001        9.6799999999999997       -4.3060517568309518     
   115.20000000000002        9.6799999999999997       -4.2993211932967990     
   117.00000000000000        9.6799999999999997       -4.2921123212759360     
   118.80000000000003        9.6799999999999997       -4.2843715472683463     
   120.60000000000001        9.6799999999999997       -4.2760639579171862     
   122.40000000000002        9.6799999999999997       -4.2671696967591330     
   124.20000000000000        9.6799999999999997       -4.2576947139243240     
   126.00000000000000        9.6799999999999997       -4.2476597591020715     
   127.80000000000001        9.6799999999999997       -4.2371012505296148     
   129.60000000000002        9.6799999999999997       -4.2260766847120719     
   131.40000000000001        9.6799999999999997       -4.2146498411709388     
   133.20000000000002        9.6799999999999997       -4.2028987022276825     
   135.00000000000000        9.6799999999999997       -4.1909151087494232     
   136.79999999999998        9.6799999999999997       -4.1787845324786463     
   138.59999999999999        9.6799999999999997       -4.1666082921398973     
   140.40000000000001        9.6799999999999997       -4.1544792696753383     
   142.20000000000002        9.6799999999999997       -4.1424921532937748     
   144.00000000000000        9.6799999999999997       -4.1307366666977714     
   145.79999999999998        9.6799999999999997       -4.1192943900029944     
   147.59999999999999        9.6799999999999997       -4.1082419277809263     
   149.40000000000003        9.6799999999999997       -4.0976474403717962     
   151.20000000000002        9.6799999999999997       -4.0875680484231438     
   153.00000000000000        9.6799999999999997       -4.0780512063427938     
   154.79999999999998        9.6799999999999997       -4.0691358369083339     
   156.59999999999997        9.6799999999999997       -4.0608488022423570     
   158.39999999999998        9.6799999999999997       -4.0532101313898874     
   160.20000000000002        9.6799999999999997       -4.0462308088605683     
   162.00000000000000        9.6799999999999997       -4.0399115295684629     
   163.79999999999998        9.6799999999999997       -4.0342544382083396     
   165.59999999999999        9.6799999999999997       -4.0292472507122667     
   167.40000000000001        9.6799999999999997       -4.0248787224359939     
   169.19999999999999        9.6799999999999997       -4.0211364176156481     
   171.00000000000000        9.6799999999999997       -4.0180028216360490     
   172.80000000000001        9.6799999999999997       -4.0154653558070432     
   174.59999999999999        9.6799999999999997       -4.0135068716730924     
   176.40000000000001        9.6799999999999997       -4.0121187225648125     
   178.20000000000002        9.6799999999999997       -4.0117473578598668     
   180.00000000000000        9.6799999999999997       -4.0110132426318872     
   0.0000000000000000        9.7599999999999998       -6.6184280438572136     
   1.8000000000000003        9.7599999999999998       -6.6140633341625943     
   3.6000000000000005        9.7599999999999998       -6.6009719809085183     
   5.4000000000000004        9.7599999999999998       -6.5793362058827594     
   7.2000000000000011        9.7599999999999998       -6.5493385077979260     
   9.0000000000000000        9.7599999999999998       -6.5113416698586102     
   10.800000000000001        9.7599999999999998       -6.4656920445145696     
   12.600000000000001        9.7599999999999998       -6.4129189704857144     
   14.400000000000002        9.7599999999999998       -6.3535049538885726     
   16.200000000000003        9.7599999999999998       -6.2881223085568783     
   18.000000000000000        9.7599999999999998       -6.2174039822721330     
   19.799999999999997        9.7599999999999998       -6.1419704093267198     
   21.600000000000001        9.7599999999999998       -6.0626946330068723     
   23.400000000000002        9.7599999999999998       -5.9802023143890510     
   25.200000000000003        9.7599999999999998       -5.8952456465154848     
   27.000000000000000        9.7599999999999998       -5.8086649393606766     
   28.800000000000004        9.7599999999999998       -5.7210576810723159     
   30.600000000000005        9.7599999999999998       -5.6331764850141104     
   32.400000000000006        9.7599999999999998       -5.5456943225184885     
   34.199999999999996        9.7599999999999998       -5.4591945429905495     
   36.000000000000000        9.7599999999999998       -5.3742100396095536     
   37.800000000000004        9.7599999999999998       -5.2912403530012160     
   39.599999999999994        9.7599999999999998       -5.2107316463280844     
   41.399999999999999        9.7599999999999998       -5.1330619577413481     
   43.200000000000003        9.7599999999999998       -5.0584958531314914     
   45.000000000000000        9.7599999999999998       -4.9873373127706548     
   46.800000000000004        9.7599999999999998       -4.9196874418509964     
   48.599999999999994        9.7599999999999998       -4.8557276348691270     
   50.400000000000006        9.7599999999999998       -4.7954848918502000     
   52.200000000000003        9.7599999999999998       -4.7389723468525320     
   54.000000000000000        9.7599999999999998       -4.6861990156503301     
   55.799999999999997        9.7599999999999998       -4.6370527227489617     
   57.600000000000009        9.7599999999999998       -4.5914452579865239     
   59.400000000000013        9.7599999999999998       -4.5492385655853367     
   61.200000000000010        9.7599999999999998       -4.5102712457991787     
   63.000000000000000        9.7599999999999998       -4.4743723932959512     
   64.800000000000011        9.7599999999999998       -4.4413563814636472     
   66.600000000000009        9.7599999999999998       -4.4110285586157421     
   68.399999999999991        9.7599999999999998       -4.3831910500622708     
   70.200000000000003        9.7599999999999998       -4.3576549337485693     
   72.000000000000000        9.7599999999999998       -4.3342417585678170     
   73.799999999999997        9.7599999999999998       -4.3127616582164938     
   75.600000000000009        9.7599999999999998       -4.2930657531489436     
   77.399999999999991        9.7599999999999998       -4.2749989014942260     
   79.199999999999989        9.7599999999999998       -4.2584251756804337     
   81.000000000000000        9.7599999999999998       -4.2432215926574761     
   82.799999999999997        9.7599999999999998       -4.2292847861783107     
   84.599999999999994        9.7599999999999998       -4.2165129236209564     
   86.400000000000006        9.7599999999999998       -4.2048193640969149     
   88.200000000000003        9.7599999999999998       -4.1941248988877264     
   90.000000000000000        9.7599999999999998       -4.1843464087357169     
   91.799999999999997        9.7599999999999998       -4.1754076039022179     
   93.600000000000009        9.7599999999999998       -4.1672302681740643     
   95.400000000000006        9.7599999999999998       -4.1597279600849362     
   97.199999999999989        9.7599999999999998       -4.1528124709913676     
   99.000000000000014        9.7599999999999998       -4.1463898264535199     
   100.80000000000001        9.7599999999999998       -4.1403568583711419     
   102.59999999999999        9.7599999999999998       -4.1346085617979025     
   104.40000000000001        9.7599999999999998       -4.1290340134032917     
   106.19999999999999        9.7599999999999998       -4.1235217458808613     
   108.00000000000000        9.7599999999999998       -4.1179617005314375     
   109.80000000000000        9.7599999999999998       -4.1122458271704376     
   111.59999999999999        9.7599999999999998       -4.1062760178161648     
   113.40000000000001        9.7599999999999998       -4.0999624814355045     
   115.20000000000002        9.7599999999999998       -4.0932257896613828     
   117.00000000000000        9.7599999999999998       -4.0860051498607293     
   118.80000000000003        9.7599999999999998       -4.0782545041030369     
   120.60000000000001        9.7599999999999998       -4.0699459414369770     
   122.40000000000002        9.7599999999999998       -4.0610659412906331     
   124.20000000000000        9.7599999999999998       -4.0516256881099180     
   126.00000000000000        9.7599999999999998       -4.0416501263152744     
   127.80000000000001        9.7599999999999998       -4.0311787607630771     
   129.60000000000002        9.7599999999999998       -4.0202707255150454     
   131.40000000000001        9.7599999999999998       -4.0089905544932583     
   133.20000000000002        9.7599999999999998       -3.9974157376909698     
   135.00000000000000        9.7599999999999998       -3.9856362695951413     
   136.79999999999998        9.7599999999999998       -3.9737356042909728     
   138.59999999999999        9.7599999999999998       -3.9618115256184434     
   140.40000000000001        9.7599999999999998       -3.9499533895336527     
   142.20000000000002        9.7599999999999998       -3.9382517181933068     
   144.00000000000000        9.7599999999999998       -3.9267918968474080     
   145.79999999999998        9.7599999999999998       -3.9156513361594363     
   147.59999999999999        9.7599999999999998       -3.9049023498594528     
   149.40000000000003        9.7599999999999998       -3.8946089199910561     
   151.20000000000002        9.7599999999999998       -3.8848244990746492     
   153.00000000000000        9.7599999999999998       -3.8755931849518044     
   154.79999999999998        9.7599999999999998       -3.8669511195398485     
   156.59999999999997        9.7599999999999998       -3.8589225924580939     
   158.39999999999998        9.7599999999999998       -3.8515257388067581     
   160.20000000000002        9.7599999999999998       -3.8447700266988813     
   162.00000000000000        9.7599999999999998       -3.8386551113431975     
   163.79999999999998        9.7599999999999998       -3.8331823895950614     
   165.59999999999999        9.7599999999999998       -3.8283392960299447     
   167.40000000000001        9.7599999999999998       -3.8241145179795888     
   169.19999999999999        9.7599999999999998       -3.8204957166656794     
   171.00000000000000        9.7599999999999998       -3.8174657238076195     
   172.80000000000001        9.7599999999999998       -3.8150122485919495     
   174.59999999999999        9.7599999999999998       -3.8131186258161280     
   176.40000000000001        9.7599999999999998       -3.8117764618614220     
   178.20000000000002        9.7599999999999998       -3.8114003254022899     
   180.00000000000000        9.7599999999999998       -3.8107076051191489     
   0.0000000000000000        9.8399999999999999       -6.2700528206587505     
   1.8000000000000003        9.8399999999999999       -6.2659581552285664     
   3.6000000000000005        9.8399999999999999       -6.2536767725855782     
   5.4000000000000004        9.8399999999999999       -6.2333785689558532     
   7.2000000000000011        9.8399999999999999       -6.2052338157163538     
   9.0000000000000000        9.8399999999999999       -6.1695810400079800     
   10.800000000000001        9.8399999999999999       -6.1267437210053428     
   12.600000000000001        9.8399999999999999       -6.0772164320457378     
   14.400000000000002        9.8399999999999999       -6.0214504842271142     
   16.200000000000003        9.8399999999999999       -5.9600750012815968     
   18.000000000000000        9.8399999999999999       -5.8936829537373701     
   19.799999999999997        9.8399999999999999       -5.8228561122683793     
   21.600000000000001        9.8399999999999999       -5.7484132820835283     
   23.400000000000002        9.8399999999999999       -5.6709422790712365     
   25.200000000000003        9.8399999999999999       -5.5911498466498228     
   27.000000000000000        9.8399999999999999       -5.5098258684690151     
   28.800000000000004        9.8399999999999999       -5.4275328463647519     
   30.600000000000005        9.8399999999999999       -5.3449790220286770     
   32.400000000000006        9.8399999999999999       -5.2627981010589844     
   34.199999999999996        9.8399999999999999       -5.1815396804003955     
   36.000000000000000        9.8399999999999999       -5.1017058995131324     
   37.800000000000004        9.8399999999999999       -5.0237674388453248     
   39.599999999999994        9.8399999999999999       -4.9481446408650083     
   41.399999999999999        9.8399999999999999       -4.8751935827609261     
   43.200000000000003        9.8399999999999999       -4.8051633867688661     
   45.000000000000000        9.8399999999999999       -4.7383399477569448     
   46.800000000000004        9.8399999999999999       -4.6748181187115723     
   48.599999999999994        9.8399999999999999       -4.6147679683217522     
   50.400000000000006        9.8399999999999999       -4.5582141610391202     
   52.200000000000003        9.8399999999999999       -4.5051681346473593     
   54.000000000000000        9.8399999999999999       -4.4556372939640170     
   55.799999999999997        9.8399999999999999       -4.4095150779388890     
   57.600000000000009        9.8399999999999999       -4.3667174377580684     
   59.400000000000013        9.8399999999999999       -4.3271135639000091     
   61.200000000000010        9.8399999999999999       -4.2905508669536054     
   63.000000000000000        9.8399999999999999       -4.2568680376296992     
   64.800000000000011        9.8399999999999999       -4.2258902082051346     
   66.600000000000009        9.8399999999999999       -4.1974343417103448     
   68.399999999999991        9.8399999999999999       -4.1713146925230209     
   70.200000000000003        9.8399999999999999       -4.1473542159118431     
   72.000000000000000        9.8399999999999999       -4.1253859542599889     
   73.799999999999997        9.8399999999999999       -4.1052324172898844     
   75.600000000000009        9.8399999999999999       -4.0867546683777229     
   77.399999999999991        9.8399999999999999       -4.0698078421550017     
   79.199999999999989        9.8399999999999999       -4.0542649179153587     
   81.000000000000000        9.8399999999999999       -4.0400106860196949     
   82.799999999999997        9.8399999999999999       -4.0269478854036089     
   84.599999999999994        9.8399999999999999       -4.0149800806897291     
   86.400000000000006        9.8399999999999999       -4.0040244207719775     
   88.200000000000003        9.8399999999999999       -3.9940042781052667     
   90.000000000000000        9.8399999999999999       -3.9848386469425292     
   91.799999999999997        9.8399999999999999       -3.9764522433053564     
   93.600000000000009        9.8399999999999999       -3.9687673737892761     
   95.400000000000006        9.8399999999999999       -3.9616983157210912     
   97.199999999999989        9.8399999999999999       -3.9551574315333227     
   99.000000000000014        9.8399999999999999       -3.9490516204843296     
   100.80000000000001        9.8399999999999999       -3.9432796572412365     
   102.59999999999999        9.8399999999999999       -3.9377387963498744     
   104.40000000000001        9.8399999999999999       -3.9323217226542413     
   106.19999999999999        9.8399999999999999       -3.9269213995237036     
   108.00000000000000        9.8399999999999999       -3.9214332467946451     
   109.80000000000000        9.8399999999999999       -3.9157552747713691     
   111.59999999999999        9.8399999999999999       -3.9097965781235740     
   113.40000000000001        9.8399999999999999       -3.9034747515750321     
   115.20000000000002        9.8399999999999999       -3.8967180083715705     
   117.00000000000000        9.8399999999999999       -3.8894732482213517     
   118.80000000000003        9.8399999999999999       -3.8817017274111483     
   120.60000000000001        9.8399999999999999       -3.8733822802220805     
   122.40000000000002        9.8399999999999999       -3.8645074475920920     
   124.20000000000000        9.8399999999999999       -3.8550933643633498     
   126.00000000000000        9.8399999999999999       -3.8451689005794716     
   127.80000000000001        9.8399999999999999       -3.8347764009234235     
   129.60000000000002        9.8399999999999999       -3.8239764266418756     
   131.40000000000001        9.8399999999999999       -3.8128340933474614     
   133.20000000000002        9.8399999999999999       -3.8014262724708168     
   135.00000000000000        9.8399999999999999       -3.7898410428989080     
   136.79999999999998        9.8399999999999999       -3.7781597998509238     
   138.59999999999999        9.8399999999999999       -3.7664768168967435     
   140.40000000000001        9.8399999999999999       -3.7548779707658437     
   142.20000000000002        9.8399999999999999       -3.7434497047770927     
   144.00000000000000        9.8399999999999999       -3.7322731773434517     
   145.79999999999998        9.8399999999999999       -3.7214217502601610     
   147.59999999999999        9.8399999999999999       -3.7109635854412200     
   149.40000000000003        9.8399999999999999       -3.7009586343164917     
   151.20000000000002        9.8399999999999999       -3.6914568183062797     
   153.00000000000000        9.8399999999999999       -3.6824990117290732     
   154.79999999999998        9.8399999999999999       -3.6741186894959221     
   156.59999999999997        9.8399999999999999       -3.6663376823291411     
   158.39999999999998        9.8399999999999999       -3.6591723170643933     
   160.20000000000002        9.8399999999999999       -3.6526306184677839     
   162.00000000000000        9.8399999999999999       -3.6467112573368570     
   163.79999999999998        9.8399999999999999       -3.6414149224647376     
   165.59999999999999        9.8399999999999999       -3.6367287908240744     
   167.40000000000001        9.8399999999999999       -3.6326414934957572     
   169.19999999999999        9.8399999999999999       -3.6291407921848422     
   171.00000000000000        9.8399999999999999       -3.6262098577794770     
   172.80000000000001        9.8399999999999999       -3.6238366801568520     
   174.59999999999999        9.8399999999999999       -3.6220050620325392     
   176.40000000000001        9.8399999999999999       -3.6207068547439749     
   178.20000000000002        9.8399999999999999       -3.6203269054333367     
   180.00000000000000        9.8399999999999999       -3.6196730041995031     
   0.0000000000000000        9.9199999999999999       -5.9443620553526841     
   1.8000000000000003        9.9199999999999999       -5.9405133146267888     
   3.6000000000000005        9.9199999999999999       -5.9289695556874094     
   5.4000000000000004        9.9199999999999999       -5.9098897490099054     
   7.2000000000000011        9.9199999999999999       -5.8834333032321986     
   9.0000000000000000        9.9199999999999999       -5.8499171959832568     
   10.800000000000001        9.9199999999999999       -5.8096445325703554     
   12.600000000000001        9.9199999999999999       -5.7630788940663589     
   14.400000000000002        9.9199999999999999       -5.7106436894714268     
   16.200000000000003        9.9199999999999999       -5.6529293686694295     
   18.000000000000000        9.9199999999999999       -5.5904929726369863     
   19.799999999999997        9.9199999999999999       -5.5238814160615313     
   21.600000000000001        9.9199999999999999       -5.4538645813413886     
   23.400000000000002        9.9199999999999999       -5.3809959195613395     
   25.200000000000003        9.9199999999999999       -5.3059408877424410     
   27.000000000000000        9.9199999999999999       -5.2294434736907531     
   28.800000000000004        9.9199999999999999       -5.1520341021934879     
   30.600000000000005        9.9199999999999999       -5.0743803927564768     
   32.400000000000006        9.9199999999999999       -4.9970799604110239     
   34.199999999999996        9.9199999999999999       -4.9206512538485701     
   36.000000000000000        9.9199999999999999       -4.8455679551625828     
   37.800000000000004        9.9199999999999999       -4.7722739880147458     
   39.599999999999994        9.9199999999999999       -4.7011656925526735     
   41.399999999999999        9.9199999999999999       -4.6325786612173525     
   43.200000000000003        9.9199999999999999       -4.5667474958015877     
   45.000000000000000        9.9199999999999999       -4.5039411749487446     
   46.800000000000004        9.9199999999999999       -4.4442484846376340     
   48.599999999999994        9.9199999999999999       -4.3878288123410751     
   50.400000000000006        9.9199999999999999       -4.3347044048776935     
   52.200000000000003        9.9199999999999999       -4.2848848993558963     
   54.000000000000000        9.9199999999999999       -4.2383759997951662     
   55.799999999999997        9.9199999999999999       -4.1950760973778989     
   57.600000000000009        9.9199999999999999       -4.1549047755193254     
   59.400000000000013        9.9199999999999999       -4.1177376976243441     
   61.200000000000010        9.9199999999999999       -4.0834301846099024     
   63.000000000000000        9.9199999999999999       -4.0518295512425064     
   64.800000000000011        9.9199999999999999       -4.0227706075078080     
   66.600000000000009        9.9199999999999999       -3.9960807597526711     
   68.399999999999991        9.9199999999999999       -3.9715851529561248     
   70.200000000000003        9.9199999999999999       -3.9491173695788313     
   72.000000000000000        9.9199999999999999       -3.9285206900507403     
   73.799999999999997        9.9199999999999999       -3.9096286586035789     
   75.600000000000009        9.9199999999999999       -3.8923110863289265     
   77.399999999999991        9.9199999999999999       -3.8764321585977553     
   79.199999999999989        9.9199999999999999       -3.8618726328648703     
   81.000000000000000        9.9199999999999999       -3.8485240415634649     
   82.799999999999997        9.9199999999999999       -3.8362943316419726     
   84.599999999999994        9.9199999999999999       -3.8250916822512684     
   86.400000000000006        9.9199999999999999       -3.8148364119972982     
   88.200000000000003        9.9199999999999999       -3.8054540082557984     
   90.000000000000000        9.9199999999999999       -3.7968652630293933     
   91.799999999999997        9.9199999999999999       -3.7889957380237833     
   93.600000000000009        9.9199999999999999       -3.7817682391170546     
   95.400000000000006        9.9199999999999999       -3.7750978548251908     
   97.199999999999989        9.9199999999999999       -3.7688977064918059     
   99.000000000000014        9.9199999999999999       -3.7630758235667723     
   100.80000000000001        9.9199999999999999       -3.7575332086461204     
   102.59999999999999        9.9199999999999999       -3.7521696772055058     
   104.40000000000001        9.9199999999999999       -3.7468817920594022     
   106.19999999999999        9.9199999999999999       -3.7415671740882033     
   108.00000000000000        9.9199999999999999       -3.7361268775901979     
   109.80000000000000        9.9199999999999999       -3.7304650672848054     
   111.59999999999999        9.9199999999999999       -3.7244980198897690     
   113.40000000000001        9.9199999999999999       -3.7181506261203663     
   115.20000000000002        9.9199999999999999       -3.7113585743128672     
   117.00000000000000        9.9199999999999999       -3.7040762068877395     
   118.80000000000003        9.9199999999999999       -3.6962717984456490     
   120.60000000000001        9.9199999999999999       -3.6879305960614306     
   122.40000000000002        9.9199999999999999       -3.6790508548811989     
   124.20000000000000        9.9199999999999999       -3.6696533096206121     
   126.00000000000000        9.9199999999999999       -3.6597704287144470     
   127.80000000000001        9.9199999999999999       -3.6494471015080689     
   129.60000000000002        9.9199999999999999       -3.6387450713269240     
   131.40000000000001        9.9199999999999999       -3.6277298377589102     
   133.20000000000002        9.9199999999999999       -3.6164775156581199     
   135.00000000000000        9.9199999999999999       -3.6050742025286207     
   136.79999999999998        9.9199999999999999       -3.5935992005522817     
   138.59999999999999        9.9199999999999999       -3.5821433223114978     
   140.40000000000001        9.9199999999999999       -3.5707890386677752     
   142.20000000000002        9.9199999999999999       -3.5596188368663566     
   144.00000000000000        9.9199999999999999       -3.5487097997037664     
   145.79999999999998        9.9199999999999999       -3.5381314001197719     
   147.59999999999999        9.9199999999999999       -3.5279478302466027     
   149.40000000000003        9.9199999999999999       -3.5182152028763252     
   151.20000000000002        9.9199999999999999       -3.5089800854261242     
   153.00000000000000        9.9199999999999999       -3.5002803005312582     
   154.79999999999998        9.9199999999999999       -3.4921468024474902     
   156.59999999999997        9.9199999999999999       -3.4845991110096333     
   158.39999999999998        9.9199999999999999       -3.4776518561478094     
   160.20000000000002        9.9199999999999999       -3.4713117156591276     
   162.00000000000000        9.9199999999999999       -3.4655764511679923     
   163.79999999999998        9.9199999999999999       -3.4604460971509097     
   165.59999999999999        9.9199999999999999       -3.4559076096242958     
   167.40000000000001        9.9199999999999999       -3.4519495837153888     
   169.19999999999999        9.9199999999999999       -3.4485598912021915     
   171.00000000000000        9.9199999999999999       -3.4457220391306445     
   172.80000000000001        9.9199999999999999       -3.4434242933899184     
   174.59999999999999        9.9199999999999999       -3.4416509105206514     
   176.40000000000001        9.9199999999999999       -3.4403939794624541     
   178.20000000000002        9.9199999999999999       -3.4400110220597218     
   180.00000000000000        9.9199999999999999       -3.4393929965412062     
   0.0000000000000000        10.000000000000000       -5.6369862597151492     
   1.8000000000000003        10.000000000000000       -5.6333643694913604     
   3.6000000000000005        10.000000000000000       -5.6225010210591000     
   5.4000000000000004        10.000000000000000       -5.6045453551415720     
   7.2000000000000011        10.000000000000000       -5.5796469866919347     
   9.0000000000000000        10.000000000000000       -5.5481034640781894     
   10.800000000000001        10.000000000000000       -5.5101994780462515     
   12.600000000000001        10.000000000000000       -5.4663705757091501     
   14.400000000000002        10.000000000000000       -5.4170148481986029     
   16.200000000000003        10.000000000000000       -5.3626876169025861     
   18.000000000000000        10.000000000000000       -5.3039131745010630     
   19.799999999999997        10.000000000000000       -5.2412065755046138     
   21.600000000000001        10.000000000000000       -5.1752929623890696     
   23.400000000000002        10.000000000000000       -5.1066941678070510     
   25.200000000000003        10.000000000000000       -5.0360376484770635     
   27.000000000000000        10.000000000000000       -4.9640250758846678     
   28.800000000000004        10.000000000000000       -4.8911571055773884     
   30.600000000000005        10.000000000000000       -4.8180637073252210     
   32.400000000000006        10.000000000000000       -4.7453089293928192     
   34.199999999999996        10.000000000000000       -4.6733821485592255     
   36.000000000000000        10.000000000000000       -4.6027304249127186     
   37.800000000000004        10.000000000000000       -4.5337726098880680     
   39.599999999999994        10.000000000000000       -4.4668825018188514     
   41.399999999999999        10.000000000000000       -4.4023763988752851     
   43.200000000000003        10.000000000000000       -4.3404751347329134     
   45.000000000000000        10.000000000000000       -4.2814317185486352     
   46.800000000000004        10.000000000000000       -4.2253290344866752     
   48.599999999999994        10.000000000000000       -4.1723163168595203     
   50.400000000000006        10.000000000000000       -4.1224133440439807     
   52.200000000000003        10.000000000000000       -4.0756278814922249     
   54.000000000000000        10.000000000000000       -4.0319638707057059     
   55.799999999999997        10.000000000000000       -3.9913241356707241     
   57.600000000000009        10.000000000000000       -3.9536314759031113     
   59.400000000000013        10.000000000000000       -3.9187674149520060     
   61.200000000000010        10.000000000000000       -3.8865944683624032     
   63.000000000000000        10.000000000000000       -3.8569678002337624     
   64.800000000000011        10.000000000000000       -3.8297310354013221     
   66.600000000000009        10.000000000000000       -3.8047210882518017     
   68.399999999999991        10.000000000000000       -3.7817730058176835     
   70.200000000000003        10.000000000000000       -3.7607300007156317     
   72.000000000000000        10.000000000000000       -3.7414445917189476     
   73.799999999999997        10.000000000000000       -3.7237602920299202     
   75.600000000000009        10.000000000000000       -3.7075547141281553     
   77.399999999999991        10.000000000000000       -3.6927001274387461     
   79.199999999999989        10.000000000000000       -3.6790841821807749     
   81.000000000000000        10.000000000000000       -3.6666043491821516     
   82.799999999999997        10.000000000000000       -3.6551730908117714     
   84.599999999999994        10.000000000000000       -3.6447026027972318     
   86.400000000000006        10.000000000000000       -3.6351159081126996     
   88.200000000000003        10.000000000000000       -3.6263402685052544     
   90.000000000000000        10.000000000000000       -3.6182980527789992     
   91.799999999999997        10.000000000000000       -3.6109155711743117     
   93.600000000000009        10.000000000000000       -3.6041161383694793     
   95.400000000000006        10.000000000000000       -3.5978157506953723     
   97.199999999999989        10.000000000000000       -3.5919284564798706     
   99.000000000000014        10.000000000000000       -3.5863636320033763     
   100.80000000000001        10.000000000000000       -3.5810247378190501     
   102.59999999999999        10.000000000000000       -3.5758143875510244     
   104.40000000000001        10.000000000000000       -3.5706332240508076     
   106.19999999999999        10.000000000000000       -3.5653836866374053     
   108.00000000000000        10.000000000000000       -3.5599725612368323     
   109.80000000000000        10.000000000000000       -3.5543102103895117     
   111.59999999999999        10.000000000000000       -3.5483200386732121     
   113.40000000000001        10.000000000000000       -3.5419341223145580     
   115.20000000000002        10.000000000000000       -3.5350954520118480     
   117.00000000000000        10.000000000000000       -3.5277655743282961     
   118.80000000000003        10.000000000000000       -3.5199195092840436     
   120.60000000000001        10.000000000000000       -3.5115486183322737     
   122.40000000000002        10.000000000000000       -3.5026565645962844     
   124.20000000000000        10.000000000000000       -3.4932683800213331     
   126.00000000000000        10.000000000000000       -3.4834198526847957     
   127.80000000000001        10.000000000000000       -3.4731581688502273     
   129.60000000000002        10.000000000000000       -3.4625460529412111     
   131.40000000000001        10.000000000000000       -3.4516492290699103     
   133.20000000000002        10.000000000000000       -3.4405429490647994     
   135.00000000000000        10.000000000000000       -3.4293112859510133     
   136.79999999999998        10.000000000000000       -3.4180314309490591     
   138.59999999999999        10.000000000000000       -3.4067907908369359     
   140.40000000000001        10.000000000000000       -3.3956685042207884     
   142.20000000000002        10.000000000000000       -3.3847432178574928     
   144.00000000000000        10.000000000000000       -3.3740880777279338     
   145.79999999999998        10.000000000000000       -3.3637688126644609     
   147.59999999999999        10.000000000000000       -3.3538458080628306     
   149.40000000000003        10.000000000000000       -3.3443715090421522     
   151.20000000000002        10.000000000000000       -3.3353892860035317     
   153.00000000000000        10.000000000000000       -3.3269340620614449     
   154.79999999999998        10.000000000000000       -3.3190343999132219     
   156.59999999999997        10.000000000000000       -3.3117076401761096     
   158.39999999999998        10.000000000000000       -3.3049668147143727     
   160.20000000000002        10.000000000000000       -3.2988173406958636     
   162.00000000000000        10.000000000000000       -3.2932561392431232     
   163.79999999999998        10.000000000000000       -3.2882826393163445     
   165.59999999999999        10.000000000000000       -3.2838836117630890     
   167.40000000000001        10.000000000000000       -3.2800476365771547     
   169.19999999999999        10.000000000000000       -3.2767627069595999     
   171.00000000000000        10.000000000000000       -3.2740126670218404     
   172.80000000000001        10.000000000000000       -3.2717860571496029     
   174.59999999999999        10.000000000000000       -3.2700675785345101     
   176.40000000000001        10.000000000000000       -3.2688495529855821     
   178.20000000000002        10.000000000000000       -3.2684640508176299     
   180.00000000000000        10.000000000000000       -3.2678795452316773     
   0.0000000000000000        10.080000000000000       -5.3462997941855628     
   1.8000000000000003        10.080000000000000       -5.3428877222224340     
   3.6000000000000005        10.080000000000000       -5.3326536960746553     
   5.4000000000000004        10.080000000000000       -5.3157379944614735     
   7.2000000000000011        10.080000000000000       -5.2922813832448075     
   9.0000000000000000        10.080000000000000       -5.2625638548342648     
   10.800000000000001        10.080000000000000       -5.2268534178710979     
   12.600000000000001        10.080000000000000       -5.1855602018502323     
   14.400000000000002        10.080000000000000       -5.1390592680018230     
   16.200000000000003        10.080000000000000       -5.0878739492109197     
   18.000000000000000        10.080000000000000       -5.0324986111340237     
   19.799999999999997        10.080000000000000       -4.9734191081457961     
   21.600000000000001        10.080000000000000       -4.9113195577229716     
   23.400000000000002        10.080000000000000       -4.8466926205894829     
   25.200000000000003        10.080000000000000       -4.7801306812780657     
   27.000000000000000        10.080000000000000       -4.7122962879554970     
   28.800000000000004        10.080000000000000       -4.6436623944894340     
   30.600000000000005        10.080000000000000       -4.5748239820097449     
   32.400000000000006        10.080000000000000       -4.5063137978122212     
   34.199999999999996        10.080000000000000       -4.4385940169010141     
   36.000000000000000        10.080000000000000       -4.3720867346623313     
   37.800000000000004        10.080000000000000       -4.3071872546404419     
   39.599999999999994        10.080000000000000       -4.2442481589100556     
   41.399999999999999        10.080000000000000       -4.1835675363709717     
   43.200000000000003        10.080000000000000       -4.1253531456407320     
   45.000000000000000        10.080000000000000       -4.0698428930053963     
   46.800000000000004        10.080000000000000       -4.0171139265355169     
   48.599999999999994        10.080000000000000       -3.9673058168417712     
   50.400000000000006        10.080000000000000       -3.9204358426876404     
   52.200000000000003        10.080000000000000       -3.8765098465611603     
   54.000000000000000        10.080000000000000       -3.8355299625920676     
   55.799999999999997        10.080000000000000       -3.7974029895097856     
   57.600000000000009        10.080000000000000       -3.7620545756208545     
   59.400000000000013        10.080000000000000       -3.7293715586915694     
   61.200000000000010        10.080000000000000       -3.6992230087781781     
   63.000000000000000        10.080000000000000       -3.6714712447945992     
   64.800000000000011        10.080000000000000       -3.6459679317266938     
   66.600000000000009        10.080000000000000       -3.6225586517399919     
   68.399999999999991        10.080000000000000       -3.6010874658666414     
   70.200000000000003        10.080000000000000       -3.5814063218821715     
   72.000000000000000        10.080000000000000       -3.5633760808074522     
   73.799999999999997        10.080000000000000       -3.5468492713920732     
   75.600000000000009        10.080000000000000       -3.5317104636975380     
   77.399999999999991        10.080000000000000       -3.5178391518827041     
   79.199999999999989        10.080000000000000       -3.5051290957588095     
   81.000000000000000        10.080000000000000       -3.4934829979106317     
   82.799999999999997        10.080000000000000       -3.4828172326242290     
   84.599999999999994        10.080000000000000       -3.4730474959708433     
   86.400000000000006        10.080000000000000       -3.4640991205068183     
   88.200000000000003        10.080000000000000       -3.4559008612238307     
   90.000000000000000        10.080000000000000       -3.4483764891871291     
   91.799999999999997        10.080000000000000       -3.4414529995358687     
   93.600000000000009        10.080000000000000       -3.4350542459064646     
   95.400000000000006        10.080000000000000       -3.4290972361086647     
   97.199999999999989        10.080000000000000       -3.4234971094870765     
   99.000000000000014        10.080000000000000       -3.4181647916839268     
   100.80000000000001        10.080000000000000       -3.4130064077611335     
   102.59999999999999        10.080000000000000       -3.4079275779863081     
   104.40000000000001        10.080000000000000       -3.4028331939038092     
   106.19999999999999        10.080000000000000       -3.3976306394896785     
   108.00000000000000        10.080000000000000       -3.3922324953962679     
   109.80000000000000        10.080000000000000       -3.3865553335200325     
   111.59999999999999        10.080000000000000       -3.3805296049565743     
   113.40000000000001        10.080000000000000       -3.3740944388788772     
   115.20000000000002        10.080000000000000       -3.3671999391723553     
   117.00000000000000        10.080000000000000       -3.3598146085993390     
   118.80000000000003        10.080000000000000       -3.3519199360873673     
   120.60000000000001        10.080000000000000       -3.3435131010655437     
   122.40000000000002        10.080000000000000       -3.3346028746326137     
   124.20000000000000        10.080000000000000       -3.3252182941810307     
   126.00000000000000        10.080000000000000       -3.3153982015571821     
   127.80000000000001        10.080000000000000       -3.3051918464076162     
   129.60000000000002        10.080000000000000       -3.2946627482807647     
   131.40000000000001        10.080000000000000       -3.2838767102994399     
   133.20000000000002        10.080000000000000       -3.2729080277520803     
   135.00000000000000        10.080000000000000       -3.2618387172257854     
   136.79999999999998        10.080000000000000       -3.2507438497670331     
   138.59999999999999        10.080000000000000       -3.2397074880098828     
   140.40000000000001        10.080000000000000       -3.2288055160227676     
   142.20000000000002        10.080000000000000       -3.2181128575523918     
   144.00000000000000        10.080000000000000       -3.2076988605360293     
   145.79999999999998        10.080000000000000       -3.1976256530134122     
   147.59999999999999        10.080000000000000       -3.1879499739512300     
   149.40000000000003        10.080000000000000       -3.1787207681637621     
   151.20000000000002        10.080000000000000       -3.1699783621855961     
   153.00000000000000        10.080000000000000       -3.1617549278670993     
   154.79999999999998        10.080000000000000       -3.1540767617690273     
   156.59999999999997        10.080000000000000       -3.1469591538116508     
   158.39999999999998        10.080000000000000       -3.1404136340766251     
   160.20000000000002        10.080000000000000       -3.1344444436378844     
   162.00000000000000        10.080000000000000       -3.1290477310470042     
   163.79999999999998        10.080000000000000       -3.1242223678401402     
   165.59999999999999        10.080000000000000       -3.1199549763635726     
   167.40000000000001        10.080000000000000       -3.1162341432985348     
   169.19999999999999        10.080000000000000       -3.1130479958896773     
   171.00000000000000        10.080000000000000       -3.1103807182006138     
   172.80000000000001        10.080000000000000       -3.1082211251033569     
   174.59999999999999        10.080000000000000       -3.1065543553856343     
   176.40000000000001        10.080000000000000       -3.1053729601157878     
   178.20000000000002        10.080000000000000       -3.1049852239899076     
   180.00000000000000        10.080000000000000       -3.1044321107942832     
   0.0000000000000000        10.160000000000000       -5.0731607533762419     
   1.8000000000000003        10.160000000000000       -5.0699410280240960     
   3.6000000000000005        10.160000000000000       -5.0602839180690617     
   5.4000000000000004        10.160000000000000       -5.0443218179225013     
   7.2000000000000011        10.160000000000000       -5.0221875995515992     
   9.0000000000000000        10.160000000000000       -4.9941455936051282     
   10.800000000000001        10.160000000000000       -4.9604488803058588     
   12.600000000000001        10.160000000000000       -4.9214848207219468     
   14.400000000000002        10.160000000000000       -4.8776077663254602     
   16.200000000000003        10.160000000000000       -4.8293122471779801     
   18.000000000000000        10.160000000000000       -4.7770655694577178     
   19.799999999999997        10.160000000000000       -4.7213270955421036     
   21.600000000000001        10.160000000000000       -4.6627437011515847     
   23.400000000000002        10.160000000000000       -4.6017813767411377     
   25.200000000000003        10.160000000000000       -4.5390004298559070     
   27.000000000000000        10.160000000000000       -4.4750275561084703     
   28.800000000000004        10.160000000000000       -4.4103101377361309     
   30.600000000000005        10.160000000000000       -4.3454109060714785     
   32.400000000000006        10.160000000000000       -4.2808336479388558     
   34.199999999999996        10.160000000000000       -4.2170152764142648     
   36.000000000000000        10.160000000000000       -4.1543546468150598     
   37.800000000000004        10.160000000000000       -4.0932251052612667     
   39.599999999999994        10.160000000000000       -4.0339594058368915     
   41.399999999999999        10.160000000000000       -3.9768385704585407     
   43.200000000000003        10.160000000000000       -3.9220580220684189     
   45.000000000000000        10.160000000000000       -3.8698414814794440     
   46.800000000000004        10.160000000000000       -3.8202605552638871     
   48.599999999999994        10.160000000000000       -3.7734456767582460     
   50.400000000000006        10.160000000000000       -3.7294116127599075     
   52.200000000000003        10.160000000000000       -3.6881622471957920     
   54.000000000000000        10.160000000000000       -3.6496978757359448     
   55.799999999999997        10.160000000000000       -3.6139288112202852     
   57.600000000000009        10.160000000000000       -3.5807831815702555     
   59.400000000000013        10.160000000000000       -3.5501525826845448     
   61.200000000000010        10.160000000000000       -3.5219119836912562     
   63.000000000000000        10.160000000000000       -3.4959301451151741     
   64.800000000000011        10.160000000000000       -3.4720659749007599     
   66.600000000000009        10.160000000000000       -3.4501728574928272     
   68.399999999999991        10.160000000000000       -3.4301029531284959     
   70.200000000000003        10.160000000000000       -3.4117160236424420     
   72.000000000000000        10.160000000000000       -3.3948803516537840     
   73.799999999999997        10.160000000000000       -3.3794565033515358     
   75.600000000000009        10.160000000000000       -3.3653351448093214     
   77.399999999999991        10.160000000000000       -3.3524021201042946     
   79.199999999999989        10.160000000000000       -3.3405565059925433     
   81.000000000000000        10.160000000000000       -3.3297055265569369     
   82.799999999999997        10.160000000000000       -3.3197688680414785     
   84.599999999999994        10.160000000000000       -3.3106652189794157     
   86.400000000000006        10.160000000000000       -3.3023218415226165     
   88.200000000000003        10.160000000000000       -3.2946687227148246     
   90.000000000000000        10.160000000000000       -3.2876308829531209     
   91.799999999999997        10.160000000000000       -3.2811359632722592     
   93.600000000000009        10.160000000000000       -3.2751084112878401     
   95.400000000000006        10.160000000000000       -3.2694663709907870     
   97.199999999999989        10.160000000000000       -3.2641262551155750     
   99.000000000000014        10.160000000000000       -3.2590007545261410     
   100.80000000000001        10.160000000000000       -3.2539988689662023     
   102.59999999999999        10.160000000000000       -3.2490294323785807     
   104.40000000000001        10.160000000000000       -3.2440017409652757     
   106.19999999999999        10.160000000000000       -3.2388282292146076     
   108.00000000000000        10.160000000000000       -3.2334273064170271     
   109.80000000000000        10.160000000000000       -3.2277217309823576     
   111.59999999999999        10.160000000000000       -3.2216488756817268     
   113.40000000000001        10.160000000000000       -3.2151547445297779     
   115.20000000000002        10.160000000000000       -3.2081963175111126     
   117.00000000000000        10.160000000000000       -3.2007487564348760     
   118.80000000000003        10.160000000000000       -3.1927996954314350     
   120.60000000000001        10.160000000000000       -3.1843517914309065     
   122.40000000000002        10.160000000000000       -3.1754185835485349     
   124.20000000000000        10.160000000000000       -3.1660327890898814     
   126.00000000000000        10.160000000000000       -3.1562360102505846     
   127.80000000000001        10.160000000000000       -3.1460793053858316     
   129.60000000000002        10.160000000000000       -3.1356267901178962     
   131.40000000000001        10.160000000000000       -3.1249441930961286     
   133.20000000000002        10.160000000000000       -3.1141047584035224     
   135.00000000000000        10.160000000000000       -3.1031884204621845     
   136.79999999999998        10.160000000000000       -3.0922681281829738     
   138.59999999999999        10.160000000000000       -3.0814246771986187     
   140.40000000000001        10.160000000000000       -3.0707307902642578     
   142.20000000000002        10.160000000000000       -3.0602578047280886     
   144.00000000000000        10.160000000000000       -3.0500714295751834     
   145.79999999999998        10.160000000000000       -3.0402303549371643     
   147.59999999999999        10.160000000000000       -3.0307878543638727     
   149.40000000000003        10.160000000000000       -3.0217895605370853     
   151.20000000000002        10.160000000000000       -3.0132729277158878     
   153.00000000000000        10.160000000000000       -3.0052675423172168     
   154.79999999999998        10.160000000000000       -2.9977975746568175     
   156.59999999999997        10.160000000000000       -2.9908764077334906     
   158.39999999999998        10.160000000000000       -2.9845141773166790     
   160.20000000000002        10.160000000000000       -2.9787140430530452     
   162.00000000000000        10.160000000000000       -2.9734714575208661     
   163.79999999999998        10.160000000000000       -2.9687847888608672     
   165.59999999999999        10.160000000000000       -2.9646405532255993     
   167.40000000000001        10.160000000000000       -2.9610273694965064     
   169.19999999999999        10.160000000000000       -2.9579335142334120     
   171.00000000000000        10.160000000000000       -2.9553435162332287     
   172.80000000000001        10.160000000000000       -2.9532464659718198     
   174.59999999999999        10.160000000000000       -2.9516279334471358     
   176.40000000000001        10.160000000000000       -2.9504806957318146     
   178.20000000000002        10.160000000000000       -2.9500909627335763     
   180.00000000000000        10.160000000000000       -2.9495670300676369     
   0.0000000000000000        10.240000000000000       -4.8141064313678159     
   1.8000000000000003        10.240000000000000       -4.8110653799278520     
   3.6000000000000005        10.240000000000000       -4.8019441751189893     
   5.4000000000000004        10.240000000000000       -4.7868680790981895     
   7.2000000000000011        10.240000000000000       -4.7659628054778587     
   9.0000000000000000        10.240000000000000       -4.7394784816471791     
   10.800000000000001        10.240000000000000       -4.7076546114165270     
   12.600000000000001        10.240000000000000       -4.6708578305348301     
   14.400000000000002        10.240000000000000       -4.6294235731172604     
   16.200000000000003        10.240000000000000       -4.5838200288187192     
   18.000000000000000        10.240000000000000       -4.5344896654582314     
   19.799999999999997        10.240000000000000       -4.4818674549865767     
   21.600000000000001        10.240000000000000       -4.4265659682291156     
   23.400000000000002        10.240000000000000       -4.3690264762367805     
   25.200000000000003        10.240000000000000       -4.3097795461979134     
   27.000000000000000        10.240000000000000       -4.2494185767362831     
   28.800000000000004        10.240000000000000       -4.1883670531930175     
   30.600000000000005        10.240000000000000       -4.1271576081370167     
   32.400000000000006        10.240000000000000       -4.0662669133311864     
   34.199999999999996        10.240000000000000       -4.0061081562400203     
   36.000000000000000        10.240000000000000       -3.9470583226378779     
   37.800000000000004        10.240000000000000       -3.8894700686252746     
   39.599999999999994        10.240000000000000       -3.8336574309122056     
   41.399999999999999        10.240000000000000       -3.7798852832227574     
   43.200000000000003        10.240000000000000       -3.7283373156314275     
   45.000000000000000        10.240000000000000       -3.6792238055944324     
   46.800000000000004        10.240000000000000       -3.6326109915295808     
   48.599999999999994        10.240000000000000       -3.5886206023685334     
   50.400000000000006        10.240000000000000       -3.5472649003320944     
   52.200000000000003        10.240000000000000       -3.5085457979341634     
   54.000000000000000        10.240000000000000       -3.4724617414559522     
   55.799999999999997        10.240000000000000       -3.4389262061526797     
   57.600000000000009        10.240000000000000       -3.4078695182657830     
   59.400000000000013        10.240000000000000       -3.3791876013503721     
   61.200000000000010        10.240000000000000       -3.3527608132614288     
   63.000000000000000        10.240000000000000       -3.3284637991204327     
   64.800000000000011        10.240000000000000       -3.3061620857707408     
   66.600000000000009        10.240000000000000       -3.2857161816312042     
   68.399999999999991        10.240000000000000       -3.2669856290701063     
   70.200000000000003        10.240000000000000       -3.2498372826679938     
   72.000000000000000        10.240000000000000       -3.2341461269595415     
   73.799999999999997        10.240000000000000       -3.2197800017223117     
   75.600000000000009        10.240000000000000       -3.2066349998042241     
   77.399999999999991        10.240000000000000       -3.1946026373364971     
   79.199999999999989        10.240000000000000       -3.1835866974875358     
   81.000000000000000        10.240000000000000       -3.1734983825460912     
   82.799999999999997        10.240000000000000       -3.1642602371073050     
   84.599999999999994        10.240000000000000       -3.1557935620850324     
   86.400000000000006        10.240000000000000       -3.1480272715871092     
   88.200000000000003        10.240000000000000       -3.1408924014179340     
   90.000000000000000        10.240000000000000       -3.1343151213042457     
   91.799999999999997        10.240000000000000       -3.1282237072426295     
   93.600000000000009        10.240000000000000       -3.1225432614227349     
   95.400000000000006        10.240000000000000       -3.1171931742200765     
   97.199999999999989        10.240000000000000       -3.1120912836366923     
   99.000000000000014        10.240000000000000       -3.1071522189962670     
   100.80000000000001        10.240000000000000       -3.1022880156026331     
   102.59999999999999        10.240000000000000       -3.0974108756174776     
   104.40000000000001        10.240000000000000       -3.0924346064365102     
   106.19999999999999        10.240000000000000       -3.0872767554072782     
   108.00000000000000        10.240000000000000       -3.0818615610259426     
   109.80000000000000        10.240000000000000       -3.0761179216289514     
   111.59999999999999        10.240000000000000       -3.0699900001133757     
   113.40000000000001        10.240000000000000       -3.0634305018520460     
   115.20000000000002        10.240000000000000       -3.0564030628103311     
   117.00000000000000        10.240000000000000       -3.0488892370613256     
   118.80000000000003        10.240000000000000       -3.0408825187329711     
   120.60000000000001        10.240000000000000       -3.0323907469095732     
   122.40000000000002        10.240000000000000       -3.0234319372023637     
   124.20000000000000        10.240000000000000       -3.0140422113134266     
   126.00000000000000        10.240000000000000       -3.0042656857922854     
   127.80000000000001        10.240000000000000       -2.9941550164037798     
   129.60000000000002        10.240000000000000       -2.9837747523638147     
   131.40000000000001        10.240000000000000       -2.9731904242198768     
   133.20000000000002        10.240000000000000       -2.9624741514688870     
   135.00000000000000        10.240000000000000       -2.9517037713634622     
   136.79999999999998        10.240000000000000       -2.9409501146676842     
   138.59999999999999        10.240000000000000       -2.9302907807329173     
   140.40000000000001        10.240000000000000       -2.9197954140445299     
   142.20000000000002        10.240000000000000       -2.9095318844961655     
   144.00000000000000        10.240000000000000       -2.8995623991216770     
   145.79999999999998        10.240000000000000       -2.8899423494599792     
   147.59999999999999        10.240000000000000       -2.8807216976294798     
   149.40000000000003        10.240000000000000       -2.8719429236518326     
   151.20000000000002        10.240000000000000       -2.8636407544914659     
   153.00000000000000        10.240000000000000       -2.8558423309930112     
   154.79999999999998        10.240000000000000       -2.8485698149216003     
   156.59999999999997        10.240000000000000       -2.8418348034734966     
   158.39999999999998        10.240000000000000       -2.8356461284455285     
   160.20000000000002        10.240000000000000       -2.8300059477522930     
   162.00000000000000        10.240000000000000       -2.8249090827109207     
   163.79999999999998        10.240000000000000       -2.8203534435661357     
   165.59999999999999        10.240000000000000       -2.8163254764486467     
   167.40000000000001        10.240000000000000       -2.8128138543783776     
   169.19999999999999        10.240000000000000       -2.8098070165810625     
   171.00000000000000        10.240000000000000       -2.8072898413218090     
   172.80000000000001        10.240000000000000       -2.8052516961272103     
   174.59999999999999        10.240000000000000       -2.8036785775432276     
   176.40000000000001        10.240000000000000       -2.8025634862628084     
   178.20000000000002        10.240000000000000       -2.8021719046398803     
   180.00000000000000        10.240000000000000       -2.8016753980123905     
   0.0000000000000000        10.320000000000000       -4.5706383487359847     
   1.8000000000000003        10.320000000000000       -4.5677612768108506     
   3.6000000000000005        10.320000000000000       -4.5591319016905203     
   5.4000000000000004        10.320000000000000       -4.5448691441356575     
   7.2000000000000011        10.320000000000000       -4.5250923339781437     
   9.0000000000000000        10.320000000000000       -4.5000389311164275     
   10.800000000000001        10.320000000000000       -4.4699362888974150     
   12.600000000000001        10.320000000000000       -4.4351324735804312     
   14.400000000000002        10.320000000000000       -4.3959458973838741     
   16.200000000000003        10.320000000000000       -4.3528210154017168     
   18.000000000000000        10.320000000000000       -4.3061778138272295     
   19.799999999999997        10.320000000000000       -4.2564291093536806     
   21.600000000000001        10.320000000000000       -4.2041562927780625     
   23.400000000000002        10.320000000000000       -4.1497780033832345     
   25.200000000000003        10.320000000000000       -4.0937975695887010     
   27.000000000000000        10.320000000000000       -4.0367778342195306     
   28.800000000000004        10.320000000000000       -3.9791201959018743     
   30.600000000000005        10.320000000000000       -3.9213295102650432     
   32.400000000000006        10.320000000000000       -3.8638573353690870     
   34.199999999999996        10.320000000000000       -3.8070948080293721     
   36.000000000000000        10.320000000000000       -3.7513985446577931     
   37.800000000000004        10.320000000000000       -3.6971019030954722     
   39.599999999999994        10.320000000000000       -3.6445014277968379     
   41.399999999999999        10.320000000000000       -3.5938468641225931     
   43.200000000000003        10.320000000000000       -3.5453108486595286     
   45.000000000000000        10.320000000000000       -3.4990910446147923     
   46.800000000000004        10.320000000000000       -3.4552485361365779     
   48.599999999999994        10.320000000000000       -3.4138968404196075     
   50.400000000000006        10.320000000000000       -3.3750457456756400     
   52.200000000000003        10.320000000000000       -3.3386951993200804     
   54.000000000000000        10.320000000000000       -3.3048418047562982     
   55.799999999999997        10.320000000000000       -3.2734018341706936     
   57.600000000000009        10.320000000000000       -3.2443075210412804     
   59.400000000000013        10.320000000000000       -3.2174586616450558     
   61.200000000000010        10.320000000000000       -3.1927404592948498     
   63.000000000000000        10.320000000000000       -3.1700328486309055     
   64.800000000000011        10.320000000000000       -3.1492073067555686     
   66.600000000000009        10.320000000000000       -3.1301307382440440     
   68.399999999999991        10.320000000000000       -3.1126692979344619     
   70.200000000000003        10.320000000000000       -3.0966961598689466     
   72.000000000000000        10.320000000000000       -3.0820922405864382     
   73.799999999999997        10.320000000000000       -3.0687318367237086     
   75.600000000000009        10.320000000000000       -3.0565157572556134     
   77.399999999999991        10.320000000000000       -3.0453404721052650     
   79.199999999999989        10.320000000000000       -3.0351138284202235     
   81.000000000000000        10.320000000000000       -3.0257504395037880     
   82.799999999999997        10.320000000000000       -3.0171752413443138     
   84.599999999999994        10.320000000000000       -3.0093117603540600     
   86.400000000000006        10.320000000000000       -3.0020902883143656     
   88.200000000000003        10.320000000000000       -2.9954427380994657     
   90.000000000000000        10.320000000000000       -2.9892963440423488     
   91.799999999999997        10.320000000000000       -2.9835800276831557     
   93.600000000000009        10.320000000000000       -2.9782196302837582     
   95.400000000000006        10.320000000000000       -2.9731359198605762     
   97.199999999999989        10.320000000000000       -2.9682483313577284     
   99.000000000000014        10.320000000000000       -2.9634736211236952     
   100.80000000000001        10.320000000000000       -2.9587270254401226     
   102.59999999999999        10.320000000000000       -2.9539242687888021     
   104.40000000000001        10.320000000000000       -2.9489837624791573     
   106.19999999999999        10.320000000000000       -2.9438282061725896     
   108.00000000000000        10.320000000000000       -2.9383876342352839     
   109.80000000000000        10.320000000000000       -2.9325969979865416     
   111.59999999999999        10.320000000000000       -2.9264070661986126     
   113.40000000000001        10.320000000000000       -2.9197770164052215     
   115.20000000000002        10.320000000000000       -2.9126768610013518     
   117.00000000000000        10.320000000000000       -2.9050942173015857     
   118.80000000000003        10.320000000000000       -2.8970280937475121     
   120.60000000000001        10.320000000000000       -2.8884911588113948     
   122.40000000000002        10.320000000000000       -2.8795055602678952     
   124.20000000000000        10.320000000000000       -2.8701105028511904     
   126.00000000000000        10.320000000000000       -2.8603523332118868     
   127.80000000000001        10.320000000000000       -2.8502850628750425     
   129.60000000000002        10.320000000000000       -2.8399734917995034     
   131.40000000000001        10.320000000000000       -2.8294828151980580     
   133.20000000000002        10.320000000000000       -2.8188839497630234     
   135.00000000000000        10.320000000000000       -2.8082526253104576     
   136.79999999999998        10.320000000000000       -2.7976575651273934     
   138.59999999999999        10.320000000000000       -2.7871732602775108     
   140.40000000000001        10.320000000000000       -2.7768663779296339     
   142.20000000000002        10.320000000000000       -2.7668014622930985     
   144.00000000000000        10.320000000000000       -2.7570373801347650     
   145.79999999999998        10.320000000000000       -2.7476263877983111     
   147.59999999999999        10.320000000000000       -2.7386153156345618     
   149.40000000000003        10.320000000000000       -2.7300436763529219     
   151.20000000000002        10.320000000000000       -2.7219436376124668     
   153.00000000000000        10.320000000000000       -2.7143400563878375     
   154.79999999999998        10.320000000000000       -2.7072532216329028     
   156.59999999999997        10.320000000000000       -2.7006930844190506     
   158.39999999999998        10.320000000000000       -2.6946672765039876     
   160.20000000000002        10.320000000000000       -2.6891770457635920     
   162.00000000000000        10.320000000000000       -2.6842166567851122     
   163.79999999999998        10.320000000000000       -2.6797836141513929     
   165.59999999999999        10.320000000000000       -2.6758643358048273     
   167.40000000000001        10.320000000000000       -2.6724475742858216     
   169.19999999999999        10.320000000000000       -2.6695219470140730     
   171.00000000000000        10.320000000000000       -2.6670726874869932     
   172.80000000000001        10.320000000000000       -2.6650894421503959     
   174.59999999999999        10.320000000000000       -2.6635586290896645     
   176.40000000000001        10.320000000000000       -2.6624734700251715     
   178.20000000000002        10.320000000000000       -2.6620801860971208     
   180.00000000000000        10.320000000000000       -2.6616091907613662     
   0.0000000000000000        10.400000000000000       -4.3390753591448323     
   1.8000000000000003        10.400000000000000       -4.3363513560661930     
   3.6000000000000005        10.400000000000000       -4.3281810844925195     
   5.4000000000000004        10.400000000000000       -4.3146776977476362     
   7.2000000000000011        10.400000000000000       -4.2959547048707201     
   9.0000000000000000        10.400000000000000       -4.2722380144235945     
   10.800000000000001        10.400000000000000       -4.2437438674438814     
   12.600000000000001        10.400000000000000       -4.2108033310157662     
   14.400000000000002        10.400000000000000       -4.1737191793750918     
   16.200000000000003        10.400000000000000       -4.1329140370757740     
   18.000000000000000        10.400000000000000       -4.0887871355319163     
   19.799999999999997        10.400000000000000       -4.0417307780340677     
   21.600000000000001        10.400000000000000       -3.9922974717338287     
   23.400000000000002        10.400000000000000       -3.9408847674304033     
   25.200000000000003        10.400000000000000       -3.8879706049193583     
   27.000000000000000        10.400000000000000       -3.8340893025248910     
   28.800000000000004        10.400000000000000       -3.7796215240180033     
   30.600000000000005        10.400000000000000       -3.7250460796107956     
   32.400000000000006        10.400000000000000       -3.6707909132520919     
   34.199999999999996        10.400000000000000       -3.6172263726956184     
   36.000000000000000        10.400000000000000       -3.5646898393327664     
   37.800000000000004        10.400000000000000       -3.5134964283670027     
   39.599999999999994        10.400000000000000       -3.4639261252674398     
   41.399999999999999        10.400000000000000       -3.4162143285199966     
   43.200000000000003        10.400000000000000       -3.3705231493007997     
   45.000000000000000        10.400000000000000       -3.3270382758239156     
   46.800000000000004        10.400000000000000       -3.2858158175234751     
   48.599999999999994        10.400000000000000       -3.2469614663387047     
   50.400000000000006        10.400000000000000       -3.2104825763206670     
   52.200000000000003        10.400000000000000       -3.1763771498424664     
   54.000000000000000        10.400000000000000       -3.1446399663452103     
   55.799999999999997        10.400000000000000       -3.1151898334689125     
   57.600000000000009        10.400000000000000       -3.0879606848898584     
   59.400000000000013        10.400000000000000       -3.0628558584170165     
   61.200000000000010        10.400000000000000       -3.0397650043155311     
   63.000000000000000        10.400000000000000       -3.0185729086755564     
   64.800000000000011        10.400000000000000       -2.9991565051630693     
   66.600000000000009        10.400000000000000       -2.9813885563081408     
   68.399999999999991        10.400000000000000       -2.9651412600663667     
   70.200000000000003        10.400000000000000       -2.9502935386276823     
   72.000000000000000        10.400000000000000       -2.9367316729323045     
   73.799999999999997        10.400000000000000       -2.9243358144079989     
   75.600000000000009        10.400000000000000       -2.9130109681398499     
   77.399999999999991        10.400000000000000       -2.9026580331025711     
   79.199999999999989        10.400000000000000       -2.8931884543382180     
   81.000000000000000        10.400000000000000       -2.8845198478520517     
   82.799999999999997        10.400000000000000       -2.8765792097362062     
   84.599999999999994        10.400000000000000       -2.8692920203989059     
   86.400000000000006        10.400000000000000       -2.8625897629678354     
   88.200000000000003        10.400000000000000       -2.8564051177935998     
   90.000000000000000        10.400000000000000       -2.8506663365024045     
   91.799999999999997        10.400000000000000       -2.8453030091329663     
   93.600000000000009        10.400000000000000       -2.8402417914624234     
   95.400000000000006        10.400000000000000       -2.8354049342797256     
   97.199999999999989        10.400000000000000       -2.8307136013797232     
   99.000000000000014        10.400000000000000       -2.8260868161377268     
   100.80000000000001        10.400000000000000       -2.8214431314313790     
   102.59999999999999        10.400000000000000       -2.8167018981648022     
   104.40000000000001        10.400000000000000       -2.8117861830928716     
   106.19999999999999        10.400000000000000       -2.8066238462052424     
   108.00000000000000        10.400000000000000       -2.8011506672969162     
   109.80000000000000        10.400000000000000       -2.7953075585636449     
   111.59999999999999        10.400000000000000       -2.7890517261816816     
   113.40000000000001        10.400000000000000       -2.7823486183413526     
   115.20000000000002        10.400000000000000       -2.7751743850189841     
   117.00000000000000        10.400000000000000       -2.7675224318531546     
   118.80000000000003        10.400000000000000       -2.7593969967218057     
   120.60000000000001        10.400000000000000       -2.7508152902033576     
   122.40000000000002        10.400000000000000       -2.7418033144060798     
   124.20000000000000        10.400000000000000       -2.7324031004844227     
   126.00000000000000        10.400000000000000       -2.7226630000148901     
   127.80000000000001        10.400000000000000       -2.7126381905421613     
   129.60000000000002        10.400000000000000       -2.7023935811663771     
   131.40000000000001        10.400000000000000       -2.6919939267812985     
   133.20000000000002        10.400000000000000       -2.6815088836288634     
   135.00000000000000        10.400000000000000       -2.6710120705315106     
   136.79999999999998        10.400000000000000       -2.6605701156728983     
   138.59999999999999        10.400000000000000       -2.6502544754838073     
   140.40000000000001        10.400000000000000       -2.6401289228958476     
   142.20000000000002        10.400000000000000       -2.6302547913403940     
   144.00000000000000        10.400000000000000       -2.6206877373342592     
   145.79999999999998        10.400000000000000       -2.6114770127650422     
   147.59999999999999        10.400000000000000       -2.6026664593383910     
   149.40000000000003        10.400000000000000       -2.5942927695985074     
   151.20000000000002        10.400000000000000       -2.5863856849077735     
   153.00000000000000        10.400000000000000       -2.5789679061248654     
   154.79999999999998        10.400000000000000       -2.5720579564055095     
   156.59999999999997        10.400000000000000       -2.5656642507034380     
   158.39999999999998        10.400000000000000       -2.5597933024113115     
   160.20000000000002        10.400000000000000       -2.5544455213565405     
   162.00000000000000        10.400000000000000       -2.5496146738668202     
   163.79999999999998        10.400000000000000       -2.5452978997247953     
   165.59999999999999        10.400000000000000       -2.5414816214541038     
   167.40000000000001        10.400000000000000       -2.5381546909360222     
   169.19999999999999        10.400000000000000       -2.5353059158796420     
   171.00000000000000        10.400000000000000       -2.5329208894941484     
   172.80000000000001        10.400000000000000       -2.5309895385528343     
   174.59999999999999        10.400000000000000       -2.5294986987472665     
   176.40000000000001        10.400000000000000       -2.5284418107562314     
   178.20000000000002        10.400000000000000       -2.5280469407605848     
   180.00000000000000        10.400000000000000       -2.5276000138836427     
   0.0000000000000000        10.480000000000000       -4.1213846585411531     
   1.8000000000000003        10.480000000000000       -4.1188014295908681     
   3.6000000000000005        10.480000000000000       -4.1110533841865236     
   5.4000000000000004        10.480000000000000       -4.0982485362172332     
   7.2000000000000011        10.480000000000000       -4.0804951911583549     
   9.0000000000000000        10.480000000000000       -4.0580089297964328     
   10.800000000000001        10.480000000000000       -4.0309960215578258     
   12.600000000000001        10.480000000000000       -3.9997722609119069     
   14.400000000000002        10.480000000000000       -3.9646263104492201     
   16.200000000000003        10.480000000000000       -3.9259610662424818     
   18.000000000000000        10.480000000000000       -3.8841569183785527     
   19.799999999999997        10.480000000000000       -3.8395874818826297     
   21.600000000000001        10.480000000000000       -3.7927789344033447     
   23.400000000000002        10.480000000000000       -3.7441094678144320     
   25.200000000000003        10.480000000000000       -3.6940337079064234     
   27.000000000000000        10.480000000000000       -3.6430597317983335     
   28.800000000000004        10.480000000000000       -3.5915490027044914     
   30.600000000000005        10.480000000000000       -3.5399562471418693     
   32.400000000000006        10.480000000000000       -3.4886875037111564     
   34.199999999999996        10.480000000000000       -3.4380937777123939     
   36.000000000000000        10.480000000000000       -3.3884945222238700     
   37.800000000000004        10.480000000000000       -3.3401878302499268     
   39.599999999999994        10.480000000000000       -3.2934382127279340     
   41.399999999999999        10.480000000000000       -3.2484676355664290     
   43.200000000000003        10.480000000000000       -3.2054283124116392     
   45.000000000000000        10.480000000000000       -3.1644947096429328     
   46.800000000000004        10.480000000000000       -3.1257181931928786     
   48.599999999999994        10.480000000000000       -3.0891970940675391     
   50.400000000000006        10.480000000000000       -3.0549364011232996     
   52.200000000000003        10.480000000000000       -3.0229322160044014     
   54.000000000000000        10.480000000000000       -2.9931775355985808     
   55.799999999999997        10.480000000000000       -2.9655934228430629     
   57.600000000000009        10.480000000000000       -2.9401152918965230     
   59.400000000000013        10.480000000000000       -2.9166496592547553     
   61.200000000000010        10.480000000000000       -2.8950901812648349     
   63.000000000000000        10.480000000000000       -2.8753260087220389     
   64.800000000000011        10.480000000000000       -2.8572389812323489     
   66.600000000000009        10.480000000000000       -2.8407071178777836     
   68.399999999999991        10.480000000000000       -2.8256080232134186     
   70.200000000000003        10.480000000000000       -2.8118257299286307     
   72.000000000000000        10.480000000000000       -2.7992512515867642     
   73.799999999999997        10.480000000000000       -2.7877699239464984     
   75.600000000000009        10.480000000000000       -2.7772903747698354     
   77.399999999999991        10.480000000000000       -2.7677173541757574     
   79.199999999999989        10.480000000000000       -2.7589653962045984     
   81.000000000000000        10.480000000000000       -2.7509546779333935     
   82.799999999999997        10.480000000000000       -2.7436139039133103     
   84.599999999999994        10.480000000000000       -2.7368702240325624     
   86.400000000000006        10.480000000000000       -2.7306561259383733     
   88.200000000000003        10.480000000000000       -2.7249049573511019     
   90.000000000000000        10.480000000000000       -2.7195459534601758     
   91.799999999999997        10.480000000000000       -2.7145094172577040     
   93.600000000000009        10.480000000000000       -2.7097229189961878     
   95.400000000000006        10.480000000000000       -2.7051103184341843     
   97.199999999999989        10.480000000000000       -2.7005946601117081     
   99.000000000000014        10.480000000000000       -2.6960973893631710     
   100.80000000000001        10.480000000000000       -2.6915404933580573     
   102.59999999999999        10.480000000000000       -2.6868470501798205     
   104.40000000000001        10.480000000000000       -2.6819448142998170     
   106.19999999999999        10.480000000000000       -2.6767667842756517     
   108.00000000000000        10.480000000000000       -2.6712543921393808     
   109.80000000000000        10.480000000000000       -2.6653543687322303     
   111.59999999999999        10.480000000000000       -2.6590301242230123     
   113.40000000000001        10.480000000000000       -2.6522531076870957     
   115.20000000000002        10.480000000000000       -2.6450052952445633     
   117.00000000000000        10.480000000000000       -2.6372855299756988     
   118.80000000000003        10.480000000000000       -2.6291029205681324     
   120.60000000000001        10.480000000000000       -2.6204788623734099     
   122.40000000000002        10.480000000000000       -2.6114428695474601     
   124.20000000000000        10.480000000000000       -2.6020394868996659     
   126.00000000000000        10.480000000000000       -2.5923187987865668     
   127.80000000000001        10.480000000000000       -2.5823369216013736     
   129.60000000000002        10.480000000000000       -2.5721587065368094     
   131.40000000000001        10.480000000000000       -2.5618483459826593     
   133.20000000000002        10.480000000000000       -2.5514741714571136     
   135.00000000000000        10.480000000000000       -2.5411076921386377     
   136.79999999999998        10.480000000000000       -2.5308134609092399     
   138.59999999999999        10.480000000000000       -2.5206599933389016     
   140.40000000000001        10.480000000000000       -2.5107082722376770     
   142.20000000000002        10.480000000000000       -2.5010165621289304     
   144.00000000000000        10.480000000000000       -2.4916374685356573     
   145.79999999999998        10.480000000000000       -2.4826173982221262     
   147.59999999999999        10.480000000000000       -2.4739973778541113     
   149.40000000000003        10.480000000000000       -2.4658114576185306     
   151.20000000000002        10.480000000000000       -2.4580871128302109     
   153.00000000000000        10.480000000000000       -2.4508450417391385     
   154.79999999999998        10.480000000000000       -2.4441021299908878     
   156.59999999999997        10.480000000000000       -2.4378653880054166     
   158.39999999999998        10.480000000000000       -2.4321403082517210     
   160.20000000000002        10.480000000000000       -2.4269265482130278     
   162.00000000000000        10.480000000000000       -2.4222174453672309     
   163.79999999999998        10.480000000000000       -2.4180098230518108     
   165.59999999999999        10.480000000000000       -2.4142901469707421     
   167.40000000000001        10.480000000000000       -2.4110473915141859     
   169.19999999999999        10.480000000000000       -2.4082705686583421     
   171.00000000000000        10.480000000000000       -2.4059456362262668     
   172.80000000000001        10.480000000000000       -2.4040628026395909     
   174.59999999999999        10.480000000000000       -2.4026093161678843     
   176.40000000000001        10.480000000000000       -2.4015788337507029     
   178.20000000000002        10.480000000000000       -2.4011825424385567     
   180.00000000000000        10.480000000000000       -2.4007580297403419     
   0.0000000000000000        10.559999999999999       -3.9148827688724563     
   1.8000000000000003        10.559999999999999       -3.9124307350454495     
   3.6000000000000005        10.559999999999999       -3.9050761842201367     
   5.4000000000000004        10.559999999999999       -3.8929224641810065     
   7.2000000000000011        10.559999999999999       -3.8760731431325426     
   9.0000000000000000        10.559999999999999       -3.8547343983358133     
   10.800000000000001        10.559999999999999       -3.8291033915860826     
   12.600000000000001        10.559999999999999       -3.7994819534646553     
   14.400000000000002        10.559999999999999       -3.7661457960127955     
   16.200000000000003        10.559999999999999       -3.7294796877012630     
   18.000000000000000        10.559999999999999       -3.6898466406205137     
   19.799999999999997        10.559999999999999       -3.6476029823958673     
   21.600000000000001        10.559999999999999       -3.6032505227855713     
   23.400000000000002        10.559999999999999       -3.5571494342869450     
   25.200000000000003        10.559999999999999       -3.5097326364503747     
   27.000000000000000        10.559999999999999       -3.4614837393672828     
   28.800000000000004        10.559999999999999       -3.4127462103614112     
   30.600000000000005        10.559999999999999       -3.3639522295476429     
   32.400000000000006        10.559999999999999       -3.3154872774347566     
   34.199999999999996        10.559999999999999       -3.2676841649302970     
   36.000000000000000        10.559999999999999       -3.2208454587558251     
   37.800000000000004        10.559999999999999       -3.1752532064679286     
   39.599999999999994        10.559999999999999       -3.1311573168279763     
   41.399999999999999        10.559999999999999       -3.0887670636680391     
   43.200000000000003        10.559999999999999       -3.0482252797352816     
   45.000000000000000        10.559999999999999       -3.0096958237921476     
   46.800000000000004        10.559999999999999       -2.9732255225964335     
   48.599999999999994        10.559999999999999       -2.9389057321303600     
   50.400000000000006        10.559999999999999       -2.9067391500518127     
   52.200000000000003        10.559999999999999       -2.8767200301834639     
   54.000000000000000        10.559999999999999       -2.8488396362603874     
   55.799999999999997        10.559999999999999       -2.8230210808384761     
   57.600000000000009        10.559999999999999       -2.7992010993585836     
   59.400000000000013        10.559999999999999       -2.7772891137510314     
   61.200000000000010        10.559999999999999       -2.7571824507486986     
   63.000000000000000        10.559999999999999       -2.7387742534978314     
   64.800000000000011        10.559999999999999       -2.7219508445699279     
   66.600000000000009        10.559999999999999       -2.7065950366590990     
   68.399999999999991        10.559999999999999       -2.6925893506948082     
   70.200000000000003        10.559999999999999       -2.6798224397253456     
   72.000000000000000        10.559999999999999       -2.6681895658086594     
   73.799999999999997        10.559999999999999       -2.6575807347394567     
   75.600000000000009        10.559999999999999       -2.6479077620943481     
   77.399999999999991        10.559999999999999       -2.6390788112095853     
   79.199999999999989        10.559999999999999       -2.6310111231722382     
   81.000000000000000        10.559999999999999       -2.6236271080768843     
   82.799999999999997        10.559999999999999       -2.6168569233762007     
   84.599999999999994        10.559999999999999       -2.6106291844931349     
   86.400000000000006        10.559999999999999       -2.6048772568607461     
   88.200000000000003        10.559999999999999       -2.5995350962401282     
   90.000000000000000        10.559999999999999       -2.5945329101372678     
   91.799999999999997        10.559999999999999       -2.5898017630998322     
   93.600000000000009        10.559999999999999       -2.5852702284123734     
   95.400000000000006        10.559999999999999       -2.5808638775662778     
   97.199999999999989        10.559999999999999       -2.5765077548658515     
   99.000000000000014        10.559999999999999       -2.5721258439345891     
   100.80000000000001        10.559999999999999       -2.5676436455130180     
   102.59999999999999        10.559999999999999       -2.5629880278563459     
   104.40000000000001        10.559999999999999       -2.5580914353450930     
   106.19999999999999        10.559999999999999       -2.5528919613626231     
   108.00000000000000        10.559999999999999       -2.5473365865076096     
   109.80000000000000        10.559999999999999       -2.5413777169773710     
   111.59999999999999        10.559999999999999       -2.5349847487254054     
   113.40000000000001        10.559999999999999       -2.5281348861772353     
   115.20000000000002        10.559999999999999       -2.5208156542050748     
   117.00000000000000        10.559999999999999       -2.5130310264336382     
   118.80000000000003        10.559999999999999       -2.5047946724540995     
   120.60000000000001        10.559999999999999       -2.4961318669003765     
   122.40000000000002        10.559999999999999       -2.4870753458878960     
   124.20000000000000        10.559999999999999       -2.4776719054117242     
   126.00000000000000        10.559999999999999       -2.4679731360219024     
   127.80000000000001        10.559999999999999       -2.4580359054982583     
   129.60000000000002        10.559999999999999       -2.4479248712189312     
   131.40000000000001        10.559999999999999       -2.4377035649911294     
   133.20000000000002        10.559999999999999       -2.4274389442730264     
   135.00000000000000        10.559999999999999       -2.4172004140651282     
   136.79999999999998        10.559999999999999       -2.4070504721701229     
   138.59999999999999        10.559999999999999       -2.3970547749794546     
   140.40000000000001        10.559999999999999       -2.3872716046738418     
   142.20000000000002        10.559999999999999       -2.3777562772110898     
   144.00000000000000        10.559999999999999       -2.3685584812409077     
   145.79999999999998        10.559999999999999       -2.3597219119730632     
   147.59999999999999        10.559999999999999       -2.3512849259149986     
   149.40000000000003        10.559999999999999       -2.3432790787278557     
   151.20000000000002        10.559999999999999       -2.3357297125286416     
   153.00000000000000        10.559999999999999       -2.3286556498591140     
   154.79999999999998        10.559999999999999       -2.3220722446712987     
   156.59999999999997        10.559999999999999       -2.3159852110563253     
   158.39999999999998        10.559999999999999       -2.3103991004787416     
   160.20000000000002        10.559999999999999       -2.3053128881604801     
   162.00000000000000        10.559999999999999       -2.3007195392401991     
   163.79999999999998        10.559999999999999       -2.2966155998585762     
   165.59999999999999        10.559999999999999       -2.2929876099336086     
   167.40000000000001        10.559999999999999       -2.2898246847860113     
   169.19999999999999        10.559999999999999       -2.2871160515651723     
   171.00000000000000        10.559999999999999       -2.2848480361388193     
   172.80000000000001        10.559999999999999       -2.2830111291975554     
   174.59999999999999        10.559999999999999       -2.2815929869839890     
   176.40000000000001        10.559999999999999       -2.2805874801853352     
   178.20000000000002        10.559999999999999       -2.2801899382312856     
   180.00000000000000        10.559999999999999       -2.2797865275746809     
   0.0000000000000000        10.640000000000001       -3.7185683033677139     
   1.8000000000000003        10.640000000000001       -3.7162390109890646     
   3.6000000000000005        10.640000000000001       -3.7092525986265690     
   5.4000000000000004        10.640000000000001       -3.6977081523505664     
   7.2000000000000011        10.640000000000001       -3.6817049024114921     
   9.0000000000000000        10.640000000000001       -3.6614404139566039     
   10.800000000000001        10.640000000000001       -3.6371034829676052     
   12.600000000000001        10.640000000000001       -3.6089831006933566     
   14.400000000000002        10.640000000000001       -3.5773430298966962     
   16.200000000000003        10.640000000000001       -3.5425512935385313     
   18.000000000000000        10.640000000000001       -3.5049547942768520     
   19.799999999999997        10.640000000000001       -3.4648937910742048     
   21.600000000000001        10.640000000000001       -3.4228474333962264     
   23.400000000000002        10.640000000000001       -3.3791590499606774     
   25.200000000000003        10.640000000000001       -3.3342412658522518     
   27.000000000000000        10.640000000000001       -3.2885547859475199     
   28.800000000000004        10.640000000000001       -3.2424261525469684     
   30.600000000000005        10.640000000000001       -3.1962663634264206     
   32.400000000000006        10.640000000000001       -3.1504415431747006     
   34.199999999999996        10.640000000000001       -3.1052673388441132     
   36.000000000000000        10.640000000000001       -3.0610303700595409     
   37.800000000000004        10.640000000000001       -3.0179975222725326     
   39.599999999999994        10.640000000000001       -2.9764048945341601     
   41.399999999999999        10.640000000000001       -2.9364497452720664     
   43.200000000000003        10.640000000000001       -2.8982660048403872     
   45.000000000000000        10.640000000000001       -2.8620074889822575     
   46.800000000000004        10.640000000000001       -2.8277166855138165     
   48.599999999999994        10.640000000000001       -2.7954783358555200     
   50.400000000000006        10.640000000000001       -2.7652929285255055     
   52.200000000000003        10.640000000000001       -2.7371529314835770     
   54.000000000000000        10.640000000000001       -2.7110479332328987     
   55.799999999999997        10.640000000000001       -2.6869029251262879     
   57.600000000000009        10.640000000000001       -2.6646558336874255     
   59.400000000000013        10.640000000000001       -2.6442187534642945     
   61.200000000000010        10.640000000000001       -2.6254923924154880     
   63.000000000000000        10.640000000000001       -2.6083735639001651     
   64.800000000000011        10.640000000000001       -2.5927527060616207     
   66.600000000000009        10.640000000000001       -2.5785170223106135     
   68.399999999999991        10.640000000000001       -2.5655535231086546     
   70.200000000000003        10.640000000000001       -2.5537550559457762     
   72.000000000000000        10.640000000000001       -2.5430207119767609     
   73.799999999999997        10.640000000000001       -2.5332447208819455     
   75.600000000000009        10.640000000000001       -2.5243417131829782     
   77.399999999999991        10.640000000000001       -2.5162228899998227     
   79.199999999999989        10.640000000000001       -2.5088078750838263     
   81.000000000000000        10.640000000000001       -2.5020210357196091     
   82.799999999999997        10.640000000000001       -2.4957937721705004     
   84.599999999999994        10.640000000000001       -2.4900559999190066     
   86.400000000000006        10.640000000000001       -2.4847418655047364     
   88.200000000000003        10.640000000000001       -2.4797858951184004     
   90.000000000000000        10.640000000000001       -2.4751192700629980     
   91.799999999999997        10.640000000000001       -2.4706738696752666     
   93.600000000000009        10.640000000000001       -2.4663793558567382     
   95.400000000000006        10.640000000000001       -2.4621631046518018     
   97.199999999999989        10.640000000000001       -2.4579522641618343     
   99.000000000000014        10.640000000000001       -2.4536734538010125     
   100.80000000000001        10.640000000000001       -2.4492557461390820     
   102.59999999999999        10.640000000000001       -2.4446298410984038     
   104.40000000000001        10.640000000000001       -2.4397328548868775     
   106.19999999999999        10.640000000000001       -2.4345079141790205     
   108.00000000000000        10.640000000000001       -2.4289074304762543     
   109.80000000000000        10.640000000000001       -2.4228893317898423     
   111.59999999999999        10.640000000000001       -2.4164287773229014     
   113.40000000000001        10.640000000000001       -2.4095084812397443     
   115.20000000000002        10.640000000000001       -2.4021212441416289     
   117.00000000000000        10.640000000000001       -2.3942758723314306     
   118.80000000000003        10.640000000000001       -2.3859902983737107     
   120.60000000000001        10.640000000000001       -2.3772933850199096     
   122.40000000000002        10.640000000000001       -2.3682208158182592     
   124.20000000000000        10.640000000000001       -2.3588213915699563     
   126.00000000000000        10.640000000000001       -2.3491479977241303     
   127.80000000000001        10.640000000000001       -2.3392580799553815     
   129.60000000000002        10.640000000000001       -2.3292159775807053     
   131.40000000000001        10.640000000000001       -2.3190844732291902     
   133.20000000000002        10.640000000000001       -2.3089291075655063     
   135.00000000000000        10.640000000000001       -2.2988171899049852     
   136.79999999999998        10.640000000000001       -2.2888091847604897     
   138.59999999999999        10.640000000000001       -2.2789679683308908     
   140.40000000000001        10.640000000000001       -2.2693492078172679     
   142.20000000000002        10.640000000000001       -2.2600053845632742     
   144.00000000000000        10.640000000000001       -2.2509833965927517     
   145.79999999999998        10.640000000000001       -2.2423243528142272     
   147.59999999999999        10.640000000000001       -2.2340640749162368     
   149.40000000000003        10.640000000000001       -2.2262317616723486     
   151.20000000000002        10.640000000000001       -2.2188507453820141     
   153.00000000000000        10.640000000000001       -2.2119380904238528     
   154.79999999999998        10.640000000000001       -2.2055077168853252     
   156.59999999999997        10.640000000000001       -2.1995641422355359     
   158.39999999999998        10.640000000000001       -2.1941110504052563     
   160.20000000000002        10.640000000000001       -2.1891467985722435     
   162.00000000000000        10.640000000000001       -2.1846640310576571     
   163.79999999999998        10.640000000000001       -2.1806590524937559     
   165.59999999999999        10.640000000000001       -2.1771185048885977     
   167.40000000000001        10.640000000000001       -2.1740316608315284     
   169.19999999999999        10.640000000000001       -2.1713879720929126     
   171.00000000000000        10.640000000000001       -2.1691741351082117     
   172.80000000000001        10.640000000000001       -2.1673809229197425     
   174.59999999999999        10.640000000000001       -2.1659963949820251     
   176.40000000000001        10.640000000000001       -2.1650146331007609     
   178.20000000000002        10.640000000000001       -2.1646160352329891     
   180.00000000000000        10.640000000000001       -2.1642325497892210     
   0.0000000000000000        10.719999999999999       -3.5331355137694831     
   1.8000000000000003        10.719999999999999       -3.5309202511723803     
   3.6000000000000005        10.719999999999999       -3.5242758474806952     
   5.4000000000000004        10.719999999999999       -3.5132975272428912     
   7.2000000000000011        10.719999999999999       -3.4980805791335654     
   9.0000000000000000        10.719999999999999       -3.4788147416752473     
   10.800000000000001        10.719999999999999       -3.4556811838896571     
   12.600000000000001        10.719999999999999       -3.4289571788873991     
   14.400000000000002        10.719999999999999       -3.3988955430007239     
   16.200000000000003        10.719999999999999       -3.3658489399611975     
   18.000000000000000        10.719999999999999       -3.3301494420440831     
   19.799999999999997        10.719999999999999       -3.2921224738279204     
   21.600000000000001        10.719999999999999       -3.2522262551318990     
   23.400000000000002        10.719999999999999       -3.2107884743102288     
   25.200000000000003        10.719999999999999       -3.1682029081235621     
   27.000000000000000        10.719999999999999       -3.1249089609044240     
   28.800000000000004        10.719999999999999       -3.0812173630436486     
   30.600000000000005        10.719999999999999       -3.0375193447581070     
   32.400000000000006        10.719999999999999       -2.9941629298006016     
   34.199999999999996        10.719999999999999       -2.9514476846585094     
   36.000000000000000        10.719999999999999       -2.9096452739484477     
   37.800000000000004        10.719999999999999       -2.8690083574358627     
   39.599999999999994        10.719999999999999       -2.8297600687302991     
   41.399999999999999        10.719999999999999       -2.7920863764662247     
   43.200000000000003        10.719999999999999       -2.7561128292625217     
   45.000000000000000        10.719999999999999       -2.7219838091582114     
   46.800000000000004        10.719999999999999       -2.6897376956845980     
   48.599999999999994        10.719999999999999       -2.6594530114555583     
   50.400000000000006        10.719999999999999       -2.6311281409482095     
   52.200000000000003        10.719999999999999       -2.6047538488939819     
   54.000000000000000        10.719999999999999       -2.5803181259768375     
   55.799999999999997        10.719999999999999       -2.5577476797321244     
   57.600000000000009        10.719999999999999       -2.5369815066583299     
   59.400000000000013        10.719999999999999       -2.5179341448156585     
   61.200000000000010        10.719999999999999       -2.5005093948649728     
   63.000000000000000        10.719999999999999       -2.4846074172633821     
   64.800000000000011        10.719999999999999       -2.4701223954123877     
   66.600000000000009        10.719999999999999       -2.4569455163869334     
   68.399999999999991        10.719999999999999       -2.4449678487105793     
   70.200000000000003        10.719999999999999       -2.4340860049162969     
   72.000000000000000        10.719999999999999       -2.4242024841062886     
   73.799999999999997        10.719999999999999       -2.4152152908565334     
   75.600000000000009        10.719999999999999       -2.4070415010817623     
   77.399999999999991        10.719999999999999       -2.3995949814300848     
   79.199999999999989        10.719999999999999       -2.3927974204993618     
   81.000000000000000        10.719999999999999       -2.3865748759156733     
   82.799999999999997        10.719999999999999       -2.3808597935481681     
   84.599999999999994        10.719999999999999       -2.3755832361311704     
   86.400000000000006        10.719999999999999       -2.3706800498945264     
   88.200000000000003        10.719999999999999       -2.3660853100518842     
   90.000000000000000        10.719999999999999       -2.3617311860596146     
   91.799999999999997        10.719999999999999       -2.3575504381916237     
   93.600000000000009        10.719999999999999       -2.3534739126375466     
   95.400000000000006        10.719999999999999       -2.3494308864133626     
   97.199999999999989        10.719999999999999       -2.3453507154986863     
   99.000000000000014        10.719999999999999       -2.3411627473488763     
   100.80000000000001        10.719999999999999       -2.3367996702353802     
   102.59999999999999        10.719999999999999       -2.3321960395924304     
   104.40000000000001        10.719999999999999       -2.3272935988981516     
   106.19999999999999        10.719999999999999       -2.3220404155033845     
   108.00000000000000        10.719999999999999       -2.3163941777211203     
   109.80000000000000        10.719999999999999       -2.3103181434890554     
   111.59999999999999        10.719999999999999       -2.3037929691490295     
   113.40000000000001        10.719999999999999       -2.2968065902499450     
   115.20000000000002        10.719999999999999       -2.2893567676338384     
   117.00000000000000        10.719999999999999       -2.2814568009016072     
   118.80000000000003        10.719999999999999       -2.2731285494523656     
   120.60000000000001        10.719999999999999       -2.2644041385934117     
   122.40000000000002        10.719999999999999       -2.2553218946490632     
   124.20000000000000        10.719999999999999       -2.2459323521841732     
   126.00000000000000        10.719999999999999       -2.2362894607715638     
   127.80000000000001        10.719999999999999       -2.2264510560756516     
   129.60000000000002        10.719999999999999       -2.2164810266411648     
   131.40000000000001        10.719999999999999       -2.2064413126019429     
   133.20000000000002        10.719999999999999       -2.1963959951041199     
   135.00000000000000        10.719999999999999       -2.1864103011615819     
   136.79999999999998        10.719999999999999       -2.1765426893593913     
   138.59999999999999        10.719999999999999       -2.1668533454096419     
   140.40000000000001        10.719999999999999       -2.1573954177852794     
   142.20000000000002        10.719999999999999       -2.1482186798247307     
   144.00000000000000        10.719999999999999       -2.1393673783031768     
   145.79999999999998        10.719999999999999       -2.1308801735457736     
   147.59999999999999        10.719999999999999       -2.1227905005905070     
   149.40000000000003        10.719999999999999       -2.1151253514393433     
   151.20000000000002        10.719999999999999       -2.1079061827611056     
   153.00000000000000        10.719999999999999       -2.1011484282119257     
   154.79999999999998        10.719999999999999       -2.0948646798556592     
   156.59999999999997        10.719999999999999       -2.0890583659401276     
   158.39999999999998        10.719999999999999       -2.0837323817906488     
   160.20000000000002        10.719999999999999       -2.0788845352265533     
   162.00000000000000        10.719999999999999       -2.0745072044795601     
   163.79999999999998        10.719999999999999       -2.0705964904699687     
   165.59999999999999        10.719999999999999       -2.0671391662878675     
   167.40000000000001        10.719999999999999       -2.0641246784800567     
   169.19999999999999        10.719999999999999       -2.0615427127489592     
   171.00000000000000        10.719999999999999       -2.0593803378772360     
   172.80000000000001        10.719999999999999       -2.0576286086342446     
   174.59999999999999        10.719999999999999       -2.0562759817826737     
   176.40000000000001        10.719999999999999       -2.0553167469545448     
   178.20000000000002        10.719999999999999       -2.0549173572588955     
   180.00000000000000        10.719999999999999       -2.0545525615325242     
   0.0000000000000000        10.800000000000001       -3.3564021927276757     
   1.8000000000000003        10.800000000000001       -3.3542942317239879     
   3.6000000000000005        10.800000000000001       -3.3479716562780122     
   5.4000000000000004        10.800000000000001       -3.3375261256255548     
   7.2000000000000011        10.800000000000001       -3.3230492812322749     
   9.0000000000000000        10.800000000000001       -3.3047236182591906     
   10.800000000000001        10.800000000000001       -3.2827232295019177     
   12.600000000000001        10.800000000000001       -3.2573145065809324     
   14.400000000000002        10.800000000000001       -3.2287400714244536     
   16.200000000000003        10.800000000000001       -3.1973382697138826     
   18.000000000000000        10.800000000000001       -3.1634273093071759     
   19.799999999999997        10.800000000000001       -3.1273187169049672     
   21.600000000000001        10.800000000000001       -3.0894510968064175     
   23.400000000000002        10.800000000000001       -3.0501374202374016     
   25.200000000000003        10.800000000000001       -3.0097537258167146     
   27.000000000000000        10.800000000000001       -2.9687193529755658     
   28.800000000000004        10.800000000000001       -2.9273300873111303     
   30.600000000000005        10.800000000000001       -2.8859584911842102     
   32.400000000000006        10.800000000000001       -2.8449354693685578     
   34.199999999999996        10.800000000000001       -2.8045453608572850     
   36.000000000000000        10.800000000000001       -2.7650456600673095     
   37.800000000000004        10.800000000000001       -2.7266755443651771     
   39.599999999999994        10.800000000000001       -2.6896458551622398     
   41.399999999999999        10.800000000000001       -2.6541318533928839     
   43.200000000000003        10.800000000000001       -2.6202511291648980     
   45.000000000000000        10.800000000000001       -2.5881391224423012     
   46.800000000000004        10.800000000000001       -2.5578303012418027     
   48.599999999999994        10.800000000000001       -2.5293972936348177     
   50.400000000000006        10.800000000000001       -2.5028364770077487     
   52.200000000000003        10.800000000000001       -2.4781369911669699     
   54.000000000000000        10.800000000000001       -2.4552853024964736     
   55.799999999999997        10.800000000000001       -2.4342097196466090     
   57.600000000000009        10.800000000000001       -2.4148502258956057     
   59.400000000000013        10.800000000000001       -2.3971236345957898     
   61.200000000000010        10.800000000000001       -2.3809366240714298     
   63.000000000000000        10.800000000000001       -2.3661924597717214     
   64.800000000000011        10.800000000000001       -2.3527887914766366     
   66.600000000000009        10.800000000000001       -2.3406204826498587     
   68.399999999999991        10.800000000000001       -2.3295823340180570     
   70.200000000000003        10.800000000000001       -2.3195743998171197     
   72.000000000000000        10.800000000000001       -2.3105022713430268     
   73.799999999999997        10.800000000000001       -2.3022673905329913     
   75.600000000000009        10.800000000000001       -2.2947890055498656     
   77.399999999999991        10.800000000000001       -2.2879833731329420     
   79.199999999999989        10.800000000000001       -2.2817740146071284     
   81.000000000000000        10.800000000000001       -2.2760884857089816     
   82.799999999999997        10.800000000000001       -2.2708601407566991     
   84.599999999999994        10.800000000000001       -2.2660210853453906     
   86.400000000000006        10.800000000000001       -2.2615068163043857     
   88.200000000000003        10.800000000000001       -2.2572529542136426     
   90.000000000000000        10.800000000000001       -2.2531926768606105     
   91.799999999999997        10.800000000000001       -2.2492596842741963     
   93.600000000000009        10.800000000000001       -2.2453860854289114     
   95.400000000000006        10.800000000000001       -2.2415031320643157     
   97.199999999999989        10.800000000000001       -2.2375424646654452     
   99.000000000000014        10.800000000000001       -2.2334362222798116     
   100.80000000000001        10.800000000000001       -2.2291207290093800     
   102.59999999999999        10.800000000000001       -2.2245343984563886     
   104.40000000000001        10.800000000000001       -2.2196235459736031     
   106.19999999999999        10.800000000000001       -2.2143410847550062     
   108.00000000000000        10.800000000000001       -2.2086498350525443     
   109.80000000000000        10.800000000000001       -2.2025182102403589     
   111.59999999999999        10.800000000000001       -2.1959321298685914     
   113.40000000000001        10.800000000000001       -2.1888845011323852     
   115.20000000000002        10.800000000000001       -2.1813777754620980     
   117.00000000000000        10.800000000000001       -2.1734294591520644     
   118.80000000000003        10.800000000000001       -2.1650650569812160     
   120.60000000000001        10.800000000000001       -2.1563196863766017     
   122.40000000000002        10.800000000000001       -2.1472340650684787     
   124.20000000000000        10.800000000000001       -2.1378602395277477     
   126.00000000000000        10.800000000000001       -2.1282530358093967     
   127.80000000000001        10.800000000000001       -2.1184705279868603     
   129.60000000000002        10.800000000000001       -2.1085760482093354     
   131.40000000000001        10.800000000000001       -2.0986306208749270     
   133.20000000000002        10.800000000000001       -2.0886968359035527     
   135.00000000000000        10.800000000000001       -2.0788378520629993     
   136.79999999999998        10.800000000000001       -2.0691101470245652     
   138.59999999999999        10.800000000000001       -2.0595712916490445     
   140.40000000000001        10.800000000000001       -2.0502719960884819     
   142.20000000000002        10.800000000000001       -2.0412594303588558     
   144.00000000000000        10.800000000000001       -2.0325753045529917     
   145.79999999999998        10.800000000000001       -2.0242559431941909     
   147.59999999999999        10.800000000000001       -2.0163325155162868     
   149.40000000000003        10.800000000000001       -2.0088299287400204     
   151.20000000000002        10.800000000000001       -2.0017678726582435     
   153.00000000000000        10.800000000000001       -1.9951602531707173     
   154.79999999999998        10.800000000000001       -1.9890184196634704     
   156.59999999999997        10.800000000000001       -1.9833447973606051     
   158.39999999999998        10.800000000000001       -1.9781415561651836     
   160.20000000000002        10.800000000000001       -1.9734060092622954     
   162.00000000000000        10.800000000000001       -1.9691303120668382     
   163.79999999999998        10.800000000000001       -1.9653103915877910     
   165.59999999999999        10.800000000000001       -1.9619331743745680     
   167.40000000000001        10.800000000000001       -1.9589882935455110     
   169.19999999999999        10.800000000000001       -1.9564656754630576     
   171.00000000000000        10.800000000000001       -1.9543527618671794     
   172.80000000000001        10.800000000000001       -1.9526408881337611     
   174.59999999999999        10.800000000000001       -1.9513189029125235     
   176.40000000000001        10.800000000000001       -1.9503813006192965     
   178.20000000000002        10.800000000000001       -1.9499813775166146     
   180.00000000000000        10.800000000000001       -1.9496342999887171     
   0.0000000000000000        10.879999999999999       -3.1894656888687241     
   1.8000000000000003        10.879999999999999       -3.1874577325111080     
   3.6000000000000005        10.879999999999999       -3.1814350991023432     
   5.4000000000000004        10.879999999999999       -3.1714861879088820     
   7.2000000000000011        10.879999999999999       -3.1576992979011713     
   9.0000000000000000        10.879999999999999       -3.1402502845573141     
   10.800000000000001        10.879999999999999       -3.1193067371716743     
   12.600000000000001        10.879999999999999       -3.0951250371258729     
   14.400000000000002        10.879999999999999       -3.0679383998171863     
   16.200000000000003        10.879999999999999       -3.0380719457623218     
   18.000000000000000        10.879999999999999       -3.0058310391263747     
   19.799999999999997        10.879999999999999       -2.9715143038374734     
   21.600000000000001        10.879999999999999       -2.9355421262848220     
   23.400000000000002        10.879999999999999       -2.8982137543262216     
   25.200000000000003        10.879999999999999       -2.8598886843130842     
   27.000000000000000        10.879999999999999       -2.8209675264326450     
   28.800000000000004        10.879999999999999       -2.7817320711034594     
   30.600000000000005        10.879999999999999       -2.7425374141710490     
   32.400000000000006        10.879999999999999       -2.7036984216624540     
   34.199999999999996        10.879999999999999       -2.6654851503632639     
   36.000000000000000        10.879999999999999       -2.6281417983586977     
   37.800000000000004        10.879999999999999       -2.5918948912044750     
   39.599999999999994        10.879999999999999       -2.5569437340651464     
   41.399999999999999        10.879999999999999       -2.5234535378310365     
   43.200000000000003        10.879999999999999       -2.4915344187289095     
   45.000000000000000        10.879999999999999       -2.4613134333514215     
   46.800000000000004        10.879999999999999       -2.4328213742084275     
   48.599999999999994        10.879999999999999       -2.4061253490872256     
   50.400000000000006        10.879999999999999       -2.3812198526284902     
   52.200000000000003        10.879999999999999       -2.3580925023188959     
   54.000000000000000        10.879999999999999       -2.3367283368306482     
   55.799999999999997        10.879999999999999       -2.3170571542170126     
   57.600000000000009        10.879999999999999       -2.2990198472925227     
   59.400000000000013        10.879999999999999       -2.2825353334351326     
   61.200000000000010        10.879999999999999       -2.2675129456198571     
   63.000000000000000        10.879999999999999       -2.2538588016595704     
   64.800000000000011        10.879999999999999       -2.2414737249727903     
   66.600000000000009        10.879999999999999       -2.2302559319942135     
   68.399999999999991        10.879999999999999       -2.2201036125313518     
   70.200000000000003        10.879999999999999       -2.2109199233473693     
   72.000000000000000        10.879999999999999       -2.2026132185297378     
   73.799999999999997        10.879999999999999       -2.1950880239257549     
   75.600000000000009        10.879999999999999       -2.1882654800718120     
   77.399999999999991        10.879999999999999       -2.1820639509782307     
   79.199999999999989        10.879999999999999       -2.1764085562294766     
   81.000000000000000        10.879999999999999       -2.1712281588356479     
   82.799999999999997        10.879999999999999       -2.1664568917810403     
   84.599999999999994        10.879999999999999       -2.1620278069795749     
   86.400000000000006        10.879999999999999       -2.1578770151789364     
   88.200000000000003        10.879999999999999       -2.1539406934445444     
   90.000000000000000        10.879999999999999       -2.1501530597958349     
   91.799999999999997        10.879999999999999       -2.1464488259055359     
   93.600000000000009        10.879999999999999       -2.1427614526745846     
   95.400000000000006        10.879999999999999       -2.1390242438216429     
   97.199999999999989        10.879999999999999       -2.1351712009130752     
   99.000000000000014        10.879999999999999       -2.1311373121372696     
   100.80000000000001        10.879999999999999       -2.1268625405406598     
   102.59999999999999        10.879999999999999       -2.1222891397589199     
   104.40000000000001        10.879999999999999       -2.1173679097784976     
   106.19999999999999        10.879999999999999       -2.1120564770690464     
   108.00000000000000        10.879999999999999       -2.1063226041936067     
   109.80000000000000        10.879999999999999       -2.1001396379843666     
   111.59999999999999        10.879999999999999       -2.0934984725939425     
   113.40000000000001        10.879999999999999       -2.0863966830598395     
   115.20000000000002        10.879999999999999       -2.0788410875430348     
   117.00000000000000        10.879999999999999       -2.0708530589016680     
   118.80000000000003        10.879999999999999       -2.0624614161386625     
   120.60000000000001        10.879999999999999       -2.0537039531984487     
   122.40000000000002        10.879999999999999       -2.0446234879105534     
   124.20000000000000        10.879999999999999       -2.0352733237206926     
   126.00000000000000        10.879999999999999       -2.0257089490934197     
   127.80000000000001        10.879999999999999       -2.0159885050756858     
   129.60000000000002        10.879999999999999       -2.0061746497823201     
   131.40000000000001        10.879999999999999       -1.9963274116284992     
   133.20000000000002        10.879999999999999       -1.9865078569706984     
   135.00000000000000        10.879999999999999       -1.9767770964236977     
   136.79999999999998        10.879999999999999       -1.9671896588413005     
   138.59999999999999        10.879999999999999       -1.9578005900562108     
   140.40000000000001        10.879999999999999       -1.9486582564888191     
   142.20000000000002        10.879999999999999       -1.9398073466405130     
   144.00000000000000        10.879999999999999       -1.9312871663973044     
   145.79999999999998        10.879999999999999       -1.9231318343767383     
   147.59999999999999        10.879999999999999       -1.9153703925712444     
   149.40000000000003        10.879999999999999       -1.9080258027290968     
   151.20000000000002        10.879999999999999       -1.9011161115978541     
   153.00000000000000        10.879999999999999       -1.8946538141435509     
   154.79999999999998        10.879999999999999       -1.8886491136998922     
   156.59999999999997        10.879999999999999       -1.8831035294971337     
   158.39999999999998        10.879999999999999       -1.8780185769377964     
   160.20000000000002        10.879999999999999       -1.8733911356419564     
   162.00000000000000        10.879999999999999       -1.8692131860364902     
   163.79999999999998        10.879999999999999       -1.8654805140568809     
   165.59999999999999        10.879999999999999       -1.8621802236776281     
   167.40000000000001        10.879999999999999       -1.8593021477215821     
   169.19999999999999        10.879999999999999       -1.8568364597635287     
   171.00000000000000        10.879999999999999       -1.8547709740541500     
   172.80000000000001        10.879999999999999       -1.8530973044607761     
   174.59999999999999        10.879999999999999       -1.8518046844642331     
   176.40000000000001        10.879999999999999       -1.8508878092864016     
   178.20000000000002        10.879999999999999       -1.8504877061661416     
   180.00000000000000        10.879999999999999       -1.8501572722280053     
   0.0000000000000000        10.960000000000001       -3.0299909175089321     
   1.8000000000000003        10.960000000000001       -3.0280775950149450     
   3.6000000000000005        10.960000000000001       -3.0223387948070712     
   5.4000000000000004        10.960000000000001       -3.0128598698364941     
   7.2000000000000011        10.960000000000001       -2.9997259907257900     
   9.0000000000000000        10.960000000000001       -2.9831067974670091     
   10.800000000000001        10.960000000000001       -2.9631637802905439     
   12.600000000000001        10.960000000000001       -2.9401439264632345     
   14.400000000000002        10.960000000000001       -2.9142716054697955     
   16.200000000000003        10.960000000000001       -2.8858594918224907     
   18.000000000000000        10.960000000000001       -2.8552008386095169     
   19.799999999999997        10.960000000000001       -2.8225820851619465     
   21.600000000000001        10.960000000000001       -2.7884064095156917     
   23.400000000000002        10.960000000000001       -2.7529600624358141     
   25.200000000000003        10.960000000000001       -2.7165868726018947     
   27.000000000000000        10.960000000000001       -2.6796697010160448     
   28.800000000000004        10.960000000000001       -2.6424770482859952     
   30.600000000000005        10.960000000000001       -2.6053474340056266     
   32.400000000000006        10.960000000000001       -2.5685804911981847     
   34.199999999999996        10.960000000000001       -2.5324327041058137     
   36.000000000000000        10.960000000000001       -2.4971356333575625     
   37.800000000000004        10.960000000000001       -2.4629037808977552     
   39.599999999999994        10.960000000000001       -2.4299254897965548     
   41.399999999999999        10.960000000000001       -2.3983564230652208     
   43.200000000000003        10.960000000000001       -2.3682995973459171     
   45.000000000000000        10.960000000000001       -2.3398741145775994     
   46.800000000000004        10.960000000000001       -2.3131072809752622     
   48.599999999999994        10.960000000000001       -2.2880609749928582     
   50.400000000000006        10.960000000000001       -2.2647279132393980     
   52.200000000000003        10.960000000000001       -2.2430942785861587     
   54.000000000000000        10.960000000000001       -2.2231437647466668     
   55.799999999999997        10.960000000000001       -2.2048075860972633     
   57.600000000000009        10.960000000000001       -2.1880274972834766     
   59.400000000000013        10.960000000000001       -2.1727244016456480     
   61.200000000000010        10.960000000000001       -2.1588101300870650     
   63.000000000000000        10.960000000000001       -2.1461934741829927     
   64.800000000000011        10.960000000000001       -2.1347782228051275     
   66.600000000000009        10.960000000000001       -2.1244657147628887     
   68.399999999999991        10.960000000000001       -2.1151572842258086     
   70.200000000000003        10.960000000000001       -2.1067589495661254     
   72.000000000000000        10.960000000000001       -2.0991815950446222     
   73.799999999999997        10.960000000000001       -2.0923325797612957     
   75.600000000000009        10.960000000000001       -2.0861347427294672     
   77.399999999999991        10.960000000000001       -2.0805083587317474     
   79.199999999999989        10.960000000000001       -2.0753799855474337     
   81.000000000000000        10.960000000000001       -2.0706796656105504     
   82.799999999999997        10.960000000000001       -2.0663422284307402     
   84.599999999999994        10.960000000000001       -2.0623016127314417     
   86.400000000000006        10.960000000000001       -2.0584945274665878     
   88.200000000000003        10.960000000000001       -2.0548577244283663     
   90.000000000000000        10.960000000000001       -2.0513264916470928     
   91.799999999999997        10.960000000000001       -2.0478366101715282     
   93.600000000000009        10.960000000000001       -2.0443229602707551     
   95.400000000000006        10.960000000000001       -2.0407209515377542     
   97.199999999999989        10.960000000000001       -2.0369669973398317     
   99.000000000000014        10.960000000000001       -2.0329989683498981     
   100.80000000000001        10.960000000000001       -2.0287604547971321     
   102.59999999999999        10.960000000000001       -2.0241975214439352     
   104.40000000000001        10.960000000000001       -2.0192653690276368     
   106.19999999999999        10.960000000000001       -2.0139262184456701     
   108.00000000000000        10.960000000000001       -2.0081526119941477     
   109.80000000000000        10.960000000000001       -2.0019226435838271     
   111.59999999999999        10.960000000000001       -1.9952319453089074     
   113.40000000000001        10.960000000000001       -1.9880825137052134     
   115.20000000000002        10.960000000000001       -1.9804852737871033     
   117.00000000000000        10.960000000000001       -1.9724651947531904     
   118.80000000000003        10.960000000000001       -1.9640541486475620     
   120.60000000000001        10.960000000000001       -1.9552923587631250     
   122.40000000000002        10.960000000000001       -1.9462245162744189     
   124.20000000000000        10.960000000000001       -1.9369049846644075     
   126.00000000000000        10.960000000000001       -1.9273897505029596     
   127.80000000000001        10.960000000000001       -1.9177368912844861     
   129.60000000000002        10.960000000000001       -1.9080083028306205     
   131.40000000000001        10.960000000000001       -1.8982629583346773     
   133.20000000000002        10.960000000000001       -1.8885603785168930     
   135.00000000000000        10.960000000000001       -1.8789596441953689     
   136.79999999999998        10.960000000000001       -1.8695133626269627     
   138.59999999999999        10.960000000000001       -1.8602741261708275     
   140.40000000000001        10.960000000000001       -1.8512880322542884     
   142.20000000000002        10.960000000000001       -1.8425973831809344     
   144.00000000000000        10.960000000000001       -1.8342391837152459     
   145.79999999999998        10.960000000000001       -1.8262454472907472     
   147.59999999999999        10.960000000000001       -1.8186431956608862     
   149.40000000000003        10.960000000000001       -1.8114535522780277     
   151.20000000000002        10.960000000000001       -1.8046930158586214     
   153.00000000000000        10.960000000000001       -1.7983727597712427     
   154.79999999999998        10.960000000000001       -1.7925019150473127     
   156.59999999999997        10.960000000000001       -1.7870811685618133     
   158.39999999999998        10.960000000000001       -1.7821114349012683     
   160.20000000000002        10.960000000000001       -1.7775892060791862     
   162.00000000000000        10.960000000000001       -1.7735063231795878     
   163.79999999999998        10.960000000000001       -1.7698584554694343     
   165.59999999999999        10.960000000000001       -1.7666329016223619     
   167.40000000000001        10.960000000000001       -1.7638197033388792     
   169.19999999999999        10.960000000000001       -1.7614092856175421     
   171.00000000000000        10.960000000000001       -1.7593898340301677     
   172.80000000000001        10.960000000000001       -1.7577532386918193     
   174.59999999999999        10.960000000000001       -1.7564891118406101     
   176.40000000000001        10.960000000000001       -1.7555923460718776     
   178.20000000000002        10.960000000000001       -1.7551923766892217     
   180.00000000000000        10.960000000000001       -1.7548777809990339     
   0.0000000000000000        11.039999999999999       -2.8793760525373666     
   1.8000000000000003        11.039999999999999       -2.8775512267642491     
   3.6000000000000005        11.039999999999999       -2.8720778524752686     
   5.4000000000000004        11.039999999999999       -2.8630384656497387     
   7.2000000000000011        11.039999999999999       -2.8505153397507388     
   9.0000000000000000        11.039999999999999       -2.8346723571657884     
   10.800000000000001        11.039999999999999       -2.8156653484125194     
   12.600000000000001        11.039999999999999       -2.7937325771933894     
   14.400000000000002        11.039999999999999       -2.7690901820469618     
   16.200000000000003        11.039999999999999       -2.7420392482719391     
   18.000000000000000        11.039999999999999       -2.7128617302652898     
   19.799999999999997        11.039999999999999       -2.6818326845442630     
   21.600000000000001        11.039999999999999       -2.6493392090847716     
   23.400000000000002        11.039999999999999       -2.6156553807212997     
   25.200000000000003        11.039999999999999       -2.5811103525222152     
   27.000000000000000        11.039999999999999       -2.5460703522996733     
   28.800000000000004        11.039999999999999       -2.5107914054641136     
   30.600000000000005        11.039999999999999       -2.4755964807116979     
   32.400000000000006        11.039999999999999       -2.4407709129094064     
   34.199999999999996        11.039999999999999       -2.4065584430575435     
   36.000000000000000        11.039999999999999       -2.3731787678896064     
   37.800000000000004        11.039999999999999       -2.3408351057460286     
   39.599999999999994        11.039999999999999       -2.3097055169673477     
   41.399999999999999        11.039999999999999       -2.2799367142185538     
   43.200000000000003        11.039999999999999       -2.2516250652663734     
   45.000000000000000        11.039999999999999       -2.2248822301219255     
   46.800000000000004        11.039999999999999       -2.1997322651517268     
   48.599999999999994        11.039999999999999       -2.1762321721449789     
   50.400000000000006        11.039999999999999       -2.1543730265850285     
   52.200000000000003        11.039999999999999       -2.1341396929294234     
   54.000000000000000        11.039999999999999       -2.1155146298699101     
   55.799999999999997        11.039999999999999       -2.0984303968035269     
   57.600000000000009        11.039999999999999       -2.0828295680275515     
   59.400000000000013        11.039999999999999       -2.0686349089123963     
   61.200000000000010        11.039999999999999       -2.0557605795954261     
   63.000000000000000        11.039999999999999       -2.0441178517857064     
   64.800000000000011        11.039999999999999       -2.0336132524654875     
   66.600000000000009        11.039999999999999       -2.0241509902452388     
   68.399999999999991        11.039999999999999       -2.0156352755740690     
   70.200000000000003        11.039999999999999       -2.0079747259789826     
   72.000000000000000        11.039999999999999       -2.0010825044576528     
   73.799999999999997        11.039999999999999       -1.9948685308028218     
   75.600000000000009        11.039999999999999       -1.9892571382800961     
   77.399999999999991        11.039999999999999       -1.9841703044840993     
   79.199999999999989        11.039999999999999       -1.9795358600033341     
   81.000000000000000        11.039999999999999       -1.9752848979964615     
   82.799999999999997        11.039999999999999       -1.9713528688032098     
   84.599999999999994        11.039999999999999       -1.9676745452746582     
   86.400000000000006        11.039999999999999       -1.9641872312724662     
   88.200000000000003        11.039999999999999       -1.9608282868287228     
   90.000000000000000        11.039999999999999       -1.9575341112758335     
   91.799999999999997        11.039999999999999       -1.9542416260482047     
   93.600000000000009        11.039999999999999       -1.9508872086539728     
   95.400000000000006        11.039999999999999       -1.9474084303692263     
   97.199999999999989        11.039999999999999       -1.9437441649128557     
   99.000000000000014        11.039999999999999       -1.9398351896383375     
   100.80000000000001        11.039999999999999       -1.9356286880113385     
   102.59999999999999        11.039999999999999       -1.9310744805295719     
   104.40000000000001        11.039999999999999       -1.9261320452733308     
   106.19999999999999        11.039999999999999       -1.9207680323642766     
   108.00000000000000        11.039999999999999       -1.9149595467108886     
   109.80000000000000        11.039999999999999       -1.9086891852834595     
   111.59999999999999        11.039999999999999       -1.9019570154496956     
   113.40000000000001        11.039999999999999       -1.8947691437697300     
   115.20000000000002        11.039999999999999       -1.8871402770749943     
   117.00000000000000        11.039999999999999       -1.8790986465061836     
   118.80000000000003        11.039999999999999       -1.8706788564656129     
   120.60000000000001        11.039999999999999       -1.8619232584556595     
   122.40000000000002        11.039999999999999       -1.8528781425902108     
   124.20000000000000        11.039999999999999       -1.8435986961321404     
   126.00000000000000        11.039999999999999       -1.8341412081210513     
   127.80000000000001        11.039999999999999       -1.8245635385592669     
   129.60000000000002        11.039999999999999       -1.8149267187665541     
   131.40000000000001        11.039999999999999       -1.8052885995219654     
   133.20000000000002        11.039999999999999       -1.7957071335711881     
   135.00000000000000        11.039999999999999       -1.7862393980654043     
   136.79999999999998        11.039999999999999       -1.7769361148636531     
   138.59999999999999        11.039999999999999       -1.7678475119707935     
   140.40000000000001        11.039999999999999       -1.7590175100711283     
   142.20000000000002        11.039999999999999       -1.7504861416317117     
   144.00000000000000        11.039999999999999       -1.7422882353376725     
   145.79999999999998        11.039999999999999       -1.7344538211247806     
   147.59999999999999        11.039999999999999       -1.7270080291650476     
   149.40000000000003        11.039999999999999       -1.7199702729162354     
   151.20000000000002        11.039999999999999       -1.7133556164546235     
   153.00000000000000        11.039999999999999       -1.7071740177384502     
   154.79999999999998        11.039999999999999       -1.7014336229686213     
   156.59999999999997        11.039999999999999       -1.6961343733839767     
   158.39999999999998        11.039999999999999       -1.6912766457872759     
   160.20000000000002        11.039999999999999       -1.6868565981516732     
   162.00000000000000        11.039999999999999       -1.6828659732464830     
   163.79999999999998        11.039999999999999       -1.6793003516730840     
   165.59999999999999        11.039999999999999       -1.6761472458091893     
   167.40000000000001        11.039999999999999       -1.6733969158793136     
   169.19999999999999        11.039999999999999       -1.6710400421552036     
   171.00000000000000        11.039999999999999       -1.6690651788803634     
   172.80000000000001        11.039999999999999       -1.6674644888419445     
   174.59999999999999        11.039999999999999       -1.6662279548232486     
   176.40000000000001        11.039999999999999       -1.6653506621459229     
   178.20000000000002        11.039999999999999       -1.6649512599682681     
   180.00000000000000        11.039999999999999       -1.6646515633543029     
   0.0000000000000000        11.120000000000001       -2.7359384596320497     
   1.8000000000000003        11.120000000000001       -2.7341973402395645     
   3.6000000000000005        11.120000000000001       -2.7289750241906958     
   5.4000000000000004        11.120000000000001       -2.7203513978716050     
   7.2000000000000011        11.120000000000001       -2.7084060074158045     
   9.0000000000000000        11.120000000000001       -2.6932973139114833     
   10.800000000000001        11.120000000000001       -2.6751758131993131     
   12.600000000000001        11.120000000000001       -2.6542715425326611     
   14.400000000000002        11.120000000000001       -2.6307928694126406     
   16.200000000000003        11.120000000000001       -2.6050299324130477     
   18.000000000000000        11.120000000000001       -2.5772540019837553     
   19.799999999999997        11.120000000000001       -2.5477293629395823     
   21.600000000000001        11.120000000000001       -2.5168278941391091     
   23.400000000000002        11.120000000000001       -2.4848121358140784     
   25.200000000000003        11.120000000000001       -2.4519973341274430     
   27.000000000000000        11.120000000000001       -2.4187339518233539     
   28.800000000000004        11.120000000000001       -2.3852661817484888     
   30.600000000000005        11.120000000000001       -2.3519022483856893     
   32.400000000000006        11.120000000000001       -2.3189139291951384     
   34.199999999999996        11.120000000000001       -2.2865328835701764     
   36.000000000000000        11.120000000000001       -2.2549675642203701     
   37.800000000000004        11.120000000000001       -2.2244105006876995     
   39.599999999999994        11.120000000000001       -2.1950300188788532     
   41.399999999999999        11.120000000000001       -2.1669643658274862     
   43.200000000000003        11.120000000000001       -2.1403036299601101     
   45.000000000000000        11.120000000000001       -2.1151524471387733     
   46.800000000000004        11.120000000000001       -2.0915318240060135     
   48.599999999999994        11.120000000000001       -2.0694941764919910     
   50.400000000000006        11.120000000000001       -2.0490290591014606     
   52.200000000000003        11.120000000000001       -2.0301201209232693     
   54.000000000000000        11.120000000000001       -2.0127486833685411     
   55.799999999999997        11.120000000000001       -1.9968486047747198     
   57.600000000000009        11.120000000000001       -1.9823632559311273     
   59.400000000000013        11.120000000000001       -1.9692171763355555     
   61.200000000000010        11.120000000000001       -1.9573267321879468     
   63.000000000000000        11.120000000000001       -1.9466055328784195     
   64.800000000000011        11.120000000000001       -1.9369626749323952     
   66.600000000000009        11.120000000000001       -1.9283050489122797     
   68.399999999999991        11.120000000000001       -1.9205395421796079     
   70.200000000000003        11.120000000000001       -1.9135771775228030     
   72.000000000000000        11.120000000000001       -1.9073332126350229     
   73.799999999999997        11.120000000000001       -1.9017199270351519     
   75.600000000000009        11.120000000000001       -1.8966630033466172     
   77.399999999999991        11.120000000000001       -1.8920859734384115     
   79.199999999999989        11.120000000000001       -1.8879178260098011     
   81.000000000000000        11.120000000000001       -1.8840906185934907     
   82.799999999999997        11.120000000000001       -1.8805403778014507     
   84.599999999999994        11.120000000000001       -1.8772026814872851     
   86.400000000000006        11.120000000000001       -1.8740154370879500     
   88.200000000000003        11.120000000000001       -1.8709166484572464     
   90.000000000000000        11.120000000000001       -1.8678438633420997     
   91.799999999999997        11.120000000000001       -1.8647352019342722     
   93.600000000000009        11.120000000000001       -1.8615285991934662     
   95.400000000000006        11.120000000000001       -1.8581638257569242     
   97.199999999999989        11.120000000000001       -1.8545822448037832     
   99.000000000000014        11.120000000000001       -1.8507275469223206     
   100.80000000000001        11.120000000000001       -1.8465504648828470     
   102.59999999999999        11.120000000000001       -1.8420045128981852     
   104.40000000000001        11.120000000000001       -1.8370533274077310     
   106.19999999999999        11.120000000000001       -1.8316678349193725     
   108.00000000000000        11.120000000000001       -1.8258295083295326     
   109.80000000000000        11.120000000000001       -1.8195252324933753     
   111.59999999999999        11.120000000000001       -1.8127592485099140     
   113.40000000000001        11.120000000000001       -1.8055415065125768     
   115.20000000000002        11.120000000000001       -1.7978902198077393     
   117.00000000000000        11.120000000000001       -1.7898366009822708     
   118.80000000000003        11.120000000000001       -1.7814177197733356     
   120.60000000000001        11.120000000000001       -1.7726778069863847     
   122.40000000000002        11.120000000000001       -1.7636645263378623     
   124.20000000000000        11.120000000000001       -1.7544336965392906     
   126.00000000000000        11.120000000000001       -1.7450417510382459     
   127.80000000000001        11.120000000000001       -1.7355462091968192     
   129.60000000000002        11.120000000000001       -1.7260071576726550     
   131.40000000000001        11.120000000000001       -1.7164812733549299     
   133.20000000000002        11.120000000000001       -1.7070249263153991     
   135.00000000000000        11.120000000000001       -1.6976932148246395     
   136.79999999999998        11.120000000000001       -1.6885350078640768     
   138.59999999999999        11.120000000000001       -1.6795982445456799     
   140.40000000000001        11.120000000000001       -1.6709247462553372     
   142.20000000000002        11.120000000000001       -1.6625523722618669     
   144.00000000000000        11.120000000000001       -1.6545138783657605     
   145.79999999999998        11.120000000000001       -1.6468374110353432     
   147.59999999999999        11.120000000000001       -1.6395463141148816     
   149.40000000000003        11.120000000000001       -1.6326583955638068     
   151.20000000000002        11.120000000000001       -1.6261873768865984     
   153.00000000000000        11.120000000000001       -1.6201420864951457     
   154.79999999999998        11.120000000000001       -1.6145297563409624     
   156.59999999999997        11.120000000000001       -1.6093496514703920     
   158.39999999999998        11.120000000000001       -1.6046016612287775     
   160.20000000000002        11.120000000000001       -1.6002816519805589     
   162.00000000000000        11.120000000000001       -1.5963813002351017     
   163.79999999999998        11.120000000000001       -1.5928961197398452     
   165.59999999999999        11.120000000000001       -1.5898138506616313     
   167.40000000000001        11.120000000000001       -1.5871249784974280     
   169.19999999999999        11.120000000000001       -1.5848204409369711     
   171.00000000000000        11.120000000000001       -1.5828891577138651     
   172.80000000000001        11.120000000000001       -1.5813235606344811     
   174.59999999999999        11.120000000000001       -1.5801139955494512     
   176.40000000000001        11.120000000000001       -1.5792557362739987     
   178.20000000000002        11.120000000000001       -1.5788573002721085     
   180.00000000000000        11.120000000000001       -1.5785717549604643     
   0.0000000000000000        11.199999999999999       -2.5990551920707943     
   1.8000000000000003        11.199999999999999       -2.5973935390513798     
   3.6000000000000005        11.199999999999999       -2.5924095642593032     
   5.4000000000000004        11.199999999999999       -2.5841806436717492     
   7.2000000000000011        11.199999999999999       -2.5727837382284449     
   9.0000000000000000        11.199999999999999       -2.5583721691448340     
   10.800000000000001        11.199999999999999       -2.5410913715066612     
   12.600000000000001        11.199999999999999       -2.5211635759117308     
   14.400000000000002        11.199999999999999       -2.4987897704575142     
   16.200000000000003        11.199999999999999       -2.4742496955023126     
   18.000000000000000        11.199999999999999       -2.4478044668401053     
   19.799999999999997        11.199999999999999       -2.4197081272411061     
   21.600000000000001        11.199999999999999       -2.3903180833983835     
   23.400000000000002        11.199999999999999       -2.3598858991447491     
   25.200000000000003        11.199999999999999       -2.3287135898803943     
   27.000000000000000        11.199999999999999       -2.2971366194750971     
   28.800000000000004        11.199999999999999       -2.2653879222757918     
   30.600000000000005        11.199999999999999       -2.2337616974656194     
   32.400000000000006        11.199999999999999       -2.2025168292276569     
   34.199999999999996        11.199999999999999       -2.1718734919180855     
   36.000000000000000        11.199999999999999       -2.1420294551246188     
   37.800000000000004        11.199999999999999       -2.1131670991273581     
   39.599999999999994        11.199999999999999       -2.0854455143619801     
   41.399999999999999        11.199999999999999       -2.0589949251073816     
   43.200000000000003        11.199999999999999       -2.0338994809173476     
   45.000000000000000        11.199999999999999       -2.0102571765226203     
   46.800000000000004        11.199999999999999       -1.9880861576925908     
   48.599999999999994        11.199999999999999       -1.9674345235761248     
   50.400000000000006        11.199999999999999       -1.9482904240506951     
   52.200000000000003        11.199999999999999       -1.9306363933667681     
   54.000000000000000        11.199999999999999       -1.9144527112193706     
   55.799999999999997        11.199999999999999       -1.8996745014439489     
   57.600000000000009        11.199999999999999       -1.8862459183799378     
   59.400000000000013        11.199999999999999       -1.8740932047939953     
   61.200000000000010        11.199999999999999       -1.8631348307217663     
   63.000000000000000        11.199999999999999       -1.8532866241827111     
   64.800000000000011        11.199999999999999       -1.8444601093363409     
   66.600000000000009        11.199999999999999       -1.8365647001312786     
   68.399999999999991        11.199999999999999       -1.8295097926087482     
   70.200000000000003        11.199999999999999       -1.8232086523210060     
   72.000000000000000        11.199999999999999       -1.8175784788827620     
   73.799999999999997        11.199999999999999       -1.8125337434236453     
   75.600000000000009        11.199999999999999       -1.8080013615474722     
   77.399999999999991        11.199999999999999       -1.8039062991389605     
   79.199999999999989        11.199999999999999       -1.8001786130672830     
   81.000000000000000        11.199999999999999       -1.7967512600218429     
   82.799999999999997        11.199999999999999       -1.7935608148389635     
   84.599999999999994        11.199999999999999       -1.7905436438096536     
   86.400000000000006        11.199999999999999       -1.7876382740688148     
   88.200000000000003        11.199999999999999       -1.7847833916323694     
   90.000000000000000        11.199999999999999       -1.7819177286295904     
   91.799999999999997        11.199999999999999       -1.7789806571501365     
   93.600000000000009        11.199999999999999       -1.7759117215179734     
   95.400000000000006        11.199999999999999       -1.7726529194927343     
   97.199999999999989        11.199999999999999       -1.7691481216091520     
   99.000000000000014        11.199999999999999       -1.7653439268822630     
   100.80000000000001        11.199999999999999       -1.7611945640268052     
   102.59999999999999        11.199999999999999       -1.7566571706418239     
   104.40000000000001        11.199999999999999       -1.7516994179584275     
   106.19999999999999        11.199999999999999       -1.7462963545595978     
   108.00000000000000        11.199999999999999       -1.7404336292712015     
   109.80000000000000        11.199999999999999       -1.7341022050924810     
   111.59999999999999        11.199999999999999       -1.7273102458973111     
   113.40000000000001        11.199999999999999       -1.7200712917540919     
   115.20000000000002        11.199999999999999       -1.7124068024015400     
   117.00000000000000        11.199999999999999       -1.7043507091063197     
   118.80000000000003        11.199999999999999       -1.6959422983171244     
   120.60000000000001        11.199999999999999       -1.6872274498325039     
   122.40000000000002        11.199999999999999       -1.6782549936289071     
   124.20000000000000        11.199999999999999       -1.6690812042505885     
   126.00000000000000        11.199999999999999       -1.6597625162012335     
   127.80000000000001        11.199999999999999       -1.6503559975272968     
   129.60000000000002        11.199999999999999       -1.6409207195430124     
   131.40000000000001        11.199999999999999       -1.6315121409142952     
   133.20000000000002        11.199999999999999       -1.6221850385334349     
   135.00000000000000        11.199999999999999       -1.6129925574082997     
   136.79999999999998        11.199999999999999       -1.6039817459435592     
   138.59999999999999        11.199999999999999       -1.5951983258180107     
   140.40000000000001        11.199999999999999       -1.5866820919274405     
   142.20000000000002        11.199999999999999       -1.5784688203522368     
   144.00000000000000        11.199999999999999       -1.5705892895990614     
   145.79999999999998        11.199999999999999       -1.5630698550126763     
   147.59999999999999        11.199999999999999       -1.5559321708633977     
   149.40000000000003        11.199999999999999       -1.5491925352911542     
   151.20000000000002        11.199999999999999       -1.5428634113011823     
   153.00000000000000        11.199999999999999       -1.5369525758756997     
   154.79999999999998        11.199999999999999       -1.5314664108130327     
   156.59999999999997        11.199999999999999       -1.5264035675865599     
   158.39999999999998        11.199999999999999       -1.5217634933488884     
   160.20000000000002        11.199999999999999       -1.5175418007381054     
   162.00000000000000        11.199999999999999       -1.5137301282467726     
   163.79999999999998        11.199999999999999       -1.5103239419365964     
   165.59999999999999        11.199999999999999       -1.5073112215230744     
   167.40000000000001        11.199999999999999       -1.5046826830535864     
   169.19999999999999        11.199999999999999       -1.5024295227941924     
   171.00000000000000        11.199999999999999       -1.5005410222192757     
   172.80000000000001        11.199999999999999       -1.4990098782069765     
   174.59999999999999        11.199999999999999       -1.4978267921818120     
   176.40000000000001        11.199999999999999       -1.4969872222128382     
   178.20000000000002        11.199999999999999       -1.4965901530873755     
   180.00000000000000        11.199999999999999       -1.4963180859805345     
   0.0000000000000000        11.280000000000001       -2.4693095480058398     
   1.8000000000000003        11.280000000000001       -2.4677228983024797     
   3.6000000000000005        11.280000000000001       -2.4629638788914381     
   5.4000000000000004        11.280000000000001       -2.4551074912607924     
   7.2000000000000011        11.280000000000001       -2.4442282511104154     
   9.0000000000000000        11.280000000000001       -2.4304746168504354     
   10.800000000000001        11.280000000000001       -2.4139872349081908     
   12.600000000000001        11.280000000000001       -2.3949809472923134     
   14.400000000000002        11.280000000000001       -2.3736497567718895     
   16.200000000000003        11.280000000000001       -2.3502635591498451     
   18.000000000000000        11.280000000000001       -2.3250738553129850     
   19.799999999999997        11.280000000000001       -2.2983249903574996     
   21.600000000000001        11.280000000000001       -2.2703606674281112     
   23.400000000000002        11.280000000000001       -2.2414220591510370     
   25.200000000000003        11.280000000000001       -2.2117986569937198     
   27.000000000000000        11.280000000000001       -2.1818117299886111     
   28.800000000000004        11.280000000000001       -2.1516835645009400     
   30.600000000000005        11.280000000000001       -2.1216950969672266     
   32.400000000000006        11.280000000000001       -2.0920930273335401     
   34.199999999999996        11.280000000000001       -2.0630866856856369     
   36.000000000000000        11.280000000000001       -2.0348637631814368     
   37.800000000000004        11.280000000000001       -2.0075970739511710     
   39.599999999999994        11.280000000000001       -1.9814370140053195     
   41.399999999999999        11.280000000000001       -1.9565062670525961     
   43.200000000000003        11.280000000000001       -1.9328834175912433     
   45.000000000000000        11.280000000000001       -1.9106602376140707     
   46.800000000000004        11.280000000000001       -1.8898522242680671     
   48.599999999999994        11.280000000000001       -1.8705034565624188     
   50.400000000000006        11.280000000000001       -1.8526008137215773     
   52.200000000000003        11.280000000000001       -1.8361258317229672     
   54.000000000000000        11.280000000000001       -1.8210578596230285     
   55.799999999999997        11.280000000000001       -1.8073332601592327     
   57.600000000000009        11.280000000000001       -1.7948969665422732     
   59.400000000000013        11.280000000000001       -1.7836768585802709     
   61.200000000000010        11.280000000000001       -1.7735934108538760     
   63.000000000000000        11.280000000000001       -1.7645645534290790     
   64.800000000000011        11.280000000000001       -1.7565040978951940     
   66.600000000000009        11.280000000000001       -1.7493238244562799     
   68.399999999999991        11.280000000000001       -1.7429354712510325     
   70.200000000000003        11.280000000000001       -1.7372543871790656     
   72.000000000000000        11.280000000000001       -1.7321995658342151     
   73.799999999999997        11.280000000000001       -1.7276875054146581     
   75.600000000000009        11.280000000000001       -1.7236462469142384     
   77.399999999999991        11.280000000000001       -1.7200020776625076     
   79.199999999999989        11.280000000000001       -1.7166860423425307     
   81.000000000000000        11.280000000000001       -1.7136319418468335     
   82.799999999999997        11.280000000000001       -1.7107768834280648     
   84.599999999999994        11.280000000000001       -1.7080580152287830     
   86.400000000000006        11.280000000000001       -1.7054145107631682     
   88.200000000000003        11.280000000000001       -1.7027857861168842     
   90.000000000000000        11.280000000000001       -1.7001117985114966     
   91.799999999999997        11.280000000000001       -1.6973332285781009     
   93.600000000000009        11.280000000000001       -1.6943912817846578     
   95.400000000000006        11.280000000000001       -1.6912302042570040     
   97.199999999999989        11.280000000000001       -1.6877963819901360     
   99.000000000000014        11.280000000000001       -1.6840393033817371     
   100.80000000000001        11.280000000000001       -1.6799166184601535     
   102.59999999999999        11.280000000000001       -1.6753889946888598     
   104.40000000000001        11.280000000000001       -1.6704279854172865     
   106.19999999999999        11.280000000000001       -1.6650125755692782     
   108.00000000000000        11.280000000000001       -1.6591323638108837     
   109.80000000000000        11.280000000000001       -1.6527821473956288     
   111.59999999999999        11.280000000000001       -1.6459737258630667     
   113.40000000000001        11.280000000000001       -1.6387239414441099     
   115.20000000000002        11.280000000000001       -1.6310572077381027     
   117.00000000000000        11.280000000000001       -1.6230098816634808     
   118.80000000000003        11.280000000000001       -1.6146231909755373     
   120.60000000000001        11.280000000000001       -1.6059444111275811     
   122.40000000000002        11.280000000000001       -1.5970233117129480     
   124.20000000000000        11.280000000000001       -1.5879164328690614     
   126.00000000000000        11.280000000000001       -1.5786800561049794     
   127.80000000000001        11.280000000000001       -1.5693706805277461     
   129.60000000000002        11.280000000000001       -1.5600462887980429     
   131.40000000000001        11.280000000000001       -1.5507610768042845     
   133.20000000000002        11.280000000000001       -1.5415682207131167     
   135.00000000000000        11.280000000000001       -1.5325189440046845     
   136.79999999999998        11.280000000000001       -1.5236585129943274     
   138.59999999999999        11.280000000000001       -1.5150305128550410     
   140.40000000000001        11.280000000000001       -1.5066727937865780     
   142.20000000000002        11.280000000000001       -1.4986191487341429     
   144.00000000000000        11.280000000000001       -1.4908984845042439     
   145.79999999999998        11.280000000000001       -1.4835354669297343     
   147.59999999999999        11.280000000000001       -1.4765501666477219     
   149.40000000000003        11.280000000000001       -1.4699574762620335     
   151.20000000000002        11.280000000000001       -1.4637686916290673     
   153.00000000000000        11.280000000000001       -1.4579906228110453     
   154.79999999999998        11.280000000000001       -1.4526288706536730     
   156.59999999999997        11.280000000000001       -1.4476815400879322     
   158.39999999999998        11.280000000000001       -1.4431476843869269     
   160.20000000000002        11.280000000000001       -1.4390227025316107     
   162.00000000000000        11.280000000000001       -1.4352982243832064     
   163.79999999999998        11.280000000000001       -1.4319696882043649     
   165.59999999999999        11.280000000000001       -1.4290253246377234     
   167.40000000000001        11.280000000000001       -1.4264560848979819     
   169.19999999999999        11.280000000000001       -1.4242534240750890     
   171.00000000000000        11.280000000000001       -1.4224069802401980     
   172.80000000000001        11.280000000000001       -1.4209097102813790     
   174.59999999999999        11.280000000000001       -1.4197526622105439     
   176.40000000000001        11.280000000000001       -1.4189314732715561     
   178.20000000000002        11.280000000000001       -1.4185362494471117     
   180.00000000000000        11.280000000000001       -1.4182769388645493     
   0.0000000000000000        11.359999999999999       -2.3452616319907222     
   1.8000000000000003        11.359999999999999       -2.3437465296982958     
   3.6000000000000005        11.359999999999999       -2.3392021005731496     
   5.4000000000000004        11.359999999999999       -2.3317010693071571     
   7.2000000000000011        11.359999999999999       -2.3213156078414956     
   9.0000000000000000        11.359999999999999       -2.3081895126593488     
   10.800000000000001        11.359999999999999       -2.2924588406573378     
   12.600000000000001        11.359999999999999       -2.2743313520267052     
   14.400000000000002        11.359999999999999       -2.2539943564456508     
   16.200000000000003        11.359999999999999       -2.2317083170457215     
   18.000000000000000        11.359999999999999       -2.2077155254373695     
   19.799999999999997        11.359999999999999       -2.1822510412804723     
   21.600000000000001        11.359999999999999       -2.1556454468936588     
   23.400000000000002        11.359999999999999       -2.1281299737317596     
   25.200000000000003        11.359999999999999       -2.0999821332745157     
   27.000000000000000        11.359999999999999       -2.0715096206536510     
   28.800000000000004        11.359999999999999       -2.0429245515004482     
   30.600000000000005        11.359999999999999       -2.0144951941583185     
   32.400000000000006        11.359999999999999       -1.9864566204657059     
   34.199999999999996        11.359999999999999       -1.9590078214759252     
   36.000000000000000        11.359999999999999       -1.9323268882236790     
   37.800000000000004        11.359999999999999       -1.9065775308906414     
   39.599999999999994        11.359999999999999       -1.8819018811051222     
   41.399999999999999        11.359999999999999       -1.8584154665586969     
   43.200000000000003        11.359999999999999       -1.8361916069061186     
   45.000000000000000        11.359999999999999       -1.8153161859538438     
   46.800000000000004        11.359999999999999       -1.7958022259166995     
   48.599999999999994        11.359999999999999       -1.7776900246503389     
   50.400000000000006        11.359999999999999       -1.7609653024404763     
   52.200000000000003        11.359999999999999       -1.7456086947220164     
   54.000000000000000        11.359999999999999       -1.7315987132491129     
   55.799999999999997        11.359999999999999       -1.7188729451480045     
   57.600000000000009        11.359999999999999       -1.7073771052615088     
   59.400000000000013        11.359999999999999       -1.6970406652214269     
   61.200000000000010        11.359999999999999       -1.6877860333981611     
   63.000000000000000        11.359999999999999       -1.6795331581533075     
   64.800000000000011        11.359999999999999       -1.6721980368748466     
   66.600000000000009        11.359999999999999       -1.6656947018065766     
   68.399999999999991        11.359999999999999       -1.6599371122415301     
   70.200000000000003        11.359999999999999       -1.6548425858955893     
   72.000000000000000        11.359999999999999       -1.6503318056200864     
   73.799999999999997        11.359999999999999       -1.6463231787691721     
   75.600000000000009        11.359999999999999       -1.6427457996955703     
   77.399999999999991        11.359999999999999       -1.6395272005635610     
   79.199999999999989        11.359999999999999       -1.6365993623282320     
   81.000000000000000        11.359999999999999       -1.6338968976357187     
   82.799999999999997        11.359999999999999       -1.6313574438956580     
   84.599999999999994        11.359999999999999       -1.6289189337283412     
   86.400000000000006        11.359999999999999       -1.6265212144264869     
   88.200000000000003        11.359999999999999       -1.6241044742467248     
   90.000000000000000        11.359999999999999       -1.6216099284600947     
   91.799999999999997        11.359999999999999       -1.6189796098580751     
   93.600000000000009        11.359999999999999       -1.6161564222121791     
   95.400000000000006        11.359999999999999       -1.6130868697715455     
   97.199999999999989        11.359999999999999       -1.6097198515627000     
   99.000000000000014        11.359999999999999       -1.6060077195818465     
   100.80000000000001        11.359999999999999       -1.6019114732075141     
   102.59999999999999        11.359999999999999       -1.5973952225130794     
   104.40000000000001        11.359999999999999       -1.5924342678444181     
   106.19999999999999        11.359999999999999       -1.5870113694035080     
   108.00000000000000        11.359999999999999       -1.5811198831432589     
   109.80000000000000        11.359999999999999       -1.5747582349679972     
   111.59999999999999        11.359999999999999       -1.5679416214030348     
   113.40000000000001        11.359999999999999       -1.5606899493320672     
   115.20000000000002        11.359999999999999       -1.5530303465299702     
   117.00000000000000        11.359999999999999       -1.5450013574271897     
   118.80000000000003        11.359999999999999       -1.5366459286311107     
   120.60000000000001        11.359999999999999       -1.5280125279487649     
   122.40000000000002        11.359999999999999       -1.5191516837843677     
   124.20000000000000        11.359999999999999       -1.5101200514312507     
   126.00000000000000        11.359999999999999       -1.5009736385411565     
   127.80000000000001        11.359999999999999       -1.4917682840313604     
   129.60000000000002        11.359999999999999       -1.4825608264973686     
   131.40000000000001        11.359999999999999       -1.4734041665543116     
   133.20000000000002        11.359999999999999       -1.4643498767274832     
   135.00000000000000        11.359999999999999       -1.4554472872756254     
   136.79999999999998        11.359999999999999       -1.4467399156904328     
   138.59999999999999        11.359999999999999       -1.4382692775409345     
   140.40000000000001        11.359999999999999       -1.4300713454541893     
   142.20000000000002        11.359999999999999       -1.4221780105395780     
   144.00000000000000        11.359999999999999       -1.4146163932010893     
   145.79999999999998        11.359999999999999       -1.4074095515420753     
   147.59999999999999        11.359999999999999       -1.4005760574327881     
   149.40000000000003        11.359999999999999       -1.3941294811125908     
   151.20000000000002        11.359999999999999       -1.3880800239329620     
   153.00000000000000        11.359999999999999       -1.3824335959571117     
   154.79999999999998        11.359999999999999       -1.3771950717726189     
   156.59999999999997        11.359999999999999       -1.3723620622983230     
   158.39999999999998        11.359999999999999       -1.3679332646876694     
   160.20000000000002        11.359999999999999       -1.3639038952967999     
   162.00000000000000        11.359999999999999       -1.3602655977301177     
   163.79999999999998        11.359999999999999       -1.3570137975540413     
   165.59999999999999        11.359999999999999       -1.3541369843191324     
   167.40000000000001        11.359999999999999       -1.3516263472291472     
   169.19999999999999        11.359999999999999       -1.3494735996268374     
   171.00000000000000        11.359999999999999       -1.3476687312743736     
   172.80000000000001        11.359999999999999       -1.3462049544581500     
   174.59999999999999        11.359999999999999       -1.3450736559875174     
   176.40000000000001        11.359999999999999       -1.3442706478845241     
   178.20000000000002        11.359999999999999       -1.3438776802479404     
   180.00000000000000        11.359999999999999       -1.3436305580033547     
   0.0000000000000000        11.440000000000001       -2.2277561861594228     
   1.8000000000000003        11.440000000000001       -2.2263087839289848     
   3.6000000000000005        11.440000000000001       -2.2219674060393744     
   5.4000000000000004        11.440000000000001       -2.2148026003888868     
   7.2000000000000011        11.440000000000001       -2.2048843001546077     
   9.0000000000000000        11.440000000000001       -2.1923518477045150     
   10.800000000000001        11.440000000000001       -2.1773369187129972     
   12.600000000000001        11.440000000000001       -2.1600405134895322     
   14.400000000000002        11.440000000000001       -2.1406435590795807     
   16.200000000000003        11.440000000000001       -2.1193975250979209     
   18.000000000000000        11.440000000000001       -2.0965359313260024     
   19.799999999999997        11.440000000000001       -2.0722850003079061     
   21.600000000000001        11.440000000000001       -2.0469628280537857     
   23.400000000000002        11.440000000000001       -2.0207912024220716     
   25.200000000000003        11.440000000000001       -1.9940362567163303     
   27.000000000000000        11.440000000000001       -1.9669928016790224     
   28.800000000000004        11.440000000000001       -1.9398633187974514     
   30.600000000000005        11.440000000000001       -1.9129040752307798     
   32.400000000000006        11.440000000000001       -1.8863391420281506     
   34.199999999999996        11.440000000000001       -1.8603577440808621     
   36.000000000000000        11.440000000000001       -1.8351289162786599     
   37.800000000000004        11.440000000000001       -1.8108077915354290     
   39.599999999999994        11.440000000000001       -1.7875287283902597     
   41.399999999999999        11.440000000000001       -1.7654005392110783     
   43.200000000000003        11.440000000000001       -1.7444916250768805     
   45.000000000000000        11.440000000000001       -1.7248823658575196     
   46.800000000000004        11.440000000000001       -1.7065835125937960     
   48.599999999999994        11.440000000000001       -1.6896318583607244     
   50.400000000000006        11.440000000000001       -1.6740120977384667     
   52.200000000000003        11.440000000000001       -1.6597040827540916     
   54.000000000000000        11.440000000000001       -1.6466855999951844     
   55.799999999999997        11.440000000000001       -1.6348954517529244     
   57.600000000000009        11.440000000000001       -1.6242801449531106     
   59.400000000000013        11.440000000000001       -1.6147706998687614     
   61.200000000000010        11.440000000000001       -1.6062913872705424     
   63.000000000000000        11.440000000000001       -1.5987640885632350     
   64.800000000000011        11.440000000000001       -1.5921068824032150     
   66.600000000000009        11.440000000000001       -1.5862359352783415     
   68.399999999999991        11.440000000000001       -1.5810673031528257     
   70.200000000000003        11.440000000000001       -1.5765201563057958     
   72.000000000000000        11.440000000000001       -1.5725167626503351     
   73.799999999999997        11.440000000000001       -1.5689773194067504     
   75.600000000000009        11.440000000000001       -1.5658319081454890     
   77.399999999999991        11.440000000000001       -1.5630092336657855     
   79.199999999999989        11.440000000000001       -1.5604421689051611     
   81.000000000000000        11.440000000000001       -1.5580661143552255     
   82.799999999999997        11.440000000000001       -1.5558192469337808     
   84.599999999999994        11.440000000000001       -1.5536402955918276     
   86.400000000000006        11.440000000000001       -1.5514698194213059     
   88.200000000000003        11.440000000000001       -1.5492488309300010     
   90.000000000000000        11.440000000000001       -1.5469198408676974     
   91.799999999999997        11.440000000000001       -1.5444262813125653     
   93.600000000000009        11.440000000000001       -1.5417127909288915     
   95.400000000000006        11.440000000000001       -1.5387281336502092     
   97.199999999999989        11.440000000000001       -1.5354237071239549     
   99.000000000000014        11.440000000000001       -1.5317546838069929     
   100.80000000000001        11.440000000000001       -1.5276853143395259     
   102.59999999999999        11.440000000000001       -1.5231830356321376     
   104.40000000000001        11.440000000000001       -1.5182267238169125     
   106.19999999999999        11.440000000000001       -1.5128027141345946     
   108.00000000000000        11.440000000000001       -1.5069078845605464     
   109.80000000000000        11.440000000000001       -1.5005440409442254     
   111.59999999999999        11.440000000000001       -1.4937294921475881     
   113.40000000000001        11.440000000000001       -1.4864869285330415     
   115.20000000000002        11.440000000000001       -1.4788459104832181     
   117.00000000000000        11.440000000000001       -1.4708468925753524     
   118.80000000000003        11.440000000000001       -1.4625342828653232     
   120.60000000000001        11.440000000000001       -1.4539575079492375     
   122.40000000000002        11.440000000000001       -1.4451676486768386     
   124.20000000000000        11.440000000000001       -1.4362213055252955     
   126.00000000000000        11.440000000000001       -1.4271740769842358     
   127.80000000000001        11.440000000000001       -1.4180810410055669     
   129.60000000000002        11.440000000000001       -1.4089978329266373     
   131.40000000000001        11.440000000000001       -1.3999760250350526     
   133.20000000000002        11.440000000000001       -1.3910655870450841     
   135.00000000000000        11.440000000000001       -1.3823139923750285     
   136.79999999999998        11.440000000000001       -1.3737630511737933     
   138.59999999999999        11.440000000000001       -1.3654522890805063     
   140.40000000000001        11.440000000000001       -1.3574158804599474     
   142.20000000000002        11.440000000000001       -1.3496839096092443     
   144.00000000000000        11.440000000000001       -1.3422818095814602     
   145.79999999999998        11.440000000000001       -1.3352311253403055     
   147.59999999999999        11.440000000000001       -1.3285490276302026     
   149.40000000000003        11.440000000000001       -1.3222478595457265     
   151.20000000000002        11.440000000000001       -1.3163368108319706     
   153.00000000000000        11.440000000000001       -1.3108209675570266     
   154.79999999999998        11.440000000000001       -1.3057045400420781     
   156.59999999999997        11.440000000000001       -1.3009847041451905     
   158.39999999999998        11.440000000000001       -1.2966598431528629     
   160.20000000000002        11.440000000000001       -1.2927250251503544     
   162.00000000000000        11.440000000000001       -1.2891719317510471     
   163.79999999999998        11.440000000000001       -1.2859959921615163     
   165.59999999999999        11.440000000000001       -1.2831859625859177     
   167.40000000000001        11.440000000000001       -1.2807332723588081     
   169.19999999999999        11.440000000000001       -1.2786298914505969     
   171.00000000000000        11.440000000000001       -1.2768661546799187     
   172.80000000000001        11.440000000000001       -1.2754355237270252     
   174.59999999999999        11.440000000000001       -1.2743297144903560     
   176.40000000000001        11.440000000000001       -1.2735447083016005     
   178.20000000000002        11.440000000000001       -1.2731545005787663     
   180.00000000000000        11.440000000000001       -1.2729189232949745     
   0.0000000000000000        11.520000000000000       -2.1156870507374088     
   1.8000000000000003        11.520000000000000       -2.1143042416610478     
   3.6000000000000005        11.520000000000000       -2.1101565967633964     
   5.4000000000000004        11.520000000000000       -2.1033125612532104     
   7.2000000000000011        11.520000000000000       -2.0938399082710526     
   9.0000000000000000        11.520000000000000       -2.0818736818819095     
   10.800000000000001        11.520000000000000       -2.0675413346209437     
   12.600000000000001        11.520000000000000       -2.0510373520668455     
   14.400000000000002        11.520000000000000       -2.0325365181027002     
   16.200000000000003        11.520000000000000       -2.0122816488445157     
   18.000000000000000        11.520000000000000       -1.9904978348905351     
   19.799999999999997        11.520000000000000       -1.9674028157759185     
   21.600000000000001        11.520000000000000       -1.9433027029906134     
   23.400000000000002        11.520000000000000       -1.9184102401358909     
   25.200000000000003        11.520000000000000       -1.8929806656300379     
   27.000000000000000        11.520000000000000       -1.8672964614451955     
   28.800000000000004        11.520000000000000       -1.8415509123234994     
   30.600000000000005        11.520000000000000       -1.8159888265747737     
   32.400000000000006        11.520000000000000       -1.7908237872630355     
   34.199999999999996        11.520000000000000       -1.7662357235628054     
   36.000000000000000        11.520000000000000       -1.7423850621006161     
   37.800000000000004        11.520000000000000       -1.7194187928586433     
   39.599999999999994        11.520000000000000       -1.6974639073023277     
   41.399999999999999        11.520000000000000       -1.6766228676126307     
   43.200000000000003        11.520000000000000       -1.6569594447410285     
   45.000000000000000        11.520000000000000       -1.6385488335184706     
   46.800000000000004        11.520000000000000       -1.6213996858994426     
   48.599999999999994        11.520000000000000       -1.6055455208312663     
   50.400000000000006        11.520000000000000       -1.5909701211998930     
   52.200000000000003        11.520000000000000       -1.5776526562732942     
   54.000000000000000        11.520000000000000       -1.5655702840505541     
   55.799999999999997        11.520000000000000       -1.5546630196979305     
   57.600000000000009        11.520000000000000       -1.5448781762342978     
   59.400000000000013        11.520000000000000       -1.5361482932266846     
   61.200000000000010        11.520000000000000       -1.5283994520102522     
   63.000000000000000        11.520000000000000       -1.5215554045822370     
   64.800000000000011        11.520000000000000       -1.5155362334500138     
   66.600000000000009        11.520000000000000       -1.5102601518961667     
   68.399999999999991        11.520000000000000       -1.5056452204125219     
   70.200000000000003        11.520000000000000       -1.5016123772495840     
   72.000000000000000        11.520000000000000       -1.4980854014456035     
   73.799999999999997        11.520000000000000       -1.4949861936391027     
   75.600000000000009        11.520000000000000       -1.4922457806680538     
   77.399999999999991        11.520000000000000       -1.4897939922960055     
   79.199999999999989        11.520000000000000       -1.4875645681999821     
   81.000000000000000        11.520000000000000       -1.4854936871045326     
   82.799999999999997        11.520000000000000       -1.4835200822444097     
   84.599999999999994        11.520000000000000       -1.4815832952368666     
   86.400000000000006        11.520000000000000       -1.4796246331486975     
   88.200000000000003        11.520000000000000       -1.4775859782710710     
   90.000000000000000        11.520000000000000       -1.4754111668649534     
   91.799999999999997        11.520000000000000       -1.4730450663184407     
   93.600000000000009        11.520000000000000       -1.4704340749754776     
   95.400000000000006        11.520000000000000       -1.4675292093819714     
   97.199999999999989        11.520000000000000       -1.4642843439463213     
   99.000000000000014        11.520000000000000       -1.4606574244367281     
   100.80000000000001        11.520000000000000       -1.4566158586187803     
   102.59999999999999        11.520000000000000       -1.4521303014069897     
   104.40000000000001        11.520000000000000       -1.4471830496873490     
   106.19999999999999        11.520000000000000       -1.4417638353513318     
   108.00000000000000        11.520000000000000       -1.4358728520072079     
   109.80000000000000        11.520000000000000       -1.4295150692253973     
   111.59999999999999        11.520000000000000       -1.4227116639778128     
   113.40000000000001        11.520000000000000       -1.4154878705169573     
   115.20000000000002        11.520000000000000       -1.4078754436678433     
   117.00000000000000        11.520000000000000       -1.3999165155038789     
   118.80000000000003        11.520000000000000       -1.3916567410115162     
   120.60000000000001        11.520000000000000       -1.3831463123224552     
   122.40000000000002        11.520000000000000       -1.3744366931174417     
   124.20000000000000        11.520000000000000       -1.3655842908474090     
   126.00000000000000        11.520000000000000       -1.3566441859038714     
   127.80000000000001        11.520000000000000       -1.3476706153552906     
   129.60000000000002        11.520000000000000       -1.3387179661563704     
   131.40000000000001        11.520000000000000       -1.3298364586239901     
   133.20000000000002        11.520000000000000       -1.3210744640118366     
   135.00000000000000        11.520000000000000       -1.3124776324436846     
   136.79999999999998        11.520000000000000       -1.3040861039776901     
   138.59999999999999        11.520000000000000       -1.2959374828644106     
   140.40000000000001        11.520000000000000       -1.2880642129145272     
   142.20000000000002        11.520000000000000       -1.2804946518656508     
   144.00000000000000        11.520000000000000       -1.2732526285326977     
   145.79999999999998        11.520000000000000       -1.2663582537915947     
   147.59999999999999        11.520000000000000       -1.2598273784268026     
   149.40000000000003        11.520000000000000       -1.2536711971433412     
   151.20000000000002        11.520000000000000       -1.2478979564217973     
   153.00000000000000        11.520000000000000       -1.2425119806856955     
   154.79999999999998        11.520000000000000       -1.2375168667439485     
   156.59999999999997        11.520000000000000       -1.2329094031547241     
   158.39999999999998        11.520000000000000       -1.2286876934723236     
   160.20000000000002        11.520000000000000       -1.2248466849466420     
   162.00000000000000        11.520000000000000       -1.2213781161434487     
   163.79999999999998        11.520000000000000       -1.2182774326319128     
   165.59999999999999        11.520000000000000       -1.2155336625154129     
   167.40000000000001        11.520000000000000       -1.2131384761267443     
   169.19999999999999        11.520000000000000       -1.2110840979143296     
   171.00000000000000        11.520000000000000       -1.2093612014194361     
   172.80000000000001        11.520000000000000       -1.2079634921501470     
   174.59999999999999        11.520000000000000       -1.2068830064074931     
   176.40000000000001        11.520000000000000       -1.2061158899509727     
   178.20000000000002        11.520000000000000       -1.2057288832605517     
   180.00000000000000        11.520000000000000       -1.2055043231358133     
   0.0000000000000000        11.600000000000000       -2.0087131754275673     
   1.8000000000000003        11.600000000000000       -2.0073921143296087     
   3.6000000000000005        11.600000000000000       -2.0034296692136349     
   5.4000000000000004        11.600000000000000       -1.9968922454442199     
   7.2000000000000011        11.600000000000000       -1.9878455236547492     
   9.0000000000000000        11.600000000000000       -1.9764203832549578     
   10.800000000000001        11.600000000000000       -1.9627401907880468     
   12.600000000000001        11.600000000000000       -1.9469931304697556     
   14.400000000000002        11.600000000000000       -1.9293480539051997     
   16.200000000000003        11.600000000000000       -1.9100394241609109     
   18.000000000000000        11.600000000000000       -1.8892842085417938     
   19.799999999999997        11.600000000000000       -1.8672919819878457     
   21.600000000000001        11.600000000000000       -1.8443573231496952     
   23.400000000000002        11.600000000000000       -1.8206842953275615     
   25.200000000000003        11.600000000000000       -1.7965176827324774     
   27.000000000000000        11.600000000000000       -1.7721281466128362     
   28.800000000000004        11.600000000000000       -1.7477001786531270     
   30.600000000000005        11.600000000000000       -1.7234676278622112     
   32.400000000000006        11.600000000000000       -1.6996340636065432     
   34.199999999999996        11.600000000000000       -1.6763705559945050     
   36.000000000000000        11.600000000000000       -1.6538293399028672     
   37.800000000000004        11.600000000000000       -1.6321496667582056     
   39.599999999999994        11.600000000000000       -1.6114515395355480     
   41.399999999999999        11.600000000000000       -1.5918314113176761     
   43.200000000000003        11.600000000000000       -1.5733486934310283     
   45.000000000000000        11.600000000000000       -1.5560736938545858     
   46.800000000000004        11.600000000000000       -1.5400131284171428     
   48.599999999999994        11.600000000000000       -1.5251974584595234     
   50.400000000000006        11.600000000000000       -1.5116096641323962     
   52.200000000000003        11.600000000000000       -1.4992283284284009     
   54.000000000000000        11.600000000000000       -1.4880300735293168     
   55.799999999999997        11.600000000000000       -1.4779561291603203     
   57.600000000000009        11.600000000000000       -1.4689546314196000     
   59.400000000000013        11.600000000000000       -1.4609596165218663     
   61.200000000000010        11.600000000000000       -1.4538989334514545     
   63.000000000000000        11.600000000000000       -1.4476981527061694     
   64.800000000000011        11.600000000000000       -1.4422792954103945     
   66.600000000000009        11.600000000000000       -1.4375625478362897     
   68.399999999999991        11.600000000000000       -1.4334678975189243     
   70.200000000000003        11.600000000000000       -1.4299179808625921     
   72.000000000000000        11.600000000000000       -1.4268380287130797     
   73.799999999999997        11.600000000000000       -1.4241515741015378     
   75.600000000000009        11.600000000000000       -1.4217905600510057     
   77.399999999999991        11.600000000000000       -1.4196859062598071     
   79.199999999999989        11.600000000000000       -1.4177722044702836     
   81.000000000000000        11.600000000000000       -1.4159864105093067     
   82.799999999999997        11.600000000000000       -1.4142678365123043     
   84.599999999999994        11.600000000000000       -1.4125568568015452     
   86.400000000000006        11.600000000000000       -1.4107955634571934     
   88.200000000000003        11.600000000000000       -1.4089267524379412     
   90.000000000000000        11.600000000000000       -1.4068956121995406     
   91.799999999999997        11.600000000000000       -1.4046484760526898     
   93.600000000000009        11.600000000000000       -1.4021335201227432     
   95.400000000000006        11.600000000000000       -1.3993039996804875     
   97.199999999999989        11.600000000000000       -1.3961162369842546     
   99.000000000000014        11.600000000000000       -1.3925308974495265     
   100.80000000000001        11.600000000000000       -1.3885184473764183     
   102.59999999999999        11.600000000000000       -1.3840526473953205     
   104.40000000000001        11.600000000000000       -1.3791190596536276     
   106.19999999999999        11.600000000000000       -1.3737106360571423     
   108.00000000000000        11.600000000000000       -1.3678306840127985     
   109.80000000000000        11.600000000000000       -1.3614871269130613     
   111.59999999999999        11.600000000000000       -1.3547037753893911     
   113.40000000000001        11.600000000000000       -1.3475081789242691     
   115.20000000000002        11.600000000000000       -1.3399340609209516     
   117.00000000000000        11.600000000000000       -1.3320250119467565     
   118.80000000000003        11.600000000000000       -1.3238277331414294     
   120.60000000000001        11.600000000000000       -1.3153930024785152     
   122.40000000000002        11.600000000000000       -1.3067725097187717     
   124.20000000000000        11.600000000000000       -1.2980223428624078     
   126.00000000000000        11.600000000000000       -1.2891969655101110     
   127.80000000000001        11.600000000000000       -1.2803497025354380     
   129.60000000000002        11.600000000000000       -1.2715336539188324     
   131.40000000000001        11.600000000000000       -1.2627976692745351     
   133.20000000000002        11.600000000000000       -1.2541885286903283     
   135.00000000000000        11.600000000000000       -1.2457500932905943     
   136.79999999999998        11.600000000000000       -1.2375208703365956     
   138.59999999999999        11.600000000000000       -1.2295366088667661     
   140.40000000000001        11.600000000000000       -1.2218280870748368     
   142.20000000000002        11.600000000000000       -1.2144220123716543     
   144.00000000000000        11.600000000000000       -1.2073406878248822     
   145.79999999999998        11.600000000000000       -1.2006028646112981     
   147.59999999999999        11.600000000000000       -1.1942231495619207     
   149.40000000000003        11.600000000000000       -1.1882116624030155     
   151.20000000000002        11.600000000000000       -1.1825757698684880     
   153.00000000000000        11.600000000000000       -1.1773190924250938     
   154.79999999999998        11.600000000000000       -1.1724446602459759     
   156.59999999999997        11.600000000000000       -1.1679489182659999     
   158.39999999999998        11.600000000000000       -1.1638297214454787     
   160.20000000000002        11.600000000000000       -1.1600819209512581     
   162.00000000000000        11.600000000000000       -1.1566973290125304     
   163.79999999999998        11.600000000000000       -1.1536714187628310     
   165.59999999999999        11.600000000000000       -1.1509934941195821     
   167.40000000000001        11.600000000000000       -1.1486554664669937     
   169.19999999999999        11.600000000000000       -1.1466498120556343     
   171.00000000000000        11.600000000000000       -1.1449675365374044     
   172.80000000000001        11.600000000000000       -1.1436025835607397     
   174.59999999999999        11.600000000000000       -1.1425473011829841     
   176.40000000000001        11.600000000000000       -1.1417979947432790     
   178.20000000000002        11.600000000000000       -1.1414146179068472     
   180.00000000000000        11.600000000000000       -1.1412005853509224     
   0.0000000000000000        11.680000000000000       -1.9070987453688224     
   1.8000000000000003        11.680000000000000       -1.9058365065982186     
   3.6000000000000005        11.680000000000000       -1.9020504867389245     
   5.4000000000000004        11.680000000000000       -1.8958051108795171     
   7.2000000000000011        11.680000000000000       -1.8871640319884968     
   9.0000000000000000        11.680000000000000       -1.8762540931566198     
   10.800000000000001        11.680000000000000       -1.8631947083138840     
   12.600000000000001        11.680000000000000       -1.8481679685593544     
   14.400000000000002        11.680000000000000       -1.8313370016692816     
   16.200000000000003        11.680000000000000       -1.8129282157224276     
   18.000000000000000        11.680000000000000       -1.7931507614612401     
   19.799999999999997        11.680000000000000       -1.7722063708929772     
   21.600000000000001        11.680000000000000       -1.7503785466012447     
   23.400000000000002        11.680000000000000       -1.7278630442391874     
   25.200000000000003        11.680000000000000       -1.7048946452134610     
   27.000000000000000        11.680000000000000       -1.6817327118665946     
   28.800000000000004        11.680000000000000       -1.6585533611740071     
   30.600000000000005        11.680000000000000       -1.6355799995200484     
   32.400000000000006        11.680000000000000       -1.6130066749988476     
   34.199999999999996        11.680000000000000       -1.5909960534633145     
   36.000000000000000        11.680000000000000       -1.5696926126067980     
   37.800000000000004        11.680000000000000       -1.5492282875906103     
   39.599999999999994        11.680000000000000       -1.5297164887450811     
   41.399999999999999        11.680000000000000       -1.5112480172271325     
   43.200000000000003        11.680000000000000       -1.4938782089272058     
   45.000000000000000        11.680000000000000       -1.4776727973869095     
   46.800000000000004        11.680000000000000       -1.4626367348933544     
   48.599999999999994        11.680000000000000       -1.4487976527494963     
   50.400000000000006        11.680000000000000       -1.4361378446343223     
   52.200000000000003        11.680000000000000       -1.4246354105020191     
   54.000000000000000        11.680000000000000       -1.4142665361999238     
   55.799999999999997        11.680000000000000       -1.4049736714048298     
   57.600000000000009        11.680000000000000       -1.3967057968797925     
   59.400000000000013        11.680000000000000       -1.3893984265229598     
   61.200000000000010        11.680000000000000       -1.3829811376198875     
   63.000000000000000        11.680000000000000       -1.3773812710649749     
   64.800000000000011        11.680000000000000       -1.3725227256867230     
   66.600000000000009        11.680000000000000       -1.3683275917682669     
   68.399999999999991        11.680000000000000       -1.3647177118590552     
   70.200000000000003        11.680000000000000       -1.3616173572147754     
   72.000000000000000        11.680000000000000       -1.3589531587940302     
   73.799999999999997        11.680000000000000       -1.3566502180276527     
   75.600000000000009        11.680000000000000       -1.3546413744687018     
   77.399999999999991        11.680000000000000       -1.3528586111644412     
   79.199999999999989        11.680000000000000       -1.3512373659617247     
   81.000000000000000        11.680000000000000       -1.3497153788011240     
   82.799999999999997        11.680000000000000       -1.3482325714428651     
   84.599999999999994        11.680000000000000       -1.3467301766090396     
   86.400000000000006        11.680000000000000       -1.3451511131486944     
   88.200000000000003        11.680000000000000       -1.3434391374781394     
   90.000000000000000        11.680000000000000       -1.3415408160250089     
   91.799999999999997        11.680000000000000       -1.3394039760596876     
   93.600000000000009        11.680000000000000       -1.3369785842185438     
   95.400000000000006        11.680000000000000       -1.3342201113484169     
   97.199999999999989        11.680000000000000       -1.3310872873970547     
   99.000000000000014        11.680000000000000       -1.3275434301853171     
   100.80000000000001        11.680000000000000       -1.3235619492860264     
   102.59999999999999        11.680000000000000       -1.3191195815513583     
   104.40000000000001        11.680000000000000       -1.3142049797927859     
   106.19999999999999        11.680000000000000       -1.3088141200599741     
   108.00000000000000        11.680000000000000       -1.3029532025147428     
   109.80000000000000        11.680000000000000       -1.2966328761976316     
   111.59999999999999        11.680000000000000       -1.2898793334821463     
   113.40000000000001        11.680000000000000       -1.2827221948729202     
   115.20000000000002        11.680000000000000       -1.2751969127472522     
   117.00000000000000        11.680000000000000       -1.2673483057106252     
   118.80000000000003        11.680000000000000       -1.2592239111008265     
   120.60000000000001        11.680000000000000       -1.2508749061969602     
   122.40000000000002        11.680000000000000       -1.2423530452415841     
   124.20000000000000        11.680000000000000       -1.2337139680121385     
   126.00000000000000        11.680000000000000       -1.2250114219433765     
   127.80000000000001        11.680000000000000       -1.2162977492503635     
   129.60000000000002        11.680000000000000       -1.2076247269140357     
   131.40000000000001        11.680000000000000       -1.1990398183147861     
   133.20000000000002        11.680000000000000       -1.1905882238958532     
   135.00000000000000        11.680000000000000       -1.1823120552067470     
   136.79999999999998        11.680000000000000       -1.1742482287147997     
   138.59999999999999        11.680000000000000       -1.1664307100464302     
   140.40000000000001        11.680000000000000       -1.1588886817356399     
   142.20000000000002        11.680000000000000       -1.1516472821408932     
   144.00000000000000        11.680000000000000       -1.1447273717332591     
   145.79999999999998        11.680000000000000       -1.1381464204873786     
   147.59999999999999        11.680000000000000       -1.1319178710525182     
   149.40000000000003        11.680000000000000       -1.1260508448304734     
   151.20000000000002        11.680000000000000       -1.1205518949198567     
   153.00000000000000        11.680000000000000       -1.1154239975699756     
   154.79999999999998        11.680000000000000       -1.1106696647713370     
   156.59999999999997        11.680000000000000       -1.1062850424684865     
   158.39999999999998        11.680000000000000       -1.1022677687641909     
   160.20000000000002        11.680000000000000       -1.0986126236468856     
   162.00000000000000        11.680000000000000       -1.0953115093725825     
   163.79999999999998        11.680000000000000       -1.0923599375890578     
   165.59999999999999        11.680000000000000       -1.0897474909986469     
   167.40000000000001        11.680000000000000       -1.0874663212316309     
   169.19999999999999        11.680000000000000       -1.0855091527818810     
   171.00000000000000        11.680000000000000       -1.0838673157004350     
   172.80000000000001        11.680000000000000       -1.0825349852709767     
   174.59999999999999        11.680000000000000       -1.0815048116527761     
   176.40000000000001        11.680000000000000       -1.0807732543658877     
   178.20000000000002        11.680000000000000       -1.0803939718033782     
   180.00000000000000        11.680000000000000       -1.0801899570102800     
   0.0000000000000000        11.760000000000000       -1.8099648888467434     
   1.8000000000000003        11.760000000000000       -1.8087590731108432     
   3.6000000000000005        11.760000000000000       -1.8051422826533881     
   5.4000000000000004        11.760000000000000       -1.7991770076338920     
   7.2000000000000011        11.760000000000000       -1.7909249233490805     
   9.0000000000000000        11.760000000000000       -1.7805089355293759     
   10.800000000000001        11.760000000000000       -1.7680446095978262     
   12.600000000000001        11.760000000000000       -1.7537081066351516     
   14.400000000000002        11.760000000000000       -1.7376569957790422     
   16.200000000000003        11.760000000000000       -1.7201098671180632     
   18.000000000000000        11.760000000000000       -1.7012683010858303     
   19.799999999999997        11.760000000000000       -1.6813264466877609     
   21.600000000000001        11.760000000000000       -1.6605570998917745     
   23.400000000000002        11.760000000000000       -1.6391480133456984     
   25.200000000000003        11.760000000000000       -1.6173243347896258     
   27.000000000000000        11.760000000000000       -1.5953345553354465     
   28.800000000000004        11.760000000000000       -1.5733467626557363     
   30.600000000000005        11.760000000000000       -1.5515743463795548     
   32.400000000000006        11.760000000000000       -1.5302022404434998     
   34.199999999999996        11.760000000000000       -1.5093850834009788     
   36.000000000000000        11.760000000000000       -1.4892599563785529     
   37.800000000000004        11.760000000000000       -1.4699518289077393     
   39.599999999999994        11.760000000000000       -1.4515678476201843     
   41.399999999999999        11.760000000000000       -1.4341934588440779     
   43.200000000000003        11.760000000000000       -1.4178801599652833     
   45.000000000000000        11.760000000000000       -1.4026893699639977     
   46.800000000000004        11.760000000000000       -1.3886244222541708     
   48.599999999999994        11.760000000000000       -1.3757103077815958     
   50.400000000000006        11.760000000000000       -1.3639287317110078     
   52.200000000000003        11.760000000000000       -1.3532573981287837     
   54.000000000000000        11.760000000000000       -1.3436721407237766     
   55.799999999999997        11.760000000000000       -1.3351166359484608     
   57.600000000000009        11.760000000000000       -1.3275407297182671     
   59.400000000000013        11.760000000000000       -1.3208814010999668     
   61.200000000000010        11.760000000000000       -1.3150699268782262     
   63.000000000000000        11.760000000000000       -1.3100353829447478     
   64.800000000000011        11.760000000000000       -1.3057035005338111     
   66.600000000000009        11.760000000000000       -1.3019982226540887     
   68.399999999999991        11.760000000000000       -1.2988431936840377     
   70.200000000000003        11.760000000000000       -1.2961642743599242     
   72.000000000000000        11.760000000000000       -1.2938894605179012     
   73.799999999999997        11.760000000000000       -1.2919453764841453     
   75.600000000000009        11.760000000000000       -1.2902657500404695     
   77.399999999999991        11.760000000000000       -1.2887836129478298     
   79.199999999999989        11.760000000000000       -1.2874352511214426     
   81.000000000000000        11.760000000000000       -1.2861592004047098     
   82.799999999999997        11.760000000000000       -1.2848960227923112     
   84.599999999999994        11.760000000000000       -1.2835878339774272     
   86.400000000000006        11.760000000000000       -1.2821784161294607     
   88.200000000000003        11.760000000000000       -1.2806125251834983     
   90.000000000000000        11.760000000000000       -1.2788381248101892     
   91.799999999999997        11.760000000000000       -1.2768045559490340     
   93.600000000000009        11.760000000000000       -1.2744635810354628     
   95.400000000000006        11.760000000000000       -1.2717728601623728     
   97.199999999999989        11.760000000000000       -1.2686934895417099     
   99.000000000000014        11.760000000000000       -1.2651913746182071     
   100.80000000000001        11.760000000000000       -1.2612427628910490     
   102.59999999999999        11.760000000000000       -1.2568272503922682     
   104.40000000000001        11.760000000000000       -1.2519364262943022     
   106.19999999999999        11.760000000000000       -1.2465691195576230     
   108.00000000000000        11.760000000000000       -1.2407342319813353     
   109.80000000000000        11.760000000000000       -1.2344449422778945     
   111.59999999999999        11.760000000000000       -1.2277296105033424     
   113.40000000000001        11.760000000000000       -1.2206197218363943     
   115.20000000000002        11.760000000000000       -1.2131522564468173     
   117.00000000000000        11.760000000000000       -1.2053730689801667     
   118.80000000000003        11.760000000000000       -1.1973303591162017     
   120.60000000000001        11.760000000000000       -1.1890755500950720     
   122.40000000000002        11.760000000000000       -1.1806603287168178     
   124.20000000000000        11.760000000000000       -1.1721397827249067     
   126.00000000000000        11.760000000000000       -1.1635668642524379     
   127.80000000000001        11.760000000000000       -1.1549928779042651     
   129.60000000000002        11.760000000000000       -1.1464682514419886     
   131.40000000000001        11.760000000000000       -1.1380390525485800     
   133.20000000000002        11.760000000000000       -1.1297489148560598     
   135.00000000000000        11.760000000000000       -1.1216382360423918     
   136.79999999999998        11.760000000000000       -1.1137423791556886     
   138.59999999999999        11.760000000000000       -1.1060935881748291     
   140.40000000000001        11.760000000000000       -1.0987195097559215     
   142.20000000000002        11.760000000000000       -1.0916437819713918     
   144.00000000000000        11.760000000000000       -1.0848858926205536     
   145.79999999999998        11.760000000000000       -1.0784620962396663     
   147.59999999999999        11.760000000000000       -1.0723847377762170     
   149.40000000000003        11.760000000000000       -1.0666620038703940     
   151.20000000000002        11.760000000000000       -1.0612996886358976     
   153.00000000000000        11.760000000000000       -1.0563001732405226     
   154.79999999999998        11.760000000000000       -1.0516654912753591     
   156.59999999999997        11.760000000000000       -1.0473915259191873     
   158.39999999999998        11.760000000000000       -1.0434757241117130     
   160.20000000000002        11.760000000000000       -1.0399128145597751     
   162.00000000000000        11.760000000000000       -1.0366948022439879     
   163.79999999999998        11.760000000000000       -1.0338172458126540     
   165.59999999999999        11.760000000000000       -1.0312700083217798     
   167.40000000000001        11.760000000000000       -1.0290454802939031     
   169.19999999999999        11.760000000000000       -1.0271366309067822     
   171.00000000000000        11.760000000000000       -1.0255351075724475     
   172.80000000000001        11.760000000000000       -1.0242353113665530     
   174.59999999999999        11.760000000000000       -1.0232301860458741     
   176.40000000000001        11.760000000000000       -1.0225163405689550     
   178.20000000000002        11.760000000000000       -1.0221415478556557     
   180.00000000000000        11.760000000000000       -1.0219471282501118     
   0.0000000000000000        11.840000000000000       -1.7177980270827558     
   1.8000000000000003        11.840000000000000       -1.7166460199708145     
   3.6000000000000005        11.840000000000000       -1.7131906179177612     
   5.4000000000000004        11.840000000000000       -1.7074924222289187     
   7.2000000000000011        11.840000000000000       -1.6996111819779944     
   9.0000000000000000        11.840000000000000       -1.6896659673979471     
   10.800000000000001        11.840000000000000       -1.6777686038579243     
   12.600000000000001        11.840000000000000       -1.6640894929028072     
   14.400000000000002        11.840000000000000       -1.6487808196499512     
   16.200000000000003        11.840000000000000       -1.6320536075184675     
   18.000000000000000        11.840000000000000       -1.6141021301072331     
   19.799999999999997        11.840000000000000       -1.5951132331746183     
   21.600000000000001        11.840000000000000       -1.5753494040285865     
   23.400000000000002        11.840000000000000       -1.5549907235562253     
   25.200000000000003        11.840000000000000       -1.5342531072957570     
   27.000000000000000        11.840000000000000       -1.5133746411336155     
   28.800000000000004        11.840000000000000       -1.4925157621455361     
   30.600000000000005        11.840000000000000       -1.4718803094164490     
   32.400000000000006        11.840000000000000       -1.4516445494897197     
   34.199999999999996        11.840000000000000       -1.4319555080800384     
   36.000000000000000        11.840000000000000       -1.4129432665683446     
   37.800000000000004        11.840000000000000       -1.3947262148010324     
   39.599999999999994        11.840000000000000       -1.3774055979350146     
   41.399999999999999        11.840000000000000       -1.3610618347854060     
   43.200000000000003        11.840000000000000       -1.3457428456365224     
   45.000000000000000        11.840000000000000       -1.3315060210659930     
   46.800000000000004        11.840000000000000       -1.3183532357335266     
   48.599999999999994        11.840000000000000       -1.3063070492924733     
   50.400000000000006        11.840000000000000       -1.2953486871473827     
   52.200000000000003        11.840000000000000       -1.2854555544664259     
   54.000000000000000        11.840000000000000       -1.2766032266029705     
   55.799999999999997        11.840000000000000       -1.2687366162938154     
   57.600000000000009        11.840000000000000       -1.2618064594661382     
   59.400000000000013        11.840000000000000       -1.2557511896551348     
   61.200000000000010        11.840000000000000       -1.2505037552681890     
   63.000000000000000        11.840000000000000       -1.2459949328492332     
   64.800000000000011        11.840000000000000       -1.2421522416547621     
   66.600000000000009        11.840000000000000       -1.2389014272699050     
   68.399999999999991        11.840000000000000       -1.2361678843937527     
   70.200000000000003        11.840000000000000       -1.2338790209860699     
   72.000000000000000        11.840000000000000       -1.2319641672152286     
   73.799999999999997        11.840000000000000       -1.2303514283898980     
   75.600000000000009        11.840000000000000       -1.2289754199544514     
   77.399999999999991        11.840000000000000       -1.2277702141741733     
   79.199999999999989        11.840000000000000       -1.2266729544597175     
   81.000000000000000        11.840000000000000       -1.2256229916947878     
   82.799999999999997        11.840000000000000       -1.2245615669224503     
   84.599999999999994        11.840000000000000       -1.2234317088648712     
   86.400000000000006        11.840000000000000       -1.2221781046852815     
   88.200000000000003        11.840000000000000       -1.2207465523661580     
   90.000000000000000        11.840000000000000       -1.2190864309807776     
   91.799999999999997        11.840000000000000       -1.2171486121600494     
   93.600000000000009        11.840000000000000       -1.2148866534107865     
   95.400000000000006        11.840000000000000       -1.2122603666181582     
   97.199999999999989        11.840000000000000       -1.2092331591771219     
   99.000000000000014        11.840000000000000       -1.2057734425056774     
   100.80000000000001        11.840000000000000       -1.2018601751685858     
   102.59999999999999        11.840000000000000       -1.1974756728650910     
   104.40000000000001        11.840000000000000       -1.1926142810474669     
   106.19999999999999        11.840000000000000       -1.1872774838318605     
   108.00000000000000        11.840000000000000       -1.1814766663246814     
   109.80000000000000        11.840000000000000       -1.1752273144976078     
   111.59999999999999        11.840000000000000       -1.1685597158102976     
   113.40000000000001        11.840000000000000       -1.1615069898153951     
   115.20000000000002        11.840000000000000       -1.1541074214151172     
   117.00000000000000        11.840000000000000       -1.1464076901852733     
   118.80000000000003        11.840000000000000       -1.1384564682351228     
   120.60000000000001        11.840000000000000       -1.1303052585967490     
   122.40000000000002        11.840000000000000       -1.1220055387741976     
   124.20000000000000        11.840000000000000       -1.1136117344751040     
   126.00000000000000        11.840000000000000       -1.1051759198930562     
   127.80000000000001        11.840000000000000       -1.0967483061145167     
   129.60000000000002        11.840000000000000       -1.0883779474587891     
   131.40000000000001        11.840000000000000       -1.0801095097483864     
   133.20000000000002        11.840000000000000       -1.0719850779106048     
   135.00000000000000        11.840000000000000       -1.0640433786041881     
   136.79999999999998        11.840000000000000       -1.0563182655703671     
   138.59999999999999        11.840000000000000       -1.0488403316159092     
   140.40000000000001        11.840000000000000       -1.0416357552694877     
   142.20000000000002        11.840000000000000       -1.0347267514414478     
   144.00000000000000        11.840000000000000       -1.0281315131770450     
   145.79999999999998        11.840000000000000       -1.0218651525647748     
   147.59999999999999        11.840000000000000       -1.0159389902189382     
   149.40000000000003        11.840000000000000       -1.0103603477897596     
   151.20000000000002        11.840000000000000       -1.0051343201969474     
   153.00000000000000        11.840000000000000       -1.0002627469923060     
   154.79999999999998        11.840000000000000      -0.99574722657871440     
   156.59999999999997        11.840000000000000      -0.99158341820907780     
   158.39999999999998        11.840000000000000      -0.98776860514167375     
   160.20000000000002        11.840000000000000      -0.98429748576304199     
   162.00000000000000        11.840000000000000      -0.98116218070104333     
   163.79999999999998        11.840000000000000      -0.97835830423513315     
   165.59999999999999        11.840000000000000      -0.97587600045539913     
   167.40000000000001        11.840000000000000      -0.97370789649690537     
   169.19999999999999        11.840000000000000      -0.97184720161174765     
   171.00000000000000        11.840000000000000      -0.97028587210232997     
   172.80000000000001        11.840000000000000      -0.96901852790553711     
   174.59999999999999        11.840000000000000      -0.96803839646357470     
   176.40000000000001        11.840000000000000      -0.96734223066360048     
   178.20000000000002        11.840000000000000      -0.96697237027426663     
   180.00000000000000        11.840000000000000      -0.96678708098352806     
   0.0000000000000000        11.920000000000000       -1.6295823911991307     
   1.8000000000000003        11.920000000000000       -1.6284821406998500     
   3.6000000000000005        11.920000000000000       -1.6251819727892518     
   5.4000000000000004        11.920000000000000       -1.6197406341120106     
   7.2000000000000011        11.920000000000000       -1.6122159861180139     
   9.0000000000000000        11.920000000000000       -1.6027233399873582     
   10.800000000000001        11.920000000000000       -1.5913708632442454     
   12.600000000000001        11.920000000000000       -1.5783233274940891     
   14.400000000000002        11.920000000000000       -1.5637276677886516     
   16.200000000000003        11.920000000000000       -1.5477875341703637     
   18.000000000000000        11.920000000000000       -1.5306900974728004     
   19.799999999999997        11.920000000000000       -1.5126151178782130     
   21.600000000000001        11.920000000000000       -1.4938150838702597     
   23.400000000000002        11.920000000000000       -1.4744626643064560     
   25.200000000000003        11.920000000000000       -1.4547648573521159     
   27.000000000000000        11.920000000000000       -1.4349497096013633     
   28.800000000000004        11.920000000000000       -1.4151703062426062     
   30.600000000000005        11.920000000000000       -1.3956213031027145     
   32.400000000000006        11.920000000000000       -1.3764706518694652     
   34.199999999999996        11.920000000000000       -1.3578580928588855     
   36.000000000000000        11.920000000000000       -1.3399070213334938     
   37.800000000000004        11.920000000000000       -1.3227295524820748     
   39.599999999999994        11.920000000000000       -1.3064213162809983     
   41.399999999999999        11.920000000000000       -1.2910579627482441     
   43.200000000000003        11.920000000000000       -1.2766840417981897     
   45.000000000000000        11.920000000000000       -1.2633531415826771     
   46.800000000000004        11.920000000000000       -1.2510658047621339     
   48.599999999999994        11.920000000000000       -1.2398423247890262     
   50.400000000000006        11.920000000000000       -1.2296635334946857     
   52.200000000000003        11.920000000000000       -1.2205066140563667     
   54.000000000000000        11.920000000000000       -1.2123469580873831     
   55.799999999999997        11.920000000000000       -1.2051307231254682     
   57.600000000000009        11.920000000000000       -1.1988095560195431     
   59.400000000000013        11.920000000000000       -1.1933233381310668     
   61.200000000000010        11.920000000000000       -1.1886066698259603     
   63.000000000000000        11.920000000000000       -1.1845920041073186     
   64.800000000000011        11.920000000000000       -1.1812086167523681     
   66.600000000000009        11.920000000000000       -1.1783840204647682     
   68.399999999999991        11.920000000000000       -1.1760453242634352     
   70.200000000000003        11.920000000000000       -1.1741214551091879     
   72.000000000000000        11.920000000000000       -1.1725430589275936     
   73.799999999999997        11.920000000000000       -1.1712396944067724     
   75.600000000000009        11.920000000000000       -1.1701468699840702     
   77.399999999999991        11.920000000000000       -1.1691996972323793     
   79.199999999999989        11.920000000000000       -1.1683361893244626     
   81.000000000000000        11.920000000000000       -1.1674965313186261     
   82.799999999999997        11.920000000000000       -1.1666226772163042     
   84.599999999999994        11.920000000000000       -1.1656585942565345     
   86.400000000000006        11.920000000000000       -1.1645499081224349     
   88.200000000000003        11.920000000000000       -1.1632434916774623     
   90.000000000000000        11.920000000000000       -1.1616901511722946     
   91.799999999999997        11.920000000000000       -1.1598422986565118     
   93.600000000000009        11.920000000000000       -1.1576552811094307     
   95.400000000000006        11.920000000000000       -1.1550910263056640     
   97.199999999999989        11.920000000000000       -1.1521152023221854     
   99.000000000000014        11.920000000000000       -1.1486986545155986     
   100.80000000000001        11.920000000000000       -1.1448229444940548     
   102.59999999999999        11.920000000000000       -1.1404729898127459     
   104.40000000000001        11.920000000000000       -1.1356457427941506     
   106.19999999999999        11.920000000000000       -1.1303451800990802     
   108.00000000000000        11.920000000000000       -1.1245849923061351     
   109.80000000000000        11.920000000000000       -1.1183827925252527     
   111.59999999999999        11.920000000000000       -1.1117706029532037     
   113.40000000000001        11.920000000000000       -1.1047829938033704     
   115.20000000000002        11.920000000000000       -1.0974593778464987     
   117.00000000000000        11.920000000000000       -1.0898470935111246     
   118.80000000000003        11.920000000000000       -1.0819951368617140     
   120.60000000000001        11.920000000000000       -1.0739549618186353     
   122.40000000000002        11.920000000000000       -1.0657777273859106     
   124.20000000000000        11.920000000000000       -1.0575171138124053     
   126.00000000000000        11.920000000000000       -1.0492242556387406     
   127.80000000000001        11.920000000000000       -1.0409482298656407     
   129.60000000000002        11.920000000000000       -1.0327367018273412     
   131.40000000000001        11.920000000000000       -1.0246329338862632     
   133.20000000000002        11.920000000000000       -1.0166774795978670     
   135.00000000000000        11.920000000000000       -1.0089074311309512     
   136.79999999999998        11.920000000000000       -1.0013551700006094     
   138.59999999999999        11.920000000000000      -0.99404969536001797     
   140.40000000000001        11.920000000000000      -0.98701577256850426     
   142.20000000000002        11.920000000000000      -0.98027425534164714     
   144.00000000000000        11.920000000000000      -0.97384210420305384     
   145.79999999999998        11.920000000000000      -0.96773334687728640     
   147.59999999999999        11.920000000000000      -0.96195833772043782     
   149.40000000000003        11.920000000000000      -0.95652358834037832     
   151.20000000000002        11.920000000000000      -0.95143354140564163     
   153.00000000000000        11.920000000000000      -0.94668953661144029     
   154.79999999999998        11.920000000000000      -0.94229277086815877     
   156.59999999999997        11.920000000000000      -0.93823870940886722     
   158.39999999999998        11.920000000000000      -0.93452449292437856     
   160.20000000000002        11.920000000000000      -0.93114480534411548     
   162.00000000000000        11.920000000000000      -0.92809189237518985     
   163.79999999999998        11.920000000000000      -0.92536143022755579     
   165.59999999999999        11.920000000000000      -0.92294384379806371     
   167.40000000000001        11.920000000000000      -0.92083199446057418     
   169.19999999999999        11.920000000000000      -0.91901932740038206     
   171.00000000000000        11.920000000000000      -0.91749810059631853     
   172.80000000000001        11.920000000000000      -0.91626314701371780     
   174.59999999999999        11.920000000000000      -0.91530796955385896     
   176.40000000000001        11.920000000000000      -0.91462946047370985     
   178.20000000000002        11.920000000000000      -0.91426488434741371     
   180.00000000000000        11.920000000000000      -0.91408835778317898     
   0.0000000000000000        12.000000000000000       -1.5459812859775783     
   1.8000000000000003        12.000000000000000       -1.5449304229828116     
   3.6000000000000005        12.000000000000000       -1.5417783839520991     
   5.4000000000000004        12.000000000000000       -1.5365820985729248     
   7.2000000000000011        12.000000000000000       -1.5293975836380862     
   9.0000000000000000        12.000000000000000       -1.5203364764054135     
   10.800000000000001        12.000000000000000       -1.5095033788966197     
   12.600000000000001        12.000000000000000       -1.4970575787172835     
   14.400000000000002        12.000000000000000       -1.4831409128580617     
   16.200000000000003        12.000000000000000       -1.4679498778035913     
   18.000000000000000        12.000000000000000       -1.4516647750304803     
   19.799999999999997        12.000000000000000       -1.4344585290170531     
   21.600000000000001        12.000000000000000       -1.4165739852704688     
   23.400000000000002        12.000000000000000       -1.3981767005569088     
   25.200000000000003        12.000000000000000       -1.3794651192377649     
   27.000000000000000        12.000000000000000       -1.3606576715931038     
   28.800000000000004        12.000000000000000       -1.3419004372943564     
   30.600000000000005        12.000000000000000       -1.3233793143555204     
   32.400000000000006        12.000000000000000       -1.3052543483642098     
   34.199999999999996        12.000000000000000       -1.2876583741136807     
   36.000000000000000        12.000000000000000       -1.2707084645857560     
   37.800000000000004        12.000000000000000       -1.2545108140484444     
   39.599999999999994        12.000000000000000       -1.2391557691835107     
   41.399999999999999        12.000000000000000       -1.2247145109866122     
   43.200000000000003        12.000000000000000       -1.2112284584536330     
   45.000000000000000        12.000000000000000       -1.1987476587398431     
   46.800000000000004        12.000000000000000       -1.1872714691149495     
   48.599999999999994        12.000000000000000       -1.1768181075904003     
   50.400000000000006        12.000000000000000       -1.1673681120054067     
   52.200000000000003        12.000000000000000       -1.1588985325046459     
   54.000000000000000        12.000000000000000       -1.1513846634118354     
   55.799999999999997        12.000000000000000       -1.1447739175216902     
   57.600000000000009        12.000000000000000       -1.1390188778107155     
   59.400000000000013        12.000000000000000       -1.1340608674054566     
   61.200000000000010        12.000000000000000       -1.1298361181713656     
   63.000000000000000        12.000000000000000       -1.1262787346023040     
   64.800000000000011        12.000000000000000       -1.1233197163404653     
   66.600000000000009        12.000000000000000       -1.1208883067191919     
   68.399999999999991        12.000000000000000       -1.1189132926255334     
   70.200000000000003        12.000000000000000       -1.1173250931680543     
   72.000000000000000        12.000000000000000       -1.1160556548368537     
   73.799999999999997        12.000000000000000       -1.1150359639890997     
   75.600000000000009        12.000000000000000       -1.1142024348076476     
   77.399999999999991        12.000000000000000       -1.1134912227502842     
   79.199999999999989        12.000000000000000       -1.1128412303249668     
   81.000000000000000        12.000000000000000       -1.1121935032837980     
   82.799999999999997        12.000000000000000       -1.1114907512376349     
   84.599999999999994        12.000000000000000       -1.1106779109898273     
   86.400000000000006        12.000000000000000       -1.1097015856781285     
   88.200000000000003        12.000000000000000       -1.1085097594877453     
   90.000000000000000        12.000000000000000       -1.1070546757291113     
   91.799999999999997        12.000000000000000       -1.1052902929782265     
   93.600000000000009        12.000000000000000       -1.1031737344908310     
   95.400000000000006        12.000000000000000       -1.1006689941689587     
   97.199999999999989        12.000000000000000       -1.0977439333461834     
   99.000000000000014        12.000000000000000       -1.0943717383848219     
   100.80000000000001        12.000000000000000       -1.0905364391756827     
   102.59999999999999        12.000000000000000       -1.0862254093535983     
   104.40000000000001        12.000000000000000       -1.0814380264872361     
   106.19999999999999        12.000000000000000       -1.0761805639152826     
   108.00000000000000        12.000000000000000       -1.0704688055948777     
   109.80000000000000        12.000000000000000       -1.0643222782431989     
   111.59999999999999        12.000000000000000       -1.0577745128349847     
   113.40000000000001        12.000000000000000       -1.0508613159826394     
   115.20000000000002        12.000000000000000       -1.0436230234201582     
   117.00000000000000        12.000000000000000       -1.0361074417237488     
   118.80000000000003        12.000000000000000       -1.0283637216263941     
   120.60000000000001        12.000000000000000       -1.0204431222947055     
   122.40000000000002        12.000000000000000       -1.0123963619596550     
   124.20000000000000        12.000000000000000       -1.0042762837224166     
   126.00000000000000        12.000000000000000      -0.99613301596337800     
   127.80000000000001        12.000000000000000      -0.98801445954951017     
   129.60000000000002        12.000000000000000      -0.97996687768914603     
   131.40000000000001        12.000000000000000      -0.97203213182048609     
   133.20000000000002        12.000000000000000      -0.96424926823043799     
   135.00000000000000        12.000000000000000      -0.95665379043251164     
   136.79999999999998        12.000000000000000      -0.94927665359586966     
   138.59999999999999        12.000000000000000      -0.94214533223032493     
   140.40000000000001        12.000000000000000      -0.93528324403608976     
   142.20000000000002        12.000000000000000      -0.92870995463416428     
   144.00000000000000        12.000000000000000      -0.92244126495950829     
   145.79999999999998        12.000000000000000      -0.91649018617052991     
   147.59999999999999        12.000000000000000      -0.91086617375124346     
   149.40000000000003        12.000000000000000      -0.90557499266198516     
   151.20000000000002        12.000000000000000      -0.90062048729593969     
   153.00000000000000        12.000000000000000      -0.89600354522642822     
   154.79999999999998        12.000000000000000      -0.89172500032293478     
   156.59999999999997        12.000000000000000      -0.88778015742628946     
   158.39999999999998        12.000000000000000      -0.88416603834790608     
   160.20000000000002        12.000000000000000      -0.88087733004084623     
   162.00000000000000        12.000000000000000      -0.87790641322373586     
   163.79999999999998        12.000000000000000      -0.87524903267779797     
   165.59999999999999        12.000000000000000      -0.87289589287308722     
   167.40000000000001        12.000000000000000      -0.87084008595244011     
   169.19999999999999        12.000000000000000      -0.86907528761207264     
   171.00000000000000        12.000000000000000      -0.86759404849749433     
   172.80000000000001        12.000000000000000      -0.86639140740250098     
   174.59999999999999        12.000000000000000      -0.86546113266541136     
   176.40000000000001        12.000000000000000      -0.86480025037904185     
   178.20000000000002        12.000000000000000      -0.86444136491789803     
   180.00000000000000        12.000000000000000      -0.86427317401032611     
